00f665df
0171dce4
03176261
049b252c
05c9b8c7
0a6d8600
0a8e7f2c
0cac2f51
0d1b12e1
0def8af0
0ea052a7
0f8a3331
1010
10330958
10375641
10406454
10417324
10422519
10423331
10424108
10457876
10458743
10459361
10459772
10460445
10460527
10460577
10460656
10461084
10461153
10462233
10462389
10462477
1119
1123
114886ab
11b137fc
1216
1221
1268
1294
1298
1308
1310
1318
1326
1329
1336
1338
1339
1355
1357
1368
1377
1380
1421
1425
1431
1438
1450
1462
1463
1464
1466
1468
1470
1471
1472
1493
1507
1514
1528
1530
1532
1535
1539
1542
1547
1550
1555
1556
1575
1581
1587
1597
1604
1606
1609
1610
1619
1628
1629
1631
1632
1634
1635
1641
1644
1646
1650
1653
1654
1655
1657
1660
1665
1667
1669
1695
1701
1702
1709
1713
1717
1719
1724
1725
1738
1746
1748
1761
1762
1763
1765
1781
1786
1792
17cd8de2
1807
1821
1830
1835
1836
1838
1840
1847
1851
1853
1860
1867
1876
1878
1884
1885
1893
1894
1895
1897
1898
1900
1901
1910
1911
1913
1915
1916
1919
1922
1926
1928
1931
1935
1941
1953
1954
1957
1960
1966
1968
1970
1971
1972
1973
1974
1976
1981
1991
1993
1995
1999
1bdcaff1
1c6c7caf
1d7cebb8
1f853f7c
1fff6385
2000
2001
2003
2004
2006
2010
2017
2020
2025
2026
2027
2028
2029
2030
2032
2034
2039
2040
2041
2051
2054
2061
2063
2064
2067
2068
2069
2070
2073
2077
2078
2079
2080
2081
2082
2083
2085
2092
2099
20d70fc6
2101
2102
2106
2107
2111
2113
2114
2116
2117
2119
2121
2122
2123
2126
2127
2128
2130
2133
2141
2144
2148
2149
2150
2151
2152
2153
2155
2157
2162
2164
2167
2169
2172
2173
2174
2180
2182
2184
2188138a
2200
2201
2232
2234
2235
2236
2237
2238
2242
2244
2249
2250
2251
2254
2257
2260
2261
2262
2264
2266
2272
2274
2275
2276
2277
2279
2280
2281
2282
2283
2284
2285
2286
2287
2290
2291
2294
2296
2297
2298
2299
2300
2301
2302
2305
23107b1a
249e23e6
2604bc38
26427dae
2652dcff
28ab7bbf
2b060e9e
2b24ae2e
2bd709e6
2bddc862
2cf1de65
2cf1de65-fb75-419f-962b-1f9fb32b019b
2e2e5f93
2f3560e5
2fb7f1d9
308a143b
30cc7ff8
30cc7ff8-f860-4577-ba47-e8aeb0584897
31416799
31568245
325005bb
33f42f5d
342cbea8
3477f39c
34cd87ee
35154d04
35540178
36759
36947731
37360675
37360755
37361215
37362105
37362132
37362298
37362411
37362465
37421487
374343
374345
374348
374350
374351
37820786
37820956
37866428
38042
38190
38466784
38573
386734
391422
3920bfe2
39276044
395488
39725941
397308
397487
397685
3c794cb2
3d24805e
3d80b85a
400147
400148
400178
400713
400718
400721
400723
400726
400727
400732
400733
403665
404754
405119
405844
405851
407307
408207
40f02bc9
410214
410752
414687
417045
417676
417677
417727
417729
417731
417895
418788
418792
418795
418797
418798
419590
420239
42025840
4209
421208
421236
424770
424788
42502
42714
428382
428792
428825
430185
43077
43363
43442
43476928
43656
437219
43742604
437926
438374
43958
43989
44150
44183
44239
442441
442443
442445
442447
442449
442452
442453
442454
442455
442458
442459
442460
442462
442463
442465
442466
442470
442472
442473
44261
44262
44297915
44299
44321
44382
44385
44391
44420
44422
44425
44426
44427
44429
44430
44433
44434
44435
44436
44437
44440
44441
44443
44444
44445
44448
44450
44451
44452
44454
44455
44456
44457
44458
44459
44460
44461
44463
44464
44465
44466
44468
44469
44470
44471
44472
44475
44478
44479
44481
44482
44485
44486
44488
44490
44491
44493
44495
44499
44500
44502
44503
44504
44506
44507
44508
44509
44510
44511
44512
44517
44519
44520
44521
44522
44523
44525
44526
44527
44528
44529
44530
44532
44533
44534
44535
44536
44537
44539
44540
44541
44542
44543
44545
44546
44550
44553579
44554052
44555
44556
44557
44558
44559
44560
44561
44562
44564
44565
44566
44567
44568
44570
44571
44572
44576
44580
44583
44585
44586
44587
44588
44589
44590
44591
44592
44594
44595
44596
44597
44598
44599
44600
44600153
44601
44605
44606
44607
44609
44611
44615
44620
44622
44623
44624
44625
44627
44628
44630
44631
44632
44633
44634
44635
44636357
44637
44638
44639
44640
44641
44642
44643
44644
44645
44646
44648
44650
44653
44654
44657
44658
44659
44660
44661
44663
44665
44666
44667
44668
44671
44672
44673
44675
44676
44677
44678
44680
44681
44682
44683
44684
44685
44686
44687
44689
44690
44692
44693
44694
44695
44696
44697
44698
44699
44700
44701
44703
44706
44707
44708
44709
44710
44711
44716
44717
44719
44720
44721
44723
44724
44725
44728
44730
44731
44732
44733
44734
44737
44739
44741
44742
44743
44744
44747
44748
44750
44751
44754
44755
44756
44757
44758
44759
44760
44762
44763
44764
44765
44766
44767
44769
44770
44772
44775
44776
44777
44779
44780
44784
447842
44785
44786
44787
44788
44789
447905
447908
447909
44791
447910
447911
447912
447913
447914
447915
447916
447918
44792
447920
447921
447923
44794
44795
44797
44798
44799
44800
44801
448012
448014
44803
448047
448048
448049
44805
448050
448056
44806
44807
44808
44811
44812
448123
44813
44814
448148
448149
44815
448150
448151
448152
448153
448154
448155
448156
448157
448158
448159
44816
448160
448161
44817
44818
44820
44821
44823
44824
44826
44827
44829
44831
44832
44833
44834
44836
44839
44842
44843
44844
44845
44846
44847
44848
44849
44850
44851
44852
44854
44855
44856
44857
44858
44859
44860
44862
44863
44864
44865
44866
44867
448679
44868
44869
44870
44871
44872
44873
44874
44875
44876
44877
44879
44880
44881
44882
44883
44884
44885
44886
44887
44888
44889
44890
44891
44892
44894
44895
44896
44897
44898
44899
44900
44901
44902
44903
44904
44905
44906
44907
44908
44909
44912
44913
44914
44915
44916
44917
44918
44919
44920
44921
44922
44923
44924
44925
44926
44927
44928
44929
44930
44931
44932
44934
44935
44936
44937
44938
44939
44940
44941
44942019
449448
449492
449736
45035424
45046996
45059666
451375
451421
45164087
452661
452723
452733
45338197
45421604
454670
454671
454672
454971
455281
4556d416
457168
457194
457277
457278
457292
457294
457321
457324
457325
457327
457329
457330
457335
457601
458667
458996
459048
459164
459351
459742
46003450
460114
461317
462494
462496
462888
462889
463054
463162
463178
463179
463256
463313
463369
463477
464030
464462
464508
464770
465169
465203
465406
465409
465635
465636
465637
465638
465639
465719
465752
465754
465757
465758
465762
465765
465767
465790
465791
465795
465807
465809
465813
465814
465817
465820
465825
465831
465834
465835
465847
466020
466102
466304
466329
466403
466426
466499
466547
466669
466734
466767
466793
466908
467113
467252
467253
467254
467324
467404
467430
467485
467724
467726
467797
467798
467956
467966
468005
468019
468037
468038
468074
468179
468408
468534
468547
468633
468645
468654
468799
468944
468985
469181
469194
469389
469456
469484
469534
469548
469560
469603
469604
469605
469722
469935
469949
46c77a78
470102
470209
470278
470399
470442
470525
470561
470562
470575
470615
470616
470617
470618
470689
470745
471016
471287
471292
471323
471345
471434
471467
471475
471528
471533
471559
471685
471743
471875
471887
472029
472184
472208
472255
472328
472558
472633
472645
472677
472718
472830
472941
472973
473008
473039
473092
473481
473698
4737
473711
473756
473788
473904
474143
474219
474353
474365
474369
474387
474405
474407
474412
474487
474585
474705
47477661
474862
474866
475070
475078
475390
475541
475547
475620
475631
475642
475652
475742
475838
475885
475921
475927
475987
476034
476367
476386
476428
476455
476480
476481
476585
476684
476693
476718
476773
476781
476847
477014
477093
477094
477095
477154
477283
477357
477360
477423
477445
477477
477485
477522
477555
477586
477614
477646
477647
477655
477688
477689
477725
477808
477830
477835
477882
477891
477892
477895
477997
478042
478043
478182
478217
478461
478462
478469
478473
478491
478511
478520
478522
47854579
478547
478565
478575
478594
478595
478657
478664
478665
478750
478752
478760
478849
478957
478997
479018
479029
479030
479104
479110
479209
479321
47932781
47939175
479425
479453
479511
479547
479613
479619
479622
479637
479639
479651
479669
479810
479857
479904
479928
479938
479939
479998
480036
48008831
480135
480162
480199
480229
480261
480345
480346
480364
480387
480432
480489
480518
480657
480658
480757
480838
480842
480843
480844
480970
481020
481024
481025
481026
481027
481028
481029
481030
481031
481032
481033
481034
481035
481036
481037
481039
481040
481041
481042
481043
481044
481046
481125
481159
481160
481179
481185
481275
481276
481288
481291
481294
481297
481325
481401
481422
481432
481490
481524
481613
481673
481722
481778
481790
481858
481861
481879
481977
481981
481987
482011
482013
482018
482022
482024
482031
482032
482033
482034
482035
482048
482050
482053
482066
482081
482082
482168
482216
482279
482286
482319
482433
482438
482451
482452
482465
482506
482507
482529
482556
482599
482625
482631
482671
482863
482868
482924
482956
482991
483038
483079
483084
483086
483099
483138
483152
483197
483204
483205
483210
483238
483246
483247
483309
483317
483340
483372
483398
483458
483662
483663
483754
483775
483797
48383315
483849
483859
483861
483864
483870
483939
484065
484217
484294
48430633
484312
484507
484513
484546
484598
484626
484627
484662
484679
484689
484730
484787
484819
484866
484869
484870
484872
484873
484881
484940
485013
485082
485097
485101
485136
485191
485334
485392
485419
485446
485454
485477
485510
485511
485529
485535
485652
485693
485739
485816
485921
485932
485938
485943
485944
485945
485946
485948
485949
485950
485951
485965
485969
485970
485971
485974
485975
485976
485977
485978
485982
485989
485990
485992
485994
485995
485996
485997
486003
486004
486005
486008
486010
486012
486014
486015
486017
486018
486019
486021
486031
486032
486033
486036
486037
486054
486056
486060
486061
486062
486063
486071
486073
486074
486075
486077
486083
486086
486099
486102
486103
486106
486108
486109
486115
486118
486119
486120
486121
486122
486123
486125
486126
486133
486134
486141
486152
486163
486164
486167
486170
486171
486173
486174
486179
486180
486189
486194
486208
486209
486210
486242
486248
486253
486254
486255
486256
486257
486258
486259
486260
486281
486287
486288
486291
486295
486303
486304
486314
486319
486320
486328
486329
486331
486438
486467
486468
486489
486505
486587
486603
486604
486605
486621
486707
486756
486757
486758
486759
486760
486761
486765
486766
486767
486772
486773
486775
486786
486819
486820
486823
486897
486906
487016
487021
487030
487031
487039
487093
487104
487128
487139
487140
487148
487255
487258
487263
487517
487521
487532
487601
487629
487631
487751
487770
487842
487996
488035
488067
488068
488072
488087
488091
488124
488126
488138
488144
488177
488204
488214
488219
488225
488242
488295
488309
488311
488322
488324
488348
488349
488357
488381
488389
488390
488410
488412
488424
488430
488431
488448
488467
488475
488498
488499
488501
488513
488514
488520
488537
488556
488566
488570
488581
488605
488614
488617
488623
488628
488631
488632
488637
488639
488652
488655
488662
488677
488680
488682
488685
488687
488689
488691
488704
488706
488707
488709
488710
488712
488713
488719
488723
488729
488731
488732
488733
488736
488738
488739
488740
488743
488746
488749
488754
488760
488762
488763
488764
488769
488770
488776
488778
488780
488781
488785
488786
488791
488792
488800
488807
488809
488810
488814
488819
488838
488845
488846
488857
488864
488865
488887
488891
488920
488922
488995
489011
489017
489025
489028
489036
489057
489060
489083
489084
489085
489087
489132
489142
489147
489150
489154
489155
489158
489161
489189
489206
489215
489216
489225
489226
489232
489235
489244
489277
489278
489279
489280
489281
489283
489284
489285
489286
489288
489290
489292
489298
489299
489300
489303
489306
489325
489336
489337
489367
489394
489432
489440
489470
489512
489527
489541
489566
489571
489635
489640
489652
489692
489707
489708
489709
489728
489729
489745
489762
489771
489793
489813
489814
489818
489827
489834
489845
489879
489899
489910
489927
489937
489982
490009
490011
490015
490022
490035
490038
490041
490075
490081
490082
490110
490116
490145
490152
490167
490170
490174
490190
490203
490238
490245
490265
490295
490296
490299
490301
490313
490321
490323
490327
490368
490380
490386
490390
490401
490408
490412
490413
490427
490428
490439
490447
490452
490453
490482
490492
490493
490497
490511
490513
490522
490540
490546
490563
490581
490643
490644
490650
490651
490653
490666
490669
490673
490684
490690
490705
490723
490726
490751
490777
490787
490790
490802
490804
490835
490842
490843
490881
490885
490887
490892
490902
490912
490945
490948
490949
490952
490960
490968
490969
490988
490990
491004
491012
491017
491021
491025
491026
491038
491040
491045
491070
491086
491093
491105
491141
491147
491159
491160
491163
491164
491165
491175
491183
491200
491237
491261
491268
491272
491274
491275
491278
491279
491281
491287
491291
491294
491304
491313
491314
49134971
491354
491359
491370
491372
491391
491398
491400
491402
491421
491423
491448
491449
491454
491523
491524
491536
491560
491562
491569
491570
491572
491574
491581
491582
491589
491595
491609
491610
491636
491640
491646
491653
491656
491666
491667
491668
491669
491674
491678
491712
491713
491714
491715
491716
491719
491747
491754
491755
491757
491759
491770
491771
491778
491785
491791
491795
491796
491802
491804
491805
491810
491811
491813
491824
491831
491837
491838
491895
491900
491907
491916
491934
491962
491963
491967
491970
491992
492014
492026
492031
492033
492034
492044
492045
492065
492068
492069
492072
492073
492075
492084
492088
492128
492135
492144
492149
492150
492153
492176
492189
492191
492202
492221
492265
492270
492273
492284
492313
492315
492319
492321
492325
492334
492336
492381
492388
492389
492390
492410
492423
492424
492426
492441
492450
492474
492475
492478
492487
492493
492496
492519
492522
492526
492540
492552
492560
492572
492582
492594
492597
492629
492631
492632
492664
492681
492687
492691
492700
492716
492717
492737
492740
492742
492744
492752
492753
492755
492760
492764
492768
492774
492776
492783
492785
492809
492813
492816
492828
492833
492840
492843
492848
492866
492867
492868
492920
492921
492922
492924
492928
492940
492945
492948
492950
492951
492954
492972
492976
492982
492989
492996
493005
493021
493022
493023
493024
493029
493031
493035
493037
493040
493050
493064
493076
493078
493082
493107
493122
493125
493126
493129
493147
493151
493152
493156
493165
493175
493176
493188
493213
493215
493221
493222
493224
493238
493243
493245
493247
493253
493254
493255
493269
493275
493288
493289
493301
49336734
49337126
493486
493507
49351327
493541
493742
493743
493757
493762
493763
493764
493766
493770
493771
493789
493797
493800
493804
493805
493810
493819
493822
493843
493844
493845
493849
493857
493865
493873
493902
493903
493905
493906
493907
493908
493909
493911
493912
493921
493928
493945
494
494049
494052
494053
494054
494068
494070
494080
494081
494087
494143
494145
494158
494176
494178
494182
494207
494215
494225
494251
494271
494278
494295
494299
494300
494310
494311
494314
494323
494348
494350
494356
494380
494384
494391
494405
494412
494419
494431
494446
494451
494473
494491
494509
494511
494512
494513
494515
494516
494533
494543
494551
494569
494572
494580
494597
494602
494610
494629
494650
4947
494737
494747
494750
494804
494813
494859
494909
494928
494931
494942
495006
495028
495030
495032
495044
495053
495057
495058
495063
495069
495072
495082
495104
495118
49512615
495127
495128
495135
495140
495144
495152
495157
495167
495187
495198
495202
495210
495211
495219
495224
495242
495243
495245
495247
495272
495281
495299
495303
495306
495308
495309
495327
495333
495345
495350
495351
495353
495354
495356
495371
495372
495386
495388
495396
495399
495406
495408
495409
495414
495446
495447
495460
495465
495468
495496
495534
495668
495755
495798
495831
495883
495929
495932
495979
496006
496018
496048
496060
496062
496076
496420
496444
496447
496659
496687
496718
49698280
497184
497369
497370
497728
497730
497744
497846
497901
497912
497949
497950
498045
498117
498147
498198
498301
498483
498500
498522
498573
498680
498684
498709
498722
498757
498776
498863
49886641
498904
498947
498948
498962
499033
499142
499203
499476
499679
499777
499802
499809
499912
49a5a9ac
4a56b746
4cf9da72
4dca91df
4e3c4323
4ea728d5
4f8bb9b9
500057
500102
500191
500201
500237
500249
50030239
50034559
500458
500700
50075856
500763
500840
500846
500854
500955
50097306
500975
5010325c
501101
501103
501311
501323
501624
501651
501711db
50236513
502418
502421
502452
50264879
502869
502932
502942
50307488
503085
503094
50313938
503283
503489
503588
503621
503640
503641
503650
503715
50371523
503747
503810
50383258
504050
5041
504102
504270
504390
504396
504440
504474
504513
504569
504927
505440
505441
505486
505488
505506
505540
505546
505576
505592
505603
505634
505662
505726
505912
506066
506077
506087
506587
506621
506623
506769
506791
506810
506962
507005
507154
507158
50744661
507482
50756168
50776711
50797825
508072
508104
50812574
508129
508269
508271
508272
508273
508274
508275
508276
508277
508278
508279
508280
508281
508282
508283
508284
508285
508286
508287
508288
508289
508291
508292
508293
508294
508295
508296
508297
508298
508299
508300
508341
508365
508497
508844
508886
508916
509074
509076
509205
509212
509321
50938395
509560
50962270
50974575
509810
509861
509932
509987
510093
510224
51041037
51044926
51044938
510715
510716
510735
510773
510774
510796
511026
511132
511186
511205
511243
51127303
511288
511300
511343
511347
511379
511394
511456
511470
511520
511848
511873
511998
511999
512006
512012
512025
512186
512242
512256
512302
512395
512425
51249544
512602
512603
512604
512605
512606
512608
512609
512610
512611
512612
512613
512617
512618
512619
512620
512621
512622
512623
512624
512625
512626
512627
512628
512629
512632
512633
512634
512635
512636
512637
512638
512639
512640
512641
512642
512643
512644
512645
512650
512651
512652
512653
512654
512655
512656
512657
512658
512659
512660
512661
512662
512663
512664
512665
512666
512667
512668
512669
512670
512671
512672
512673
512674
512675
512676
512677
512679
512680
512681
512682
512683
512684
512685
512686
512687
512688
512689
512690
512691
512692
512694
512699
512700
512701
512702
512703
512704
512706
512707
512708
512709
512710
512711
512712
512713
512714
512715
512716
512717
512718
512719
512720
512721
512722
512723
512724
512725
512726
512727
512728
512729
512730
512731
512732
512733
512734
512735
512736
512737
512738
512739
512740
512741
512743
512744
512745
512746
512747
512749
512750
512751
512753
512754
512755
512756
512757
512758
512759
512760
512761
512762
512763
512764
512765
512766
512767
512768
512769
512771
512772
512773
512774
512776
512777
512778
512779
512780
512781
512782
512783
512784
512785
512786
512787
512788
512789
512790
512791
512792
512793
512794
512795
512796
512797
512798
512799
512800
512801
512802
512803
512804
512805
512806
512807
512808
512809
512810
512811
512812
512813
512814
512815
512816
512817
512818
512819
512820
512821
512822
512823
512824
512825
512826
512827
512828
512829
512830
512831
512832
512833
512834
512835
512836
512837
512838
512839
512840
512841
512842
512843
512844
512845
512847
512848
512849
512850
512851
512852
512853
512854
512855
512856
512857
512858
512859
512860
512861
512862
512863
512864
512865
512866
512867
512868
512869
512870
512871
512872
512873
512874
512875
512876
512877
512878
512879
512880
512881
512882
512883
512884
512885
512886
512887
512888
512889
512890
512891
512892
512893
512894
512895
512896
512897
512898
512899
512900
512901
512902
512903
512904
512905
512906
512907
512908
512909
512910
512911
512912
512913
512914
512915
512916
51298946
513060
513085
513091
513136
513187
513241
513257
513376
513678
513694
51371122
51371218
51371627
513850
51385895
51411477
514512
51463147
514673
51493013
51501685
515155
515173
515200
51524324
515270
515478
515492
51555004
51555015
515706
515726
515748
515824
516065
516124
51619366
51623163
51658915
51662815
516754
51702697
517100
517189
51726842
517307
51745979
517594
517708
517822
51786952
517983
517997
518082
518414
518416
518672
518754
51896235
519316
51937204
519683
5197563c
519844
519934
520300
520418
52044582
52097990
52100243
521037
521143
521240
521272
52133585
52141898
521516
52153733
521722
521906
52197001
521995
52210957
52225182
522435
522727
522973
52300935
523434
52411268
52415443
5243
52453967
52454572
52460187
524618
524662
5249
52523447
525628
526254
52656985
526961
526981
52702209
527562
52757684
52767948
52768718
527751
527812
527881
528314
528734
52874561
52876085
528856
529168
529307
529390
52959752
529764
529843
530034
530676
530722
53080572
531176
53144013
532124
53219580
532475
53271643
532876
532933
533060
53345712
533491
533728
534410
53480837
534983
535292
53538603
53543278
53564362
53578964
535948
536068
53619388
536551
53662237
53669824
53724363
53734281
53779159
53813847
538170
538457
53857278
53865141
539070
53963586
53966323
53980896
53989961
53994816
54010643
54010681
54010716
54012641
54012652
54019924
540339
54043769
54043807
54096311
54096329
540973
54102719
54103043
54112527
541224
541277
54150741
541573
54184498
54190372
54200766
54216491
54217408
54219433
54238861
542794
54305634
54305636
54324488
54331552
543361
54341324
543534
54370411
543724
54376761
543845
54391809
54393394
54394846
54402943
54403128
544267
544378
54443904
54452483
54490290
54497202
54498574
54538265
545792
5458
54604016
54654675
54676014
54677912
54686946
547542
54757574
547621
54767006
54772965
54773053
54774377
547953
547970
5479d550
54859491
54902639
54919778
54919780
54930615
54934058
54941562
54951081
54960387
54991392
54dc95d4
55010220
55019943
55036741
55042566
55065684
55075782
55107127
55203054
552073
55215813
55225388
5529
55323827
55347992
55381c16
55448032
55448945
55467092
55487457
55494334
555000
55511976
55513116
55545069
555494
55550352
55565099
55574426
55575954
55576019
55580305
55589010
55596211
55619398
55632007
55635064
55661082
55664116
55685093
55687722
55695705
55698440
55701878
557035
55711720
55712563
55716114
55719511
55723140
55724570
55731615
55739410
55739559
557530
55760554
55769242
55774834
55776123
55777051
55778142
55781225
55781633
55785870
55808043
55822619
55833012
55833016
55833027
55833258
55833738
55834011
55836816
55845420
55845438
55846352
55848674
55858579
55865989
55866084
55872416
55898143
55906989
55910372
55911361
55927468
55933063
55933129
55937415
55940686
55941788
55945204
55956204
55964809
55965716
55983694
55984889
56000801
56002272
56003680
56018351
56029734
56032077
56032982
56059875
56060150
56086203
56090158
56092119
56093458
56102863
56105203
56105206
56107106
56107175
56107199
56108779
561103
56114573
56120580
56125400
56132900
56136130
56141143
56141543
56143643
56145016
56153271
56158216
56158522
56167032
56171828
56171836
56175569
56178746
56178798
56182959
56184557
56186041
56192285
56195474
56195714
56197810
56199214
56204455
56205897
56207963
56208407
56209001
56212175
56212869
56218682
56219609
56223315
56226523
56228860
56230580
56232334
56232519
56232943
56243022
56254641
56257678
56262051
56263761
56266799
56268404
5627
56271606
56271617
56283383
56285842
56288312
56299675
56300289
56303816
56305025
56310885
56314526
56317807
56323378
56324718
56327614
56327845
56332991
56333801
56334108
56336252
56340017
56341270
56343402
56346850
56348881
56349316
56351020
56351804
56352820
56352979
56355245
56356612
56356698
56357930
56358095
56359002
56359213
56360177
56360418
56361055
56361069
56361136
56361171
56361230
56361262
56361336
56361432
56361463
56361498
56361842
56362298
56362307
56362818
56362835
56363262
56363263
56363269
56363273
56363745
56363860
56363875
56363981
56364203
56364255
56364269
56364562
56364737
56364905
56365187
56365335
56365421
56365422
56365647
56365816
56365830
56366329
56366349
56366698
56367184
56367565
56368097
56368158
56368344
56368447
56368761
56368762
56369060
56369184
56369191
56369192
56369562
56369623
56369652
56369968
56370108
56370406
56370493
56370575
56370877
56370880
56371177
56371195
56371205
56371295
56371628
56371669
56371713
56371798
56372071
56372404
56372687
56372739
56372907
56373013
56373452
56373547
56373599
56374407
56374586
56375051
56375870
56375886
56375927
56375974
56376138
56376822
56376997
56377284
56377355
56377462
56377535
56377732
56377733
56377736
56377738
56377784
56377831
56377991
56378684
56378687
56378993
56379146
56379236
56379569
56379603
56379749
56379923
56380220
56380225
56380314
56380809
56381128
56381130
56381167
56381267
56381286
56381649
56381683
56381686
56381708
56381773
56381809
56382200
56382261
56382316
56382481
56382904
56383224
56383292
56383564
56383707
56384323
56384380
56384406
56384423
56384970
56384985
56385009
56385197
56386035
56386948
56387266
56387424
56387677
56387750
56387789
56388609
56388837
56388851
56388998
56389207
56389222
56389311
56389395
56389405
56389767
56389962
56390143
56390909
56390981
56391169
56391195
56391882
56391913
56392140
56392141
56392142
56392167
56392273
56392315
56392333
56392492
56392511
56392564
56392900
56393016
56393627
56394059
56394400
56394732
56394761
56394764
56394775
56394883
56395131
56395138
56395163
56395681
56395756
56396009
56396024
56396134
56396258
56396307
56396323
56396347
56396394
56396922
56396923
56397092
56397175
56397798
56398329
56398583
56398879
56398904
56399434
56399438
56400037
56400645
56401227
56401433
56401434
56401435
56401501
56402419
56402478
56402778
56402918
56402935
56402990
56403025
56403608
56403609
56403851
56404313
56404587
56404639
56404644
56405415
56405418
56405929
56406332
56406401
56406456
56406827
56407330
56407430
56407468
56407630
56408193
56408883
56408953
56408997
56409258
56409277
56409480
56409691
56410293
56410467
56410489
56410675
56410710
56410711
56410859
56410958
56411127
56411491
56411807
56412511
56412534
56412897
56413093
56413142
56413326
56413445
56413452
56413609
56413615
56414096
56414385
56414537
56414586
56414910
56415028
56415204
56415351
56415418
56415611
56415651
56415726
56415731
56416009
56416191
56416194
56416195
56416350
56416361
56416527
56416640
56416681
56416710
56416930
56417569
56417642
56417646
56417699
56417717
56417858
56418101
56418130
56418323
56418496
56418500
56418765
56418829
56418830
56419149
56419150
56419581
56419592
56419677
56419705
56419786
56419846
56420015
56420060
56420284
56420303
56420304
56420342
56420467
56420469
56420471
56420517
56420644
56420730
56420930
56420934
56420976
56421163
56421197
56421517
56421518
56421791
56421927
56422639
56423336
56423511
56423776
56424098
56424207
56424392
56424408
56424452
56424488
56424490
56424635
56424763
56425166
56425367
56425806
56426450
56426452
56426501
56426647
56427244
56427246
56427699
56427784
56427831
56428269
56428610
56428629
56428918
56429028
56429047
56429107
56429182
56429207
56429270
56429283
56429298
56429303
56430175
56430301
56430718
56430786
56430797
56430921
56431438
56431809
56431943
56432263
56432291
56432562
56433012
56433386
56433543
56433561
56433626
56433699
56433787
56433887
56433970
56434455
56434456
56434895
56435098
56435145
56435337
56435517
56435581
56435832
56435910
56436218
56436458
56436488
56436507
56436679
56437149
56437373
56437381
56437463
56437734
56437768
56438174
56438543
56439121
56439173
56439233
56439242
56439252
56439463
56439477
56440302
56440307
56440747
56440975
56440997
56441062
56441068
56441075
56441276
56441409
56441859
56442602
56442694
56442717
56442994
56443408
56443819
56443918
56443956
56443969
56444183
56444212
56444216
56444344
56444364
56444478
56444479
56444562
56444592
56445091
56445134
56445212
56445234
56445250
56445430
56445432
56445447
56445477
56445694
56445919
56445951
56446075
56446076
56446154
56446483
56446591
56446666
56446859
56447033
56447153
56447193
56447291
56447714
56447814
56448179
56448232
56448295
56448296
56448355
56448495
56448575
56448578
56449166
56449461
56449648
56449760
56449904
56450072
56450189
56450195
56450630
56450643
56450676
56450938
56451042
56451056
56451562
56452044
56452047
56452115
56452156
56452291
56452658
56452718
56452936
56453210
56453222
56453770
56454036
56454080
56454085
56454235
56454575
56454666
56454774
56455274
56455358
56455464
56455540
56455666
56456231
56456361
56456367
56456378
56456383
56456757
56456888
56456889
56457095
56457170
56457195
56457235
56457244
56457287
56457398
56457602
56457624
56457669
56457672
56457686
56457774
56457777
56457786
56458280
56458618
56458738
56458749
56458867
56458948
56459186
56459337
56459911
56460324
56460823
56461215
56461323
56461541
56461714
56461715
56461886
56461929
56462244
56462783
56463182
56463192
56463474
56463493
56463785
56463980
56464489
56464502
56464564
56465485
56465567
56465599
56465837
56465866
56465927
56466097
56466117
56466145
56466352
56466869
56466900
56467222
56467687
56467713
56467804
56467893
56468324
56468735
56468776
56468814
56468858
56469124
56469325
56469701
56469718
56469727
56469968
56470117
56470583
56470625
56470637
56470816
56470866
56471037
56471046
56471053
56471447
56471580
56471654
56471710
56471822
56471937
56472146
56472322
56472359
56472579
56472756
56472863
56473030
56473042
56473044
56473265
56473700
56474409
56474430
56474611
56474913
56475005
56475310
56475382
56475393
56475769
56475897
56476015
56476023
56476724
56476736
56476784
56477008
56477365
56477461
56477591
56477912
56477971
56478434
56478510
56478656
56480085
56480170
56480514
56480631
56480646
56481014
56481053
56481086
56481282
56481357
56481366
56481382
56482030
56482035
56482072
56482134
56482690
56482784
56482813
56482814
56483568
56483606
56483611
56483744
56484018
56484147
56484303
56484325
56484354
56484357
56484597
56484769
56484818
56484823
56485279
56485280
56485615
56485841
56485974
56485987
56486449
56486481
56487050
56487193
56487216
56487442
56487544
56487807
56488342
56488531
56488572
56488692
56489016
56489049
56489527
56489531
56489597
56489856
56489857
56489858
56489887
56490033
56490241
56490337
56490342
56490718
56490734
56490899
56490940
56490970
56491111
56491336
56491941
56492049
56492192
56492315
56492460
56492472
56492556
56492562
56492637
56492978
56493261
56493322
56493576
56493855
56494014
56494020
56494127
56494817
56495054
56495307
56495320
56495623
56495842
56496196
56496261
56496515
56496602
56496965
56497147
56497250
56497412
56497637
56497682
56497706
56498226
56498333
56498359
56498627
56498748
56499316
56499317
56499336
56499691
56500129
56500131
56500891
56501125
56501155
56501159
56501182
56501471
56501557
56501730
56502127
56502140
56502390
56502548
56502796
56503239
56503243
56504112
56504334
56504608
56504900
56504916
56504928
56504929
56504933
56505197
56505274
56505524
56505891
56506002
56506186
56506522
56506568
56506588
56506735
56506803
56507268
56507278
56507352
56507613
56507711
56508713
56508821
56508862
56508868
56509036
56509110
56509430
56509441
56509456
56509547
56509563
56509597
56509612
56509847
56510037
56510152
56510191
56510341
56510561
56510732
56510738
56511044
56511199
56511210
56511244
56511337
56511533
56511792
56511858
56511895
56512161
56512287
56512521
56512588
56512593
56513077
56513078
56513597
56513778
56513980
56514113
56514225
56514431
56514452
56514497
56514787
56514873
56515009
56515067
56515110
56515428
56516003
56516404
56516547
56517328
56517765
56517769
56518165
56518503
56518564
56518595
56518881
56519073
56519149
56519687
56519726
56519745
56519840
56519913
56520036
56520961
56521371
56521413
56521488
56521508
56521570
56521664
56521810
56521861
56522290
56522434
56522722
56522846
56523021
56523793
56524008
56524017
56524025
56524137
56524173
56524187
56524194
56524262
56524263
56525116
56525284
56525713
56526141
56526932
56527183
56527189
56527226
56527547
56527548
56527759
56527958
56528107
56528160
56528240
56528408
56528739
56528781
56528782
56528843
56529123
56529308
56529312
56529328
56529512
56529634
56529639
56529775
56530005
56530010
56530112
56530310
56530314
56530392
56530487
56530488
56530612
56530650
56530668
56530675
56530693
56530708
56530735
56531123
56531190
56531599
56531767
56531838
56531839
56531969
56531993
56532038
56532691
56532693
56532823
56532832
56532869
56532890
56533068
56533073
56533471
56533601
56533613
56533706
56533719
56534227
56534279
56534304
56534452
56534453
56534582
56535729
56535870
56535982
56536230
56536648
56537017
56537154
56537243
56537286
56537748
56537826
56538205
56538472
56538842
56539192
56539429
56540068
56540081
56540084
56540155
56540322
56540337
56540349
56540356
56540361
56540399
56540671
56540686
56540688
56540757
56541003
56541765
56541823
56541845
56542183
56542236
56542809
56543250
56543532
56543544
56543945
56544016
56544597
56545110
56545382
56545420
56546238
56546251
56546294
56546396
56546464
56546465
56546471
56546711
56547060
56547165
56547197
56547783
56547916
56547957
56547967
56548228
56548412
56548418
56548439
56548584
56548679
56548889
56549000
56549307
56549428
56549458
56549470
56549492
56549538
56549632
56549690
56549863
56550110
56550161
56550175
56550237
56550242
56550342
56550435
56550471
56551123
56551181
56551710
56551840
56553148
56553668
56554768
56554929
56554962
56555429
56555681
56555727
56555882
56555885
56556238
56556243
56556490
56556650
56556823
56557218
56557476
56557477
56557562
56557566
56557707
56558103
56558169
56558571
56558877
56558911
56558999
56559318
56559456
56559569
56559597
56559609
56559622
56559761
56560530
56560666
56560718
56560766
56560844
56560866
56561176
56561456
56561543
56561576
56561709
56562541
56562702
56563621
56563697
56563715
56563841
56563907
56563909
56564067
56564520
56564548
56564918
56564965
56565161
56565279
56565338
56565608
56565619
56565698
56565704
56565879
56565883
56565892
56566098
56566111
56566641
56566649
56566857
56567164
56567371
56567372
56567379
56568386
56568445
56568489
56568709
56568734
56568791
56568824
56568871
56569094
56569110
56569857
56571324
56571601
56571811
56571826
56571979
56572365
56572550
56572968
56573103
56573113
56573114
56573212
56574130
56574134
56575155
56575535
56575551
56576123
56576486
56576497
56576873
56577088
56577221
56577546
56578593
56578632
56578634
56578693
56579003
56579072
56579419
56579555
56579571
56579894
56579895
56579901
56580148
56580521
56580680
56580922
56580959
56581044
56581296
56581646
56582364
56582498
56582781
56582806
56582949
56583237
56583257
56584476
56584490
56584497
56584768
56584950
56585048
56585370
56585746
56585769
56585900
56585953
56585986
56586358
56586584
56586625
56586885
56586898
56587902
56588289
56588305
56588487
56588751
56589301
56589412
56589475
56590003
56590197
56590224
56590279
56590871
56590879
56590956
56591102
56591161
56591162
56591541
56591572
56591647
56593027
56593178
56593188
56593527
56593732
56594032
56594191
56594208
56594402
56594548
56594612
56595193
56595199
56595256
56595554
56595667
56595697
56595736
56595737
56596505
56596579
56596799
56598197
56598550
56598553
56598560
56598743
56598758
56598820
56599068
56599197
56599931
56599981
56600210
56600260
56601424
56601513
56601554
56601931
56601964
56602934
56602940
56603394
56603414
56603456
56603621
56603658
56603785
56603786
56604367
56604624
56605069
56606123
56606497
56606545
56606657
56606855
56607364
56608594
56608739
56608857
56608859
566091
56609244
56609246
56609250
56609252
56609273
56609281
56609500
56609596
56609846
56610283
56610535
56610951
56611208
56612077
56612114
56612187
56613224
56613243
56613839
56614236
56614395
56614434
56615038
56615094
56615225
56615660
56615663
56615974
56616057
56616144
56616395
56616544
56616600
56616742
56616896
56617143
56617173
56617381
56617416
56617444
56617657
56618024
56618303
56618306
56618343
56618869
56619353
56619362
56619371
56619380
56619595
56619781
56619795
56619803
56620160
56620161
56620308
56620397
56620418
56620681
56621439
56621792
56621871
56622001
56622197
56622239
56622252
56622360
56622361
56622762
56622772
56622828
56623659
56623726
56623819
56623839
56623868
56624340
56624394
56624433
56624447
56625372
56625498
56625634
56625650
56625656
56626044
56626187
56626246
56626367
56626794
56627147
56627237
56627406
56627444
56627833
56627847
56627913
56628023
56628068
56628070
56628309
56628405
56628448
56628454
56628519
56628539
56628692
56629264
56630565
56631009
56631501
56631715
56631778
56631786
56631935
56632217
56632218
56632298
56632436
56632635
56632844
56633166
56633252
56633269
56633360
56633425
56633550
56633589
56633770
56633886
56634248
56634396
56635325
56635629
56635682
56635699
56635832
56636129
56636213
56636244
56636537
56636540
56636573
56637437
56638097
56638175
56638439
56638610
56638662
56638858
56639744
56640071
56640328
56640573
56640820
56641435
56641694
56641851
56641991
56641996
56642010
56642230
56642320
56642503
56642743
56642981
56643625
56643658
56643973
56643997
56644449
56644961
56645076
56645108
56645306
56645332
56646339
56646928
56646958
56647036
56647102
56647350
56647987
56648267
56648367
56648852
56648857
56649937
56649977
56650414
56650442
56650851
56651053
56651262
56651740
56652002
56652052
56652336
56652344
56652421
56652513
56653061
56653581
56653775
56653821
56654768
56654838
56654949
56654953
56655136
56655196
56655736
56655787
56655919
56656235
56656855
56657954
56657965
56657991
56658001
56658120
56658291
56658403
56658541
56658585
56658603
56658960
56659180
56659359
56659607
56660220
56661171
56661420
56661431
56661872
56661924
56662070
56662525
56662528
56662640
56662664
56662697
56663084
56663145
56663202
56663291
56663323
56663334
56663995
56664134
56664464
56664718
56664835
56665199
56665472
56665529
56665548
56665555
56666294
56666564
56666668
56666721
56666791
56666798
56666853
56667006
56667207
56667359
56667558
56667674
56667861
56668040
56668145
56668245
56668451
56668500
56668742
56668810
56669582
56670107
56670115
56670141
56670159
56670169
56670264
56670655
56670666
56670693
56670697
56672117
56672284
56672320
56672408
56672506
56672753
56672815
56672868
56673227
56673285
56673790
56674097
56674452
56674469
56674471
56674506
56674513
56675528
56675550
56675726
56675855
56675923
56676137
56676207
56676280
56676340
56676689
56676697
56676715
56676749
56676997
56677020
56677028
56677163
56677272
56677368
56677478
56677916
56677955
56677956
56677993
56678450
56678474
56678641
56678849
56678942
56678962
56678966
56678970
56678987
56679396
56679418
56679445
56679484
56679523
56679524
56679616
56679719
56680036
56680173
56680481
56680682
56680685
56681116
56681490
56681493
56681874
56682639
56682733
56682817
56683357
56683364
56683371
56683384
56683412
56683422
56683477
56683516
56683531
56685182
56685207
56685439
56685582
56685717
56685821
56685822
56685936
56685949
56686112
56686197
56686249
56686482
56686624
56686785
56686807
56686982
56687034
56687057
56687135
56687275
56687357
56687365
56687500
56687562
56688370
56688493
56688575
56688704
56688975
56689003
56689362
56689368
56689604
56689731
56689900
56690104
56690151
56690156
56690243
56690337
56690341
56690428
56690689
56691049
56691087
56691156
56691480
56691555
56691818
56691840
56691958
56692029
56693209
56693299
56693395
56693599
56693881
56694250
56694286
56694611
56694989
56695016
56695048
56695080
56695101
56695146
56695180
56695357
56695362
56695665
56695763
56695786
56696046
56696564
56696783
56696938
56697006
56697044
56697194
56697695
56697718
56697731
56697735
56697833
56697999
56698038
56698320
56698489
56698669
56698995
56699289
56699333
56699516
56699578
56699765
56699776
56700517
56700531
56700537
56700751
56700930
56701953
56701982
56702085
56702223
56702442
56702807
56702823
56702838
56702843
56703116
56703227
56703872
56704122
56704129
56704412
56704416
56704448
56704472
56704526
56704556
56704618
56705003
56705156
56705161
56705164
56705638
56705763
56705770
56705812
56706086
56706124
56706283
56706393
56706425
56706545
56706749
56706892
56706961
56707089
56707217
56707348
56707366
56707410
56707412
56707608
56708143
56708218
56708237
56708640
56708653
56708671
56709380
56709484
56709898
56709920
56709932
56709934
56710170
56710378
56710506
56710951
56711984
56712004
56712198
56712302
56712381
56712539
56712543
56712552
56712610
56712836
56712838
56713006
56713061
56713562
56713767
56713791
56713880
56714084
56714120
56714277
56714295
56714379
56714391
56714499
56714595
56714656
56715085
56716484
56716495
56716567
56717117
56717501
56717673
56717684
56717772
56718253
56718406
56718975
56720745
56720815
56721156
56721266
56721590
56722236
56722363
56722463
56722764
56723239
56723442
56723481
56723523
56723652
56723783
56724423
56724549
56724616
56725332
56725365
56725670
56725846
56726031
56726315
56726887
56727470
56727591
56727812
56728020
56728136
56728217
56728276
56728286
56728289
56728290
56728321
56728380
56728417
56728682
56728792
56729018
56729398
56729501
56730245
56730447
56730847
56730908
56730983
56731292
56731356
56731484
56731911
56731976
56731983
56732002
56732030
56732128
56732155
56732211
56732225
56732314
56732348
56732439
56732508
56732542
56733036
56733452
56733590
56733594
56733790
56734056
56734104
56734181
56734269
56734324
56734462
56734976
56735037
56735478
56735483
56735613
56735927
56736109
56736592
56737021
56737062
56737161
56737402
56737483
56737792
56737979
56738054
56738060
56738285
56738568
56738614
56739372
56739696
56739780
56739842
56739885
56739950
56740140
56740221
56740907
56740935
56741232
56741571
56741598
56741898
56742202
56742215
56742360
56742758
56742819
56742860
56743030
56743074
56743086
56743118
56743249
56743873
56743948
56744143
56744549
56745042
56745064
56745865
56746177
56746364
56746401
56746602
56746609
56746630
56746725
56747096
56747990
56748051
56748475
56748481
56748627
56748993
56749139
56749226
56749350
56749551
56750105
56750261
56750431
56750473
56750722
56750913
56750986
56751280
56751408
56751505
56751745
56752029
56752111
56752351
56752441
56752734
56752832
56753014
56753695
56754269
56754289
56754351
56754484
56754710
56754725
56755120
56755266
56755312
56755482
56755990
56756158
56756454
56757176
56757495
56757529
56757905
56757927
56758182
56758257
56758313
56758432
56758474
56758478
56758612
56758796
56759175
56759242
56759600
56759647
56759663
56759674
56759811
56759820
56759968
56760156
56760239
56760432
56760459
56760506
56760515
56760685
56761007
56761314
56762211
56762526
56762583
56762723
56762727
56762752
56763723
56763781
56763860
56764197
56764463
56764836
56765044
56765937
56766222
56766362
56766525
56766661
56766938
56766947
56767059
56767070
56767304
56767452
56767463
56767573
56767599
56768155
56768221
56768402
56768403
56768404
56768412
56768413
56768438
56768460
56768837
56769243
56769299
56769314
56769980
56770832
56771401
56771455
56771489
56771491
56771493
56771835
56772057
56772131
56772149
56773082
56773259
56773435
56773971
56774301
56774519
56774731
56774771
56774873
56775336
56776081
56776232
56776433
56776561
56776771
56776777
56776910
56776967
56776987
56777544
56777569
56777915
56778024
56778189
56778250
56778292
56778375
56778520
56778522
56778732
56778779
56779311
56779379
56780111
56780515
56780535
56780537
56780549
56780619
56780661
56780666
56780685
56780733
56780822
56781267
56781513
56781666
56781729
56781742
56782241
56782493
56782553
56782557
56783006
56783105
56783182
56783562
56783602
56783611
56783615
56783950
56783957
56784032
56784366
56784578
56784651
56785215
56785258
56785654
56785679
56785715
56785728
56785730
56785754
56785813
56785839
56785844
56785963
56786003
56786017
56786140
56786272
56786449
56786451
56786767
56786810
56786841
56786906
56787760
56787830
56787831
56787832
56788702
56788867
56788909
56788915
56789055
56789565
56789585
56789598
56789818
56790142
56790205
56790267
56790553
56790709
56790863
56790926
56791112
56791754
56791774
56792147
56792166
56792372
56792401
56792625
56793245
56793383
56793986
56794266
56794278
56794775
56794805
56794811
56794834
56794957
56795199
56795234
56795343
56795537
56795668
56795901
56796018
56796431
56796538
56796685
56796739
56796848
56796851
56796852
56796994
56797077
56797311
56797357
56797494
56797609
56797666
56797811
56797812
56797897
56798574
56798983
56799068
56799072
56799355
56799367
56799497
56799580
56799704
56799953
56800009
56800074
56800398
56800535
56800983
56801225
56801682
56802464
56802488
56802537
56802557
56802611
56802614
56803460
56804722
56804975
56805246
56805649
56805853
56805901
56805949
56807158
56807159
56807173
56807227
56807576
56807583
56807948
56808881
56809078
56809304
56809312
56809355
56809382
56809415
56809774
56809775
56809776
56809951
56809966
56810427
56810802
56810836
56810841
56810845
56810871
56810891
56811647
56811659
56811669
56811948
56812076
56812224
56812225
56812292
56813028
56813039
56813233
56813471
56813748
56813765
56813875
56814123
56814297
56814371
56814479
56814630
56814922
56815240
56815247
56815303
56815410
56815548
56815830
56816168
56816401
56816470
56816949
56817288
56817466
56817485
56817564
56817891
56818066
56818275
56818769
56818998
56819020
56819863
56820123
56820518
56820542
56820596
56820622
56820732
56821111
56821235
56821395
56821423
56821500
56821573
56821659
56821668
56821756
56822074
56822400
56822955
56822967
56823069
56823107
56823242
56823251
56823515
56823516
56823948
56823964
56823978
56824019
56824020
56824506
56824779
56824921
56824929
56824953
56824954
56824956
56824962
56825097
56825425
56825625
56825748
56826361
56826704
56827158
56827534
56827545
56827675
56827779
56827791
56827794
56828350
56828818
56828940
56829008
56829510
56829821
56829952
56830139
56830632
56830738
56830752
56830770
56830889
56830890
56831178
56831274
56831472
56832110
56832115
56832250
56832344
56832420
56832423
56832746
56832852
56832871
56833058
56833271
56833545
56833592
56833684
56833690
56834087
56834091
56834129
56834457
56834541
56834547
56834673
56834736
56834969
56834971
56835090
56835773
56835909
56835995
56836014
56836297
56836337
56836623
56836829
56837094
56837100
56837199
56837405
56837675
56837680
56837694
56837769
56838373
56838674
56838682
56838713
56838924
56839109
56839588
56839664
56839794
56839949
56840258
56840380
56840461
56840559
56840750
56841403
56841412
56841584
56841774
56842075
56842102
56842628
56842761
56843048
56843058
56843206
56843301
56843342
56843356
56843875
56843882
56843901
56844278
56844530
56845014
56845224
56845435
56845488
56845545
56845664
56845769
56845933
56845972
56846266
56846452
56846516
56846552
56846984
56847127
56847597
56847952
56848271
56848643
56848923
56849775
56850068
56850073
56850118
56850153
56850198
56850380
56851058
56851183
56851195
56851447
56851585
56851644
56851653
56852031
56852222
56852226
56852231
56852400
56852801
56853280
56853566
56853616
56853821
56853889
56853921
56854022
56854382
56854412
56854470
56854489
56854824
56854830
56855921
56856048
56856052
56856057
56856148
56856180
56856281
56856449
56856453
56856897
56856970
56857548
56857580
56857883
56857907
56858544
56858588
56858864
56858889
56858928
56859276
56859300
56859346
56859384
56859740
56859750
56859903
56859908
56859939
56860386
56861212
56861393
56861661
56862118
56862364
56862573
56862602
56862888
56863084
56863607
56863720
56863895
56864050
56864294
56864472
56864734
56864877
56864920
56865099
56865763
56865845
56866054
56866210
56866331
56866489
56866505
56866525
56866733
56866957
56867215
56867339
56867438
56867929
56868222
56868363
56868373
56868963
56869114
56869171
56869299
56869387
56869392
56869412
56869467
56869537
56869546
56869648
56870000
56870147
56870574
56870831
56870849
56871077
56871098
56871188
56871249
56871326
56871402
56871739
56871826
56872239
56872583
56872650
56872669
56872918
56872968
56873005
56873076
56873184
56873359
56873660
56873973
56874136
56874208
56874209
56874581
56874641
56874868
56874869
56875194
56875375
56875389
56875401
56875420
56875567
56875856
56877482
56877572
56877578
56877616
56877649
56877954
56878037
56878069
56878098
56878158
56878296
56878307
56878389
56878391
56878410
56878419
56878423
56878812
56879098
56879295
56879435
56879713
56880023
56880079
56880080
56880084
56880089
56880500
56880514
56880761
56880966
56880982
56881117
56881174
56881233
56881356
56881415
56881432
56881482
56881489
56881834
56881945
56882035
56882174
56882514
56882567
56882925
56882979
56883099
56883206
56883228
56883516
56883749
56884064
56884156
56884168
56884667
56884687
56884788
56884804
56885235
56885509
56885600
56886131
56886261
56886315
56886548
56886618
56886756
56887211
56887234
56887294
56887495
56887496
56887675
56887987
56888672
56888687
56888732
56888733
56888736
56888795
56889017
56889431
56889445
56889678
56889686
56889760
56890138
56890226
56890232
56890420
56890647
56890662
56890663
56890667
56891474
56891674
56891716
56891728
56891768
56892514
56892719
56892752
56892818
56892870
56893215
56894276
56894290
56894364
56894487
56894685
56894735
56894931
56895110
56895217
56895962
56896146
56896288
56896475
56896523
56896601
56896765
56897128
56897151
56897168
56898081
56898526
56898544
56898599
56898717
56898900
56898942
56899028
56899184
56899530
56899534
56899879
56900368
56900378
56900521
56900734
56900952
56900965
56900993
56901724
56901873
56902114
56902119
56902253
56902303
56902376
56902683
56903422
56903566
56903899
56903980
56904028
56904029
56904030
56904280
56904754
56904925
56905074
56905292
56905396
56905436
56905526
56905708
56905720
56905742
56905871
56905911
56906070
56906146
56906155
56906156
56906157
56906189
56906473
56906732
56906987
56907050
56907412
56907636
56907658
56907711
56907945
56907979
56908862
56909508
56909534
56909612
56909645
56909707
56909738
56909745
56909830
56910259
56910442
56910822
56910826
56911354
56911814
56911923
56912619
56912676
56912678
56912685
56912703
56912712
56912932
56913176
56913294
56913553
56914061
56914133
56914525
56914570
56914616
56914840
56915122
56915138
56915680
56915694
56915780
56915809
56916139
56916539
56916637
56916754
56916994
56916995
56917528
56917544
56917562
56917584
56917617
56917703
56917920
56917955
56918097
56918525
56918779
56918905
56919633
56919791
56920321
56920648
56920762
56920765
56921279
56921289
56921358
56921508
56921739
56921829
56922178
56922458
56922742
56922928
56922958
56923771
56923792
56923839
56924095
56924211
56924213
56924242
56924246
56924367
56924397
56924413
56924419
56924889
56924970
56925236
56925671
56925845
56926086
56926203
56926418
56926645
56926839
56927004
56927272
56927391
56927422
56927686
56927847
56928063
56928323
56928404
56928407
56928417
56928438
56928503
56928508
56928574
56928580
56928589
56928591
56928602
56928717
56928730
56928781
56928943
56929043
56929061
56929356
56929393
56929394
56929578
56930697
56931508
56931900
56932061
56932112
56932840
56932869
56933041
56933347
56933602
56933625
56933823
56933853
56934115
56935051
56935204
56935214
56935291
56935305
56935306
56935465
56935587
56935634
56935695
56936133
56936161
56936196
56936286
56936298
56936404
56936563
56936680
56936801
56936817
56936841
56937386
56937388
56937505
56937551
56937737
56937771
56937784
56937796
56938022
56938034
56938200
56938521
56938719
56938934
56939668
56939772
56939895
56939947
56939999
56940585
56940997
56941000
56941115
56941135
56941147
56941152
56941341
56941352
56941646
56941668
56942053
56942238
56942365
56942467
56943630
56943665
56943709
56943872
56943961
56943983
56944107
56944194
56944454
56944455
56944501
56944849
56944954
56945052
56945553
56945797
56946115
56946165
56946722
56946765
56946972
56947234
56947426
56947948
56948003
56948138
56948447
56948525
56948720
56948961
56949181
56949536
56949567
56949617
56949872
56949913
56949929
56950370
56950480
56950611
56950815
56950841
56950906
56950924
56950936
56951969
56952630
56953071
56953121
56953186
56953235
56953560
56953952
56954045
56954056
56954161
56954205
56954347
56954583
56954987
56955163
56955236
56955504
56955743
56955915
56956040
56956196
56956284
56956491
56956546
56956572
56956650
56957160
56957206
56957377
56957424
56957454
56957511
56957816
56957958
56958088
56958153
56958206
56958241
56959132
56959620
56959713
56960050
56960054
56960583
56960657
56960969
56961006
56961039
56961049
56961055
56961167
56961172
56961559
56961620
56961891
56962153
56962230
56962366
56962367
56962369
56962835
56962860
56962953
56962963
56963074
56963121
56963166
56963214
56963238
56963413
56963569
56963656
56963783
56963785
56963817
56963942
56963955
56963968
56963969
56964207
56964673
56964729
56964737
56964747
56964926
56964930
56965085
56965101
56965110
56965111
56965138
56965305
56965319
56965350
56965586
56965899
56966091
56966323
56966378
56966478
56966490
56966596
56966953
56967263
56967315
56967425
56967682
56967683
56967684
56967711
56967714
56967781
56967783
56967800
56968209
56968409
56968539
56968700
56968724
56968871
56969173
56969213
56969383
56969471
56969491
56969852
56970028
56970401
56970448
56970577
56970825
56971082
56971169
56971275
56971523
56971531
56971572
56971745
56971811
56971859
56971901
56971904
56972060
56972087
56972466
56972630
56972844
56973184
56973195
56973362
56973377
56973564
56973600
56973958
56974057
56974140
56974470
56974796
56974921
56975272
56975308
56975322
56975406
56975480
56975771
56975956
56975971
56976022
56976395
56976405
56976531
56976606
56977079
56977181
56977185
56977297
56977687
56977961
56977963
56978269
56978434
56978604
56978645
56978646
56978832
56978873
56979016
56979117
56979131
56979189
56979480
56979594
56979595
56979623
56979839
56979843
56979853
56980042
56980308
56980354
56980629
56980637
56980663
56980843
56980861
56980959
56981030
56981185
56981289
56981698
56981799
56981829
56981908
56981913
56982246
56982678
56982818
56982832
56982892
56983292
56983649
56983780
56984177
56984250
56984753
56984894
56984979
56985084
56985119
56985136
56985406
56985436
56985467
56985477
56985612
56985649
56985651
56985888
56985939
56986102
56986249
56986250
56986450
56986452
56986555
56986895
56986903
56987110
56987455
56987683
56987714
56987789
56987812
56987992
56988013
56988028
56988103
56988144
56988171
56988386
56988502
56988808
56989197
56989229
56989395
56989396
56989409
56989420
56989423
56989685
56989878
56989897
56989912
56989915
56989938
56990016
56990761
56990888
56991317
56991365
56991374
56991429
56991833
56991859
56992135
56992212
56992258
56992262
56992371
56992460
56992579
56992679
56992681
56993010
56993081
56993115
56993126
56993287
56993423
56993424
56993510
56993512
56993851
56993890
56994055
56994079
56994082
56994140
56994147
56994209
56994236
56994520
56994521
56994815
56994819
56994874
56994906
56994947
56995083
56995194
56995208
56995214
56996195
56996263
56996308
56996632
56996762
56997082
56997258
56997374
56997375
56997392
56997719
56997728
56997918
56997998
56998160
56998180
56998337
56998353
56998354
56998446
56998558
56998661
56998969
56999217
56999218
56999338
56999339
56999345
56999456
56999460
56999471
56999586
56b47586
57000116
57000418
57000577
57000591
57001003
57001528
57001543
57001548
57001565
57001951
57002399
57002410
57003137
57003163
57003183
57003267
57003268
57003275
57003317
57003386
57003388
57003434
57003706
57003724
57003832
57003834
57003858
57003904
57003909
57003933
57003961
57004272
57004640
57004934
57005056
57005106
57005127
57005664
57006024
57006187
57006387
57006586
57006744
57006899
57007078
57007190
57007477
57007539
57007698
57007704
57007917
57007945
57008188
57008511
57008782
57008801
57008892
57009150
57009268
57009278
57009444
57009464
57009549
57009561
57009594
57009608
57009644
57009715
57009785
57009909
57010146
57010324
57010416
57010500
57010721
57010787
57010970
57010976
57011109
57011137
57011239
57011278
57011357
57011430
57011465
57011532
57011615
57012115
57012372
57012384
57012558
57012559
57012576
57012740
57012991
57012998
57013300
57013310
57013352
57013556
57013574
57013639
57013810
57013903
57013922
57013923
57014417
57014634
57014819
57014934
57014993
57015059
57015639
57015694
57015815
57015845
57015870
57015910
57015911
57016233
57016563
57016623
57016733
57017006
57017143
57017375
57017393
57017399
57017627
57017631
57017793
57017855
57017863
57017934
57017965
57017969
57018256
57018258
57018775
57019003
57019012
57019051
57019094
57019222
57019494
57019622
57020001
57020497
57020664
57020882
57020891
57020933
57020939
57020969
57021256
57021286
57021374
57021540
57021568
57021596
57021650
57021661
57021766
57022173
57022350
57022367
57022520
57022685
57022790
57022898
57023070
57023094
57023107
57023207
57023266
57023309
57023723
57023727
57023768
57023829
57023843
57023867
57023870
57023920
57024157
57024296
57024318
57024412
57024784
57024809
57024819
57024892
57024900
57024919
57024927
57025169
57025330
57025331
57025532
57025975
57025986
57026011
57026149
57026654
57026892
57026907
57026969
57027413
57027435
57027831
57027833
57027870
57028461
57028467
57028780
57028809
57028819
57028821
57029086
57029380
57029409
57029449
57029676
57030061
57030067
57030141
57030267
57030270
57030367
57030382
57030717
57030722
57030735
57030835
57031030
57031114
57031362
57031432
57031442
57031637
57031696
57031713
57031717
57031974
57032306
57032683
57032990
57033307
57033692
57033777
57033788
57034390
57034533
57034534
57034852
57034868
57034999
57035005
57035019
57035096
57035114
57035188
57035424
57035492
57035493
57035506
57035620
57035670
57035692
57036029
57036033
57036889
57036938
57036969
57037043
57037128
57037369
57037385
57037460
57037461
57037482
57037621
57037792
57037863
57037867
57037918
57038227
57038241
57038242
57038563
57038565
57038597
57038699
57038706
57038864
57038876
57039192
57039442
57039480
57039591
57039876
57040039
57040200
57040307
57040363
57040437
57040523
57040971
57041045
57041253
57041362
57041559
57041716
57041741
57041747
57041909
57041920
57041977
57042314
57042344
57042348
57042588
57042700
57042745
57042899
57042900
57042919
57042928
57042948
57042998
57043001
57043190
57043207
57043220
57043237
57043462
57043597
57043631
57043652
57044028
57044076
57044484
57044489
570446
57045113
57045350
57045371
57045426
57045665
57045686
57046061
57046133
57046162
57046233
57046427
57046494
57046536
57046549
57046723
57046736
57046745
57046750
57046791
57046793
57046803
57046972
57046994
57047109
57047439
57047623
57047645
57047668
57047738
57048400
57048651
57048684
57048951
57048954
57048993
57049142
57049416
57049438
57049441
57049509
57049626
57049648
57049671
57049680
57049714
57050200
57050238
57050311
57050398
57050785
57050871
57051245
57051249
57051294
57051354
57051638
57051639
57051640
57051654
57051862
57052179
57052215
57052222
57052226
57052240
57052372
57052374
57052390
57052461
57052824
57052858
57052860
57052888
57052897
57052972
57053061
57053298
57053312
57053986
57054162
57054290
57054386
57054710
57054715
57054716
57054915
57055507
57055587
57055727
57055870
57055871
57056102
57056271
57056297
57056367
57056374
57056375
57056473
57056484
57056501
57056602
57056607
57056629
57056657
57056717
57056774
57057017
57057420
57057431
57057509
57057613
57057647
57057735
57057737
57057749
57057780
57057825
57058067
57058072
57058187
57058255
57058526
57058772
57058949
57058952
57059202
57059228
57059282
57059370
57059436
57059510
57059553
57059601
57059617
57059632
57059635
57059886
57059961
57060119
57060180
57060225
57060754
57060755
57060981
57060998
57061073
57061091
57061107
57061438
57061522
57061583
57061629
57061671
57061863
57061890
57062413
57062487
57062536
57062768
57063697
57063770
57063831
57064038
57064087
57064148
57064153
57064199
57064505
57064601
57064640
57064643
57064755
57064864
57064996
57065245
57065323
57065487
57065522
57065652
57065654
57065695
57065714
57065871
57065883
57066115
57066269
57066489
57066703
57066757
57066758
57066836
57066902
57067067
57067241
57067389
57067394
57067400
57067449
57067540
57067925
57067931
57067947
57067949
57067978
57068019
57068060
57068154
57068296
57068332
57068739
57068863
57068882
57069137
57069216
57069410
57069559
57070005
57070634
57070858
57071308
57071472
57071725
57071726
57071912
57072265
57072267
57072448
57072477
57072573
57072961
57073012
57073394
57073549
57073655
57073681
57073720
57073741
57074157
57074274
57074587
57074817
57075045
57075236
57075702
57076062
57076400
57076417
57076518
57077037
57077206
57077337
57077610
57077616
57077802
57078008
57078124
57078814
57078833
57078860
57078879
57078916
57078995
57079326
57079380
57079420
57079981
57080103
57080119
57080136
57080138
57080446
57080462
57080487
57080626
57080739
57080930
57081008
57081033
57081067
57081162
57081191
57081295
57081382
57081597
57081613
57081682
57081755
57081849
57082012
57082026
57082056
57082259
57082270
57082691
57082692
57082695
57083033
57083164
57083230
57083280
57083369
57083736
57083872
57083975
57083980
57084012
57084191
57084343
57084352
57084516
57084586
57084659
57084697
57084794
57084970
57085552
57086032
57086399
57086414
57086693
57086707
57086825
57086898
57086954
57086960
57087130
57087139
57087314
57087349
57087534
57087594
57087596
57087726
57088105
57088325
57088545
57088559
57089055
57089069
57089108
57089112
57089229
57089552
57089831
57089833
57089904
57089921
57090126
57090147
57090305
57090801
57090816
57091144
57091152
57091161
57091426
57091648
57091669
57091908
57092104
57092453
57092797
57092800
57092907
57092908
57092972
57092974
57093020
57093221
57093912
57094021
57094023
57094089
57094143
57094347
57094348
57094385
57094516
57094794
57094960
57094999
57095056
57095074
57095215
57095246
57095313
57095357
57095412
57095789
57095907
57096024
57096095
57096250
57096445
57096670
57096725
57096812
57096873
57096949
57097111
57097462
57097513
57097709
57097712
57097715
57097731
57097773
57097987
57098162
57098632
57098693
57098766
57098971
57098978
57098979
57098981
57099123
57099592
57099904
57099964
57099980
57099994
57100105
57100813
57100994
57101044
57101097
57101331
57101351
57101357
57101548
57101701
57102051
57102100
57102223
57102225
57102257
57102463
57102465
57102632
57102912
57103333
57103337
57103508
57103665
57103685
57103907
57103913
57104232
57104278
57104327
57104428
57104598
57104629
57104691
57104718
57104748
57105111
57105302
57105425
57105622
57106145
57106164
57106302
57106315
57106331
57106633
57107115
57107137
57107217
57107896
57108118
57108387
57108605
57108619
57108871
57108908
57108931
57109047
57109072
57109156
57109278
57109307
57109547
57109554
57109827
57109879
57109957
57110610
57110613
57111102
57111122
57111437
57111793
57111811
57112530
57112761
57112852
57113149
57113178
57113467
57113634
57113840
57113844
57113882
57114370
57114378
57114405
57114616
57114674
57114948
57115022
57115169
57115321
57115481
57115822
57116267
57116468
57116913
57117025
57117112
57117148
57117420
57117429
57117457
57117716
57117756
57118033
57118189
57118442
57118894
57119168
57119202
57119494
57119507
57119918
57119935
57119958
57119963
57119992
57119999
57120005
57120008
57120068
57120082
57120176
57120273
57120462
57120597
57120751
57120865
57121038
57121199
57121208
57121304
57121324
57121361
57121933
57122011
57122260
57122288
57122333
57122343
57122521
57122825
57122932
57122974
57123164
57123231
57123238
57123274
57123436
57123472
57123528
57123529
57123650
57123810
57123812
57123869
57124079
57124263
57124267
57124349
57124354
57124756
57124794
57124871
57124885
57124903
57125202
57125392
57125938
57125958
57125968
57126213
57126402
57126438
57126453
57126476
57126709
57126876
57126927
57126982
57127747
57128008
57128231
57128337
57128500
57128511
57128652
57128675
57128776
57129054
57129344
57129347
57129465
57129601
57129700
57129823
57129975
57130159
57130171
57130522
57130534
57130567
57130664
57130669
57130848
57130895
57130954
57131034
57131048
57131064
57131076
57131228
57131229
57131286
57131293
57131578
57131790
57131852
57131870
57131960
57132033
57132424
57132441
57132460
57132482
57132725
57132922
57132943
57133027
57133090
57133185
57133445
57133622
57133818
57134563
57134726
57134840
57134900
57134930
57135128
57135135
57135146
57135562
57135648
57135910
57135920
57136108
57136123
57136160
57136193
57136367
57136455
57136779
57136846
57137043
57137243
57137636
57137640
57137969
57138385
57138593
57138629
57138711
57138713
57138905
57139114
57139118
57139141
57139369
57139373
57139374
57139378
57139724
57139855
57140631
57140986
57141512
57141522
57141626
57141792
57141795
57142173
57142272
57142357
57142491
57142492
57142740
57142788
57142822
57142891
57143012
57143043
57143213
57143335
57143336
57143460
57143668
57143738
57144254
57144291
57144573
57144620
57144651
57144943
57144948
57145050
57145082
57145134
57145582
57145824
57146087
57146357
57146481
57146574
57146874
57146938
57146992
57147009
57147264
57148007
57148021
57148088
57148102
57148188
57148189
57148195
57148433
57148598
57148756
57148834
57149100
57149118
57149241
57149392
57149437
57149506
57149544
57149662
57149670
57149835
57149957
57150020
57150044
57150126
57150471
57150477
57150504
57150552
57150567
57150617
57150623
57150819
57151071
57151131
57151165
57151167
57151168
57151436
57151629
57151715
57151756
57151778
57151807
57151851
57152080
57152213
57152488
57152694
57152716
57152721
57152752
57152753
57152853
57152884
57153035
57153126
57153131
57153166
57153342
57153345
57153410
57153443
57153525
57153528
57153543
57153717
57153733
57153761
57153857
57153923
57153958
57154334
57154337
57154460
57154648
57154790
57155004
57155161
57155306
57155327
57155349
57155363
57155416
57155428
57155547
57155589
57155609
57155631
57155638
57155698
57155710
57155772
57155819
57155885
57156084
57156085
57156230
57156299
57156306
57156371
57156678
57156698
57156737
57156797
57156937
57157073
57157366
57157382
57157576
57157610
57157936
57157947
57157999
57158168
57158363
57158582
57158598
57158600
57158778
57158831
57158841
57158914
57159464
57159489
57159526
57159755
57160491
57160516
57160591
57160597
57160634
57160637
57160638
57160646
57160791
57160799
57160826
57161288
57161434
57161568
57161585
57161686
57161687
57161935
57161981
57162097
57162185
57162675
57162916
57163332
57163365
57163636
57163825
57164169
57164181
57164288
57164323
57164385
57164444
57164782
57164913
57165216
57165370
57165436
57165453
57165875
57166478
57166484
57166659
57166835
57167023
57167055
57167447
57167515
57167530
57167536
57167544
57167856
57168078
57168097
57168126
57168133
57168135
57168342
57168357
57168516
57168568
57168774
57168819
57168825
57168829
57168915
57168972
57168990
57169122
57169361
57169558
57169649
57169709
57169726
57169938
57170172
57170186
57170209
57170363
57170861
57171053
57171179
57171409
57171421
57171423
57171683
57171692
57171693
57171755
57171758
57171762
57171771
57171884
57171944
57171974
57172050
57172267
57172286
57172404
57172442
57172445
57172650
57172679
57172898
57172906
57172948
57173024
57173484
57173540
57173671
57173727
57173735
57173745
57174068
57174239
57174275
57174315
57174452
57174516
57174664
57174725
57174733
57174814
57174980
57175007
57175139
57175222
57175486
57175784
57176918
57176921
57177018
57177041
57177212
57177256
57177266
57177563
57177745
57177866
57177869
57177941
57178136
57178183
57178186
57178233
57178853
57178861
57178936
57178968
57179045
57179063
57179096
57179189
57179306
57179400
57179717
57179794
57179912
57179927
57180112
57180265
57180401
57180749
57180750
57181219
57181498
57181770
57181877
57181940
57182189
57182555
57182559
57182560
57182568
57182576
57182616
57182865
57183240
57183269
57183480
57183541
57183599
57183602
57183723
57183739
57183896
57183921
57183936
57183940
57183959
57184098
57184159
57184187
57184412
57184666
57184691
57184927
57185219
57185524
57185728
57185760
57185765
57185791
57186061
57186099
57186246
57186370
57186374
57186466
57186664
57186678
57186769
57186856
57187114
57187122
57187125
57187447
57187475
57187492
57187557
57187577
57187681
57187800
57187848
57187907
57187908
57188096
57188100
57188145
57188153
57188618
57189049
57189284
57189316
57189324
57189425
57189802
57189962
5719
57190056
57190070
57190610
57190688
57191022
57191398
57191401
57191445
57191463
57191477
57191609
57191613
57191848
57191887
57192004
57192137
57192138
57192400
57192412
57192423
57192465
57192466
57192479
57192583
57192599
57192615
57192898
57192978
57193039
57193128
57193197
57193203
57193524
57193793
57193807
57194163
57194466
57194544
57194552
57194710
57194803
57194846
57194882
57194976
57195339
57195431
57195483
57195556
57195645
57195703
57195730
57195732
57195806
57196062
57196158
57196366
57196375
57196729
57197062
57197359
57197923
57198121
57198488
57198497
57198510
57198645
57198829
57198996
57199220
57199347
57199369
57199404
57199415
57199543
57199789
57199824
57199897
57199905
57199947
57200129
57200164
57200185
57200449
57200668
57200673
57200710
57201136
57201235
57201247
57201254
57201640
57201665
57201695
57201776
57201871
57201873
57201960
57201963
57202294
57202453
57202503
57202520
57202584
57202841
57203185
57203346
57203741
57203748
57203878
57203933
57204124
57204516
57204554
57204865
57204884
57205103
57205109
57205227
57205233
57205734
57205810
57205816
57205831
57206127
57206346
57206859
57206941
57206995
57207177
57207229
57207626
57207682
57207719
57207721
57207752
57207982
57208356
57208437
57208803
57209009
57209197
57209258
57209682
57209688
57209707
57209712
57209761
57209844
57210114
57210198
57210300
57210483
57210530
57210572
57210637
57210809
57210868
57210960
57211011
57211210
57211217
57211299
57211389
57211551
57211597
57211636
57211649
57211814
57211834
57211857
57211920
57211934
57212090
57212207
57212209
57212212
57212291
57212423
57212501
57212528
57212828
57212985
57212989
57213038
57213057
57213062
57213349
57213429
57213571
57213919
57213937
57214135
57214138
57214239
57214369
57214666
57214824
57214842
57214916
57214954
57215067
57215454
57215458
57215837
57215838
57215872
57215876
57215877
57215930
57216088
57216142
57216336
57216393
57216404
57216748
57216767
57216769
57216793
57216950
57217640
57217723
57217725
57217817
57217973
57217991
57218119
57218350
57218363
57218492
57218616
57218737
57218762
57218795
57219192
57219281
57219343
57219429
57219444
57219455
57219875
57220284
57220318
57220490
57220833
57220973
57221059
57221402
57221409
57221429
57221508
57221525
57221530
57221730
57222257
57222312
57222313
57222335
57222614
57222807
57223030
57223135
57223138
57223197
57223437
57223479
57223630
57223651
57223691
57223964
57223965
57224172
57224186
57224219
57224287
57224288
57224381
57224409
57224432
57224533
57224677
57224846
57224847
57224891
57225042
57225096
57225148
57225197
57225541
57225548
57225645
57225741
57225756
57226011
57226083
57226088
57226262
57226266
57226276
57226314
57226538
57226561
57226584
57226593
57226608
57226624
57227053
57227108
57227117
57227124
57227144
57227149
57227354
57227589
57227803
57227826
57227827
57228296
57228369
57228542
57228596
57228823
57229015
57229123
57229293
57229572
57229575
57229589
57229590
57229592
57229624
57229708
57229730
57229845
57229897
57230024
57230038
57230064
57230066
57230325
57230361
57230464
57230842
57231088
57231419
57231426
57231427
57231474
57231602
57231675
57231817
57232148
57232406
57232412
57232459
57232590
57232612
57232815
57232849
57233245
57233549
57233550
57233562
57233575
57233592
57233626
57233821
57234157
57234272
57234276
57234913
57234916
57234933
57235161
57235280
57235374
57235615
57235669
57235745
57236376
57236928
57236966
57237226
57237456
57237457
57237744
57237792
57237935
57237959
57237983
57238022
57238060
57238305
57238306
57238377
57238727
57238904
57239095
57239367
57239420
57239491
57239848
57239931
57240298
57240353
57240379
57240787
57240931
57241065
57241123
57241235
57241405
57241460
57241897
57242115
57242307
57242321
57242346
57242347
57242537
57242568
57242616
57242899
57243007
57243068
57243207
57243242
57243267
57243910
57243934
57244300
57244346
57244479
57244482
57244557
57244758
57244814
57244835
57244867
57245060
57245066
57245083
57245190
57245243
57246240
57246244
57246456
57246477
57246523
57246579
57246618
57246712
57246751
57246894
57246945
57247033
57247067
57247232
57247543
57247723
57247876
57247908
57248005
57248243
57248343
57248465
57248470
57248497
57248735
57248892
57249162
57249430
57249482
57249667
57249672
57249751
57249777
57249797
57249816
57250039
57250224
57250500
57250525
57250535
57250713
57250722
57250733
57250990
57251108
57251112
57251589
57251635
57251645
57251893
57252100
57252105
57252458
57252486
57252659
57252682
57252991
57253047
57253565
57253566
57253744
57253921
57254346
57254424
57254634
57254886
57254941
57254992
57255059
57255065
57255338
57255543
57255837
57255994
57256001
57256117
57256289
57256318
57256323
57256416
57256831
57256910
57257073
57257522
57257866
57258034
57258038
57258139
57258145
57258212
57258314
57258317
57258696
57258764
57258955
57258957
57259188
57259195
57259548
57259887
57260235
57260887
57261107
57261151
57261446
57261818
57262537
57262602
57262630
57262633
57262653
57262883
57262919
57263143
57263244
57263309
57263402
57263614
57263644
57263892
57263910
57264333
57264617
57264956
57265231
57265403
57265485
57265631
57265633
57265668
57265889
57266033
57266550
57266845
57267298
57267353
57267644
57267733
57267735
57267752
57267849
57267884
57267938
57268599
57268765
57268940
57268966
57269030
57269103
57269118
57269253
57269286
57269417
57269557
57269588
57269637
57269638
57269650
57269907
57270149
57270242
57270333
57270415
57270867
57271009
57271107
57271129
57271167
57271239
57271453
57271588
57271673
57271804
57272213
57272306
57272354
57272507
57272720
57272850
57273074
57273094
57273346
57273372
57273443
57273515
57273523
57273654
57273734
57273744
57273756
57273831
57274272
57274557
57274703
57274707
57274784
57274822
57275302
57275309
57275388
57275458
57275501
57275862
57276037
57276043
57276054
57276192
57276194
57276607
57276943
57276944
57276952
57276974
57277002
57277217
57277306
57277356
57277378
57277542
57278302
57278426
57278476
57278480
57278494
57278855
57278906
57279448
57279450
57279451
57279571
57279664
57279728
57280024
57280204
57280247
57280912
57280998
57281003
57281017
57281091
57281528
57281699
57281834
57282112
57282267
57282268
57282435
57282438
57282654
57282660
57282703
57282714
57282716
57282727
57283131
57283327
57283411
57283593
57283595
57283609
57283612
57283650
57283927
57283952
57284170
57284234
57284383
57284543
57284625
57284853
57284989
57284999
57285071
57285120
57285227
57285284
57285404
57285437
57285533
57285537
57285693
57285930
57286062
57286126
57286166
57286304
57286623
57286665
57286807
57286859
57286863
57286868
572870
57287229
57287236
57287396
57287532
57287558
57287650
57287683
57287685
57287709
57287778
57287786
57287847
57287862
57287880
57287882
57288313
57288337
57288529
57289286
57289320
57289422
57289587
57289657
57289702
57289741
57289984
57289998
57290098
57290335
57290454
57290502
57290573
57290680
57290700
57290759
57291160
57291381
57291397
57291500
57291839
57291840
57291937
57291983
57292194
57292344
57292355
57292364
57293207
57293221
57293247
57293623
57293814
57294152
57294219
57294661
57294684
57294720
57294976
57295040
57295145
57295247
57295273
57295355
57295444
57295488
57295712
57295793
57295815
57295848
57295868
57295987
57296061
57296274
57296285
57296379
57296562
57296583
57296661
57297110
57297342
57297344
57297375
57297378
57297399
57297448
57297606
57297665
57297774
57297889
57297918
57297919
57298141
57298427
57298460
57298471
57298545
57298663
57298969
57299048
57299090
57299282
57299303
57299492
57299541
57299702
57299742
57299776
57300099
57300158
57300533
57300766
57300786
57301008
57301608
57301636
57301649
57301653
57301683
57301763
57301804
57301991
57302037
57302048
57302106
57302300
57302610
57302742
57303134
57303161
57303181
57303231
57303232
57303368
57303376
57303461
57303479
57303615
57303718
57303917
57304110
57304134
57304295
57304360
57304830
57304878
57304972
57305076
57305081
57305096
57305187
57305189
57305203
57305214
57305217
57305281
57305306
57305332
57305487
57305658
57305882
57305884
57306036
57306161
57306237
57306253
57306470
57306542
57306762
57306767
57306938
57306941
57307088
57307090
57307112
57307354
57307361
57307525
57307745
57307748
57307787
57307788
57307789
57307962
57308001
57308014
57308015
57308255
57308283
57308344
57308375
57308457
57308583
57308595
57308783
57308904
57308918
57308956
57309103
57309117
57309281
57309471
57309569
57309584
57310119
57310145
57310200
57310781
57310787
57310862
57311270
57311489
57311493
57311655
57311692
57311996
57312037
57312058
57312076
57312126
57312127
57312174
57312210
57312528
57312534
57312565
57312591
57312694
57312846
57313024
57313178
57313204
57313218
57313312
57313313
57313514
57313547
57313646
57313876
57313893
57313903
57314003
57314095
57314172
57314189
57314256
57314267
57314482
57314526
57314663
57315481
57315517
57315576
57315603
57315758
57315902
57316067
57316215
57316576
57316746
57317440
57317922
57317933
57317942
57317947
57318188
57318588
57318591
57318692
57318696
57318809
57319120
57319203
57319253
57319257
57319352
57319727
57320099
57320333
57320464
57321303
57321347
57321387
57321671
57321705
57321923
57321924
57322164
57322195
57322198
57322375
57322401
57322994
57323060
57323425
57323479
57323639
57323847
57324207
57324281
57324422
57324476
57324515
57324549
57324556
57324862
57324944
57325014
57325091
57325368
57325505
57325506
57325565
57325601
57325834
57325877
57325947
57325968
57326144
57326578
57326610
57326611
57326799
57326979
57327129
57327387
57327395
57327396
57327651
57327814
57327831
57328121
57328272
57328274
57328288
57328411
57328479
57328747
57328884
57328946
57329093
57329333
57329428
57330050
57330057
57330689
57330692
57331276
57331338
57331767
57331871
57332189
57332260
57332279
57332556
57332640
57332714
57332740
57332759
57332787
57332788
57332832
57332875
57332951
57332962
57332995
57333373
57333448
57333540
57333645
57333939
57333998
57334826
57334840
57335415
57335543
57335704
57335762
57335902
57335922
57336048
57336064
57336188
57336316
57336323
57336640
57336784
57336786
57336946
57337477
57337641
57338056
57338082
57338110
57338283
57338353
57338358
57338541
57338605
57338670
57338841
57338850
57338882
57338883
57338994
57339084
57339119
57339530
57339600
57339663
57339802
57339922
57340219
57340484
57340486
57340492
57340773
57340963
57341004
57341314
57341415
57341451
57341909
57342072
57342102
57342125
57342128
57342146
57342244
57342253
57342273
57342949
57343293
57343309
57343375
57343377
57343389
57343400
57343519
57343876
57343879
57343911
57343916
57344619
57344939
57344964
57345078
57345121
57345128
57345131
57345159
57345301
57345453
57347202
57347250
57347358
57347368
57347393
57347546
57347551
57347563
57347611
57347663
57347744
57347915
57347949
57347953
57347989
57347996
57348080
57348138
57348176
57348227
57348265
57348275
57348320
57348388
57348405
57348455
57348462
57348486
57348508
57348524
57348782
57348986
57349312
57349314
57349327
57349749
57349831
57349836
57349863
57349881
57349886
57349896
57349909
57349991
57350058
57350388
57350389
57350503
57350574
57351075
57351088
57351175
57351425
57351447
57351448
57351487
57351652
57351723
57351915
57351934
57352196
57352539
57352558
57352577
57352694
57352803
57352848
57352857
57352892
57352989
57353152
57353176
57353238
57353382
57353469
57354130
57354261
57354572
57354661
57354807
57354815
57355498
57355644
57355659
57355754
57355766
57355801
57356116
57356199
57356237
57356269
57356291
57356310
57356360
57356412
57356425
57356666
57356923
57357269
57357283
57357308
57357379
57357398
57357444
57357613
57358033
57358400
57358466
57359255
57359263
57359372
57359403
57359411
57359413
57359467
57359483
57359633
57359640
57359883
57359892
57360601
57360649
57360992
57361001
57361032
57361039
57361046
57361099
57361115
57361116
57361145
57361577
57361816
57361907
57361912
57362250
57362447
57362494
57362807
57362808
57362810
57362931
57362984
57363023
57363024
57363085
57363086
57363415
57363453
57363506
57363543
57363603
57363635
57363723
57363775
57364084
57364136
57364169
57364174
57364186
57364546
57364596
57364599
57364659
57364949
57365424
57366021
57366132
57366189
57366203
57366270
57366335
57366381
57366405
57367073
57367074
57367222
57367328
57367442
57367605
57367780
57368209
57368248
57368310
57368861
57369066
57369135
57369157
57369214
57369252
57369613
57369873
57369887
57369900
57369982
57370179
57370548
57370602
57370618
57370625
57370973
57371105
57371296
57371360
57371413
57371432
57371975
57372093
57372107
57372390
57372475
57372527
57372579
57373103
57373115
57373116
57373536
57373537
57373565
57373697
57373802
57373936
57374068
57374221
57374283
57374284
57374360
57374478
57374479
57374568
57375370
57375377
57375394
57375718
57375741
57376004
57376166
57376170
57376382
57376487
57376775
57376978
57377525
57377579
57377608
57377733
57377739
57377741
57377757
57377770
57377782
57377825
57378037
57378086
57378096
57378478
57378480
57378511
57378590
57378614
57378634
57378644
57379107
57379228
57379271
57379365
57379378
57379396
57379565
57379901
57380186
57380192
57380390
57380403
57380763
57380853
57381087
57381147
57381165
57381590
57381655
57381694
57382185
57382220
57382332
57382509
57382510
57382512
57383084
57383110
57383234
57383241
57383324
57383371
57383440
57383558
57383576
57383795
57383897
57383925
57384114
57384136
57384140
57384147
57384172
57384239
57384323
57384448
57384449
57384956
57385013
57385021
57385025
57385037
57385079
57385209
57385396
57385669
57385970
57386021
57386291
57386383
57386454
57386465
57386828
57386843
57387057
57387420
57387507
57387515
57387538
57387687
57387755
57387888
57388108
57388174
57388245
57388924
57388972
57389256
57389286
57389326
57389949
57390190
57390409
57390593
57390962
57390978
57391122
57391676
57391680
57391690
57391752
57391775
57391902
57391977
57392088
57392138
57392661
57392711
57392790
57392839
57392954
57393007
57393264
57393624
57393682
57393776
57393786
57393792
57394103
57394325
57394349
57394352
57394494
57394623
57394893
57394918
57394931
57394941
57395015
57395079
57395162
57395169
57395558
57395780
57395789
57396216
57396338
57396364
57396366
57396390
57396436
57396803
57397155
57397596
57397616
57397648
57397650
57397705
57397733
57397771
57397923
57397931
57397941
57397951
57398008
57398138
57398284
57398387
57398388
57398748
57398927
57398952
57399030
57399232
57399261
57399270
57399415
57399421
57399440
57399489
57399827
57399936
57399993
57400203
57400222
57400393
57400394
57400443
57400445
57400456
57400563
57400694
57400715
57400740
57400753
57401185
57401206
57401465
57401514
57401605
57401645
57402151
57402202
57402378
57402431
57402819
57402873
57402876
57403014
57403081
57404325
57404397
57404406
57404583
57404633
57404725
57404931
57404952
57405055
57405086
57405099
57405119
57405132
57405137
57405181
57405587
57405829
57405991
57406055
57406157
57406259
57406260
57406286
57406971
57407491
57407648
57407689
57407769
57408265
57408291
57408301
57408322
57408348
57408367
57408392
57408653
57408663
57408679
57408709
57408712
57408823
57408834
57409111
57409136
57409150
57409187
57409298
57409312
57409318
57409447
57409453
57409481
57409692
57409728
57409768
57409769
57410013
57410053
57410458
57410511
57410552
57410553
57411000
57411029
57411192
57411204
57411257
57411297
57411468
57411556
57412027
57412379
57412509
57412819
57412837
57412851
57412947
57413017
57413139
57413518
57413523
57413544
57413585
57413624
57413640
57413758
57413811
57413824
57413899
57414366
57414484
57414544
57414618
57414625
57415003
57415136
57415163
57415260
57415269
57415335
57415499
57415703
57415979
57416032
57416039
57416074
57416079
57416329
57416337
57416341
57416342
57416375
57416461
57416493
57416700
57416755
57417354
57417515
57417568
57417698
57417886
57417894
57417941
57418140
57418169
57418170
57418195
57418210
57418242
57418300
57418399
57418436
57418598
57418692
57418716
57418721
57418928
57419137
57419258
57419318
57419464
57419568
57419574
57419787
57419890
57419914
57419918
57419959
57419998
57420123
57420163
57420243
57420254
57420283
57420458
57420530
57420536
57420633
57420945
57420987
57420990
57421036
57421081
57421259
57421343
57421406
57421507
57421691
57421923
57422378
57422585
57422752
57422789
57422792
57422995
57423028
57423079
57423385
57423655
57423708
57423814
57423940
57424005
57424340
57424459
57424595
57424989
57425160
57425173
57425418
57425491
57425758
57425776
57426254
57426302
57426421
57426528
57426906
57427004
57427054
57427125
57427259
57427359
57427366
57427458
57427534
57427684
57427794
57427835
57427900
57428505
57428543
57428912
57428931
57429202
57429232
57429500
57429923
57429929
57430042
57430129
57430486
57430602
57430779
57430933
57431075
57431082
57431583
57431704
57432012
57432358
57432659
57432676
57432904
57432978
57433378
57433575
57433653
57433840
57433884
57433900
57433920
57433947
57433965
57434138
57434272
57434283
5743436c
57434590
57434630
57434761
57434823
57434844
57434885
57434970
57435275
57435622
57436255
57436372
57436530
57436718
57436827
57436901
57436987
57437010
57437423
57437441
57437500
57437560
57437795
57438317
57438371
57438659
57438678
57438693
57438787
57438898
57439001
57439185
57439206
57439212
57439429
57439490
57439501
57439544
57439701
57439703
57440273
57440374
57440386
57440637
57440642
57440643
57440726
57440811
57440899
57440917
57440960
57441066
57441258
57441382
57441435
57441756
57441826
57441862
57441896
57442155
57442506
57442645
57442698
57442852
57442935
57443056
57443057
57443090
57443477
57443557
57443572
57443590
57443600
57443601
57443608
57443706
57443728
57443756
57444256
57444485
57444694
57444837
57444855
57445051
57445262
57445787
57445887
57445899
57446292
57446708
57446750
57446918
57447314
57447343
57447366
57447385
57447388
57447573
57447620
57447742
57447977
57448012
57448098
57448158
57448212
57448432
57448551
57448571
57448660
57448665
57448728
57448893
57449002
57449053
57449066
57450282
57450291
57450340
57450348
57450352
57450374
57450385
57450389
57450406
57450417
57450714
57451135
57451200
57451342
57451345
57451390
57452107
57452124
57452280
57452361
57452485
57452751
57452755
57452761
57452812
57452922
57453045
57453086
57453119
57453162
57453613
57453635
57453748
57454166
57454257
57454397
57454427
57454563
57454653
57454712
57454848
57454897
57454984
57455066
57455560
57455689
57455809
57455900
57456032
57456063
57456258
57456289
57456338
57456561
57456569
57456740
57456760
57456981
57457260
57457825
57457998
57458548
57458742
57458994
57459071
57459079
57459415
57459653
57460029
57460167
57460186
57460187
57460188
57460337
57460474
57460492
57460604
57460663
57460898
57460947
57461030
57461185
57461215
57461563
57461668
57461679
57462231
57462246
57462276
57462278
57462284
57462492
57462533
57462601
57462636
57462765
57463011
57463103
57463186
57463191
57463226
57463260
57463355
57463429
57463613
57463848
57464060
57464444
57465083
57465277
57465282
57465427
57465691
57465727
57466038
57466159
57466342
57466372
57466386
57466480
57467058
57467099
57467167
57467193
57467284
57467382
57467820
57467985
57467994
57468047
57468138
57468322
57468346
57468437
57468638
57468664
57469218
57469221
57469496
57469885
57470512
57470695
57470858
57470871
57470893
57470956
57471173
57471471
57471533
57471674
57471695
57471712
57471904
57471969
57472003
57472007
57472139
57472169
57472350
57472596
57472748
57472908
57472928
57473121
57473175
57473205
57473432
57473479
57473536
57473583
57473598
57473753
57473793
57474015
57474142
57474178
57474193
57474300
57474550
57474587
57474849
57475214
57475644
57475656
57475667
57475714
57475782
57476085
57476331
57476537
57477267
57477271
57477553
57477851
57478129
57478139
57478302
57478326
57478422
57479216
57479239
57479530
57479594
57479720
57479821
57480104
57480211
57480297
57480333
57480357
57480559
57480681
57480701
57480966
57481080
57481112
57481195
57481277
57481546
57481782
57482055
57482103
57482178
57482282
57482589
57482592
57482758
57482883
57483019
57483065
57483090
57483180
57483183
57483187
57483204
57483252
57483270
57483278
57483459
57483571
57483969
57484117
57484353
57484425
57484477
57484680
57484821
57485008
57485031
57485332
57485691
57485861
57486041
57486043
57486046
57486081
57486170
57486364
57486394
57486398
57486709
57486719
57486846
57486888
57487110
57487320
57487372
57487602
57487715
57487731
57487737
57487989
57487998
57488078
57488087
57488144
57488148
57488177
57488269
57488306
57488325
57488375
57488547
57488878
57488941
57488991
57489111
57489143
57489158
57489215
57489695
57489890
57489915
57490052
57490756
57490825
57491113
57491342
57492027
57492415
57492487
57492673
57493312
57493335
57493422
57493487
57493489
57493630
57493687
57493740
57493753
57493779
57493818
57494032
57494147
57494186
57494192
57495197
57495205
57495471
57495521
57495548
57495611
57495672
57495786
57496273
57496385
57496422
57496501
57496513
57496535
57497199
57497330
57497444
57498418
57498853
57499307
57499465
57499853
57499885
57500008
57500093
57500162
57500711
57500761
57500901
57500924
57500941
57501330
57501347
57501411
57501606
57501758
57501848
57501953
57502003
57502122
57502489
57502934
57502960
57503391
57503466
57503586
57503689
57504107
57504261
57504278
57504394
57504738
57504745
57505155
57505195
57505199
57505406
57505426
57505514
57505519
57505694
57505981
57506005
57506156
57506321
57506381
57506426
57506490
57506675
57506776
57506945
57507226
57507504
57507529
57507665
57507686
57507820
57508189
57508232
57508234
57508239
57508454
57508529
57508777
57508779
57508910
57508957
57508970
57509137
57509147
57509197
57509471
57509592
57510192
57510268
57510389
57510493
57510505
57510512
57510800
57510948
57511184
57511193
57511298
57511345
57511350
57511480
57511513
57511916
57511989
57512189
57512272
57512336
57512382
57512475
57512494
57512505
57512640
57512693
57512700
57512722
57512787
57512956
57513031
57513056
57513091
57513120
57513129
57513184
57513255
57513313
57513395
57513404
57513414
57513490
57513575
57513750
57513884
57513954
57514002
57514038
57514277
57514279
57514341
57514391
57514397
57514407
57514422
57514680
57514753
57514931
57514940
57515041
57515053
57515152
57515237
57515265
57515329
57515363
57515395
57515552
57515774
57515821
57515906
57516017
57516027
57516035
57516100
57516222
57516301
57516843
57517004
57517059
57517077
57517090
57517151
57517246
57517345
57517555
57517670
57517951
57518324
57518404
57518412
57518670
57518720
57518855
57518871
57519191
57519425
57519683
57519879
57519942
57520032
57520125
57520190
57520215
57520218
57520223
57520311
57520538
57520601
57520988
57521860
57521865
57521894
57521932
57521978
57522064
57522120
57522136
57522137
57522221
57522240
57522281
57522370
57522871
57523092
57523266
57523280
57523369
57523985
57524258
57524277
57524538
57524547
57524708
57524747
57524768
57524789
57524852
57525017
57525029
57525235
57525294
57525296
57525361
57525370
57525563
57525682
57525725
57525753
57525781
57525890
57526079
57526770
57527019
57527234
57527357
57527415
57527478
57527649
57527680
57528209
57528266
57528350
57528519
57528778
57528825
57529323
57529436
57529437
57529771
57529846
57529867
57530441
57530449
57530522
57530640
57530667
57530706
57531010
57531076
57531090
57531299
57531639
57531663
57531698
57531722
57531906
57531923
57532135
57532219
57532483
57532621
57532684
57532693
57532784
57532874
57533159
57533235
57533435
57533854
57533891
57533892
57533893
57533906
57533932
57533986
57534061
57534313
57534325
57534327
57534723
57534788
57534829
57534918
57535109
57535296
57535370
57535541
57535642
57535705
57535714
57535728
57535809
57535868
57536084
57536223
57536647
57536670
57536839
57536932
57537199
57537237
57537320
57537365
57537641
57537702
57537709
57537730
57538131
57538327
57538554
57538572
57538707
57538770
57538792
57538821
57538826
57538839
57538881
57539242
57539367
57539470
57539907
57540225
57540237
57540249
57540252
57540359
57540592
57540667
57541002
57541087
57541208
57541441
57541713
57541927
57541953
57541984
57542286
57542363
57542400
57542404
57542547
57542585
57542799
57542823
57542824
57542825
57542893
57542945
57542966
57543021
57543023
57543038
57543046
57543054
57543159
57543182
57543434
57543475
57543488
57543622
57543870
57544067
57544481
57544482
57544497
57544503
57544556
57544611
57544850
57544856
57544859
57544863
57544915
57544935
57544966
57544967
57544968
57545118
57545239
57545310
57545388
57545586
57545617
57545652
57545672
57545682
57545816
57545821
57546184
57546372
57546402
57546428
57546521
57546767
57546772
57546853
57546884
57546915
57547147
57547149
57547562
57547695
57547744
57547777
57547943
57547950
57548005
57548029
57548167
57548215
57548443
57548608
57548625
57548726
57548917
57548947
57549089
57549133
57549333
57549398
57549622
57549837
57549855
57549863
57549866
57550025
57550127
57550352
57550388
57550714
57550824
57550839
57551066
57551157
57551476
57551577
57551603
57551828
57551984
57552238
57552280
57552518
57552526
57552665
57552688
57552780
57552990
57553099
57553196
57553348
57553588
57553645
57553699
57553768
57553776
57553848
57553883
57553904
57554002
57554048
57554240
57554250
57554255
57554283
57554323
57554577
57554771
57554828
57554839
57555039
57555136
57555409
57555710
57555744
57555881
57555889
57555981
57556092
57556176
57556274
57556286
57556543
57556742
57556783
57556793
57556813
57556839
57556908
57556964
57557026
57557190
57557250
57557461
57557464
57557474
57557633
57557759
57557831
57558056
57558142
57558292
57558318
57558334
57558360
57558379
57558389
57558576
57558632
57558637
57558854
57558874
57558877
57558927
57558956
57559012
57559095
57559132
57559217
57559240
57559447
57559623
57559646
57559744
57559748
57559803
57560021
57560031
57560414
57560574
57560729
57560773
57560868
57560869
57560916
57561106
57561135
57561193
57561610
57561616
57561745
57561776
57561926
57561941
57561966
57562017
57562107
57562174
57562202
57562207
57562232
57562329
57562578
57562616
57562871
57562903
57563160
57563173
57563267
57563273
57563294
57563396
57563483
57564117
57564359
57564365
57564567
57564697
57564827
57564860
57565289
57565402
57565498
57565991
57565998
57566019
57566073
57566106
57566115
57566128
57566133
57566165
57566197
57566223
57566231
57566237
57566269
57566291
57566332
57566334
57566342
57566350
57566367
57566385
57566393
57566398
57566529
57566530
57566625
57566719
57566861
57566875
57566896
57566911
57566979
57566992
57566994
57567312
57567500
57567557
57567559
57567600
57567608
57567829
57567847
57567848
57568153
57568399
57568408
57568422
57568448
57568486
57568491
57568492
57568525
57568570
57568602
57568797
57568926
57569064
57569093
57569178
57569187
57569227
57569301
57569512
57569618
57569641
57569860
57569913
57569935
57569964
57569975
57569976
57570063
57570194
57570263
57570269
57570348
57570416
57570535
57570620
57570763
57570950
57571066
57571398
57571501
57571588
57571647
57571648
57571652
57572351
57572450
57572453
57572479
57572628
57572662
57572846
57572982
57573010
57573025
57573147
57573613
57573667
57573771
57573834
57573881
57573941
57573964
57574019
57574097
57574339
57574429
57574482
57574652
57574659
57574917
57574999
57575009
57575088
57575227
57575412
57575542
57575754
57575782
57575797
57576080
57576107
57576116
57576147
57576201
57576260
57576273
57576319
57576601
57576633
57576882
57576925
57577121
57577234
57577274
57577319
57577596
57577894
57577928
57577992
57578235
57578553
57578717
57578809
57578888
57578952
57579190
57579320
57579486
57579563
57579578
57579600
57579609
57579661
57579667
57579682
57579701
57579890
57579927
57580007
57580172
57580199
57580240
57580245
57580531
57580569
57580647
57580664
57580687
57581082
57581250
57581298
57581432
57581506
57581515
57581533
57581720
57581744
57581812
57581992
57582052
57582055
57582154
57582230
57582253
57582372
57582437
57582439
57582528
57582551
57582588
57582658
57582959
57582963
57583018
57583038
57583071
57583156
57583159
57583251
57583404
57583447
57583460
57583645
57583674
57584092
57584193
57584335
57584380
57584392
57584570
57584875
57584911
57585350
57585430
57585900
57585913
57585946
57585959
57586048
57586255
57586318
57586580
57586655
57586727
57586750
57586776
57586792
57587073
57587076
57587270
57587547
57587688
57587820
57587949
57587963
57588061
57588105
57588159
57588192
57588294
57588297
57588298
57588583
57588667
57588712
57588719
57588773
57588787
57588911
57588994
57589047
57589054
57589226
57589315
57589321
57589633
57589837
57590033
57590069
57590106
57590232
57590495
57590591
57590945
57591186
57591192
57591280
57591321
57591663
57591699
57591708
57591911
57591918
57592021
57592025
57592656
57592670
57592685
57592698
57592714
57592746
57592968
57593004
57593107
57593427
57593452
57593639
57593867
57594223
57594238
57594532
57594564
57594975
57595070
57595292
57595305
57595450
57595470
57595506
57595514
57595593
57595602
57595669
57595760
57595856
57595928
57595937
57596124
57596199
57596225
57596234
57596461
57596487
57596519
57596533
57596604
57596802
57596811
57596896
57596911
57596920
57596982
57597003
57597004
57597006
57597487
57597557
57597567
57597568
57597569
57597699
57597808
57597953
57598376
57598642
57598749
57598762
57598818
57598823
57598831
57598846
57598867
57598887
57599206
57599324
57599346
57599391
57599479
57599530
57599548
57599667
57599678
57599751
57599796
57599923
57599937
57600143
57600230
57600232
57600245
57600253
57600259
57600464
57600488
57600499
57600585
57600624
57600825
57601196
57601204
57601244
57601251
57601274
57601391
57601586
57601634
57602050
57602109
57602144
57602582
57602649
57602716
57602723
57602787
57602998
57603053
57603097
57603101
57603217
57603309
57603327
57603534
57603947
57604008
57604077
57604097
57604158
57604260
57604502
57604565
57604819
57605032
57605052
57605253
57605268
57605516
57605573
57605709
57605728
57606037
57606178
57606265
57606326
57606371
57606379
57606384
57606587
57606670
57606724
57606725
57606806
57606881
57607003
57607054
57607306
57607307
57607390
57607420
57607451
57607802
57607864
57607870
57607895
57607984
57608030
57608068
57608165
57608236
57608240
57608491
57608526
57608529
57608598
57608644
57608769
57608955
57609048
57609136
57609235
57609297
57609515
57609591
57609633
57609985
57610026
57610126
57610163
57610193
57610215
57610230
57610350
57610381
57610587
57610764
57610881
57610948
57610984
57611222
57611396
57611406
57611431
57611645
57611671
57611834
57612085
57612266
57612567
57613040
57613293
57613310
57613372
57613419
57613422
57613722
57613895
57614284
57614460
57614465
57614473
57614711
57614728
57614763
57614765
57614766
57614800
57614803
57614804
57614805
57615059
57615225
57615402
57615503
57615551
57615552
57615585
57615616
57615617
57615650
57615755
57615917
57615958
57615987
57616050
57616091
57616145
57616258
57616317
57616334
57616352
57616380
57616387
57616441
57616492
57616502
57616545
57616547
57616571
57616846
57616914
57617001
57617012
57617592
57617645
57617673
57617755
57617856
57618149
57618202
57618662
57618872
57619225
57619239
57619367
57619565
57619723
57620105
57620127
57620211
57620342
57620387
57620418
57620459
57620580
57620669
57620806
57620936
57621157
57621285
57621394
57621585
57621595
57622202
57622272
57622315
57622423
57622426
57622439
57622466
57622552
57622572
57622616
57622683
57623019
57623458
57623496
57623505
57623525
57623726
57623775
57624328
57624536
57624555
57624633
57625062
57625219
57625285
57625305
57625345
57625463
57625526
57625629
57625689
57625754
57625842
57626054
57626308
57626437
57626465
57627068
57627129
57627315
57627730
57627813
57627843
57627916
57627991
57628057
57628161
57628165
57628386
57628452
57628584
57628687
57628721
57628725
57628773
57628883
57629033
57629288
57629331
57629337
57629384
57629406
57629481
57629831
57629857
57630013
57630630
57630688
57630764
57630845
57630901
57631002
57631006
57631064
57631126
57631203
57631295
57631510
57631630
57631633
57631634
57631636
57631743
57631769
57631791
57632088
57632126
57632140
57632177
57632207
57632419
57632668
57633038
57633086
57633127
57633236
57633372
57633413
57633558
57633596
57633690
57633761
57633935
57633944
57633990
57634116
57634179
57634185
57634272
57634332
57634365
57634561
57634642
57634678
57634883
57635092
57635308
57635335
57635399
57635471
57635514
57635515
57635523
57635683
57635717
57635983
57636030
57636232
57636291
57636372
57636413
57636648
57636663
57636695
57636793
57636856
57637078
57637158
57637293
57637537
57637783
57637864
57637878
57637952
57637956
57638171
57638308
57638316
57638366
57638628
57638664
57638713
57638875
57638886
57638922
57638935
57638936
57639187
57639238
57639384
57639566
57639656
57639774
57639802
57639849
57639850
57639996
57640016
57640060
57640384
57640541
57640783
57640791
57641051
57641168
57641582
57641697
57641848
57641893
57642057
57642060
57642168
57642197
57642349
57642562
57642617
57642776
57642797
57642841
57642847
57642863
57642898
57643002
57643037
57643162
57643294
57643304
57643306
57643314
57643489
57643699
57643803
57643822
57643888
57643959
57644286
57644327
57644348
57644482
57644491
57644577
57644659
57644934
57645053
57645130
57645563
57645750
57645792
57645924
57645926
57645931
57645935
57645937
57646179
57646376
57646421
57646484
57646515
57646621
57646727
57646942
57647271
57647296
57647513
57647526
57647723
57647910
57648269
57648291
57648436
57648901
57648982
57649125
57649184
57649237
57649486
57649625
57649627
57649658
57649927
57650029
57650096
57650163
57650211
57650491
57650493
57650662
57650784
57650891
57650983
57651249
57651271
57651369
57651710
57651922
57652503
57652935
57653174
57653191
57653445
57653478
57653499
57653553
57653555
57653588
57653624
57653631
57653642
57653942
57653950
57654145
57654331
57654398
57654459
57654524
57654580
57654595
57654631
57654754
57654841
57654954
57655339
57655402
57655432
57655443
57655463
57655493
57655613
57655780
57655855
57655882
57655896
57655904
57656033
57656118
57656146
57656368
57656459
57656479
57656543
57656571
57656663
57656665
57656755
57657117
57657264
57657453
57657710
57657736
57657772
57657856
57657890
57657912
57657946
57658036
57658217
57658263
57658298
57658341
57658410
57658528
57658529
57658530
57658531
57658536
57658539
57658555
57658913
57658950
57659116
57659151
57659220
57659228
57659263
57659307
57659335
57659396
57659441
57659529
57659790
57660029
57660277
57660531
57660583
57660792
57660957
57660972
57660998
57661020
57661048
57661193
57661279
57661441
57661469
57661520
57661592
57661628
57661741
57661764
57661790
57661914
57662275
57662347
57662917
57663422
57663558
57663628
57663950
57663965
57664298
57664376
57664429
57664463
57664521
57664603
57664806
57664847
57665036
57665097
57665374
57665498
57665669
57665784
57665793
57665844
57665962
57666372
57666539
57666583
57666614
57666708
57666736
57666793
57666845
57667209
57667211
57667274
57667522
57667676
57667938
57667977
57668056
57668124
57668178
57668224
57668302
57668336
57668440
57668884
57668885
57668938
57669130
57669229
57669268
57669354
57669429
57669550
57669599
57669769
57669820
57669837
57669844
57669916
57669945
57669995
57670057
57670215
57670358
57670371
57670586
57670632
57670757
57670806
57670879
57670913
57670998
57670999
57671013
57671112
57671174
57671211
57671236
57671581
57671734
57671747
57671753
57671785
57671804
57671902
57671952
57672081
57672119
57672137
57672286
57672287
57672348
57672592
57672661
57672662
57672794
57672844
57673131
57673172
57673369
57673466
57673514
57673566
57673706
57673721
57673770
57673839
57673890
57673917
57674084
57674099
57674200
57674224
57674471
57674620
57674632
57675052
57675089
57675125
57675141
57675236
57675285
57675395
57675416
57675831
57675871
57676128
57676304
57676348
57676466
57676644
57676722
57676761
57676955
57677220
57677328
57677405
57677460
57677625
57677631
57677929
57678152
57678175
57678286
57678306
57678512
57678629
57678631
57678718
57678736
57678737
57678756
57678793
57678851
57678993
57679001
57679016
57679083
57679157
57679166
57679191
57679204
57679213
57679226
57679246
57679266
57679403
57679741
57679859
57679887
57679954
57680079
57680145
57680283
57680425
57680448
57680474
57680816
57680820
57680898
57680974
57681025
57681126
57681263
57681334
57681359
57681420
57681427
57681527
57681600
57681674
57681675
57681856
57682067
57682379
57682398
57682570
57682730
57682794
57682904
57682914
57683100
57683192
57683230
57683379
57683432
57683439
57683502
57683630
57683703
57683705
57683738
57683765
57684361
57684451
57684492
57684510
57684512
57684523
57684539
57684730
57684736
57684816
57685180
57685207
57685430
57685552
57685574
57685650
57686013
57686016
57686084
57686204
57686500
57686660
57686736
57686795
57686907
57686935
57687012
57687056
57687059
57687068
57687249
57687265
57687443
57687491
57687493
57687615
57687681
57687783
57687785
57687968
57688267
57688281
57688370
57688389
57688392
57688478
57688599
57688676
57688684
57688800
57688926
57689028
57689162
57689181
57689235
57689238
57689354
57689389
57689408
57689703
57689725
57689728
57689730
57689752
57689913
57690183
57690370
57690433
57690779
57691402
57691410
57691495
57691509
57691709
57691925
57691929
57692016
57692318
57692346
57692408
57692534
57692622
57692626
57692989
57693004
57693043
57693190
57693227
57693534
57693548
57693857
57694123
57694214
57694308
57694437
57694571
57694692
57694735
57694909
57694991
57695036
57695062
57695120
57695130
57695159
57695175
57695418
57695553
57695664
57695727
57695764
57695773
57695780
57696503
57696736
57696973
57697037
57697105
57697189
57697349
57697673
57697683
57697812
57697824
57697880
57697919
57697922
57698112
57698363
57698418
57698658
57698674
57698958
57699135
57699367
57699462
57699499
57699683
57699891
57699963
57700001
57700119
57700343
57700349
57700613
57700615
57700626
57700639
57700662
57700679
57700775
57700809
57700940
57700976
57700988
57701023
57701192
57701280
57701446
57701920
57702041
57702118
57702119
57702120
57702221
57702236
57702237
57702299
57702398
57702496
57702529
57702576
57702601
57702728
57702841
57702887
57702904
57702964
57702965
57703017
57703081
57703200
57703403
57703483
57703567
57703686
57703725
57703779
57703956
57703975
57703998
57704033
57704110
57704136
57704148
57704354
57704470
57704741
57704748
57704779
57705036
57705133
57705232
57705352
57705472
57705639
57705706
57705709
57705751
57705841
57705890
57706005
57706124
57706125
57706152
57706208
57706364
57706428
57706732
57706735
57706860
57706920
57707241
57707283
57707289
57707294
57707349
57707396
57707435
57707465
57707572
57707573
57707664
57707939
57707995
57708108
57708272
57708307
57708366
57708459
57708568
57708594
57708697
57708772
57708877
57708886
57709056
57709130
57709148
57709258
57709332
57709343
57709550
57709628
57709652
57709672
57709915
57709942
57709949
57710168
57710246
57710249
57710301
57710306
57710307
57710346
57710422
57710453
57710499
57710778
57710856
57710891
57710913
57711139
57711171
57711397
57711417
57711609
57711699
57711742
57711743
57711858
57711874
57712027
57712044
57712076
57712171
57712185
57712194
57712219
57712405
57712817
57712818
57712861
57713143
57713186
57713293
57713313
57713583
57713715
57713768
57713891
57713909
57713910
57713917
57713938
57713947
57713969
57713972
57713979
57713994
57713998
57714002
57714003
57714008
57714009
57714010
57714013
57714037
57714041
57714042
57714044
57714060
57714063
57714068
57714077
57714126
57714147
57714176
57714215
57714221
57714223
57714232
57714384
57714385
57714415
57714419
57714546
57714674
57714693
57714722
57714745
57714751
57714897
57714941
57714988
57715007
57715098
57715125
57715262
57715275
57715311
57715347
57715350
57715360
57715400
57715418
57715489
57715512
57715517
57715582
57715623
57715682
57715744
57715934
57715947
57715977
57716105
57716372
57716421
57716773
57716774
57716801
57716829
57716840
57716954
57716960
57716961
57717222
57717334
57717401
57717434
57717556
57717811
57717952
57718102
57718125
57718209
57718393
57718470
57718737
57718749
57718872
57718927
57718974
57718983
57719184
57719235
57719285
57719304
57719425
57719430
57719481
57719577
57719729
57719755
57719818
57719944
57720067
57720452
57720533
57720543
57720637
57720856
57720989
57721071
57721219
57721262
57721267
57721289
57721298
57721325
57721345
57721368
57721382
57721463
57721624
57721639
57721757
57721884
57722072
57722089
57722341
57722420
57722450
57722495
57722513
57722578
57722596
57722614
57722616
57722631
57722634
57722660
57722862
57722981
57722993
57723038
57723055
57723114
57723178
57723238
57723250
57723585
57723612
57723645
57723702
57723716
57723743
57723785
57723796
57723804
57723856
57723888
57723971
57723984
57723993
57724005
57724018
57724092
57724182
57724220
57724237
57724238
57724248
57724257
57724531
57724639
57724880
57724903
57724913
57724916
57724917
57724938
57725548
57725644
57725654
57725705
57725714
57725874
57725918
57726557
57726805
57726815
57726956
57726985
57727218
57727439
57727505
57727545
57727582
57727595
57727647
57727676
57727822
57727893
57727902
57727989
57728124
57728181
57728305
57728421
57728543
57728701
57728713
57728795
57728821
57728944
57729074
57729141
57729154
57729394
57729411
57729485
57729538
57729540
57729595
57729725
57729767
57729863
57729865
57729891
57729924
57729961
57730010
57730013
57730037
57730099
57730443
57730542
57730544
57730546
57730570
57730627
57730676
57730870
57730919
57731035
57731134
57731206
57731634
57731700
57731704
57731739
57731827
57731905
57732077
57732147
57732161
57732195
57732241
57732447
57732460
57732567
57732648
57732830
57732859
57732903
57733043
57733173
57733178
57733317
57733383
57733397
57733398
57733422
57733427
57733431
57733446
57733447
57733457
57733496
57733516
57733519
57733565
57733570
57733601
57733642
57733830
57733906
57734052
57734100
57734145
57734271
57734465
57734654
57734741
57734899
57734999
57735065
57735203
57735252
57735356
57735585
57735833
57735930
57735984
57736251
57736308
57736404
57736445
57736454
57736561
57736838
57736863
57737138
57737164
57737219
57737269
57737515
57737540
57737864
57737878
57738006
57738018
57738119
57738176
57738355
57738513
57738519
57738612
57738613
57738633
57738637
57738638
57738663
57738677
57738714
57738808
57738848
57738851
57738906
57738936
57738985
57739044
57739097
57739206
57739316
57739317
57739341
57739477
57739489
57739497
57739552
57739566
57739604
57739621
57740014
57740310
57740326
57740449
57740615
57740649
57740740
57741348
57741517
57741563
57741571
57741665
57741682
57741805
57741903
57741963
57742049
57742062
57742133
57742401
57742466
57742745
57743077
57743094
57743096
57743123
57743214
57743336
57743346
57743420
57743602
57743639
57743693
57743696
57743706
57743719
57743908
57743998
57744030
57744171
57744316
57744619
57744703
57745387
57745593
57745681
57745799
57745816
57745990
57746029
57746131
57746526
57746559
57746673
57746682
57746706
57746711
57746720
57746738
57746938
57747023
57747047
57747133
57747134
57747337
57747471
57747495
57747653
57747711
57747718
57747726
57747728
57747745
57747831
57747842
57747850
57747902
57747998
57748098
57748173
57748217
57748219
57748259
57748267
57748292
57748314
57748465
57748506
57748518
57748546
57748571
57748628
57748662
57748894
57748902
57748945
57749116
57749214
57749217
57749370
57749602
57749946
57749958
5774ae06
57750020
57750021
57750243
57750299
57750486
57750572
57750588
57750715
57750813
57750878
57751303
57751322
57751432
57751689
57751865
57751954
57752035
57752113
57752125
57752135
57752240
57752338
57752342
57752359
57752517
57752563
57752613
57752892
57753163
57753207
57753497
57753914
57754025
57754030
57754049
57754597
57754635
57754747
57754814
57754836
57755136
57755182
57755239
57755403
57755437
57755504
57755740
57755753
57755879
57755881
57755980
57756042
57756057
57756167
57756172
57756184
57756197
57756296
57756326
57756357
57756383
57756477
57756580
57756636
57756914
57757017
57757067
57757367
57757471
57757658
57757683
57757700
57757802
57757876
57757905
57757950
57758115
57758128
57758273
57758414
57758538
57758957
57759126
57759312
57759352
57759375
57759407
57759877
57759889
57760269
57760448
57760539
57760558
57760745
57760785
57760820
57760866
57761016
57761037
57761056
57761171
57761178
57761192
57761306
57761367
57761510
57761560
57761575
57761699
57761727
57761795
57761878
57762070
57762072
57762187
57762304
57762308
57762568
57762570
57762582
57762635
57762789
57762877
57762893
57762923
57762951
57762967
57763035
57763148
57763407
57763506
57763609
57763673
57763707
57763750
57763776
57763868
57763912
57764149
57764860
57764862
57764888
57764891
57765081
57765104
57765352
57765365
57765468
57765485
57765558
57765600
57765707
57766069
57766231
57766277
57766392
57766436
57766619
57766641
57766808
57766841
57766870
57766885
57766924
57766941
57767040
57767184
57767234
57767390
57767410
57767489
57767517
57767588
57767603
57767636
57768061
57768163
57768182
57768501
57768571
57768641
57768755
57768798
57768860
57768919
57769419
57769439
57769694
57769749
57769895
57770128
57770203
57770249
57770271
57770286
57770523
57770633
57770785
57770908
57770909
57770976
57770988
57771003
57771009
57771020
57771028
57771038
57771066
57771260
57771369
57771422
57771789
57771930
57771942
57771946
57771957
57771972
57772083
57772096
57772287
57772351
57772370
57772444
57772520
57772545
57772547
57772597
57772632
57772881
57772939
57772981
57773184
57773187
57773302
57773479
57773494
57773518
57773631
57773991
57774137
57774140
57774285
57774373
57774417
57774501
57774509
57774600
57774723
57774783
57774784
57774855
57774946
57775109
57775163
57775178
57775234
57775263
57775434
57775448
57775511
57775525
57775587
57775630
57775760
57775818
57775841
57775861
57776168
57776184
57776366
57776383
57776630
57776765
57776864
57776900
57777007
57777025
57777053
57777065
57777136
57777157
57777178
57777258
57777259
57777260
57777359
57777461
57777463
57777569
57777658
57777684
57777779
57777908
57777916
57777996
57777998
57778042
57778142
57778191
57778303
57778309
57778468
57778487
57778567
57778646
57778767
57778783
57778936
57779019
57779063
57779067
57779081
57779094
57779136
57779153
57779155
57779185
57779200
57779331
57779349
57779408
57779464
57779477
57779543
57779661
57779672
57779779
57779788
57779854
57780196
57780216
57780252
57780377
57780839
57781189
57781331
57781530
57781713
57781776
57781779
57781787
57781924
57781969
57781970
57781975
57781990
57782172
57782339
57782449
57782536
57782537
57782542
57782556
57782592
57782714
57783048
57783110
57783173
57783195
57783202
57783268
57783271
57783292
57783420
57783429
57783438
57783828
57783972
57784121
57784156
57784266
57784367
57784396
57784459
57784525
57784565
57784624
57784708
57784721
57784919
57784982
57785164
57785307
57785338
57785359
57785404
57785648
57785719
57785743
57785791
57786041
57786089
57786091
57786205
57786283
57786630
57786705
57786857
57787082
57787181
57787182
57787184
57787466
57787471
57787536
57787627
57787687
57787689
57787937
57788065
57788102
57788180
57788283
57788344
57788363
57788494
57788498
57788764
57788851
57788877
57788912
57788974
57789042
57789045
57789306
57789363
57789373
57789491
57789549
57789627
57789649
57789914
57789919
57789998
57790109
57790190
57790195
57790210
57790223
57790259
57790281
57790392
57790566
57790832
57790915
57791018
57791106
57791152
57791156
57791260
57791262
57791283
57791368
57791377
57791450
57791560
57791568
57791725
57791730
57791736
57791766
57791784
57791840
57791879
57791927
57791940
57791943
57792017
57792129
57792187
57792189
57792298
57792490
57792498
57792730
57793015
57793181
57793194
57793235
57793434
57793716
57793888
57793937
57793940
57793951
57794078
57794268
57794285
57794683
57794684
57794686
57794704
57794719
57794767
57794780
57794797
57794806
57794967
57795014
57795079
57795245
57795451
57795491
57795639
57795913
57796024
57796050
57796059
57796096
57796211
57796295
57796379
57796427
57796485
57796489
57796537
57796558
57796609
57796668
57796700
57796718
57796734
57796843
57796850
57797196
57797210
57797213
57797229
57797661
57797783
57797802
57797816
57797941
57797942
57797943
57797959
57798119
57798175
57798259
57798564
57798718
57798779
57798862
57798884
57798926
57799049
57799051
57799087
57799128
57799193
57799292
57799310
57799640
57799759
57799815
57799904
57799912
57800314
57800346
57800923
57800942
57800943
57801014
57801017
57801063
57801215
57801219
57801230
57801231
57801249
57801424
57801441
57801558
57801769
57801856
57801882
57801883
57802015
57802034
57802072
57802074
57802114
57802116
57802327
57802400
57802495
57802520
57802609
57802727
57802807
57802953
57802986
57803137
57803319
57803333
57803372
57803383
57803463
57803500
57803585
57803649
57803990
57803996
57804071
57804110
57804205
57804251
57804335
57804339
57804503
57804576
57804577
57804628
57804774
57804794
57804923
57805034
57805309
57805368
57805730
57805750
57805770
57805774
57805822
57805923
57806002
57806150
57806204
57806388
57806474
57806479
57806537
57806800
57806830
57806900
57806920
57806950
57806970
57806974
57806994
57807051
57807069
57807104
57807178
57807218
57807236
57807301
57807302
57807515
57807654
57807712
57807801
57807989
57808026
57808098
57808101
57808526
57808943
57809005
57809250
57809412
57809603
57809750
57809775
57809905
57809931
57809974
57810079
57810150
57810191
57810296
57810312
57810334
57810372
57810390
57810395
57810470
57810530
57810626
57810718
57810746
57810838
57810970
57810980
57811061
57811169
57811206
57811268
57811284
57811505
57811518
57811535
57811764
57811794
57811824
57811880
57812112
57812151
57812265
57812277
57812301
57812421
57812442
57812568
57812613
57812716
57812787
57812789
57812795
57812853
57813150
57813219
57813274
57813343
57813454
57813473
57813560
57813585
57813646
57813660
57813661
57813686
57813835
57813851
57813965
57814023
57814050
57814099
57814150
57814214
57814254
57814314
57814423
57814455
57814498
57814550
57814593
57814648
57814669
57814696
57814735
57814758
57814850
57815011
57815144
57815442
57815531
57815609
57815627
57815687
57815755
57815798
57815804
57816029
57816060
57816088
57816153
57816231
57816285
57816288
57816303
57816306
57816392
57816582
57816700
57816748
57816773
57816877
57816884
57816910
57816944
57816958
57816970
57817122
57817252
57817276
57817371
57817459
57817595
57817624
57817626
57817798
57817819
57817853
57817896
57817899
57817958
57817969
57818040
57818069
57818346
57818372
57818551
57818576
57818670
57818717
57818819
57818913
57818968
57819115
57819130
57819362
57819502
57819624
57819659
57819705
57819895
57819974
57820050
57820203
57820275
57820280
57820320
57820333
57820365
57820512
57820534
57820675
57820716
57820718
57820751
57820874
57820920
57820963
57820969
57820971
57820994
57821020
57821185
57821221
57821231
57821235
57821239
57821299
57821380
57821407
57821408
57821419
57821510
57821521
57821639
57821641
57821776
57821848
57821868
57822000
57822029
57822080
57822085
57822260
57822275
57822497
57822653
57822662
57822725
57822886
57822890
57822915
57822916
57823037
57823043
57823221
57823424
57823452
57823460
57823501
57823503
57823540
57823560
57823573
57823602
57823695
57823705
57823871
57823919
57823989
57824165
57824297
57824520
57824542
57824723
57824759
57824991
57825117
57825135
57825192
57825220
57825265
57825361
57825374
57825456
57825485
57825658
57825664
57825797
57825845
57825876
57825916
57825933
57825977
57825978
57826086
57826129
57826218
57826354
57826361
57826390
57826603
57826672
57826807
57827029
57827119
57827214
57827230
57827233
57827267
57827284
57827369
57827406
57827421
57827443
57827454
57827478
57827553
57827564
57827612
57827872
57827928
57827930
57827960
57827988
57828193
57828296
57828308
57828377
57828403
57828545
57828664
57828822
57828828
57828976
57829003
57829063
57829153
57829186
57829197
57829259
57829343
57829411
57829607
57829668
57829669
57829724
57829900
57829932
57829950
57830036
57830120
57830122
57830147
57830339
57830454
57830461
57830503
57830517
57830535
57830553
57830587
57830667
57830988
57831018
57831069
57831096
57831160
57831163
57831202
57831216
57831235
57831301
57831432
57831593
57831712
57831846
57831922
57831946
57832047
57832129
57832233
57832428
57832448
57832503
57832530
57832594
57832771
57833065
57833076
57833124
57833234
57833235
57833284
57833381
57833382
57833447
57833503
57833584
57833805
57833861
57833881
57833949
57833953
57833957
57834253
57834271
57834387
57834412
57834606
57834620
57834630
57834768
57834793
57834846
57834921
57835026
57835046
57835233
57835268
57835271
57835292
57835337
57835345
57835346
57835384
57835402
57835409
57835438
57835439
57835440
57835459
57835544
57835561
57835688
57835708
57835831
57835883
57835911
57835959
57836035
57836096
57836207
57836215
57836327
57836453
57836468
57836496
57836594
57836700
57836762
57836989
57837064
57837085
57837092
57837115
57837129
57837164
57837168
57837252
57837253
57837255
57837256
57837257
57837258
57837259
57837260
57837261
57837475
57837510
57837584
57837755
57837802
57837807
57837936
57837977
57838077
57838400
57838438
57838514
57838624
57838747
57838898
57839021
57839037
57839068
57839078
57839171
57839286
57839304
57839362
57839485
57839487
57839498
57839511
57839574
57839729
57839919
57839961
57839991
57840069
57840121
57840140
57840308
57840379
57840409
57840410
57840411
57840503
57840534
57840564
57840568
57840600
57840667
57840807
57840834
57841038
57841057
57841085
57841160
57841183
57841192
57841200
57841300
57841324
57841354
57841417
57841592
57841666
57841743
57841765
57841924
57841938
57842021
57842068
57842125
57842210
57842345
57842383
57842385
57842386
57842687
57842707
57842752
57842782
57842848
57843012
57843015
57843020
578431
57843199
57843301
57843346
57843493
57843543
57843872
57843932
57844061
57844083
57844145
57844168
57844261
57844289
57844303
57844399
57844458
57844536
57844572
57844632
57844633
57844634
57844660
57844663
57844673
57844704
57844709
57844850
57844864
57845184
57845267
57845322
57845420
57845956
57846015
57846033
57846108
57846321
57846442
57846487
57846515
57846628
57846644
57846699
57846831
57846995
57847051
57847059
57847187
57847239
57847327
57847367
57847525
57847572
57847662
57847666
57847811
57847894
57847996
57848067
57848126
57848135
57848202
57848269
57848376
57848835
57848895
57848903
57849277
57849278
57849363
57849374
57849437
57849491
57849596
57849615
57849638
57849665
57849707
57849747
57850109
57850141
57850372
57850395
57850403
57850464
57850510
57850525
57850891
57850950
57850951
57851020
57851062
57851066
57851180
57851181
57851183
57851207
57851379
57851416
57851509
57851667
57851801
57851806
57852042
57852055
57852071
57852076
57852110
57852113
57852182
57852371
57852500
57852571
57852683
57852722
57852775
57853293
57853294
57853309
57853313
57853390
57853439
57853481
57853540
57853572
57853580
57853620
57853639
57853723
57853755
57853843
57853852
57854059
57854100
57854184
57854189
57854220
57854267
57854305
57854476
57854491
57854552
57854744
57854800
57855070
57855194
57855500
57855511
57855546
57855589
57855592
57855700
57855701
57855730
57855778
57855779
57855826
57855892
57855894
57855903
57856019
57856089
57856114
57856366
57856430
57856442
57856520
57856552
57856617
57856618
57856657
57856796
57856851
57856881
57856973
57857137
57857212
57857470
57857538
57857580
57857646
57857882
57857916
57857995
57858147
57858177
57858376
57858379
57858481
57858529
57858629
57858741
57858742
57858785
57858812
57858874
57858930
57859013
57859109
57859161
57859268
57859408
57859457
57859468
57859478
57859525
57859527
57859706
57859768
57859809
57859810
57859893
57859899
57859900
57860120
57860132
57860146
57860183
57860218
57860222
57860474
57860485
57860767
57860783
57860817
57860876
57861247
57861335
57861352
57861360
57861392
57861408
57861621
57862341
57862402
57862528
57862543
57862678
57862744
57862773
57862793
57862839
57862850
57862877
57862944
57863015
57863024
57863031
57863068
57863183
57863213
57863238
57863274
57863287
57863340
57863363
57863546
57863572
57863576
57863630
57863656
57863699
57863706
57863733
57863757
57863761
57863823
57863929
57863969
57864059
57864074
57864158
57864394
57864479
57864497
57864501
57864602
57864621
57864666
57864707
57864759
57864913
57864924
57864964
57865208
57865327
57865367
57865405
57865616
57865666
57865703
57865734
57865753
57865758
57865921
57865937
57866042
57866047
57866175
57866276
57866277
57866286
57866312
57866341
57866354
57866364
57866490
57866526
57866602
57866764
57866771
57866794
57866876
57866944
57867003
57867047
57867073
57867105
57867355
57867473
57867504
57867572
57867712
57867737
57867800
57867918
57867949
57867952
57868052
57868054
57868057
57868151
57868235
57868324
57868408
57868435
57868629
57868668
57868811
57868845
57868851
57868860
57869032
57869072
57869190
57869315
57869415
57869416
57869469
57869490
57869503
57869648
57869748
57869969
57869971
57870013
57870040
57870147
57870264
57871025
57871295
57871518
57871555
57871559
57871637
57871917
57872037
57872049
57872174
57872248
57872271
57872360
57872422
57872549
57872665
57872775
57872800
57872955
57872956
57873021
57873047
57873388
57873525
57873594
57873871
57873910
57873932
57874007
57874069
57874216
57874218
57874252
57874267
57874488
57874537
57874557
57874573
57874750
57874752
57874903
57874940
57875032
57875038
57875043
57875044
57875061
57875099
57875156
57875267
57875380
57875396
57875444
57875501
57875615
57875755
57876119
57876120
57876122
57876123
57876146
57876288
57876389
57876405
57876410
57876631
57876709
57876721
57876880
57876901
57876920
57876963
57877101
57877103
57877273
57877281
57877514
57877589
57877621
57877622
57877623
57877625
57877677
57877679
57877692
57877825
57877833
57877836
57877864
57877968
57878016
57878036
57878169
57878220
57878296
57878341
57878343
57878827
57878988
57879065
57879083
57879121
57879365
57879403
57879429
57879557
57879564
57879589
57879631
57879649
57879663
57879677
57879755
57879804
57880066
57880117
57880138
57880153
57880171
57880195
57880234
57880325
57880332
57880411
57880485
57880586
57880587
57880875
57881010
57881093
57881096
57881113
57881207
57881226
57881234
57881340
57881387
57881483
57881509
57881534
57881564
57881608
57881648
57881657
57881736
57881746
57881830
57881994
57882160
57882185
57882224
57882258
57882349
57882373
57882560
57882580
57882596
57882709
57882721
57882726
57882787
57882815
57882833
57883059
57883092
57883241
57883348
57883460
57883464
57883521
57883564
57883789
57883837
57883842
57883998
57884008
57884020
57884025
57884501
57884673
57884691
57884817
57884830
57884849
57884853
57884875
57884934
57884978
57885023
57885061
57885116
57885117
57885143
57885181
57885244
57885251
57885496
57885517
57885631
57885852
57885854
57885915
57885988
57886217
57886219
57886292
57886354
57886363
57886508
57886511
57886518
57886539
57886685
57886701
57886736
57886867
57886886
57886917
57887060
57887228
57887247
57887301
57887337
57887492
57887723
57887724
57887818
57887908
57887966
57887968
57888019
57888132
57888148
57888149
57888183
57888189
57888208
57888223
57888240
57888396
57888422
57888490
57888639
57888960
57888962
57889025
57889029
57889086
57889155
57889156
57889274
57889352
57889354
57889376
57889381
57889423
57889462
57889484
57889547
57889612
57889718
57889830
57889849
57889939
57890136
57890168
57890174
57890197
57890226
57890386
57890461
57890683
57890733
57890819
57890964
57891044
57891260
57891369
57891415
57891728
57891816
57891818
57891861
57892045
57892072
57892150
57892160
57892189
57892305
57892306
57892336
57892438
57892515
57892544
57892692
57892715
57892806
57892844
57892879
57892978
57893080
57893149
57893587
57894033
57894073
57894108
57894228
57894332
57894407
57894408
57894409
57894443
57894569
57894694
57894696
57894832
57894838
57894906
57895264
57895559
57895651
57895977
57896004
57896032
57896111
57896124
57896176
57896287
57896310
57896368
57896576
57896608
57896667
57896751
57896758
57896824
57896857
57896893
57896895
57896953
57896973
57897274
57897378
57897445
57897587
57897594
57897658
57897840
57897943
57897948
57897961
57898167
57898168
57898252
57898269
57898385
57898529
57898683
57898757
57898854
57898877
57898913
57898979
57899035
57899037
57899206
57899371
57899377
57899505
57899525
57899533
57899578
57899589
57899748
57899788
57899814
57899819
57899821
57899828
57899835
57899869
57899908
57900013
57900034
57900112
57900184
57900406
57900410
57900465
57900587
57900627
57900640
57900656
57900714
57900903
57900915
57900924
57901011
57901247
57901486
57901525
57901551
57901558
57901656
57901677
57901806
57901864
57901883
57901890
57901908
57901920
57902045
57902106
57902127
57902200
57902204
57902210
57902219
57902231
57902269
57902305
57902501
57902523
57902717
57902754
57902846
57902995
57903024
57903146
57903331
57903353
57903366
57903450
57903461
57903484
57903511
57903650
57903672
57903943
57904000
57904034
57904085
57904129
57904159
57904220
57904243
57904328
57904343
57904384
57904431
57904545
57904596
57904628
57904630
57904708
57904724
57904725
57904856
57904865
57904981
57904983
57904988
57905018
57905126
57905128
57905157
57905199
57905297
57905299
57905304
57905356
57905439
57905773
57906180
57906189
57906233
57906243
57906310
57906342
57906391
57906477
57906703
57906857
57906944
57907049
57907064
57907092
57907097
57907116
57907226
57907279
57907416
57907449
57907452
57907575
57907586
57907739
57907776
57907873
57907925
57908000
57908047
57908133
57908216
57908299
57908400
57908463
57908465
57908495
57908503
57908535
57908540
57908675
57908692
57908833
57908866
57908880
57908881
57908924
57908954
57909023
57909062
57909160
57909238
57909323
57909474
57909514
57909758
57909899
57909919
57909922
57909946
57910007
57910094
57910120
57910156
57910178
57910229
57910237
57910299
57910320
57910363
57910408
57910463
57910483
57910602
57910619
57910631
57910704
57910828
57910887
57910992
57911027
57911051
57911132
57911136
57911341
57911352
57911362
57911404
57911407
57911623
57911667
57911711
57911807
57911810
57911815
57911834
57911987
57912026
57912030
57912036
57912075
57912171
57912178
57912179
57912403
57912457
57912693
57912725
57912729
57912731
57912793
57912802
57913039
57913042
57913049
57913050
57913264
57913335
57913341
57913478
57913532
57913534
57913620
57913880
57913967
57914022
57914037
57914078
57914148
57914297
57914476
57914522
57914557
57914611
57914665
57914674
57914741
57914781
57914797
57914829
57914833
57914864
57914935
57914956
57914970
57915001
57915024
57915081
57915139
57915214
57915397
57915408
57915587
57915651
57915719
57915795
57915825
57915852
57915915
57916010
57916020
57916060
57916174
57916183
57916231
57916295
57916344
57916364
57916489
57916498
57916642
57916683
57916715
57916720
57916796
57916799
57916881
57916906
57916976
57916986
57917010
57917177
57917247
57917400
57917506
57917530
57917618
57917619
57917627
57917824
57917853
57917868
57917922
57917929
57918209
57918238
57918361
57918405
57918474
57918531
57918581
57918628
57918703
57918797
57918855
57918924
57919037
57919081
57919299
57919406
57919419
57919710
57919797
57919856
57919864
57919939
57920023
57920025
57920130
57920134
57920151
57920181
57920272
57920445
57920453
57920471
57920529
57920530
57920547
57920599
57920641
57920658
57920683
57920705
57920726
57920728
57920776
57920807
57920868
57921018
57921033
57921061
57921068
57921082
57921098
57921184
57921221
57921284
57921343
57921365
57921435
57921785
57921801
57921808
57921824
57921851
57921866
57921981
57922005
57922049
57922083
57922138
57922226
57922230
57922319
57922351
57922485
57922862
57922863
57922913
57922954
57923058
57923098
57923128
57923354
57923375
57923432
57923705
57923775
57923913
57923938
57923950
57924063
57924179
57924456
57924543
57924628
57924690
57924939
57924963
57925110
57925154
57925235
57925460
57925480
57925520
57925615
57925616
57925667
57925758
57925887
57925900
57925917
57925955
57925996
57926004
57926039
57926058
57926111
57926140
57926188
57926255
57926347
57926358
57926385
57926425
57926476
57926485
57926502
57926553
57926616
57926635
57926642
57926678
57926801
57926825
57926856
57927108
57927345
57927356
57927358
57927377
57927425
57927495
57927512
57927530
57927568
57927731
57927761
57927826
57927827
57927842
57927853
57927900
57927913
57927992
57928205
57928216
57928249
57928275
57928334
57928417
57928436
57928624
57928902
57928971
57929033
57929127
57929187
57929193
57929196
57929226
57929529
57929590
57929594
57929627
57929637
57929650
57929763
57929826
57929931
57930032
57930278
57930374
57930453
57930454
57930474
57930502
57930511
57930546
57930563
57930593
57930885
57930886
57931070
57931349
57931517
57931617
57931620
57931650
57931667
57931782
57931785
57931806
57931814
57931936
57931952
57932213
57932259
57932283
57932351
57932360
57932361
57932471
57932540
57932595
57932622
57932699
57932759
57932795
57932910
57932967
57933065
57933108
57933111
57933132
57933242
57933398
57933490
57933492
57933530
57933643
57933663
57933773
57933818
57933874
57933940
57934003
57934109
57934194
57934304
57934446
57934454
57934518
57934771
57934806
57934865
57934876
57935018
57935033
57935471
57935536
57935577
57935642
57935659
57935708
57935720
57935922
57936129
57936146
57936191
57936194
57936264
57936391
57936438
57936496
57936501
57936537
57936736
57936815
57936963
57936996
57937025
57937063
57937170
57937218
57937247
57937256
57937428
57937570
57937598
57937724
57937779
57938012
57938164
57938203
57938228
57938292
57938365
57938389
57938452
57938477
57938511
57938515
57938531
57938668
57938720
57938778
57938857
57938898
57939080
57939081
57939218
57939243
57939322
57939545
57939568
57939805
57939807
57939857
57939884
57939972
57940003
57940189
57940304
57940571
57940622
57940624
57940671
57940708
57940984
57940988
57941000
57941031
57941147
57941165
57941182
57941192
57941257
57941301
57941533
57941602
57941618
57941642
57941675
57941680
57941700
57941714
57941719
57941889
57941972
57942082
57942125
57942177
57942204
57942282
57942317
57942394
57942427
57942747
57942822
57942872
57942934
57943077
57943102
57943106
57943113
57943134
57943196
57943379
57943382
57943419
57943443
57943537
57943556
57943746
57943770
57943912
57943915
57944101
57944169
57944279
57944282
57944334
57944510
57944651
57944665
57944686
57944731
57944769
57944770
57944867
57945035
57945076
57945112
57945451
57945763
57945799
57945837
57945867
57945893
57945937
57946049
57946054
57946101
57946174
57946181
57946467
57946530
57946546
57946567
57946689
57946704
57946706
57946905
57946948
57946958
57947153
57947384
57947414
57947429
57947483
57947553
57947574
57947586
57947645
57947814
57947858
57947871
57947889
57948101
57948183
57948226
57948346
57948463
57948539
57948696
57948772
57948799
57948817
57948956
57948969
57948992
57949131
57949133
57949151
57949193
57949373
57949400
57949414
57949553
57949596
57949753
57949816
57949853
57950075
57950148
57950178
57950220
57950269
57950278
57950365
57950514
57950572
57950739
57950773
57950827
57950857
57950949
57950974
57951013
57951022
57951056
57951059
57951100
57951264
57951298
57951325
57951349
57951398
57951414
57951421
57951463
57951718
57951890
57951949
57952065
57952085
57952129
57952158
57952175
57952289
57952318
57952353
57952461
57952558
57952605
57952616
57952631
57952801
57952846
57952860
57952892
57952918
57952944
57952983
57953000
57953001
57953173
57953257
57953354
57953628
57953972
57954013
57954211
57954229
57954287
57954434
57954645
57954680
57954880
57954896
57955055
57955081
57955163
57955227
57955256
57955361
57955371
57955397
57955402
57955432
57955508
57955511
57955573
57955643
57955787
57955837
57955961
57956206
57956303
57956326
57956348
57956411
57956662
57956700
57956715
57956833
57956879
57956916
57957047
57957058
57957289
57957299
57957369
57957389
57957400
57957452
57957480
57957494
57957501
57957565
57957573
57957584
57957617
57957664
57957756
57957784
57957791
57958091
57958098
57958133
57958426
57958441
57958521
57958554
57958651
57958653
57958716
57958768
57958785
57958788
57958833
57958871
57958958
57959034
57959102
57959240
57959323
57959380
57959485
57959530
57959601
57959668
57959855
57959929
57959959
57960067
57960138
57960152
57960185
57960246
57960391
57960423
57960475
57960615
57960755
57960942
57960964
57961004
57961048
57961131
57961330
57961367
57961463
57961479
57961537
57961681
57961805
57962174
57962281
57962285
57962329
57962392
57962400
57962405
57962526
57962559
57962713
57962856
57963571
57963663
57963725
57963726
57963730
57963777
57963810
57963818
57963829
57963983
57964051
57964101
57964192
57964270
57964535
57964554
57964555
57964674
57964752
57965036
57965127
57965137
57965244
57965436
57965468
57965787
57965864
57965909
57965927
57966558
57966735
57966943
57966950
57967021
57967269
57967285
57967334
57967716
57968159
57968321
57968416
57968674
57968740
57968867
57968908
57968971
57968973
57968990
57969085
57969294
57969316
57969384
57969419
57969504
57969675
57969800
57969949
57969965
57969990
57969991
57970009
57970042
57970108
57970136
57970150
57970155
57970241
57970255
57970332
57970349
57970366
57970646
57970710
57970720
57970770
57970885
57970950
57970958
57971357
57971366
57971641
57971680
57971734
57971775
57971863
57971912
57971926
57972153
57972154
57972401
57972410
57972498
57972599
57972606
57972639
57972924
57973082
57973262
57973285
57973580
57973594
57973665
57973684
57973734
57973789
57973909
57974024
57974028
57974141
57974594
57974699
57974703
57974822
57974855
57974963
57975066
57975086
57975106
57975113
57975157
57975435
57975749
57975759
57975941
57976116
57976198
57976336
57976351
57976448
57976581
57976755
57976906
57976936
57977070
57977083
57977145
57977206
57977221
57977332
57977411
57977651
57977757
57977772
57977816
57977923
57978243
57978323
57978394
57978451
57978472
57978566
57978708
57978718
57978960
57979053
57979254
57979292
57979311
57979354
57979387
57979468
57979550
57979582
57979676
57979863
57979900
57979922
57980082
57980105
57980419
57980559
57980572
57980642
57980644
57981099
57981108
57981215
57981219
57981246
57981294
57981389
57981398
57981470
57981533
57981704
57981881
57981896
57981904
57981910
57982193
57982274
57982289
57982355
57982439
57982560
57982576
57982642
57982672
57982687
57982763
57982783
57982820
57982936
57982987
57983079
57983120
57983143
57983205
57983214
57983216
57983242
57983321
57983376
57983445
57983458
57983466
57983516
57983562
57983588
57983601
57983619
57983704
57983881
57983893
57983972
57984001
57984005
57984006
57984007
57984019
57984047
57984104
57984351
57984359
57984369
57984378
57984625
57984759
57984797
57984913
57984918
57984937
57984966
57984977
57985070
57985133
57985155
57985209
57985278
57985379
57985426
57985449
57985560
57985563
57985642
57985812
57986023
57986207
57986210
57986223
57986250
57986251
57986254
57986301
57986357
57986439
57986673
57986798
57986820
57986830
57986842
57986922
57986963
57987117
57987209
57987227
57987236
57987302
57987331
57987377
57987416
57987466
57987731
57987897
57987906
57987965
57988040
57988067
57988097
57988112
57988154
57988329
57988387
57988422
57988486
57988511
57988702
57988836
57988861
57988874
57988905
57988944
57989039
57989088
57989203
57989232
57989262
57989338
57989371
57989402
57989445
57989577
57989668
57989673
57989716
57989781
57989876
57989952
57990022
57990047
57990080
57990135
57990167
57990267
57990461
57990744
57990753
57990815
57990983
57990988
57991046
57991071
57991114
57991124
57991135
57991138
57991204
57991262
57991292
57991307
57991339
57991348
57991398
57991410
57991626
57991634
57991638
57991704
57991739
57991822
57991894
57992003
57992090
57992233
57992282
57992392
57992575
57992588
57992601
57992637
57992714
57992753
57992779
57992828
57993265
57993295
57993348
57993400
57993501
57993512
57993541
57993554
57993641
57993676
57993708
57993824
57993876
57993880
57994173
57994243
57994244
57994334
57994367
57994446
57994596
57994602
57994686
57994708
57994733
57994748
57994762
57994843
57994880
57994902
57994924
57995055
57995138
57995297
57995377
57995519
57995709
57995789
57995790
57995797
57995856
57995920
57995940
57995992
57996080
57996158
57996303
57996622
57996724
57996740
57996836
57996953
57996990
57997019
57997069
57997077
57997115
57997170
57997250
57997258
57997280
57997330
57997334
57997386
57997456
57997481
57997487
57997507
57997757
57997824
57997972
57997985
57998051
57998100
57998137
57998224
57998400
57998461
57998472
57998626
57998690
57998693
57998698
57998706
57998791
57998912
57998945
57998991
57999000
57999237
57999283
57999293
57999398
57999499
57999513
57999537
57999643
57999649
57999681
57999691
57999702
57999754
57999759
57999801
57999826
57999858
57999862
58000036
58000084
58000129
58000173
58000201
58000211
58000239
58000243
58000253
58000265
58000272
58000278
58000355
58000424
58000549
58000565
58000621
58000698
58000718
58000729
58000732
58000774
58000846
58000892
58000911
58000913
58000914
58000942
58000948
58000994
58001118
58001171
58001307
58001354
58001599
58001682
58001749
58001974
58002103
58002190
58002253
58002262
58002325
58002337
58002369
58002472
58002474
58002492
58002511
58002545
58002606
58002679
58002723
58002784
58002911
58003029
58003030
58003090
58003373
58003573
58003599
58003745
58003768
58003847
58003884
58003947
58003949
58004162
58004181
58004244
58004279
58004310
58004312
58004314
58004323
58004327
58004346
58004424
58004463
58004479
58004548
58004601
58004633
58004647
58004661
58004683
58004713
58004755
58004756
58004793
58004841
58004883
58004888
58004924
58005051
58005132
58005152
58005167
58005169
58005306
58005316
58005318
58005327
58005354
58005459
58005486
58005488
58005525
58005602
58005609
58005637
58005655
58005684
58005713
58005818
58005871
58005876
58005966
58006023
58006057
58006189
58006371
58006388
58006456
58006518
58006523
58006581
58006610
58006661
58006741
58007016
58007052
58007282
58007295
58007447
58007460
58007475
58007688
58007708
58007709
58007779
58007780
58007826
58007842
58007966
58008122
58008138
58008143
58008152
58008357
58008540
58008557
58008559
58008621
58008738
58008752
58008779
58008865
58008911
58008982
58009043
58009046
58009095
58009100
58009148
58009278
58009709
58009718
58009778
58009811
58009954
58009991
58010133
58010171
58010187
58010221
58010308
58010337
58010537
58010618
58010620
58010641
58010677
58010726
58010772
58010933
58010963
58011017
58011058
58011208
58011221
58011240
58011312
58011324
58011330
58011332
58011350
58011555
58011582
58011601
58011634
58011666
58011678
58011863
58011940
58011952
58011954
58012073
58012449
58012488
58012511
58012614
58012775
58012836
58012880
58013000
58013095
58013198
58013221
58013268
58013275
58013278
58013285
58013305
58013309
58013345
58013453
58013523
58013570
58013577
58013595
58013681
58013724
58013830
58013940
58013948
58014000
58014013
58014031
58014143
58014185
58014190
58014230
58014272
58014366
58014401
58014422
58014511
58014523
58014643
58014650
58014840
58014864
58015016
58015030
58015088
58015150
58015195
58015285
58015287
58015518
58015648
58015826
58015895
58015931
58015956
58015978
58016005
58016073
58016127
58016179
58016301
58016335
58016379
58016465
58016483
58016515
58016604
58016616
58016618
58016627
58016691
58016698
58016716
58016953
58016963
58016973
58017089
58017213
58017224
58017268
58017286
58017532
58017611
58017707
58017739
58017757
58017779
58017800
58017845
58017886
58017892
58017951
58018018
58018040
58018047
58018055
58018160
58018161
58018201
58018293
58018399
58018440
58018484
58018511
58018802
58018838
58018843
58018972
58019005
58019022
58019033
58019039
58019066
58019076
58019101
58019178
58019348
58019428
58019491
58019511
58019627
58019632
58019702
58019775
58019784
58019793
58019804
58019813
58019836
58019855
58019980
58020079
58020085
58020087
58020091
58020114
58020159
58020166
58020222
58020264
58020295
58020296
58020400
58020409
58020492
58020654
58020812
58020813
58020836
58020910
58021113
58021131
58021143
58021190
58021270
58021368
58021391
58021497
58021539
58021616
58021639
58021652
58021699
58021708
58021712
58021733
58021788
58021824
58021842
58021852
58021866
58021939
58021991
58022079
58022112
58022133
58022143
58022165
58022169
58022259
58022348
58022368
58022416
58022578
58022632
58022692
58022724
58022783
58022854
58022919
58022993
58023034
58023089
58023124
58023171
58023272
58023390
58023396
58023406
58023423
58023895
58023929
58023948
58023990
58023995
58023999
58024001
58024027
58024055
58024104
58024107
58024185
58024398
58024453
58024463
58024514
58024549
58024559
58024591
58024608
58024611
58024628
58024771
58025068
58025069
58025219
58025492
58025684
58025696
58025806
58025840
58025841
58025879
58025960
58025976
58026000
58026026
58026246
58026278
58026289
58026399
58026501
58026543
58026694
58026741
58026883
58026904
58026935
58027135
58027181
58027287
58027348
58027604
58027615
58027672
58027703
58027771
58027846
58027942
58027948
58027962
58028056
58028130
58028204
58028281
58028294
58028332
58028430
58028463
58028612
58028714
58028744
58028784
58028873
58028959
58029035
58029075
58029426
58029453
58029461
58029476
58029657
58029683
58029750
58029777
58029855
58029960
58030069
58030144
58030198
58030216
58030226
58030312
58030352
58030389
58030429
58030477
58030496
58030537
58030544
58030575
58030714
58030719
58030833
58030886
58030892
58030930
58030959
58031082
58031150
58031205
58031238
58031417
58031485
58031534
58031539
58031610
58031669
58031717
58031731
58031743
58031779
58031854
58031880
58031948
58031989
58032076
58032136
58032147
58032233
58032299
58032334
58032398
58032413
58032416
58032491
58032519
58032553
58032618
58032681
58032716
58032779
58032783
58032802
58032870
58032914
58033007
58033045
58033065
58033074
58033100
58033177
58033182
58033235
58033260
58033379
58033404
58033446
58033501
58033515
58033533
58033535
58033679
58033768
58033834
58033901
58033940
58033947
58034044
58034139
58034153
58034171
58034184
58034198
58034218
58034221
58034232
58034234
58034235
58034273
58034312
58034328
58034558
58034580
58034592
58034738
58034755
58034773
58034840
58034933
58034976
58034992
58035035
58035074
58035144
58035189
58035287
58035308
58035361
58035427
58035437
58035527
58035647
58035662
58035696
58035711
58035734
58035746
58035782
58035867
58035941
58035949
58035954
58035995
58036349
58036551
58036610
58036903
58037246
58037304
58037312
58037324
58037392
58037440
58037572
58037862
58037921
58038008
58038055
58038109
58038150
58038188
58038260
58038272
58038313
58038316
58038371
58038377
58038379
58038393
58038402
58038407
58038410
58038452
58038568
58038709
58038764
58038814
58038822
58038828
58039045
58039079
58039144
58039165
58039203
58039246
58039400
58039463
58039512
58039577
58039735
58039754
58039838
58039866
58039876
58039885
58039892
58039906
58039908
58039930
58039968
58040031
58040036
58040109
58040158
58040239
58040364
58040368
58040388
58040441
58040449
58040499
58040517
58040543
58040547
58040551
58040577
58040642
58040662
58040679
58040773
58040821
58040824
58040856
58040957
58040988
58041001
58041029
58041061
58041063
58041084
58041154
58041166
58041261
58041299
58041451
58041517
58041582
58041733
58041797
58041909
58041910
58042068
58042078
58042088
58042139
58042170
58042175
58042219
58042366
58042468
58042532
58042537
58042540
58042600
58042608
58042619
58042621
58042670
58042831
58042916
58042922
58042925
58043194
58043208
58043298
58043324
58043372
58043386
58043449
58043479
58043510
58043514
58043529
58043540
58043553
58043567
58043655
58043723
58043726
58043791
58043829
58043837
58043842
58043866
58043881
58043935
58044000
58044018
58044055
58044064
58044288
58044294
58044357
58044408
58044500
58044525
58044545
58044600
58044720
58044742
58044775
58044792
58044808
58045114
58045157
58045174
58045182
58045278
58045289
58045321
58045380
58045505
58045594
58045609
58045690
58045701
58045725
58045761
58045810
58045814
58045850
58045851
58045868
58045884
58045940
58045953
58046087
58046136
58046402
58046616
58046751
58046789
58046860
58046945
58047034
58047069
58047182
58047250
58047320
58047507
58047519
58047565
58047606
58047625
58047635
58047681
58047823
58047832
58047904
58047947
58047966
58048039
58048079
58048084
58048305
58048469
58048481
58048566
58048602
58048614
58048752
58048897
58048901
58048910
58049022
58049044
58049094
58049234
58049395
58049782
58049826
58049856
58049938
58049952
58049970
58050174
58050288
58050308
58050349
58050373
58050388
58050433
58050443
58050500
58050584
58050621
58050644
58050820
58050825
58050921
58051063
58051077
58051225
58051417
58051439
58051454
58051569
58051609
58051618
58051627
58051745
58051769
58051770
58051842
58051864
58051902
58051907
58051977
58051979
58052014
58052019
58052166
58052211
58052237
58052287
58052308
58052695
58052708
58052741
58052760
58052822
58052856
58052870
58052949
58052968
58053004
58053014
58053145
58053184
58053203
58053419
58053497
58053503
58053620
58053684
58053690
58053755
58053800
58053819
58053828
58053867
58053895
58054044
58054046
58054075
58054118
58054138
58054153
58054158
58054301
58054476
58054486
58054775
58054814
58054815
58054822
58054930
58055013
58055097
58055098
58055119
58055120
58055154
58055177
58055222
58055296
58055452
58055538
58055541
58055651
58055666
58055685
58055954
58055975
58056019
58056086
58056153
58056166
58056168
58056194
58056199
58056308
58056404
58056483
58056656
58056851
58056858
58056931
58056996
58057085
58057183
58057212
58057239
58057297
58057562
58057586
58057607
58057705
58057997
58058090
58058193
58058232
58058286
58058307
58058336
58058489
58058566
58058586
58058705
58058776
58058806
58058861
58058939
58059155
58059156
58059184
58059239
58059243
58059290
58059365
58059439
58059454
58059515
58059539
58059565
58059701
58059784
58059786
58059841
58059858
58059929
58060048
58060167
58060425
58060542
58060590
58060643
58060659
58060669
58060706
58060793
58061080
58061094
58061115
58061210
58061250
58061251
58061316
58061326
58061335
58061487
58061495
58061500
58061603
58061722
58061743
58061803
58061827
58061880
58061983
58062172
58062186
58062214
58062217
58062227
58062296
58062303
58062348
58062357
58062361
58062381
58062669
58062694
58062699
58062752
58062848
58062907
58062959
58063045
58063137
58063184
58063232
58063245
58063327
58063328
58063336
58063352
58063442
58063490
58063505
58063506
58063525
58063727
58063740
58063744
58063746
58063869
58064057
58064066
58064180
58064183
58064200
58064352
58064387
58064446
58064485
58064499
58064559
58064643
58064820
58064845
58064896
58064962
58064969
58064990
58065048
58065357
58065362
58065410
58065706
58065738
58065816
58065893
58065938
58066054
58066064
58066124
58066127
58066162
58066170
58066254
58066258
58066264
58066287
58066342
58066382
58066458
58066478
58066495
58066684
58066687
58066769
58066797
58066801
58067051
58067207
58067259
58067269
58067287
58067305
58067490
58067772
58067941
58067947
58067961
58068031
58068032
58068146
58068179
58068286
58068290
58068309
58068426
58068496
58068582
58068718
58068726
58068729
58068743
58068847
58068933
58069085
58069221
58069237
58069283
58069295
58069323
58069383
58069426
58069463
58069477
58069534
58069582
58069623
58069649
58069666
58069737
58069813
58069842
58069861
58069907
58069948
58070237
58070345
58070353
58070381
58070389
58070422
58070426
58070455
58070567
58070679
58070859
58070982
58070992
58071045
58071267
58071320
58071578
58071630
58071683
58071740
58071777
58071801
58071913
58071984
58072053
58072097
58072169
58072276
58072340
58072353
58072504
58072594
58072674
58072770
58072774
58072899
58072966
58072985
58072990
58072991
58073220
58073227
58073240
58073300
58073301
58073333
58073339
58073395
58073423
58073743
58073762
58073797
58073863
58073980
58074041
58074042
58074052
58074122
58074123
58074265
58074281
58074304
58074336
58074408
58074415
58074470
58074522
58074588
58074594
58074623
58074711
58074739
58074824
58074827
58074839
58074867
58074944
58074962
58075222
58075290
58075318
58075350
58075435
58075439
58075456
58075588
58075676
58075714
58075717
58075786
58075947
58075952
58075962
58076098
58076227
58076272
58076482
58076511
58076591
58076609
58076652
58076683
58076802
58076817
58076855
58077013
58077205
58077222
58077472
58077738
58077775
58077852
58077948
58077962
58078028
58078037
58078063
58078086
58078098
58078116
58078140
58078163
58078351
58078504
58078662
58078683
58078725
58078732
58078793
58078813
58078875
58078922
58079004
58079040
58079154
58079189
58079199
58079351
58079359
58079545
58079671
58079672
58079984
58079986
58079987
58080036
58080116
58080155
58080183
58080211
58080249
58080266
58080308
58080349
58080352
58080442
58080487
58080595
58080683
58080706
58080711
58080724
58080742
58081026
58081104
58081166
58081214
58081297
58081339
58081340
58081371
58081409
58081429
58081528
58081554
58081571
58081589
58081623
58081649
58081713
58081760
58081768
58081789
58081861
58081913
58081927
58081957
58081984
58081998
58082018
58082105
58082145
58082337
58082413
58082489
58082601
58082606
58082629
58082659
58082674
58082724
58082872
58082903
58082970
58082971
58083041
58083074
58083230
58083233
58083252
58083272
58083286
58083366
58083487
58083507
58083543
58083766
58083793
58083819
58083863
58083905
58083948
58084053
58084060
58084098
58084144
58084159
58084320
58084331
58084468
58084535
58084598
58084626
58084758
58084778
58085022
58085063
58085077
58085111
58085158
58085181
58085221
58085234
58085264
58085290
58085292
58085297
58085343
58085352
58085354
58085377
58085389
58085454
58085498
58085600
58085622
58085626
58085653
58085671
58085784
58085843
58085854
58085884
58085915
58086008
58086020
58086033
58086186
58086384
58086582
58086763
58086795
58086868
58086883
58087083
58087101
58087147
58087182
58087231
58087264
58087268
58087278
58087344
58087346
58087378
58087386
58087398
58087407
58087516
58087614
58087627
58087628
58087667
58087774
58087998
58088092
58088099
58088126
58088130
58088159
58088266
58088334
58088420
58088432
58088465
58088495
58088498
58088519
58088601
58088689
58088711
58088806
58088963
58089021
58089036
58089316
58089449
58089479
58089510
58089549
58089716
58089848
58090056
58090157
58090230
58090259
58090414
58090426
58090433
58090459
58090479
58090658
58090828
58090840
58090855
58090863
58091026
58091176
58091181
58091290
58091336
58091688
58091735
58091751
58091828
58091870
58092007
58092094
58092124
58092306
58092311
58092347
58092354
58092359
58092433
58092524
58092672
58092843
58092926
58092959
58093031
58093063
58093154
58093195
58093238
58093423
58093456
58093528
58093556
58093613
58093680
58093716
58093783
58093789
58093835
58093908
58093924
58093929
58094003
58094015
58094148
58094160
58094234
58094259
58094319
58094329
58094359
58094365
58094431
58094460
58094501
58094536
58094729
58094758
58094793
58094831
58095126
58095152
58095158
58095185
58095190
58095239
58095267
58095277
58095505
58095517
58095531
58095730
58095794
58095847
58096046
58096081
58096100
58096187
58096234
58096241
58096440
58096469
58096545
58096556
58096597
58096602
58096687
58096782
58096825
58096830
58096842
58097066
58097373
58097439
58097452
58097459
58097479
58097488
58097493
58097529
58097553
58097635
58097648
58097676
58097784
58097863
58098036
58098079
58098214
58098223
58098312
58098315
58098419
58098574
58098626
58098647
58098663
58098688
58098788
58098901
58099129
58099236
58099242
58099336
58099368
58099391
58099462
58099500
58099605
58099646
58099722
58099749
58099765
58099839
58099994
58100034
58100060
58100100
58100220
58100227
58100280
58100310
58100314
58100352
58100408
58100444
58100452
58100473
58100556
58100596
58100650
58100790
58100844
58100865
58100885
58100925
58100980
58101007
58101146
58101297
58101389
58101480
58101521
58101530
58101689
58101773
58101790
58101822
58101833
58101845
58101917
58101972
58102193
58102230
58102609
58102851
58103050
58103095
58103476
58103478
58103538
58103603
58103726
58103742
58103753
58103871
58103872
58103908
58104046
58104090
58104188
58104195
58104307
58104469
58104487
58104622
58104625
58104638
58104729
58104754
58104761
58104777
58104779
58104931
58104954
58105127
58105181
58105227
58105276
58105277
58105350
58105398
58105464
58105582
58105694
58105711
58105851
58105871
58106024
58106058
58106133
58106147
58106173
58106183
58106209
58106242
58106254
58106281
58106304
58106438
58106464
58106694
58106801
58106880
58106893
58107184
58107202
58107220
58107278
58107392
58107699
58107717
58107771
58107796
58107948
58108078
58108123
58108129
58108142
58108495
58108506
58108508
58108533
58108612
58108638
58108646
58108683
58108685
58108700
58108731
58108816
58108873
58108876
58108914
58108929
58108938
58108958
58108999
58109008
58109253
58109259
58109344
58109400
58109411
58109489
58109642
58109648
58109708
58109721
58109786
58110109
58110163
58110169
58110202
58110335
58110345
58110438
58110516
58110528
58110573
58110609
58110613
58110619
58110621
58110819
58110945
58111185
58111233
58111260
58111487
58111508
58111519
58111580
58111598
58111669
58111951
58112156
58112267
58112482
58112484
58112594
58112652
58112702
58112805
58112942
58113451
58113635
58113668
58113670
58113761
58113825
58113849
58113902
58113951
58113955
58114152
58114185
58114193
58114203
58114281
58114351
58114368
58114391
58114478
58114509
58114623
58114844
58114851
58114861
58114888
58114920
58115125
58115296
58115400
58115469
58115531
58115591
58115672
58115870
58115917
58115948
58116117
58116157
58116252
58116279
58116390
58116541
58116657
58116698
58116784
58116837
58117011
58117115
58117116
58117117
58117145
58117162
58117301
58117346
58117401
58117441
58117531
58117567
58117643
58117831
58117854
58117895
58117903
58118019
58118045
58118173
58118335
58118386
58118418
58118427
58118486
58118666
58118668
58118681
58118828
58118975
58118987
58119036
58119039
58119069
58119077
58119239
58119550
58119554
58119590
58119656
58119701
58119916
58120014
58120018
58120044
58120050
58120256
58120583
58120627
58120815
58120907
58120949
58121022
58121088
58121099
58121170
58121283
58121334
58121442
58121444
58121466
58121519
58121521
58121531
58121570
58121762
58121836
58121961
58121973
58122075
58122191
58122221
58122411
58122413
58122465
58122498
58122526
58122742
58122754
58122866
58122908
58122926
58122994
58123165
58123189
58123247
58123328
58123466
58123494
58123513
58123587
58123684
58123704
58123843
58123915
58124050
58124053
58124235
58124454
58124516
58124610
58124702
58124725
58124737
58124940
58124942
58125005
58125029
58125068
58125128
58125223
58125383
58125396
58125426
58125443
58125483
58125589
58125622
58125637
58125805
58125808
58125837
58125889
58125914
58125931
58125987
58126197
58126556
58126569
58126719
58126937
58126970
58126979
58126988
58127011
58127017
58127081
58127333
58127443
58127509
58127654
58127666
58127768
58127789
58127836
58127850
58127875
58127876
58127921
58127974
58128135
58128151
58128286
58128483
58128542
58128583
58128599
58128615
58128627
58128651
58128678
58128718
58128763
58128789
58128892
58128900
58128926
58129061
58129214
58129294
58129336
58129376
58129446
58129456
58129464
58129521
58129551
58129571
58129590
58129697
58129744
58129755
58129817
58129825
58129849
58129873
58129917
58129997
58130042
58130050
58130139
58130284
58130391
58130519
58130676
58130838
58130873
58130942
58131297
58131333
58131415
58131443
58131459
58131466
58131566
58131671
58131680
58131685
58131836
58131857
58131963
58131992
58132054
58132254
58132264
58132372
58132402
58132412
58132434
58132488
58132579
58132620
58132716
58132760
58132911
58133069
58133075
58133156
58133186
58133245
58133308
58133533
58133554
58133556
58133750
58133832
58133921
58133972
58134076
58134279
58134302
58134313
58134351
58134352
58134442
58134556
58134646
58134726
58134807
58134908
58134923
58134998
58135134
58135284
58135291
58135295
58135308
58135323
58135726
58135818
58135838
58135844
58135860
58135968
58136020
58136025
58136125
58136195
58136219
58136233
58136251
58136336
58136339
58136381
58136524
58136578
58136624
58136625
58136666
58136763
58136772
58136818
58136873
58136969
58137106
58137134
58137199
58137258
58137277
58137414
58137416
58137635
58137637
58137643
58137683
58137954
58137974
58137981
58137986
58138064
58138331
58138595
58138676
58138743
58138779
58138780
58139072
58139086
58139188
58139350
58139497
58139544
58139601
58139615
58139698
58139779
58139814
58139825
58139841
58139932
58140077
58140127
58140274
58140280
58140282
58140310
58140720
58140732
58140794
58141128
58141264
58141266
58141281
58141313
58141375
58141466
58141520
58141537
58141763
58141771
58141807
58141856
58141864
58141959
58142064
58142093
58142272
58142299
58142369
58142447
58142636
58142760
58142772
58142790
58142805
58142822
58142827
58142838
58142876
58142990
58143051
58143218
58143231
58143235
58143321
58143375
58143457
58143461
58143650
58143659
58143748
58143820
58143960
58144004
58144014
58144090
58144103
58144124
58144146
58144183
58144193
58144200
58144322
58144439
58144842
58144942
58144947
58145077
58145131
58145163
58145420
58145436
58145437
58145486
58145495
58145565
58145568
58145571
58145719
58145926
58145936
58146000
58146026
58146072
58146089
58146163
58146237
58146261
58146577
58146609
58146642
58146695
58146736
58146785
58146931
58146972
58147012
58147031
58147036
58147154
58147197
58147230
58147273
58147286
58147312
58147379
58147414
58147450
58147484
58147557
58147639
58147740
58147741
58147745
58147855
58147882
58147903
58148034
58148111
58148146
58148153
58148218
58148233
58148296
58148524
58148525
58148619
58148651
58148720
58148777
58148817
58148910
58148919
58148967
58148976
58149078
58149093
58149223
58149237
58149278
58149399
58149413
58149451
58149661
58149933
58149934
58149967
58150063
58150123
58150140
58150238
58150314
58150336
58150353
58150413
58150513
58150542
58150764
58150773
58150801
58150813
58150833
58150851
58150862
58150897
58151200
58151225
58151247
58151266
58151285
58151324
58151337
58151398
58151616
58151669
58151986
58152038
58152121
58152147
58152298
58152454
58152502
58152707
58153001
58153022
58153029
58153091
58153153
58153186
58153258
58153284
58153300
58153328
58153384
58153400
58153645
58153654
58153842
58153867
58153909
58153956
58153995
58154015
58154100
58154158
58154207
58154272
58154402
58154414
58154610
58154649
58154679
58154681
58154690
58154708
58154844
58154930
58154962
58154981
58155086
58155110
58155401
58155411
58155507
58155531
58155553
58155678
58155681
58155756
58155757
58155780
58155789
58155802
58155997
58156180
58156195
58156197
58156207
58156238
58156296
58156371
58156399
58156614
58156641
58156774
58156795
58156950
58157017
58157056
58157128
58157152
58157195
58157210
58157241
58157321
58157339
58157470
58157490
58157561
58157570
58157610
58157613
58157642
58157832
58157934
58157969
58157977
58158035
58158084
58158140
58158176
58158185
58158277
58158313
58158371
58158408
58158479
58158538
58158850
58158908
58158932
58159134
58159151
58159200
58159585
58159821
58159867
58159879
58159910
58160175
58160310
58160319
58160363
58160387
58160451
58160517
58160543
58160580
58160589
58160604
58160657
58160681
58160754
58160798
58160822
58160938
58160971
58161104
58161158
58161180
58161194
58161246
58161260
58161269
58161371
58161374
58161375
58161394
58161395
58161451
58161582
58161605
58161799
58161920
58162088
58162184
58162277
58162405
58162420
58162485
58162687
58162692
58162701
58162721
58162802
58162822
58162831
58162864
58162866
58162875
58162911
58163082
58163209
58163399
58163438
58163449
58163475
58163489
58163505
58163575
58163591
58163624
58163664
58163693
58163706
58163708
58163737
58163820
58163939
58163957
58163973
58163987
58164181
58164258
58164260
58164329
58164449
58164463
58164477
58164534
58164567
58164739
58164890
58164930
58165075
58165081
58165115
58165205
58165307
58165350
58165399
58165589
58165670
58165809
58165860
58165900
58166063
58166177
58166235
58166243
58166317
58166414
58166441
58166487
58166522
58166564
58166589
58166606
58166626
58166674
58166715
58166749
58166775
58167198
58167229
58167249
58167270
58167442
58167538
58167614
58167622
58167716
58167888
58167900
58167917
58167937
58167966
58168194
58168437
58168610
58168717
58168776
58168789
58168844
58168860
58168873
58168897
58169224
58169454
58169469
58169477
58169627
58169693
58169708
58169746
58169782
58169798
58169889
58169913
58169942
58170037
58170078
58170166
58170215
58170419
58170467
58170472
58170522
58170524
58170563
58170702
58170714
58170753
58170764
58171039
58171079
58171192
58171342
58171353
58171397
58171444
58171456
58171593
58171773
58171780
58171846
58172001
58172055
58172120
58172167
58172179
58172256
58172261
58172292
58172308
58172443
58172515
58172522
58172640
58172668
58172671
58172775
58172776
58172782
58172784
58172910
58172926
58172936
58172940
58172950
58172965
58173012
58173015
58173020
58173134
58173143
58173442
58173559
58173757
58173758
58173867
58174080
58174179
58174246
58174467
58174517
58174608
58174683
58174726
58174835
58175046
58175083
58175207
58175227
58175241
58175388
58175444
58175488
58175559
58175659
58175670
58175918
58175953
58176022
58176118
58176128
58176173
58176191
58176278
58176280
58176300
58176301
58176422
58176430
58176480
58176494
58176524
58176595
58176634
58176755
58177010
58177116
58177118
58177121
58177155
58177229
58177252
58177313
58177327
58177334
58177379
58177384
58177533
58177626
58177653
58177661
58177722
58177763
58177836
58177860
58177867
58177918
58177919
58177942
58177955
58177972
58178007
58178030
58178053
58178082
58178084
58178201
58178225
58178228
58178229
58178327
58178345
58178490
58178539
58178596
58178615
58178616
58178793
58178804
58178819
58178830
58178846
58178874
58178889
58178897
58178910
58179022
58179161
58179173
58179194
58179234
58179391
58179508
58179539
58179585
58179653
58179736
58179998
58180014
58180037
58180050
58180080
58180085
58180120
58180213
58180293
58180399
58180476
58180497
58180570
58180593
58180708
58180711
58180767
58180772
58180774
58180812
58181045
58181078
58181163
58181461
58181503
58181504
58181584
58181616
58181626
58181997
58182059
58182087
58182213
58182241
58182322
58182405
58182606
58182650
58182676
58182715
58182851
58182871
58182874
58182880
58182925
58183089
58183183
58183190
58183204
58183295
58183435
58183587
58183611
58183660
58183680
58183717
58183817
58183856
58183931
58183973
58183977
58184060
58184070
58184130
58184190
58184204
58184281
58184342
58184403
58184439
58184593
58184619
58184637
58184684
58184726
58184737
58184781
58184838
58184904
58184915
58184921
58184934
58184990
58185051
58185086
58185191
58185238
58185256
58185268
58185276
58185302
58185333
58185465
58185485
58185489
58185494
58185503
58185509
58185515
58185524
58185594
58185629
58185784
58185852
58185858
58185894
58186030
58186202
58186307
58186419
58186501
58186535
58186960
58187129
58187170
58187233
58187278
58187318
58187357
58187385
58187471
58187566
58187646
58187742
58187767
58187845
58188028
58188063
58188082
58188217
58188303
58188316
58188384
58188715
58188716
58188847
58188976
58188987
58189124
58189224
58189460
58189500
58189541
58189572
58189781
58189830
58189835
58189876
58190020
58190039
58190087
58190125
58190126
58190168
58190346
58190359
58190395
58190416
58190575
58190612
58190674
58190761
58190857
58190979
58191144
58191173
58191229
58191237
58191241
58191250
58191257
58191491
58191516
58191675
58191721
58191760
58191767
58191954
58191984
58192024
58192109
58192136
58192221
58192236
58192259
58192317
58192330
58192390
58192409
58192448
58192495
58192524
58192665
58192782
58192784
58192803
58192805
58192810
58193132
58193286
58193289
58193295
58193387
58193407
58193482
58193557
58193814
58193826
58193859
58193867
58193926
58194143
58194150
58194194
58194265
58194344
58194371
58194390
58194470
58194513
58194531
58194631
58194796
58194842
58194909
58194966
58195035
58195114
58195183
58195184
58195260
58195306
58195348
58195360
58195408
58195416
58195492
58195572
58195613
58195676
58195723
58195783
58195789
58195798
58195845
58195861
58195915
58196015
58196124
58196167
58196215
58196229
58196251
58196309
58196314
58196318
58196437
58196507
58196515
58196532
58196602
58196678
58196740
58196822
58196824
58196828
58196840
58196891
58196943
58197027
58197049
58197085
58197273
58197322
58197362
58197372
58197419
58197551
58197825
58197911
58197950
58198273
58198298
58198359
58198408
58198462
58198572
58198705
58199073
58199366
58199386
58199444
58199546
58199590
58199616
58199639
58199680
58199688
58199716
58199847
58199993
58200086
58200115
58200123
58200131
58200279
58200399
58200506
58200522
58200566
58200693
58200771
58201247
58201353
58201462
58201500
58201518
58201574
58201741
58201772
58201774
58201786
58201813
58201859
58201958
58202049
58202144
58202157
58202163
58202212
58202225
58202408
58202467
58202485
58202493
58202513
58202526
58202650
58202695
58202789
58202816
58202866
58202916
58203170
58203187
58203254
58203269
58203295
58203364
58203441
58203456
58203482
58203511
58203553
58203693
58203731
58203827
58203950
58204183
58204338
58204391
58204424
58204456
58204462
58204470
58204479
58204521
58204589
58204766
58204772
58204801
58204827
58205083
58205137
58205185
58205370
58205411
58205446
58205620
58205651
58205663
58205670
58205793
58205807
58205825
58205876
58205910
58205941
58205957
58205976
58205989
58206033
58206055
58206114
58206251
58206253
58206304
58206322
58206443
58206552
58206642
58206750
58206827
58206884
58206895
58207059
58207073
58207090
58207126
58207379
58207424
58207463
58207477
58207511
58207578
58207674
58207682
58207767
58207829
58207927
58208100
58208173
58208237
58208250
58208270
58208363
58208364
58208378
58208418
58208434
58208439
58208447
58208512
58208627
58208733
58208974
58209181
58209189
58209245
58209320
58209535
58209644
58209694
58209703
58209785
58209801
58209871
58209935
58209993
58210117
58210124
58210148
58210189
58210205
58210266
58210403
58210500
58210511
58210539
58210674
58210769
58210842
58210864
58210986
58211054
58211110
58211136
58211145
58211195
58211359
58211730
58211758
58211797
58211984
58212059
58212138
58212145
58212157
58212176
58212220
58212278
58212350
58212532
58212613
58212636
58212711
58212898
58212966
58212967
58213013
58213040
58213042
58213082
58213110
58213149
58213160
58213246
58213258
58213268
58213609
58213617
58213677
58213706
58213753
58213914
58213945
58213996
58214011
58214020
58214029
58214140
58214184
58214227
58214336
58214415
58214432
58214471
58214504
58214682
58214766
58214773
58214813
58214902
58214951
58215026
58215042
58215119
58215256
58215276
58215457
58215501
58215507
58215566
58215654
58215872
58216003
58216043
58216138
58216144
58216281
58216290
58216448
58216536
58216764
58216885
58217007
58217045
58217262
58217266
58217310
58217408
58217430
58217513
58217620
58217651
58217822
58217826
58217838
58217894
58217943
58217954
58218057
58218066
58218092
58218313
58218350
58218406
58218409
58218411
58218459
58218471
58218502
58218513
58218590
58218775
58218805
58219129
58219264
58219292
58219324
58219334
58219370
58219395
58219474
58219501
58219624
58219670
58219720
58219723
58219735
58219742
58219777
58219779
58219793
58219880
58220030
58220112
58220137
58220307
58220379
58220392
58220409
58220486
58220634
58220657
58220741
58220754
58220762
58220788
58220809
58220811
58220828
58220849
58220861
58220904
58220940
58220946
58220955
58220962
58220979
58221001
58221038
58221142
58221325
58221339
58221362
58221422
58221452
58221538
58221563
58221601
58221721
58221757
58221821
58221833
58221842
58221956
58222010
58222034
58222071
58222118
58222125
58222130
58222131
58222138
58222142
58222151
58222270
58222315
58222418
58222456
58222504
58222582
58222601
58222644
58222759
58222764
58222768
58222810
58223070
58223248
58223381
58223411
58223442
58223507
58223526
58223531
58223537
58223538
58223573
58223653
58223696
58223716
58223752
58223985
58224004
58224008
58224079
58224139
58224252
58224276
58224283
58224311
58224337
58224373
58224503
58224508
58224770
58224804
58224858
58224901
58224993
58225030
58225031
58225074
58225102
58225127
58225220
58225283
58225295
58225430
58225500
58225562
58225870
58226028
58226086
58226133
58226143
58226228
58226333
58226334
58226397
58226444
58226514
58226552
58226609
58226825
58226937
58226953
58226989
58227020
58227096
58227115
58227149
58227151
58227201
58227249
58227271
58227348
58227400
58227420
58227444
58227541
58227584
58227620
58227854
58227911
58227923
58228122
58228169
58228265
58228428
58228431
58228456
58228529
58228551
58228623
58228650
58228737
58228820
58228913
58228914
58228931
58228970
58228972
58229032
58229129
58229174
58229272
58229322
58229374
58229494
58229513
58229582
58229586
58229601
58229605
58229630
58229646
58229654
58229696
58229765
58229835
58229884
58229989
58230106
58230168
58230226
58230243
58230396
58230429
58230476
58230552
58230628
58230679
58230734
58230765
58230859
58230900
58230973
58230995
58231000
58231115
58231230
58231299
58231386
58231490
58231576
58231755
58231806
58231830
58231861
58232029
58232162
58232216
58232223
58232305
58232323
58232418
58232592
58232599
58232662
58232694
58232759
58232771
58232801
58232814
58232950
58233038
58233065
58233082
58233147
58233166
58233227
58233248
58233303
58233363
58233578
58233604
58233668
58233753
58233975
58234119
58234133
58234134
58234173
58234222
58234245
58234292
58234354
58234393
58234395
58234411
58234694
58234701
58234892
58235061
58235065
58235133
58235137
58235269
58235276
58235281
58235307
58235352
58235353
58235478
58235644
58235688
58235715
58235738
58235816
58235852
58235942
58235948
58235962
58236088
58236117
58236129
58236147
58236254
58236412
58236467
58236471
58236478
58236631
58236650
58236654
58236737
58236829
58236877
58236889
58236913
58236948
58237016
58237052
58237116
58237142
58237209
58237221
58237300
58237414
58237475
58237723
58237816
58237910
58237937
58237973
58238036
58238056
58238099
58238282
58238330
58238454
58238608
58238646
58238689
58238737
58238742
58238809
58238884
58238974
58239012
58239045
58239064
58239270
58239398
58239455
58239471
58239554
58239650
58239759
58239779
58239794
58239859
58239870
58239938
58239991
58240065
58240082
58240091
58240102
58240165
58240185
58240216
58240297
58240312
58240374
58240380
58240450
58240474
58240560
58240623
58240867
58240899
58241007
58241059
58241081
58241244
58241255
58241288
58241307
58241363
58241419
58241467
58241559
58241614
58241705
58241806
58241832
58241842
58241954
58242038
58242059
58242227
58242291
58242295
58242319
58242332
58242361
58242365
58242421
58242483
58242597
58242603
58242616
58242699
58242750
58242768
58242783
58242889
58242894
58242943
58243015
58243072
58243145
58243171
58243207
58243225
58243258
58243347
58243351
58243396
58243429
58243487
58243512
58243527
58243539
58243542
58243568
58243596
58243606
58243627
58243721
58243866
58243868
58243902
58243917
58244030
58244321
58244360
58244373
58244428
58244430
58244511
58244814
58244832
58244876
58244887
58244953
58245005
58245019
58245046
58245080
58245090
58245110
58245147
58245158
58245212
58245271
58245387
58245407
58245452
58245462
58245703
58245714
58245766
58245835
58246017
58246065
58246095
58246118
58246123
58246129
58246148
58246181
58246185
58246295
58246397
58246406
58246425
58246432
58246505
58246510
58246511
58246535
58246618
58246658
58246682
58246683
58246723
58246735
58246845
58246892
58246903
58246924
58246932
58246936
58246992
58247065
58247094
58247109
58247181
58247347
58247358
58247359
58247370
58247497
58247664
58247695
58247738
58247750
58247774
58247962
58248099
58248311
58248340
58248346
58248385
58248414
58248548
58248735
58248805
58248812
58248855
58248890
58249135
58249186
58249256
58249290
58249374
58249400
58249404
58249660
58249666
58249722
58249731
58249953
58250009
58250012
58250233
58250435
58250540
58250630
58250713
58250730
58250968
58250987
58250988
58251056
58251108
58251121
58251171
58251260
58251299
58251624
58251654
58251756
58251789
58252022
58252040
58252103
58252130
58252192
58252195
58252198
58252206
58252327
58252426
58252450
58252452
58252486
58252502
58252595
58252673
58252860
58252861
58252876
58252958
58252990
58252997
58253009
58253029
58253135
58253140
58253144
58253195
58253210
58253232
58253237
58253294
58253321
58253423
58253430
58253436
58253480
58253508
58253514
58253553
58253657
58253660
58253674
58253788
58253804
58253839
58253862
58253935
58253975
58253998
58254038
58254057
58254087
58254143
58254205
58254215
58254247
58254266
58254284
58254331
58254410
58254636
58254681
58254809
58254965
58254994
58255024
58255038
58255455
58255465
58255622
58255634
58255681
58255691
58255855
58255877
58256048
58256118
58256187
58256253
58256435
58256500
58256518
58256530
58256541
58256570
58256603
58256642
58256697
58256706
58256821
58256927
58256959
58257207
58257259
58257280
58257287
58257291
58257306
58257367
58257568
58257590
58257612
58257933
58257997
58258005
58258040
58258060
58258108
58258123
58258159
58258195
58258355
58258357
58258359
58258407
58258448
58258469
58258518
58258546
58258629
58258672
58258755
58258768
58258797
58258805
58259002
58259231
58259331
58259488
58259491
58259573
58259893
58259906
58259938
58259967
58260019
58260103
58260162
58260302
58260373
58260410
58260502
58260527
58260677
58260781
58260823
58260825
58260865
58260898
58261076
58261104
58261106
58261109
58261220
58261259
58261491
58261549
58261550
58261565
58261624
58261829
58262016
58262092
58262117
58262147
58262155
58262308
58262478
58262505
58262706
58262769
58262779
58262802
58262850
58262981
58263108
58263150
58263161
58263168
58263232
58263236
58263323
58263348
58263354
58263356
58263504
58263575
58263663
58263680
58263706
58263882
58263910
58263960
58264006
58264041
58264177
58264184
58264192
58264223
58264299
58264384
58264457
58264473
58264480
58264668
58264755
58264813
58264829
58264989
58265075
58265178
58265250
58265273
58265275
58265396
58265550
58265830
58265867
58265978
58265986
58265989
58266008
58266110
58266256
58266459
58266542
58266550
58266750
58266777
58266779
58266817
58266830
58266834
58266878
58267010
58267068
58267077
58267115
58267141
58267238
58267261
58267355
58267417
58267444
58267469
58267493
58267506
58267517
58267538
58267573
58267590
58267636
58267696
58267709
58267800
58267830
58267905
58267987
58268026
58268174
58268219
58268262
58268325
58268365
58268440
58268454
58268479
58268482
58268507
58268667
58268772
58268818
58268882
58268957
58268988
58269067
58269069
58269070
58269207
58269270
58269370
58269414
58269502
58269517
58269582
58269594
58269596
58269635
58269660
58269668
58269864
58269871
58269876
58269935
58270014
58270067
58270076
58270094
58270162
58270248
58270335
58270360
58270366
58270415
58270430
58270471
58270656
58270961
58271082
58271127
58271261
58271328
58271433
58271446
58271449
58271608
58271655
58271690
58271710
58271739
58271769
58271832
58271888
58271946
58272170
58272182
58272232
58272328
58272332
58272735
58272989
58273134
58273197
58273315
58273328
58273360
58273415
58273444
58273561
58273861
58273900
58273902
58274223
58274292
58274348
58274373
58274392
58274415
58274509
58274514
58274571
58274638
58274796
58274818
58274826
58274883
58274895
58274988
58275164
58275220
58275288
58275291
58275295
58275329
58275428
58275439
58275476
58275506
58275559
58275569
58275680
58275737
58275766
58275790
58275940
58275963
58276015
58276118
58276122
58276147
58276168
58276223
58276256
58276306
58276327
58276337
58276357
58276366
58276369
58276374
58276375
58276379
58276443
58276461
58276468
58276547
58276579
58276800
58276897
58277011
58277012
58277050
58277222
58277305
58277319
58277344
58277375
58277427
58277462
58277481
58277692
58277704
58277889
58277979
58278193
58278201
58278269
58278343
58278348
58278508
58278589
58278618
58278632
58278696
58278703
58278850
58278855
58278960
58278977
58278996
58279083
58279230
58279311
58279314
58279367
58279416
58279573
58279683
58279825
58279827
58280012
58280068
58280120
58280217
58280227
58280253
58280302
58280348
58280364
58280469
58280490
58280503
58280567
58280775
58280779
58280781
58280784
58280814
58280823
58280829
58280844
58280883
58280923
58280928
58280953
58281061
58281083
58281116
58281148
58281181
58281198
58281212
58281237
58281262
58281419
58281451
58281472
58281504
58281517
58281601
58281604
58281649
58281683
58281741
58281760
58281779
58281845
58281908
58282016
58282031
58282091
58282148
58282267
58282415
58282417
58282450
58282544
58282594
58282609
58282616
58282677
58282682
58282743
58282804
58282811
58282834
58282837
58282849
58282858
58282969
58282977
58283048
58283066
58283079
58283093
58283108
58283121
58283125
58283233
58283541
58283638
58283848
58283874
58283883
58283909
58283932
58283940
58283956
58283957
58284110
58284236
58284251
58284294
58284398
58284525
58284605
58284782
58284803
58285078
58285080
58285148
58285151
58285269
58285290
58285457
58285565
58285604
58285622
58285688
58285826
58285876
58285959
58285960
58286015
58286140
58286205
58286255
58286257
58286371
58286378
58286392
58286443
58286522
58286612
58286784
58286819
58286825
58286980
58286992
58287006
58287093
58287231
58287232
58287277
58287405
58287452
58287573
58287596
58287680
58287695
58287794
58287916
58287942
58288023
58288117
58288151
58288230
58288332
58288339
58288458
58288465
58288553
58288572
58288596
58288638
58288665
58288765
58288772
58288821
58288902
58288917
58288941
58289001
58289004
58289083
58289155
58289177
58289324
58289347
58289352
58289614
58289636
58289688
58289718
58289725
58289880
58290017
58290026
58290027
58290055
58290113
58290162
58290180
58290190
58290242
58290311
58290319
58290324
58290346
58290508
58290676
58290767
58290837
58290851
58290918
58291018
58291029
58291074
58291317
58291331
58291420
58291474
58291531
58291580
58291593
58291606
58291690
58291813
58291890
58291926
58292071
58292096
58292168
58292192
58292193
58292295
58292302
58292305
58292430
58292439
58292611
58292684
58292804
58292828
58292969
58293083
58293084
58293290
58293370
58293397
58293416
58293424
58293582
58293590
58293692
58293700
58293707
58293825
58293955
58293997
58294108
58294155
58294190
58294259
58294388
58294487
58294491
58294591
58294660
58294743
58294821
58294831
58294874
58294899
58294951
58294959
58295081
58295318
58295321
58295359
58295435
58295443
58295448
58295563
58295576
58295596
58295609
58295749
58295787
58295809
58295922
58296009
58296052
58296199
58296209
58296221
58296304
58296357
58296403
58296417
58296448
58296573
58296700
58296743
58296834
58296881
58297068
58297210
58297302
58297322
58297403
58297419
58297430
58297529
58297568
58297742
58297877
58298146
58298225
58298249
58298302
58298416
58298495
58298500
58298632
58298635
58298776
58298830
58298878
58298989
58298992
58299006
58299008
58299244
58299261
58299280
58299473
58299592
58299613
58299631
58299641
58299700
58299716
58299752
58299771
58299772
58299880
58299927
58299947
58300107
58300108
58300283
58300300
58300304
58300341
58300418
58300478
58300503
58300551
58300605
58300650
58300658
58300660
58300664
58300681
58300716
58300736
58300799
58300809
58300928
58300933
58300973
58301059
58301132
58301141
58301161
58301190
58301340
58301343
58301353
58301423
58301473
58301516
58301553
58301574
58301664
58301681
58301706
58301907
58301965
58302011
58302050
58302094
58302149
58302223
58302230
58302232
58302263
58302281
58302316
58302322
58302355
58302356
58302403
58302480
58302540
58302651
58302667
58302681
58302686
58302687
58302760
58302761
58302769
58302830
58302949
58303026
58303042
58303269
58303425
58303432
58303521
58303559
58303576
58303604
58303612
58303813
58303847
58303850
58303875
58303879
58303959
58303967
58304056
58304123
58304136
58304145
58304153
58304300
58304325
58304386
58304387
58304437
58304662
58304914
58305082
58305256
58305319
58305357
58305430
58305431
58305437
58305546
58305558
58305721
58305733
58305800
58305887
58306482
58306509
58306539
58306558
58306653
58306657
58306685
58306734
58306757
58306914
58306935
58307041
58307138
58307197
58307256
58307267
58307308
58307374
58307438
58307495
58307536
58307545
58307603
58307612
58307651
58307657
58307661
58307769
58307789
58307933
58307970
58307976
58308064
58308105
58308114
58308127
58308134
58308244
58308251
58308291
58308295
58308302
58308303
58308376
58308394
58308409
58308410
58308412
58308432
58308584
58308665
58308678
58308910
58309109
58309111
58309120
58309281
58309290
58309350
58309486
58309488
58309528
58309548
58309658
58309734
58309825
58309835
58309910
58309916
58310048
58310051
58310081
58310095
58310103
58310143
58310172
58310187
58310314
58310437
58310719
58310725
58310816
58310883
58311056
58311124
58311294
58311334
58311398
58311407
58311462
58311483
58311539
58311584
58311594
58311636
58311664
58311714
58311735
58311737
58311801
58311821
58311830
58312017
58312036
58312085
58312120
58312146
58312170
58312329
58312394
58312407
58312418
58312481
58312508
58312549
58312618
58312645
58312648
58312660
58312672
58312696
58312727
58312851
58312852
58312893
58312978
58313004
58313084
58313104
58313131
58313185
58313277
58313349
58313413
58313476
58313564
58313582
58313585
58313593
58313716
58313724
58313794
58313801
58313824
58313976
58314044
58314093
58314104
58314113
58314148
58314185
58314290
58314298
58314401
58314417
58314423
58314436
58314472
58314573
58314578
58314669
58314696
58314719
58314724
58314787
58314871
58314979
58315015
58315124
58315137
58315243
58315305
58315346
58315433
58315471
58315580
58315583
58315585
58315642
58315646
58315658
58315750
58315754
58315808
58315826
58316023
58316086
58316119
58316137
58316157
58316197
58316200
58316226
58316228
58316359
58316410
58316465
58316497
58316641
58316688
58316861
58316867
58316869
58316870
58316871
58316874
58316875
58316878
58316879
58316880
58316882
58316885
58316891
58316901
58316902
58316904
58316910
58316911
58316986
58317032
58317140
58317197
58317230
58317303
58317311
58317331
58317416
58317425
58317436
58317467
58317551
58317662
58317680
58317732
58317758
58317759
58317779
58317784
58317799
58317820
58317829
58317853
58317900
58317902
58317926
58317947
58318125
58318126
58318153
58318179
58318254
58318272
58318369
58318469
58318574
58318632
58318740
58318760
58318772
58318790
58318835
58318873
58318928
58318962
58318988
58319045
58319047
58319055
58319065
58319114
58319204
58319212
58319333
58319356
58319423
58319553
58319611
58319629
58319686
58319694
58319702
58319800
58319866
58319872
58320069
58320093
58320143
58320157
58320230
58320273
58320447
58320591
58320689
58320695
58320758
58320764
58320781
58320861
58320932
58320977
58321000
58321006
58321068
58321302
58321347
58321380
58321385
58321573
58321712
58321761
58321803
58321825
58321930
58321965
58321990
58322011
58322108
58322123
58322152
58322190
58322194
58322281
58322294
58322382
58322440
58322445
58322452
58322520
58322557
58322782
58322839
58322951
58322980
58322995
58323010
58323011
58323041
58323075
58323277
58323495
58323582
58323606
58323624
58323969
58324095
58324113
58324116
58324132
58324185
58324190
58324216
58324233
58324352
58324360
58324458
58324466
58324483
58324656
58324686
58324791
58324845
58324913
58324953
58324994
58325051
58325185
58325327
58325415
58325445
58325514
58325579
58325628
58325691
58325707
58325842
58325856
58325862
58326011
58326042
58326084
58326141
58326250
58326336
58326433
58326448
58326456
58326491
58326509
58326511
58326785
58326853
58326933
58326940
58326964
58326978
58326990
58326991
58327017
58327158
58327210
58327268
58327371
58327756
58327826
58328190
58328282
58328348
58328415
58328476
58328491
58328502
58328505
58328522
58328541
58328578
58328714
58328834
58328918
58329046
58329081
58329205
58329265
58329600
58329625
58329648
58329688
58329778
58329779
58329850
58329867
58330076
58330084
58330132
58330139
58330200
58330249
58330399
58330407
58330408
58330486
58330516
58330519
58330532
58330540
58330593
58330627
58330748
58330824
58330827
58330851
58330912
58331099
58331248
58331306
58331364
58331390
58331600
58331640
58331821
58331823
58331832
58332075
58332316
58332369
58332444
58332462
58332464
58332475
58332515
58332524
58332540
58332552
58332607
58332640
58332666
58332745
58332746
58332803
58332807
58332875
58332916
58332954
58333018
58333059
58333080
58333117
58333211
58333219
58333237
58333297
58333313
58333335
58333446
58333622
58333623
58333749
58333782
58333816
58333826
58333977
58334062
58334105
58334176
58334329
58334429
58334508
58334546
58334548
58334564
58334574
58334631
58334702
58334729
58334801
58334807
58334855
58334870
58334888
58334995
58335000
58335024
58335064
58335138
58335245
58335264
58335371
58335382
58335635
58335645
58335703
58335756
58335816
58335862
58336017
58336117
58336258
58336388
58336399
58336410
58336426
58336462
58336533
58336544
58336631
58336702
58336765
58336883
58336889
58336900
58336926
58337168
58337245
58337295
58337337
58337349
58337407
58337630
58337660
58337724
58337859
58337994
58337997
58338005
58338023
58338097
58338104
58338161
58338163
58338178
58338203
58338214
58338365
58338541
58338600
58338614
58338636
58338649
58338783
58338897
58339011
58339058
58339127
58339272
58339360
58339375
58339430
58339475
58339478
58339574
58339614
58339635
58339676
58339786
58339930
58340020
58340044
58340156
58340167
58340178
58340271
58340275
58340399
58340431
58340535
58340543
58340559
58340613
58340639
58340688
58340689
58340692
58340763
58340767
58340772
58340809
58340820
58340862
58341057
58341161
58341270
58341275
58341346
58341430
58341765
58341918
58341928
58341942
58341946
58342060
58342546
58342554
58342557
58342616
58342663
58342806
58342837
58342851
58342925
58343058
58343273
58343316
58343321
58343330
58343398
58343464
58343551
58343847
58343953
58343971
58343983
58344014
58344075
58344105
58344130
58344134
58344176
58344402
58344421
58344445
58344575
58344578
58344583
58344664
58344669
58344711
58344754
58344756
58344757
58344782
58344814
58344896
58344990
58344998
58345025
58345278
58345300
58345356
58345389
58345436
58345450
58345466
58345508
58345531
58345587
58345612
58345618
58345641
58345697
58345755
58345815
58346017
58346198
58346380
58346443
58346474
58346487
58346583
58346684
58346762
58346838
58346960
58347028
58347079
58347081
58347109
58347150
58347160
58347216
58347339
58347814
58347844
58348021
58348061
58348134
58348145
58348162
58348188
58348203
58348232
58348380
58348387
58348490
58348541
58348619
58348649
58348659
58348730
58348804
58348816
58348829
58348906
58348915
58349081
58349199
58349322
58349349
58349391
58349451
58349545
58349570
58349574
58349610
58349630
58349662
58349720
58349751
58349777
58349856
58349888
58349933
58349946
58350019
58350049
58350060
58350083
58350098
58350172
58350215
58350217
58350220
58350250
58350272
58350309
58350320
58350573
58350583
58350690
58350789
58350914
58350923
58350932
58350997
58351059
58351296
58351310
58351344
58351460
58351461
58351734
58351840
58351893
58351935
58352059
58352144
58352216
58352323
58352325
58352327
58352329
58352428
58352450
58352620
58352629
58352653
58352668
58352687
58352714
58352719
58352742
58352817
58352888
58352890
58352895
58353071
58353122
58353133
58353151
58353213
58353301
58353349
58353363
58353486
58353518
58353558
58353566
58353573
58353574
58353584
58353627
58353673
58353713
58353777
58353808
58353813
58353823
58353830
58353857
58353936
58353943
58353978
58353980
58353982
58354022
58354071
58354092
58354152
58354272
58354294
58354446
58354532
58354641
58354649
58354656
58354691
58354726
58354892
58354906
58354935
58355204
58355220
58355252
58355268
58355307
58355356
58355433
58355476
58355506
58355555
58355570
58355579
58355634
58355814
58355856
58355915
58356022
58356026
58356074
58356134
58356186
58356253
58356261
58356274
58356275
58356374
58356379
58356414
58356468
58356471
58356481
58356518
58356521
58356600
58356611
58356639
58356707
58356714
58356858
58356910
58356943
58357009
58357010
58357030
58357075
58357128
58357282
58357287
58357403
58357435
58357484
58357492
58357531
58357559
58357589
58357600
58357616
58357649
58357682
58357698
58357718
58357732
58357746
58357793
58357823
58358102
58358128
58358153
58358312
58358336
58358442
58358462
58358494
58358574
58358633
58358634
58358698
58358774
58358818
58358823
58358828
58358881
58358963
58358971
58358980
58358987
58359000
58359087
58359089
58359144
58359213
58359219
58359225
58359315
58359408
58359505
58359514
58359545
58359547
58359548
58359552
58359633
58359950
58359988
58359992
58360159
58360227
58360229
58360252
58360287
58360339
58360361
58360394
58360457
58360509
58360544
58360550
58360618
58360635
58360701
58360707
58360730
58360767
58360950
58360974
58361035
58361247
58361311
58361324
58361364
58361564
58361603
58361722
58361726
58361875
58362005
58362019
58362025
58362114
58362160
58362162
58362269
58362310
58362334
58362357
58362362
58362494
58362621
58362669
58362684
58362690
58362739
58362743
58362774
58362800
58362862
58362898
58363018
58363072
58363158
58363213
58363220
58363302
58363342
58363356
58363390
58363512
58363569
58363617
58363625
58363719
58363813
58363820
58363903
58363945
58363997
58364032
58364037
58364094
58364162
58364213
58364254
58364255
58364379
58364407
58364467
58364485
58364489
58364490
58364548
58364752
58364760
58364842
58364847
58364861
58364874
58364889
58364915
58364924
58364928
58365010
58365068
58365184
58365198
58365253
58365323
58365363
58365542
58365668
58365708
58365751
58365818
58365850
58365853
58366164
58366190
58366198
58366203
58366208
58366447
58366467
58366628
58366657
58366731
58366784
58366810
58366895
58366956
58366972
58367009
58367047
58367060
58367098
58367136
58367195
58367226
58367246
58367345
58367346
58367348
58367361
58367419
58367511
58367531
58367569
58367600
58367648
58367737
58367762
58367782
58367823
58367967
58367994
58367999
58368073
58368170
58368209
58368230
58368447
58368466
58368510
58368515
58368519
58368576
58368594
58368619
58368629
58368634
58368704
58368733
58368736
58368802
58368822
58368889
58368892
58369074
58369157
58369334
58369415
58369482
58369508
58369558
58369563
58369636
58369707
58369720
58369724
58369761
58369784
58369938
58369950
58369997
58370074
58370094
58370110
58370117
58370155
58370191
58370210
58370241
58370365
58370437
58370472
58370553
58370554
58370593
58370599
58370600
58370643
58370698
58370725
58370771
58370773
58370779
58370917
58371011
58371073
58371184
58371315
58371381
58371411
58371440
58371544
58371627
58371732
58371805
58371923
58371936
58371957
58372007
58372054
58372425
58372618
58372694
58372930
58372938
58372986
58373011
58373044
58373063
58373073
58373118
58373246
58373348
58373379
58373404
58373470
58373530
58373550
58373553
58373567
58373597
58373618
58373619
58373711
58373758
58373782
58373898
58373916
58373962
58374125
58374181
58374188
58374222
58374291
58374399
58374401
58374411
58374456
58374460
58374519
58374652
58374737
58374834
58374857
58374883
58374907
58374948
58375049
58375085
58375125
58375189
58375415
58375423
58375515
58375531
58375619
58375729
58375836
58375840
58375911
58375920
58375940
58375967
58376058
58376134
58376172
58376271
58376369
58376399
58376400
58376401
58376409
58376456
58376462
58376480
58376647
58376652
58376844
58376925
58376963
58377089
58377117
58377152
58377160
58377222
58377282
58377294
58377345
58377431
58377462
58377463
58377638
58377644
58377670
58377688
58377711
58377791
58377903
58377905
58377945
58377975
58377998
58378045
58378079
58378277
58378386
58378502
58378530
58378542
58378547
58378562
58378570
58378596
58378643
58378674
58378790
58378844
58378862
58379149
58379223
58379272
58379305
58379362
58379438
58379489
58379628
58379637
58379715
58379761
58379823
58379829
58379839
58379845
58379905
58380051
58380109
58380111
58380308
58380503
58380624
58380661
58380935
58380959
58380966
58381045
58381202
58381212
58381374
58381397
58381594
58381619
58381621
58381649
58381726
58381819
58381992
58382043
58382056
58382065
58382097
58382110
58382155
58382156
58382372
58382430
58382497
58382534
58382537
58382582
58382597
58382628
58382638
58382646
58382656
58382659
58382675
58382802
58382852
58382867
58382869
58382946
58382990
58383090
58383158
58383300
58383351
58383387
58383475
58383567
58383696
58383727
58383887
58383942
58383959
58383982
58383987
58384031
58384084
58384250
58384324
58384364
58384431
58384435
58384537
58384590
58384629
58384650
58384692
58384699
58384725
58384764
58384825
58384927
58384966
58384978
58384984
58385037
58385089
58385095
58385279
58385316
58385385
58385474
58385528
58385569
58385603
58385667
58385675
58385680
58385701
58385703
58385726
58385805
58385827
58385961
58385985
58386028
58386056
58386125
58386231
58386284
58386299
58386352
58386398
58386443
58386444
58386454
58386466
58386496
58386509
58386561
58386594
58386670
58386690
58386696
58386751
58386757
58386783
58386852
58386862
58386925
58387017
58387178
58387209
58387242
58387428
58387445
58387476
58387483
58387596
58387607
58387609
58387679
58387818
58387977
58388042
58388043
58388052
58388149
58388172
58388235
58388305
58388324
58388463
58388478
58388509
58388583
58388589
58388625
58388627
58388857
58388887
58389019
58389129
58389218
58389223
58389224
58389225
58389271
58389281
58389292
58389307
58389319
58389326
58389339
58389362
58389368
58389369
58389408
58389409
58389454
58389480
58389497
58389511
58389647
58389657
58389706
58389795
58389806
58389901
58389988
58390116
58390117
58390132
58390222
58390338
58390349
58390496
58390534
58390601
58390729
58390763
58390825
58390828
58390844
58390891
58390920
58391032
58391062
58391065
58391088
58391161
58391211
58391265
58391285
58391325
58391335
58391363
58391377
58391582
58391611
58391633
58391755
58391765
58391804
58391944
58392120
58392138
58392226
58392238
58392241
58392296
58392378
58392436
58392455
58392458
58392484
58392509
58392634
58392663
58392698
58392713
58392762
58392772
58392790
58392816
58392823
58392867
58392910
58392955
58392996
58393161
58393216
58393406
58393437
58393472
58393484
58393531
58393645
58393685
58393738
58393875
58393936
58394009
58394063
58394123
58394134
58394217
58394218
58394221
58394226
58394256
58394308
58394364
58394393
58394504
58394584
58394586
58394675
58394826
58394830
58394863
58395006
58395021
58395041
58395082
58395145
58395208
58395211
58395240
58395259
58395273
58395287
58395302
58395304
58395308
58395352
58395463
58395498
58395523
58395698
58395794
58395880
58396104
58396159
58396189
58396197
58396200
58396214
58396253
58396265
58396285
58396346
58396375
58396474
58396514
58396526
58396557
58396609
58396693
58396703
58396708
58396939
58397020
58397023
58397046
58397066
58397104
58397164
58397210
58397277
58397290
58397391
58397445
58397482
58397493
58397503
58397511
58397570
58397575
58397585
58397634
58397785
58397828
58397836
58397837
58397892
58397909
58397980
58397982
58398005
58398032
58398073
58398083
58398118
58398136
58398149
58398214
58398275
58398278
58398291
58398337
58398347
58398375
58398390
58398407
58398426
58398469
58398523
58398524
58398533
58398539
58398590
58398616
58398620
58398625
58398658
58398680
58398762
58398908
58398917
58398969
58398989
58399014
58399024
58399038
58399039
58399077
58399101
58399186
58399267
58399335
58399487
58399550
58399593
58399605
58399607
58399610
58399617
58399635
58399637
58399646
58399648
58399651
58399667
58399691
58399733
58399819
58399914
58399927
58399973
58399994
58400202
58400246
58400373
58400464
58400510
58400525
58400539
58400541
58400690
58400754
58400782
58400792
58400815
58400835
58401019
58401077
58401096
58401223
58401243
58401245
58401271
58401356
58401452
58401506
58401520
58401528
58401531
58401551
58401554
58401580
58401595
58401600
58401675
58401718
58401766
58401776
58401810
58401814
58401869
58401884
58401946
58401998
58402197
58402200
58402203
58402264
58402296
58402335
58402408
58402412
58402459
58402481
58402569
58402611
58402645
58402662
58402717
58402721
58402776
58402818
58402833
58402850
58402946
58402948
58402961
58402963
58402970
58403012
58403082
58403172
58403175
58403239
58403502
58403538
58403726
58403737
58403753
58403797
58403830
58403947
58403988
58404062
58404079
58404112
58404132
58404205
58404220
58404253
58404295
58404418
58404444
58404458
58404523
58404630
58404707
58404711
58404767
58404786
58405012
58405202
58405304
58405337
58405344
58405396
58405408
58405417
58405491
58405561
58405693
58405710
58405767
58405831
58405870
58405886
58406015
58406150
58406168
58406297
58406300
58406410
58406427
58406435
58406438
58406476
58406610
58406614
58406681
58406736
58406740
58406821
58406836
58406848
58406865
58406898
58406953
58406973
58407173
58407300
58407321
58407393
58407443
58407780
58407817
58407849
58407868
58407877
58407883
58407887
58407891
58407972
58408046
58408304
58408406
58408468
58408469
58408472
58408477
58408494
58408522
58408641
58408647
58408655
58408668
58408684
58408717
58408994
58409000
58409142
58409215
58409309
58409311
58409357
58409426
58409453
58409652
58409668
58409687
58409816
58409876
58409899
58409970
58410036
58410091
58410098
58410176
58410253
58410284
58410289
58410353
58410414
58410426
58410437
58410444
58410503
58410530
58410702
58410710
58410806
58410861
58410878
58410993
58410995
58411022
58411049
58411061
58411066
58411123
58411133
58411170
58411211
58411348
58411610
58411752
58411798
58412043
58412137
58412191
58412273
58412297
58412348
58412411
58412461
58412503
58412627
58412656
58412662
58412718
58412765
58412786
58412838
58412890
58412899
58412911
58412916
58412923
58412953
58413110
58413309
58413463
58413474
58413514
58413523
58413540
58413566
58413570
58413612
58413634
58413651
58413697
58413713
58413819
58413833
58413872
58413899
58413908
58413931
58414015
58414062
58414122
58414174
58414175
58414225
58414302
58414323
58414325
58414495
58414511
58414514
58414638
58414718
58414721
58414722
58414735
58414752
58414765
58414776
58414802
58414804
58414878
58414951
58415084
58415114
58415118
58415240
58415250
58415252
58415277
58415288
58415292
58415359
58415387
58415500
58415527
58415538
58415620
58415735
58415753
58415756
58415761
58415806
58415960
58415967
58415969
58415971
58415972
58416028
58416191
58416209
58416254
58416317
58416364
58416407
58416546
58416806
58416836
58416927
58416932
58416935
58416939
58417048
58417113
58417174
58417302
58417307
58417356
58417404
58417447
58417452
58417516
58417562
58417580
58417733
58417849
58417880
58417882
58417902
58417914
58417931
58417948
58417958
58418047
58418051
58418067
58418138
58418186
58418216
58418221
58418228
58418477
58418511
58418603
58418671
58418697
58418757
58418775
58418828
58418913
58418916
58419025
58419054
58419060
58419091
58419103
58419114
58419215
58419222
58419250
58419310
58419316
58419320
58419350
58419361
58419415
58419473
58419505
58419535
58419578
58419635
58419683
58419755
58419773
58419832
58419884
58419895
58419911
58419923
58419925
58419953
58419969
58419983
58420191
58420276
58420448
58420524
58420623
58420753
58420863
58420869
58420878
58421068
58421145
58421192
58421320
58421344
58421356
58421394
58421395
58421466
58421485
58421747
58421751
58421930
58422022
58422060
58422210
58422353
58422432
58422446
58422448
58422451
58422471
58422472
58422539
58422604
58422612
58422616
58422638
58422647
58422661
58422670
58422737
58422763
58422876
58423004
58423019
58423046
58423065
58423076
58423080
58423148
58423256
58423265
58423360
58423424
58423446
58423495
58423515
58423597
58423650
58423679
58423777
58423810
58423839
58423947
58423999
58424010
58424019
58424025
58424122
58424313
58424358
58424365
58424487
58424721
58424737
58424875
58424898
58424954
58424955
58425034
58425045
58425052
58425091
58425098
58425116
58425137
58425239
58425243
58425262
58425272
58425358
58425374
58425379
58425392
58425409
58425413
58425438
58425444
58425579
58425608
58425612
58425695
58425708
58425802
58425889
58425942
58425989
58426184
58426211
58426228
58426266
58426333
58426379
58426392
58426401
58426517
58426547
58426608
58426664
58426912
58426917
58426933
58426953
58426965
58427016
58427051
58427194
58427223
58427237
58427300
58427310
58427327
58427428
58427633
58427642
58427688
58427697
58427705
58427762
58427771
58427792
58427802
58427935
58427978
58428053
58428133
58428143
58428163
58428309
58428405
58428438
58428444
58428460
58428515
58428535
58428542
58428628
58428675
58428683
58428699
58428741
58428771
58428786
58428882
58428905
58429004
58429018
58429140
58429184
58429201
58429210
58429220
58429242
58429374
58429520
58429545
58429578
58429582
58429728
58429746
58429778
58429866
58429898
58429916
58429928
58429933
58429959
58430049
58430171
58430310
58430314
58430331
58430337
58430387
58430521
58430781
58430786
58430896
58431006
58431023
58431069
58431110
58431161
58431179
58431214
58431269
58431324
58431354
58431434
58431447
58431458
58431582
58431584
58431590
58431620
58431769
58431804
58431891
58431959
58431986
58431989
58431998
58432020
58432023
58432205
58432293
58432344
58432347
58432520
58432526
58432634
58432672
58432790
58432883
58432885
58432892
58432898
58433034
58433047
58433080
58433090
58433135
58433220
58433235
58433248
58433294
58433346
58433351
58433418
58433453
58433592
58433672
58433675
58433706
58433707
58433721
58433793
58433810
58433929
58433951
58434122
58434176
58434191
58434370
58434371
58434562
58434608
58434636
58434647
58434766
58434770
58434816
58434834
58434835
58434838
58434839
58434915
58434921
58434971
58434986
58434987
58435025
58435075
58435116
58435137
58435177
58435259
58435309
58435494
58435537
58435548
58435555
58435563
58435654
58435805
58435851
58435970
58436070
58436111
58436122
58436182
58436233
58436320
58436326
58436327
58436362
58436395
58436422
58436676
58436733
58436773
58436864
58436889
58437024
58437025
58437073
58437230
58437275
58437373
58437402
58437405
58437458
58437491
58437551
58437565
58437591
58437630
58437648
58437665
58437695
58437714
58437768
58437773
58437793
58437885
58437906
58437938
58438008
58438064
58438101
58438161
58438251
58438252
58438318
58438342
58438375
58438407
58438492
58438507
58438544
58438649
58438655
58438727
58438736
58438849
58438901
58438916
58438988
58439002
58439028
58439076
58439078
58439235
58439290
58439357
58439390
58439397
58439401
58439441
58439486
58439492
58439560
58439578
58439602
58439666
58439719
58439757
58439765
58439855
58439985
58439986
58440026
58440098
58440100
58440264
58440334
58440353
58440355
58440375
58440430
58440437
58440485
58440491
58440494
58440607
58440619
58440624
58440667
58440756
58440802
58440819
58440822
58440826
58440862
58440923
58440935
58440954
58440983
58441091
58441118
58441287
58441374
58441421
58441460
58441552
58441573
58441594
58441616
58441632
58441636
58441637
58441685
58441709
58441724
58441845
58441847
58441877
58441970
58442004
58442190
58442398
58442462
58442479
58442480
58442553
58442566
58442619
58442631
58442643
58442728
58442733
58442876
58443150
58443181
58443184
58443231
58443247
58443308
58443342
58443361
58443477
58443514
58443617
58443691
58443806
58443846
58443865
58443916
58443931
58444124
58444160
58444197
58444253
58444257
58444281
58444282
58444296
58444361
58444380
58444400
58444404
58444429
58444484
58444488
58444537
58444599
58444624
58444630
58444633
58444665
58444755
58444802
58444805
58444878
58444908
58444930
58444953
58444989
58445033
58445046
58445047
58445159
58445180
58445258
58445309
58445387
58445418
58445449
58445455
58445636
58445638
58445698
58445700
58445706
58445724
58445777
58445799
58445870
58445900
58445917
58445929
58445943
58445979
58446065
58446105
58446167
58446218
58446236
58446245
58446292
58446349
58446371
58446380
58446472
58446597
58446732
58446809
58446876
58446889
58446899
58446921
58446968
58446980
58446993
58447032
58447360
58447501
58447564
58447610
58447625
58447642
58447665
58447745
58447755
58447761
58447865
58447884
58447906
58447919
58448031
58448139
58448142
58448149
58448151
58448155
58448188
58448277
58448348
58448399
58448538
58448578
58448582
58448613
58448641
58448646
58448660
58448697
58448847
58448854
58449075
58449130
58449186
58449193
58449206
58449287
58449339
58449364
58449377
58449436
58449457
58449511
58449563
58449673
58449678
58449717
58449768
58449816
58449833
58449961
58450060
58450151
58450230
58450321
58450332
58450356
58450358
58450408
58450503
58450540
58450578
58450764
58450799
58450803
58450887
58450903
58450904
58450990
58451023
58451033
58451085
58451087
58451094
58451113
58451131
58451180
58451188
58451192
58451211
58451243
58451285
58451332
58451371
58451468
58451484
58451620
58451654
58451729
58451770
58451779
58451852
58451859
58451922
58451939
58451969
58452044
58452111
58452118
58452125
58452256
58452328
58452359
58452385
58452395
58452400
58452427
58452474
58452600
58452732
58452750
58452822
58452839
58452926
58452955
58453028
58453042
58453098
58453158
58453175
58453241
58453322
58453397
58453433
58453530
58453534
58453558
58453566
58453613
58453632
58453675
58453743
58453776
58453835
58453864
58453886
58453913
58453948
58453995
58454001
58454020
58454068
58454120
58454131
58454135
58454153
58454219
58454330
58454376
58454383
58454397
58454398
58454399
58454511
58454648
58454675
58454681
58454763
58454774
58454853
58454881
58455010
58455040
58455100
58455101
58455116
58455142
58455215
58455261
58455266
58455267
58455297
58455309
58455310
58455408
58455433
58455521
58455540
58455621
58455650
58455722
58455726
58455995
58456044
58456076
58456088
58456100
58456116
58456159
58456163
58456174
58456238
58456320
58456336
58456343
58456433
58456517
58456750
58456756
58456979
58457147
58457162
58457284
58457338
58457420
58457475
58457492
58457651
58457792
58457805
58457824
58457843
58457939
58457953
58457955
58458037
58458113
58458151
58458160
58458165
58458268
58458279
58458317
58458362
58458395
58458409
58458422
58458441
58458487
58458547
58458585
58458587
58458799
58458841
58458857
58458904
58458922
58459144
58459183
58459193
58459194
58459214
58459236
58459297
58459544
58459611
58459628
58459805
58459815
58460015
58460036
58460103
58460111
58460128
58460280
58460309
58460343
58460372
58460425
58460452
58460465
58460553
58460583
58460640
58460643
58460824
58460899
58460902
58460917
58460924
58461051
58461071
58461159
58461194
58461204
58461237
58461351
58461467
58461485
58461622
58461623
58461702
58461728
58461836
58461847
58461923
58461964
58462029
58462058
58462122
58462208
58462229
58462334
58462375
58462381
58462391
58462417
58462453
58462593
58462604
58462615
58462623
58462627
58462652
58462721
58462801
58462809
58462847
58462924
58462949
58462958
58463008
58463080
58463087
58463182
58463205
58463229
58463240
58463247
58463341
58463374
58463394
58463424
58463426
58463452
58463453
58463479
58463541
58463589
58463620
58463636
58463652
58463698
58463704
58463798
58463845
58463870
58463938
58463989
58464010
58464118
58464132
58464138
58464174
58464193
58464218
58464284
58464425
58464464
58464468
58464511
58464624
58464744
58464854
58464863
58464930
58464979
58465155
58465220
58465343
58465353
58465393
58465416
58465444
58465532
58465554
58465642
58465777
58465833
58465884
58465974
58466033
58466134
58466146
58466319
58466321
58466333
58466340
58466354
58466454
58466463
58466474
58466481
58466498
58466579
58466655
58466869
58466871
58466986
58466998
58467128
58467207
58467233
58467264
58467304
58467307
58467322
58467377
58467757
58467880
58467883
58467935
58468050
58468105
58468172
58468190
58468224
58468246
58468249
58468256
58468324
58468326
58468341
58468381
58468419
58468435
58468439
58468705
58468753
58468869
58468923
58468982
58468995
58469024
58469041
58469184
58469197
58469300
58469330
58469342
58469383
58469395
58469414
58469615
58469639
58469662
58469707
58469712
58469748
58469789
58469823
58469841
58469891
58469896
58469969
58470016
58470038
58470050
58470058
58470116
58470321
58470344
58470376
58470378
58470422
58470577
58470636
58470642
58470651
58470686
58470775
58470799
58470932
58470968
58471059
58471099
58471113
58471135
58471159
58471168
58471340
58471379
58471390
58471399
58471440
58471516
58471522
58471558
58471588
58471677
58471701
58471706
58471833
58471841
58471858
58471934
58471973
58472025
58472032
58472131
58472149
58472205
58472229
58472267
58472395
58472441
58472506
58472571
58472713
58472824
58472846
58472885
58472926
58472946
58473118
58473119
58473135
58473181
58473201
58473240
58473246
58473278
58473333
58473373
58473407
58473408
58473453
58473479
58473656
58473701
58473745
58473785
58473789
58473809
58473826
58473837
58473974
58474007
58474039
58474061
58474099
58474107
58474124
58474132
58474134
58474151
58474183
58474215
58474223
58474261
58474361
58474366
58474368
58474416
58474604
58474647
58474649
58474678
58474745
58474906
58474907
58474951
58474987
58475011
58475043
58475047
58475081
58475106
58475121
58475132
58475134
58475150
58475314
58475323
58475436
58475460
58475542
58475614
58475627
58475666
58475681
58475709
58475725
58475762
58475772
58475800
58475842
58475852
58475858
58475874
58475902
58475916
58475980
58476029
58476147
58476175
58476229
58476268
58476289
58476297
58476318
58476410
58476415
58476428
58476481
58476521
58476639
58476707
58476882
58476914
58477018
58477028
58477039
58477092
58477142
58477222
58477279
58477369
58477443
58477537
58477600
58477689
58477774
58477900
58477964
58477986
58478087
58478164
58478197
58478218
58478219
58478230
58478253
58478521
58478536
58478543
58478558
58478613
58478677
58478720
58478776
58478919
58478974
58479077
58479169
58479252
58479381
58479386
58479416
58479440
58479462
58479718
58479853
58479999
58480134
58480163
58480239
58480244
58480262
58480346
58480395
58480402
58480543
58480575
58480718
58480741
58480773
58480832
58480838
58480905
58480923
58481000
58481077
58481091
58481116
58481120
58481130
58481171
58481274
58481301
58481328
58481338
58481403
58481477
58481563
58481608
58481646
58481729
58481741
58481838
58481853
58481890
58481903
58481905
58481918
58481933
58481946
58481980
58482047
58482055
58482075
58482162
58482191
58482207
58482283
58482375
58482498
58482547
58482561
58482657
58482667
58482697
58482701
58482718
58482785
58482862
58482907
58482917
58482921
58482926
58482996
58483045
58483125
58483127
58483194
58483231
58483288
58483352
58483364
58483371
58483412
58483427
58483553
58483583
58483643
58483751
58483924
58483952
58483953
58484129
58484233
58484336
58484408
58484506
58484548
58484574
58484823
58484864
58484910
58484932
58484969
58485086
58485165
58485191
58485207
58485234
58485428
58485525
58485584
58485621
58485632
58485681
58485689
58485808
58485810
58485915
58486032
58486052
58486078
58486079
58486088
58486187
58486204
58486248
58486249
58486283
58486288
58486316
58486408
58486425
58486435
58486537
58486588
58486591
58486602
58486650
58486704
58486800
58486843
58486863
58487077
58487085
58487127
58487150
58487175
58487191
58487197
58487216
58487334
58487395
58487446
58487511
58487514
58487549
58487552
58487582
58487627
58487773
58487850
58487960
58488009
58488102
58488113
58488208
58488211
58488212
58488252
58488297
58488338
58488341
58488436
58488484
58488486
58488539
58488582
58488590
58488638
58488651
58488714
58488761
58488829
58488858
58488866
58488918
58488975
58489015
58489063
58489091
58489102
58489123
58489124
58489130
58489138
58489147
58489215
58489234
58489252
58489288
58489305
58489331
58489363
58489382
58489403
58489411
58489423
58489458
58489478
58489479
58489528
58489540
58489548
58489580
58489725
58489748
58489847
58489878
58489897
58489915
58489929
58490160
58490191
58490316
58490382
58490461
58490469
58490486
58490556
58490595
58490658
58490748
58490754
58490761
58490835
58490841
58490906
58491202
58491298
58491333
58491373
58491374
58491383
58491422
58491471
58491562
58491583
58491588
58491665
58491672
58491684
58491908
58491983
58492001
58492107
58492138
58492150
58492158
58492163
58492281
58492404
58492412
58492473
58492490
58492505
58492530
58492535
58492559
58492570
58492591
58492622
58492690
58492817
58492822
58492846
58492934
58492935
58492982
58492999
58493052
58493059
58493095
58493117
58493122
58493134
58493142
58493162
58493163
58493214
58493225
58493231
58493365
58493372
58493374
58493399
58493402
58493420
58493454
58493564
58493579
58493682
58493698
58493700
58493708
58493751
58493773
58493792
58493816
58493875
58493889
58494068
58494124
58494150
58494152
58494159
58494175
58494244
58494331
58494376
58494446
58494454
58494619
58494723
58494769
58494772
58494783
58494800
58494823
58494850
58494858
58494902
58494911
58494919
58494942
58494945
58494972
58495201
58495311
58495340
58495384
58495457
58495518
58495582
58495616
58495658
58495785
58495804
58495805
58495819
58495913
58495915
58495949
58495955
58495989
58495990
58495995
58496144
58496224
58496331
58496540
58496591
58496606
58496612
58496675
58496713
58496773
58496904
58496966
58497005
58497041
58497114
58497240
58497252
58497257
58497306
58497346
58497387
58497421
58497447
58497729
58497806
58497877
58497971
58497999
58498067
58498080
58498102
58498106
58498213
58498298
58498310
58498331
58498339
58498379
58498507
58498528
58498714
58498743
58498795
58498805
58498913
58498938
58499068
58499094
58499097
58499121
58499188
58499209
58499263
58499274
58499301
58499354
58499387
58499420
58499489
58499495
58499500
58499587
58499655
58499688
58499711
58499742
58499789
58499843
58499849
58499903
58499908
58499931
58499967
58499978
58499984
58500004
58500010
58500140
58500187
58500254
58500315
58500356
58500429
58500450
58500461
58500548
58500552
58500554
58500598
58500604
58500696
58500736
58500743
58500779
58500897
58501001
58501009
58501020
58501079
58501143
58501185
58501197
58501233
58501261
58501264
58501614
58501777
58501825
58501932
58501967
58501985
58501990
58502007
58502151
58502278
58502284
58502438
58502481
58502606
58502708
58502746
58502753
58502795
58502798
58502845
58502847
58502862
58502869
58502904
58502965
58502991
58503046
58503079
58503082
58503118
58503150
58503165
58503235
58503274
58503301
58503367
58503384
58503443
58503481
58503483
58503554
58503557
58503604
58503621
58503681
58503708
58503900
58503978
58504079
58504148
58504242
58504286
58504294
58504385
58504713
58504731
58504817
58504842
58504864
58504884
58504892
58504905
58504910
58504922
58504937
58504949
58504998
58505006
58505019
58505099
58505174
58505214
58505215
58505308
58505337
58505364
58505371
58505387
58505504
58505508
58505526
58505661
58505667
58505677
58505876
58505903
58505908
58505926
58505960
58505974
58505981
58505984
58506038
58506053
58506090
58506119
58506134
58506184
58506205
58506274
58506279
58506282
58506344
58506351
58506426
58506539
58506623
58506692
58506695
58506722
58506773
58506776
58506825
58506839
58506861
58506960
58506976
58507033
58507061
58507064
58507098
58507107
58507178
58507191
58507193
58507205
58507254
58507305
58507321
58507368
58507553
58507559
58507700
58507709
58507744
58507877
58507889
58507905
58507919
58507988
58508038
58508055
58508168
58508191
58508226
58508233
58508237
58508428
58508452
58508464
58508485
58508533
58508568
58508572
58508666
58508688
58508754
58508772
58508822
58508826
58508840
58508848
58508910
58509001
58509010
58509026
58509083
58509173
58509216
58509221
58509375
58509421
58509483
58509489
58509581
58509583
58509649
58509650
58509687
58509740
58509752
58509762
58509771
58509787
58509840
58509925
58509995
58510023
58510026
58510047
58510053
58510064
58510130
58510220
58510253
58510346
58510388
58510442
58510501
58510520
58510649
58510665
58510716
58510733
58510775
58510790
58510848
58510925
58511009
58511067
58511075
58511092
58511099
58511104
58511162
58511222
58511247
58511286
58511301
58511425
58511581
58511583
58511595
58511629
58511656
58511662
58511677
58511688
58511709
58511900
58511931
58511968
58511973
58512038
58512048
58512051
58512054
58512081
58512109
58512131
58512233
58512235
58512251
58512320
58512347
58512387
58512432
58512455
58512463
58512474
58512566
58512630
58512652
58512675
58512885
58512891
58512921
58512927
58512929
58512963
58513095
58513108
58513168
58513210
58513213
58513264
58513269
58513328
58513385
58513420
58513567
58513583
58513587
58513669
58513856
58513962
58514036
58514072
58514130
58514145
58514166
58514177
58514301
58514313
58514384
58514445
58514486
58514522
58514550
58514552
58514574
58514657
58514688
58514735
58514759
58514903
58514932
58514971
58515053
58515060
58515082
58515101
58515139
58515161
58515365
58515390
58515446
58515513
58515535
58515560
58515595
58515603
58515614
58515626
58515679
58515688
58515721
58515816
58515887
58515953
58515983
58516042
58516078
58516184
58516248
58516593
58516599
58516662
58516673
58516711
58516734
58516746
58516775
58516854
58516885
58516922
58517015
58517107
58517149
58517201
58517353
58517603
58517624
58517628
58517639
58517697
58517737
58517780
58517797
58517853
58517877
58517935
58517955
58518104
58518149
58518198
58518206
58518268
58518344
58518357
58518456
58518530
58518607
58518661
58518665
58518667
58518670
58518679
58518719
58518744
58518814
58518865
58518893
58518916
58518917
58518984
58519130
58519133
58519153
58519220
58519248
58519285
58519309
58519324
58519364
58519372
58519589
58519679
58519709
58519769
58519806
58519930
58519986
58520066
58520145
58520174
58520186
58520191
58520201
58520212
58520251
58520310
58520344
58520518
58520539
58520556
58520579
58520659
58520800
58520837
58520928
58520930
58521002
58521136
58521166
58521171
58521188
58521200
58521203
58521214
58521326
58521355
58521392
58521583
58521591
58521600
58521604
58521662
58521671
58521714
58521767
58521816
58521846
58521857
58521871
58521983
58521984
58522037
58522038
58522053
58522168
58522263
58522271
58522284
58522318
58522322
58522359
58522373
58522376
58522485
58522546
58522749
58522761
58522894
58523046
58523047
58523293
58523437
58523513
58523649
58523653
58523818
58523836
58523838
58523840
58523907
58523917
58523945
58523953
58523986
58524073
58524085
58524151
58524184
58524192
58524325
58524411
58524476
58524493
58524524
58524572
58524592
58524624
58524695
58524753
58524883
58524943
58524944
58524996
58525014
58525023
58525024
58525045
58525087
58525106
58525111
58525151
58525173
58525288
58525294
58525297
58525321
58525327
58525331
58525456
58525461
58525472
58525605
58525630
58525650
58525657
58525791
58525817
58525954
58525979
58526098
58526145
58526208
58526260
58526276
58526322
58526376
58526377
58526497
58526499
58526675
58526860
58526882
58526931
58526945
58526946
58527053
58527076
58527191
58527255
58527313
58527321
58527347
58527356
58527368
58527375
58527498
58527513
58527518
58527531
58527565
58527582
58527614
58527621
58527669
58527762
58527792
58527823
58527849
58527901
58527910
58527917
58527969
58527977
58527988
58528051
58528071
58528104
58528108
58528142
58528155
58528158
58528173
58528200
58528312
58528367
58528379
58528406
58528422
58528460
58528498
58528503
58528573
58528575
58528629
58528632
58528637
58528650
58528706
58528743
58528794
58528815
58528850
58528889
58528912
58528963
58528970
58529002
58529028
58529047
58529088
58529149
58529152
58529213
58529225
58529294
58529313
58529343
58529360
58529475
58529505
58529557
58529565
58529574
58529601
58529678
58529748
58529749
58529758
58529803
58529818
58529876
58529892
58529893
58529938
58530061
58530092
58530162
58530165
58530196
58530259
58530352
58530384
58530385
58530388
58530470
58530527
58530587
58530588
58530738
58530743
58530747
58530754
58530836
58530861
58530954
58530957
58530960
58531007
58531029
58531036
58531070
58531078
58531097
58531100
58531149
58531154
58531253
58531268
58531335
58531398
58531408
58531410
58531413
58531419
58531430
58531446
58531449
58531508
58531511
58531532
58531535
58531546
58531548
58531559
58531602
58531665
58531763
58531787
58531822
58531931
58531953
58532045
58532087
58532093
58532105
58532124
58532174
58532180
58532187
58532224
58532302
58532336
58532404
58532428
58532666
58532688
58532758
58532785
58532794
58532796
58532852
58532860
58532883
58532914
58532972
58532984
58532990
58532998
58533072
58533137
58533168
58533270
58533301
58533374
58533378
58533392
58533409
58533549
58533613
58533693
58533722
58533891
58533994
58534030
58534031
58534096
58534117
58534155
58534171
58534200
58534201
58534219
58534400
58534426
58534531
58534650
58534651
58534692
58534694
58534728
58534816
58534944
58534960
58534992
58535009
58535083
58535089
58535190
58535192
58535194
58535417
58535432
58535454
58535469
58535502
58535659
58535687
58535710
58535715
58535855
58535888
58535900
58535942
58535965
58536077
58536196
58536270
58536276
58536347
58536359
58536440
58536497
58536544
58536572
58536584
58536605
58536697
58536698
58536706
58536730
58536818
58536840
58536861
58536956
58536960
58536968
58537062
58537090
58537128
58537146
58537330
58537353
58537413
58537414
58537493
58537537
58537577
58537637
58537643
58537687
58537723
58537752
58537838
58537891
58537986
58538020
58538053
58538089
58538102
58538166
58538195
58538202
58538324
58538369
58538499
58538590
58538593
58538618
58538633
58538658
58538669
58538733
58538778
58538843
58539019
58539058
58539087
58539090
58539107
58539217
58539229
58539267
58539270
58539272
58539298
58539300
58539401
58539403
58539440
58539499
58539506
58539520
58539574
58539577
58539630
58539632
58539688
58539759
58539761
58539775
58539830
58539856
58539875
58539907
58539977
58540054
58540109
58540142
58540171
58540212
58540217
58540239
58540247
58540253
58540267
58540304
58540400
58540452
58540486
58540493
58540559
58540576
58540633
58540686
58540687
58540704
58540730
58540778
58540793
58540847
58540909
58541018
58541117
58541161
58541270
58541334
58541367
58541391
58541505
58541523
58541532
58541567
58541569
58541622
58541650
58541713
58541809
58541898
58541927
58541940
58542035
58542040
58542052
58542177
58542201
58542339
58542376
58542651
58542679
58542886
58542915
58542990
58543004
58543023
58543072
58543119
58543122
58543160
58543187
58543202
58543296
58543362
58543497
58543554
58543559
58543567
58543575
58543615
58543626
58543654
58543741
58543772
58543779
58543816
58543847
58543961
58543990
58544006
58544059
58544075
58544100
58544126
58544144
58544148
58544270
58544326
58544338
58544382
58544396
58544497
58544513
58544514
58544522
58544605
58544629
58544752
58544758
58544772
58544778
58544788
58544865
58544951
58544963
58544984
58545005
58545009
58545032
58545038
58545055
58545099
58545160
58545180
58545264
58545279
58545325
58545331
58545371
58545423
58545445
58545474
58545554
58545557
58545559
58545588
58545594
58545606
58545610
58545628
58545742
58545862
58545944
58545947
58545992
58546002
58546062
58546099
58546115
58546152
58546230
58546255
58546333
58546432
58546449
58546462
58546490
58546549
58546607
58546641
58546756
58546794
58546861
58546905
58546912
58546964
58547062
58547118
58547175
58547176
58547220
58547256
58547258
58547287
58547425
58547554
58547560
58547567
58547589
58547612
58547766
58547830
58547851
58547962
58547964
58547970
58547978
58548005
58548023
58548054
58548067
58548072
58548106
58548154
58548184
58548348
58548359
58548485
58548605
58548683
58548684
58548726
58548731
58548733
58548741
58548830
58549085
58549108
58549157
58549158
58549172
58549212
58549348
58549357
58549364
58549406
58549416
58549462
58549518
58549568
58549584
58549678
58549842
58549957
58549961
58550021
58550051
58550078
58550099
58550128
58550130
58550135
58550176
58550179
58550250
58550288
58550319
58550321
58550349
58550402
58550465
58550484
58550537
58550582
58550708
58550728
58550783
58550854
58550916
58550928
58550975
58551027
58551128
58551180
58551181
58551201
58551236
58551255
58551284
58551379
58551404
58551435
58551512
58551574
58551620
58551726
58551795
58551825
58551963
58552085
58552108
58552253
58552256
58552283
58552406
58552484
58552515
58552533
58552537
58552590
58552664
58552725
58552759
58552843
58552959
58553067
58553275
58553461
58553496
58553511
58553552
58553565
58553610
58553747
58553765
58553767
58553853
58553860
58553900
58553902
58553929
58553938
58553969
58553970
58554032
58554099
58554110
58554135
58554182
58554194
58554237
58554304
58554391
58554448
58554560
58554770
58554774
58554816
58554839
58554873
58554897
58554917
58554966
58554980
58554986
58555003
58555125
58555147
58555185
58555233
58555235
58555247
58555258
58555268
58555333
58555378
58555465
58555479
58555530
58555635
58555646
58555667
58555676
58555729
58555813
58555823
58555859
58555879
58555891
58555908
58555917
58555918
58555965
58556076
58556116
58556121
58556168
58556183
58556256
58556261
58556262
58556364
58556388
58556410
58556475
58556478
58556574
58556622
58556649
58556794
58556797
58556803
58556895
58557045
58557298
58557311
58557363
58557404
58557421
58557456
58557493
58557583
58557589
58557626
58557639
58557685
58557705
58557710
58557778
58557808
58557835
58557880
58557932
58558092
58558096
58558122
58558125
58558132
58558145
58558177
58558208
58558228
58558311
58558323
58558356
58558357
58558402
58558421
58558526
58558563
58558662
58558664
58558703
58558724
58558734
58558755
58558760
58558949
58559057
58559134
58559166
58559307
58559478
58559491
58559519
58559530
58559546
58559569
58559603
58559627
58559700
58559706
58559730
58559745
58559822
58559841
58559890
58559905
58559965
58559988
58559995
58560028
58560040
58560084
58560253
58560255
58560272
58560299
58560409
58560435
58560493
58560501
58560513
58560580
58560623
58560633
58560647
58560660
58560705
58560772
58560823
58560891
58560935
58560963
58560997
58561021
58561080
58561129
58561138
58561175
58561215
58561241
58561259
58561265
58561330
58561468
58561545
58561577
58561585
58561602
58561650
58561654
58561696
58561738
58561740
58561754
58561789
58561816
58561819
58561828
58561857
58561881
58561886
58561901
58561907
58561987
58562065
58562311
58562380
58562425
58562430
58562440
58562452
58562555
58562582
58562632
58562643
58562669
58562819
58562835
58562952
58562957
58563085
58563313
58563349
58563389
58563424
58563469
58563520
58563541
58563554
58563583
58563600
58563637
58563751
58563879
58563954
58563976
58563993
58563994
58564074
58564112
58564166
58564180
58564188
58564317
58564321
58564363
58564385
58564398
58564404
58564444
58564447
58564478
58564486
58564515
58564523
58564603
58564609
58564612
58564627
58564683
58564826
58564928
58565000
58565053
58565087
58565106
58565263
58565394
58565504
58565643
58565684
58565692
58565706
58565750
58565818
58565832
58565970
58566008
58566042
58566069
58566081
58566083
58566087
58566096
58566218
58566231
58566307
58566311
58566439
58566451
58566454
58566492
58566507
58566564
58566648
58566783
58566848
58566870
58566879
58566880
58566881
58566977
58567083
58567103
58567106
58567122
58567163
58567179
58567183
58567195
58567222
58567252
58567307
58567327
58567345
58567440
58567442
58567444
58567474
58567487
58567514
58567519
58567523
58567525
58567624
58567681
58567726
58567754
58567784
58567786
58567787
58567822
58567844
58567866
58567885
58567888
58567893
58567903
58567912
58567935
58568004
58568085
58568137
58568140
58568152
58568155
58568178
58568183
58568189
58568209
58568218
58568232
58568239
58568288
58568327
58568425
58568455
58568512
58568591
58568615
58568617
58568648
58569028
58569081
58569119
58569143
58569193
58569206
58569209
58569253
58569319
58569387
58569469
58569496
58569531
58569538
58569542
58569614
58569621
58569643
58569660
58569691
58569737
58569743
58569753
58569906
58569935
58570053
58570108
58570156
58570195
58570253
58570255
58570280
58570290
58570322
58570333
58570334
58570348
58570406
58570415
58570484
58570570
58570599
58570621
58570695
58570726
58570729
58570901
58570903
58570963
58571000
58571019
58571021
58571181
58571190
58571199
58571286
58571319
58571329
58571373
58571374
58571410
58571479
58571490
58571495
58571530
58571551
58571553
58571559
58571563
58571564
58571661
58571678
58571848
58571849
58571877
58571997
58572030
58572190
58572194
58572203
58572215
58572245
58572356
58572381
58572403
58572496
58572533
58572578
58572611
58572615
58572641
58572694
58572781
58572804
58572806
58572832
58572842
58572883
58572933
58572938
58573002
58573150
58573187
58573276
58573279
58573281
58573286
58573291
58573328
58573399
58573403
58573411
58573468
58573492
58573561
58573673
58573736
58573777
58573821
58573831
58573860
58573879
58573884
58573887
58574041
58574122
58574138
58574164
58574184
58574213
58574223
58574228
58574280
58574303
58574310
58574329
58574432
58574440
58574521
58574652
58574664
58574672
58574766
58574854
58574903
58574910
58574951
58574976
58574997
58575055
58575068
58575094
58575114
58575123
58575192
58575222
58575273
58575274
58575331
58575347
58575358
58575431
58575438
58575468
58575489
58575526
58575564
58575632
58575688
58575738
58575748
58575752
58575777
58575955
58575967
58576023
58576026
58576206
58576228
58576236
58576481
58576563
58576593
58576640
58576713
58576739
58576764
58576809
58576810
58576837
58576893
58576977
58576995
58576997
58577035
58577048
58577060
58577062
58577088
58577163
58577185
58577190
58577210
58577226
58577284
58577318
58577351
58577353
58577518
58577574
58577585
58577624
58577718
58577741
58577797
58577953
58577957
58578032
58578039
58578116
58578132
58578133
58578139
58578184
58578185
58578216
58578221
58578240
58578271
58578293
58578328
58578329
58578360
58578398
58578401
58578414
58578477
58578490
58578508
58578521
58578561
58578609
58578640
58578672
58578765
58578818
58578820
58579000
58579036
58579153
58579155
58579191
58579208
58579256
58579257
58579258
58579404
58579575
58579629
58579638
58579663
58579704
58579728
58579753
58579788
58579845
58579862
58579919
58579948
58579968
58579977
58580123
58580160
58580192
58580258
58580275
58580321
58580365
58580375
58580439
58580442
58580480
58580496
58580535
58580590
58580652
58580656
58580658
58580668
58580678
58580699
58580733
58580742
58580783
58580788
58580821
58580828
58580880
58580891
58580916
58580933
58580972
58580995
58581024
58581133
58581173
58581176
58581235
58581243
58581373
58581392
58581472
58581555
58581561
58581593
58581596
58581643
58581644
58581663
58581666
58581689
58581787
58581834
58581852
58581879
58581889
58581902
58581909
58581921
58581948
58581990
58582077
58582080
58582092
58582109
58582110
58582167
58582193
58582240
58582242
58582248
58582270
58582338
58582357
58582368
58582418
58582454
58582491
58582510
58582526
58582540
58582551
58582559
58582571
58582597
58582681
58582786
58582798
58582802
58582864
58582875
58582928
58582933
58582935
58582944
58582955
58583006
58583058
58583110
58583173
58583260
58583277
58583306
58583354
58583357
58583364
58583482
58583522
58583729
58583732
58583877
58584097
58584133
58584143
58584197
58584251
58584257
58584286
58584314
58584383
58584394
58584402
58584448
58584452
58584543
58584591
58584623
58584700
58584744
58584783
58584886
58584892
58584944
58585001
58585036
58585042
58585072
58585093
58585097
58585156
58585211
58585279
58585294
58585302
58585332
58585338
58585341
58585344
58585346
58585382
58585405
58585409
58585422
58585424
58585425
58585429
58585475
58585501
58585568
58585607
58585710
58585725
58585774
58585778
58585810
58585864
58585900
58585920
58585924
58585961
58586025
58586076
58586080
58586081
58586133
58586255
58586365
58586460
58586479
58586487
58586592
58586662
58586674
58586687
58586688
58586722
58586733
58586772
58586817
58586898
58586900
58586974
58587016
58587023
58587090
58587198
58587274
58587319
58587371
58587386
58587399
58587434
58587442
58587487
58587493
58587499
58587528
58587538
58587638
58587641
58587660
58587702
58587761
58587799
58587825
58587884
58587983
58588123
58588149
58588218
58588235
58588299
58588354
58588365
58588378
58588386
58588393
58588411
58588442
58588457
58588481
58588491
58588515
58588531
58588535
58588568
58588607
58588613
58588655
58588698
58588725
58588739
58588748
58588779
58588781
58588924
58588940
58588949
58588984
58589014
58589015
58589029
58589035
58589040
58589068
58589109
58589154
58589156
58589175
58589220
58589246
58589248
58589249
58589263
58589322
58589343
58589373
58589394
58589453
58589469
58589536
58589555
58589608
58589623
58589640
58589656
58589704
58589782
58589903
58589963
58590028
58590029
58590120
58590229
58590240
58590345
58590385
58590396
58590407
58590471
58590707
58590715
58590761
58590858
58590882
58590903
58590909
58590930
58590941
58590952
58590956
58590995
58591111
58591250
58591255
58591335
58591354
58591401
58591416
58591479
58591534
58591562
58591582
58591741
58591768
58591771
58591804
58591873
58591906
58592048
58592079
58592083
58592098
58592104
58592136
58592189
58592190
58592266
58592337
58592379
58592382
58592486
58592488
58592605
58592638
58592640
58592647
58592652
58592797
58592798
58592811
58592858
58592975
58592981
58592999
58593000
58593003
58593019
58593112
58593174
58593297
58593318
58593371
58593400
58593437
58593459
58593527
58593578
58593677
58593763
58593771
58593782
58593841
58593890
58593902
58593945
58593981
58593988
58594037
58594102
58594138
58594139
58594172
58594198
58594235
58594320
58594321
58594347
58594378
58594397
58594407
58594433
58594452
58594524
58594527
58594620
58594645
58594650
58594701
58594705
58594734
58594737
58594741
58594758
58594799
58594810
58594831
58594861
58594867
58594872
58594913
58594935
58594980
58595012
58595043
58595133
58595178
58595191
58595194
58595293
58595323
58595336
58595357
58595376
58595401
58595464
58595498
58595515
58595576
58595637
58595642
58595712
58595722
58595737
58595807
58595810
58595922
58595972
58596055
58596076
58596081
58596127
58596155
58596187
58596190
58596274
58596391
58596435
58596485
58596538
58596739
58596765
58596767
58596822
58596845
58596903
58596943
58596951
58596963
58597141
58597182
58597187
58597266
58597348
58597424
58597481
58597509
58597518
58597590
58597626
58597657
58597676
58597700
58597729
58597759
58597851
58597999
58598005
58598019
58598095
58598104
58598132
58598170
58598269
58598280
58598350
58598444
58598457
58598463
58598467
58598474
58598521
58598557
58598559
58598567
58598692
58598726
58598737
58598755
58598760
58598789
58598846
58598871
58598905
58598911
58598937
58598948
58599017
58599130
58599188
58599218
58599258
58599273
58599285
58599369
58599449
58599461
58599464
58599472
58599534
58599573
58599607
58599609
58599653
58599728
58599731
58599789
58599827
58599853
58599862
58600184
58600205
58600236
58600249
58600351
58600392
58600430
58600483
58600497
58600529
58600583
58600603
58600648
58600669
58600684
58600691
58600743
58600749
58600785
58600795
58600802
58600874
58600898
58600982
58600986
58600988
58601000
58601013
58601027
58601075
58601105
58601114
58601163
58601171
58601180
58601187
58601214
58601223
58601255
58601258
58601292
58601368
58601453
58601466
58601523
58601529
58601531
58601540
58601554
58601591
58601661
58601673
58601683
58601691
58601707
58601722
58601739
58601778
58601817
58601866
58601924
58601932
58601943
58601961
58601991
58602131
58602143
58602148
58602177
58602178
58602196
58602259
58602529
58602555
58602568
58602582
58602628
58602645
58602654
58602699
58602734
58602811
58602988
58603006
58603152
58603167
58603180
58603216
58603305
58603339
58603380
58603403
58603416
58603494
58603524
58603529
58603555
58603591
58603665
58603740
58603763
58603847
58603879
58603881
58603896
58603970
58604000
58604010
58604044
58604051
58604062
58604066
58604082
58604147
58604193
58604211
58604246
58604261
58604263
58604327
58604366
58604396
58604422
58604443
58604454
58604460
58604468
58604486
58604531
58604600
58604798
58604922
58604927
58604974
58605030
58605084
58605109
58605124
58605249
58605254
58605259
58605305
58605310
58605370
58605394
58605437
58605457
58605476
58605518
58605570
58605592
58605646
58605650
58605660
58605693
58605738
58605782
58605838
58605858
58605870
58605997
58606024
58606063
58606158
58606184
58606211
58606232
58606287
58606294
58606307
58606324
58606349
58606373
58606378
58606379
58606381
58606410
58606482
58606492
58606639
58606677
58606694
58606700
58606701
58606715
58606725
58606821
58606843
58606978
58607078
58607092
58607117
58607125
58607148
58607186
58607199
58607304
58607310
58607321
58607352
58607379
58607380
58607383
58607477
58607486
58607487
58607631
58607654
58607657
58607694
58607765
58607772
58607855
58607924
58607947
58607995
58608035
58608245
58608265
58608343
58608521
58608548
58608571
58608606
58608743
58608776
58608783
58608903
58608928
58608947
58608961
58608972
58608994
58609003
58609004
58609088
58609089
58609091
58609093
58609097
58609098
58609103
58609130
58609164
58609227
58609374
58609405
58609423
58609437
58609483
58609488
58609508
58609518
58609534
58609584
58609585
58609703
58609738
58609742
58609824
58609851
58609853
58609865
58609908
58610006
58610076
58610092
58610094
58610149
58610263
58610319
58610325
58610352
58610355
58610359
58610376
58610378
58610502
58610506
58610582
58610606
58610607
58610613
58610653
58610745
58610805
58610855
58610935
58610942
58611006
58611014
58611116
58611124
58611167
58611239
58611243
58611298
58611321
58611348
58611377
58611521
58611542
58611543
58611563
58611597
58611627
58611681
58611728
58611732
58611761
58611781
58611782
58611826
58611834
58611837
58611874
58611883
58611932
58611938
58612119
58612128
58612176
58612209
58612361
58612393
58612462
58612467
58612554
58612598
58612654
58612734
58612779
58612790
58612801
58612830
58612878
58612928
58612940
58612947
58612976
58613098
58613104
58613131
58613161
58613183
58613220
58613238
58613303
58613390
58613431
58613493
58613579
58613590
58613608
58613658
58613783
58613836
58613853
58613873
58613882
58613937
58613976
58614009
58614053
58614079
58614155
58614157
58614160
58614202
58614272
58614371
58614384
58614385
58614585
58614592
58614609
58614668
58614783
58614805
58614830
58614933
58614937
58614939
58614946
58614981
58615007
58615176
58615246
58615291
58615314
58615361
58615406
58615424
58615556
58615565
58615594
58615611
58615665
58615711
58615715
58615774
58615805
58615872
58615907
58615913
58615990
58616038
58616105
58616117
58616118
58616120
58616144
58616180
58616224
58616265
58616280
58616305
58616461
58616471
58616484
58616492
58616548
58616555
58616577
58616619
58616620
58616630
58616637
58616650
58616652
58616659
58616690
58616709
58616733
58616837
58616867
58616892
58616902
58616907
58616935
58616945
58616977
58616978
58617003
58617007
58617024
58617049
58617069
58617100
58617112
58617153
58617166
58617193
58617261
58617336
58617342
58617343
58617377
58617381
58617386
58617389
58617407
58617439
58617452
58617455
58617461
58617463
58617475
58617482
58617511
58617521
58617527
58617573
58617668
58617672
58617693
58617697
58617713
58617750
58617752
58617759
58617795
58617817
58617830
58617834
58617847
58617858
58617928
58617938
58617944
58617959
58617983
58618011
58618021
58618083
58618175
58618185
58618197
58618205
58618291
58618297
58618319
58618337
58618338
58618352
58618370
58618374
58618403
58618415
58618452
58618454
58618486
58618507
58618575
58618644
58618734
58618745
58618799
58618830
58618858
58618885
58619133
58619176
58619303
58619348
58619384
58619476
58619501
58619527
58619537
58619590
58619608
58619667
58619763
58619790
58619823
58619855
58619900
58619921
58619991
58620004
58620023
58620030
58620032
58620056
58620069
58620086
58620162
58620166
58620218
58620228
58620279
58620326
58620343
58620364
58620371
58620374
58620387
58620394
58620411
58620488
58620531
58620690
58620691
58620699
58620713
58620720
58620741
58620764
58620772
58620776
58620790
58620848
58620854
58620887
58620981
58621078
58621104
58621111
58621156
58621204
58621305
58621333
58621381
58621417
58621530
58621537
58621545
58621551
58621555
58621577
58621697
58621727
58621753
58621817
58621890
58621969
58621981
58622010
58622044
58622091
58622099
58622179
58622211
58622373
58622410
58622413
58622475
58622476
58622567
58622595
58622614
58622621
58622629
58622630
58622632
58622633
58622634
58622636
58622638
58622640
58622642
58622644
58622646
58622647
58622650
58622653
58622654
58622655
58622656
58622657
58622658
58622660
58622661
58622663
58622664
58622665
58622666
58622670
58622671
58622672
58622674
58622676
58622677
58622678
58622680
58622682
58622683
58622684
58622686
58622689
58622746
58622752
58622802
58622881
58623167
58623168
58623171
58623256
58623257
58623277
58623301
58623324
58623362
58623371
58623402
58623442
58623454
58623463
58623465
58623476
58623557
58623558
58623560
58623561
58623562
58623563
58623564
58623565
58623566
58623567
58623568
58623569
58623570
58623571
58623572
58623577
58623578
58623581
58623583
58623584
58623594
58623623
58623663
58623675
58623713
58623743
58623750
58623778
58623812
58623814
58623835
58623890
58623967
58623974
58623983
58623985
58624083
58624084
58624123
58624146
58624162
58624187
58624203
58624232
58624233
58624246
58624251
58624311
58624405
58624502
58624504
58624507
58624516
58624610
58624639
58624645
58624647
58624677
58624688
58624697
58624726
58624801
58624852
58624896
58624914
58624962
58625045
58625049
58625057
58625286
58625312
58625321
58625430
58625435
58625500
58625525
58625542
58625551
58625584
58625585
58625586
58625644
58625706
58625769
58625810
58625825
58625836
58625840
58625944
58625997
58626001
58626029
58626067
58626090
58626108
58626156
58626177
58626192
58626198
58626225
58626226
58626257
58626287
58626289
58626305
58626324
58626424
58626448
58626468
58626471
58626472
58626477
58626485
58626500
58626514
58626549
58626575
58626620
58626629
58626640
58626727
58626766
58626768
58626954
58627002
58627005
58627022
58627038
58627058
58627097
58627102
58627135
58627148
58627172
58627178
58627182
58627200
58627206
58627209
58627223
58627224
58627268
58627285
58627297
58627312
58627440
58627489
58627563
58627677
58627703
58627704
58627736
58627862
58627863
58627866
58627878
58627882
58627888
58627920
58627924
58627935
58627948
58628035
58628055
58628069
58628075
58628130
58628212
58628228
58628244
58628246
58628259
58628303
58628306
58628356
58628373
58628475
58628489
58628497
58628515
58628529
58628549
58628620
58628626
58628662
58628666
58628710
58628806
58628825
58628827
58628892
58628928
58628943
58628994
58629016
58629154
58629170
58629171
58629216
58629220
58629324
58629332
58629333
58629361
58629395
58629417
58629427
58629474
58629476
58629481
58629522
58629564
58629566
58629567
58629614
58629713
58629811
58629938
58629957
58629993
58630014
58630125
58630126
58630153
58630192
58630227
58630240
58630256
58630353
58630367
58630405
58630427
58630435
58630481
58630487
58630499
58630515
58630530
58630559
58630565
58630583
58630598
58630623
58630627
58630634
58630635
58630662
58630711
58630714
58630744
58630762
58630775
58630786
58630820
58630841
58630843
58630847
58630896
58630916
58630919
58630934
58630967
58631014
58631046
58631092
58631145
58631146
58631193
58631212
58631222
58631231
58631238
58631240
58631269
58631290
58631331
58631346
58631348
58631416
58631468
58631501
58631502
58631513
58631567
58631580
58631615
58631668
58631672
58631691
58631705
58631711
58631722
58631741
58631760
58631858
58631879
58631881
58631912
58631915
58631943
58631991
58632014
58632024
58632055
58632150
58632188
58632235
58632260
58632354
58632379
58632389
58632411
58632413
58632424
58632433
58632441
58632485
58632490
58632509
58632513
58632526
58632531
58632583
58632624
58632640
58632641
58632659
58632667
58632670
58632709
58632760
58632765
58632793
58632798
58632824
58632829
58632844
58632859
58632927
58632929
58632933
58632953
58632967
58632983
58632984
58632986
58633056
58633077
58633082
58633198
58633230
58633273
58633377
58633395
58633413
58633419
58633452
58633468
58633510
58633520
58633529
58633575
58633577
58633708
58633714
58633717
58633810
58633977
58634059
58634091
58634159
58634184
58634257
58634273
58634310
58634346
58634398
58634427
58634437
58634450
58634466
58634489
58634506
58634517
58634532
58634548
58634553
58634562
58634597
58634626
58634632
58634676
58634696
58634701
58634712
58634718
58634765
58634799
58634804
58634885
58634949
58634963
58635019
58635046
58635056
58635071
58635077
58635090
58635091
58635216
58635272
58635280
58635281
58635343
58635375
58635436
58635455
58635483
58635484
58635504
58635529
58635531
58635590
58635591
58635660
58635698
58635717
58635721
58635726
58635740
58635760
58635764
58635813
58635859
58635882
58635908
58635925
58635947
58635981
58635984
58636069
58636074
58636084
58636099
58636121
58636143
58636192
58636280
58636403
58636405
58636489
58636501
58636514
58636543
58636687
58636695
58636727
58636747
58636758
58636761
58636777
58636778
58636790
58636793
58636804
58636807
58636823
58636835
58636837
58636857
58636858
58636859
58636983
58637042
58637095
58637365
58637394
58637401
58637408
58637480
58637492
58637493
58637506
58637547
58637559
58637575
58637579
58637584
58637631
58637658
58637798
58637836
58637847
58637887
58637888
58637889
58637891
58637892
58637894
58637897
58637899
58637900
58637901
58637902
58637903
58637904
58637905
58637906
58637908
58637909
58637911
58637912
58637913
58637915
58637916
58637918
58637920
58637921
58637922
58637924
58637925
58637927
58637928
58637929
58637930
58637931
58637932
58637933
58637934
58637935
58637937
58637939
58637941
58637944
58637945
58637947
58637948
58637949
58637955
58637957
58637961
58637995
58638038
58638061
58638065
58638066
58638110
58638119
58638120
58638226
58638273
58638277
58638298
58638308
58638310
58638327
58638342
58638352
58638361
58638367
58638373
58638375
58638389
58638390
58638398
58638416
58638435
58638451
58638475
58638479
58638496
58638521
58638536
58638613
58638633
58638655
58638679
58638708
58638719
58638775
58638794
58638822
58638825
58638833
58638857
58638862
58638881
58638914
58638918
58638921
58638951
58638954
58638963
58638978
58639026
58639105
58639123
58639208
58639219
58639222
58639244
58639251
58639347
58639353
58639372
58639408
58639432
58639458
58639464
58639465
58639479
58639481
58639489
58639491
58639496
58639557
58639672
58639701
58639774
58639893
58639903
58639983
58639996
58640020
58640039
58640152
58640203
58640354
58640392
58640442
58640449
58640467
58640499
58640620
58640626
58640627
58640631
58640644
58640690
58640726
58640740
58640791
58640799
58641086
58641157
58641159
58641160
58641161
58641179
58641347
58641379
58641422
58641440
58641515
58641551
58641601
58641727
58641752
58641760
58641927
58642013
58642053
58642066
58642166
58642225
58642237
58642286
58642287
58642295
58642361
58642381
58642450
58642460
58642469
58642471
58642518
58642563
58642576
58642583
58642606
58642618
58642639
58642697
58642752
58642905
58642908
58642917
58642944
58643023
58643070
58643141
58643143
58643172
58643181
58643190
58643208
58643215
58643242
58643271
58643346
58643368
58643394
58643402
58643433
58643447
58643457
58643463
58643471
58643483
58643503
58643510
58643518
58643523
58643525
58643555
58643591
58643601
58643614
58643621
58643769
58643803
58643973
58643979
58644128
58644315
58644382
58644391
58644415
58644464
58644469
58644482
58644656
58644675
58644721
58644750
58644774
58644794
58644888
58644907
58644955
58644971
58645016
58645072
58645134
58645225
58645237
58645238
58645260
58645265
58645347
58645383
58645386
58645393
58645414
58645452
58645458
58645527
58645562
58645676
58645775
58645830
58645850
58645868
58645885
58645911
58645923
58645925
58645945
58646012
58646035
58646054
58646056
58646078
58646098
58646105
58646106
58646116
58646133
58646168
58646180
58646196
58646210
58646370
58646374
58646392
58646394
58646407
58646408
58646418
58646453
58646500
58646525
58646662
58646750
58646754
58646882
58646884
58646887
58646982
58646994
58647006
58647014
58647033
58647041
58647047
58647063
58647086
58647161
58647200
58647274
58647279
58647293
58647294
58647345
58647367
58647376
58647380
58647412
58647426
58647462
58647476
58647498
58647518
58647519
58647527
58647647
58647677
58647730
58647731
58647734
58647758
58647840
58647911
58647935
58647959
58648001
58648073
58648074
58648116
58648151
58648223
58648248
58648257
58648317
58648329
58648340
58648403
58648564
58648610
58648616
58648714
58648735
58648743
58648752
58648927
58648985
58649008
58649117
58649121
58649122
58649130
58649162
58649164
58649367
58649377
58649390
58649401
58649501
58649553
58649606
58649640
58649647
58649670
58649756
58649838
58649862
58649970
58650025
58650089
58650228
58650229
58650260
58650291
58650343
58650511
58650571
58650582
58650779
58650824
58650850
58650892
58650988
58651062
58651113
58651139
58651151
58651191
58651196
58651225
58651238
58651387
58651389
58651406
58651449
58651456
58651538
58651559
58651578
58651604
58651632
58651708
58651812
58651875
58652003
58652062
58652081
58652112
58652150
58652291
58652301
58652306
58652344
58652345
58652359
58652373
58652405
58652450
58652568
58652644
58652651
58652764
58653027
58653059
58653201
58653214
58653240
58653427
58653449
58653457
58653515
58653520
58653534
58653535
58653566
58653604
58653715
58653730
58653806
58653815
58653818
58653827
58653859
58653917
58653971
58654004
58654005
58654076
58654092
58654288
58654289
58654383
58654439
58654452
58654496
58654506
58654520
58654552
58654645
58654678
58654693
58654769
58654803
58654928
58655042
58655048
58655283
58655288
58655327
58655335
58655378
58655385
58655410
58655432
58655508
58655534
58655548
58655561
58655619
58655623
58655629
58655630
58655685
58655759
58655776
58655813
58655815
58655821
58655837
58655838
58655888
58655908
58655919
58655981
58656030
58656037
58656087
58656094
58656112
58656133
58656207
58656221
58656247
58656350
58656352
58656353
58656354
58656356
58656358
58656362
58656393
58656440
58656451
58656468
58656517
58656533
58656538
58656571
58656650
58656651
58656656
58656678
58656799
58656858
58656889
58656890
58656892
58656899
58656900
58656901
58656961
58656980
58656983
58657052
58657082
58657087
58657108
58657170
58657172
58657176
58657188
58657207
58657238
58657331
58657370
58657371
58657452
58657508
58657561
58657604
58657612
58657624
58657634
58657635
58657638
58657650
58657667
58657677
58657824
58657842
58657928
58657951
58657953
58657956
58658024
58658041
58658086
58658090
58658105
58658150
58658151
58658171
58658436
58658446
58658617
58658651
58658752
58658806
58658831
58658836
58658859
58658868
58658881
58658883
58658889
58658915
58658988
58659013
58659040
58659070
58659105
58659107
58659110
58659119
58659129
58659157
58659226
58659231
58659342
58659382
58659390
58659391
58659420
58659427
58659451
58659469
58659552
58659620
58659644
58659738
58659771
58659830
58659902
58659936
58660065
58660092
58660171
58660214
58660234
58660235
58660238
58660241
58660398
58660413
58660431
58660497
58660528
58660536
58660547
58660583
58660629
58660631
58660667
58660679
58660683
58660753
58660862
58660869
58660883
58660902
58660952
58660982
58661191
58661213
58661228
58661229
58661236
58661253
58661273
58661328
58661358
58661381
58661425
58661438
58661470
58661512
58661555
58661722
58661762
58661855
58661929
58661951
58661977
58662087
58662160
58662178
58662182
58662193
58662209
58662220
58662236
58662237
58662249
58662338
58662383
58662539
58662602
58662716
58662742
58662762
58662820
58662876
58662911
58662921
58662992
58663013
58663021
58663046
58663064
58663133
58663136
58663151
58663160
58663185
58663186
58663207
58663211
58663243
58663256
58663258
58663315
58663317
58663326
58663366
58663376
58663393
58663415
58663423
58663430
58663434
58663555
58663564
58663608
58663624
58663679
58663729
58663750
58663775
58663778
58663806
58663854
58663898
58663908
58663926
58663928
58663935
58663946
58664007
58664027
58664225
58664247
58664262
58664319
58664323
58664324
58664416
58664503
58664615
58664655
58664735
58664738
58664740
58664755
58664787
58664847
58664907
58664920
58665009
58665051
58665059
58665062
58665090
58665097
58665098
58665121
58665264
58665272
58665286
58665289
58665335
58665376
58665448
58665458
58665459
58665460
58665466
58665474
58665491
58665507
58665571
58665573
58665588
58665673
58665674
58665740
58665782
58665981
58665997
58666031
58666079
58666088
58666098
58666237
58666255
58666280
58666321
58666326
58666371
58666486
58666581
58666618
58666694
58666721
58666810
58666844
58666886
58666894
58666935
58667039
58667107
58667150
58667161
58667169
58667176
58667181
58667219
58667224
58667256
58667271
58667274
58667306
58667312
58667337
58667354
58667493
58667502
58667508
58667631
58667632
58667664
58667693
58667776
58667804
58667807
58667852
58667964
58667989
58668024
58668102
58668123
58668286
58668294
58668300
58668356
58668372
58668419
58668478
58668489
58668497
58668515
58668517
58668520
58668523
58668533
58668549
58668551
58668557
58668558
58668560
58668567
58668602
58668603
58668606
58668611
58668631
58668638
58668644
58668654
58668663
58668669
58668716
58668763
58668797
58669043
58669063
58669178
58669191
58669251
58669318
58669335
58669389
58669412
58669442
58669473
58669475
58669574
58669668
58669718
58669745
58669867
58669906
58669908
58669935
58669944
58670003
58670027
58670100
58670109
58670119
58670147
58670170
58670227
58670234
58670317
58670460
58670481
58670550
58670572
58670600
58670630
58670683
58670699
58670700
58670717
58670734
58670741
58670747
58670899
58670906
58670975
58671060
58671100
58671116
58671134
58671210
58671277
58671295
58671422
58671453
58671470
58671492
58671524
58671538
58671563
58671570
58671575
58671609
58671623
58671663
58671664
58671676
58671685
58671956
58671975
58671980
58672002
58672027
58672063
58672078
58672113
58672151
58672158
58672261
58672270
58672449
58672457
58672481
58672483
58672535
58672572
58672633
58672720
58672721
58672794
58672796
58672865
58672995
58673009
58673039
58673053
58673114
58673155
58673276
58673280
58673313
58673437
58673569
58673596
58673608
58673624
58673653
58673736
58673750
58673790
58673794
58673800
58673825
58673838
58673855
58673865
58673889
58673924
58673938
58674083
58674107
58674115
58674119
58674133
58674178
58674200
58674279
58674335
58674358
58674443
58674500
58674538
58674603
58674674
58674677
58674697
58674698
58674715
58674717
58674790
58674800
58674823
58674874
58674888
58674893
58674895
58674897
58674919
58674921
58674930
58674932
58674936
58674960
58674970
58675010
58675012
58675166
58675230
58675252
58675387
58675429
58675531
58675576
58675656
58675693
58675802
58675852
58675892
58675899
58676132
58676231
58676265
58676307
58676349
58676381
58676410
58676468
58676473
58676475
58676479
58676499
58676502
58676535
58676550
58676558
58676646
58676746
58676748
58676749
58676752
58676756
58676757
58676780
58676818
58676834
58676839
58676841
58677019
58677051
58677071
58677097
58677105
58677217
58677218
58677238
58677247
58677253
58677265
58677293
58677322
58677328
58677330
58677381
58677421
58677423
58677429
58677434
58677460
58677463
58677608
58677647
58677653
58677730
58677733
58677792
58677793
58677812
58677814
58677835
58677838
58677852
58677893
58677896
58677898
58677935
58677979
58677988
58677991
58678054
58678070
58678120
58678179
58678182
58678191
58678227
58678246
58678339
58678355
58678356
58678391
58678397
58678436
58678439
58678549
58678601
58678610
58678645
58678832
58678952
58678954
58678968
58679037
58679082
58679094
58679114
58679142
58679149
58679160
58679184
58679232
58679246
58679334
58679335
58679347
58679410
58679469
58679552
58679564
58679571
58679575
58679647
58679742
58679779
58679793
58679821
58679882
58679963
58679964
58679965
58679994
58680079
58680086
58680087
58680170
58680227
58680247
58680285
58680301
58680332
58680350
58680361
58680426
58680480
58680498
58680567
58680595
58680601
58680609
58680639
58680710
58680779
58680875
58680891
58680937
58681007
58681084
58681107
58681108
58681123
58681159
58681178
58681214
58681240
58681311
58681325
58681333
58681347
58681348
58681378
58681471
58681488
58681507
58681532
58681591
58681595
58681605
58681627
58681660
58681677
58681714
58681792
58681821
58681891
58681900
58681961
58682091
58682181
58682249
58682294
58682309
58682311
58682349
58682360
58682484
58682486
58682497
58682498
58682543
58682563
58682566
58682574
58682598
58682636
58682649
58682656
58682674
58682680
58682686
58682689
58682715
58682716
58682762
58682770
58682827
58682866
58682881
58682901
58682938
58682995
58683026
58683046
58683066
58683080
58683082
58683092
58683183
58683206
58683219
58683451
58683463
58683467
58683545
58683584
58683655
58683764
58683776
58683818
58683819
58683878
58683895
58683920
58683938
58683939
58683977
58684068
58684119
58684160
58684237
58684241
58684242
58684265
58684276
58684334
58684346
58684352
58684353
58684368
58684405
58684408
58684410
58684435
58684439
58684446
58684511
58684515
58684574
58684575
58684576
58684577
58684659
58684702
58684731
58684733
58684738
58684743
58684748
58684781
58684829
58684926
58684973
58685064
58685140
58685147
58685157
58685334
58685343
58685390
58685408
58685420
58685438
58685441
58685477
58685531
58685551
58685561
58685596
58685610
58685614
58685696
58685720
58685781
58685807
58685869
58685902
58685930
58685931
58685938
58685943
58685968
58685980
58685985
58686018
58686041
58686044
58686051
58686068
58686169
58686188
58686198
58686248
58686283
58686284
58686304
58686306
58686307
58686309
58686319
58686338
58686347
58686408
58686421
58686436
58686472
58686493
58686507
58686530
58686575
58686588
58686597
58686633
58686658
58686697
58686712
58686729
58686772
58686807
58686813
58686845
58686858
58686894
58686940
58686978
58686988
58687022
58687024
58687159
58687163
58687171
58687181
58687267
58687295
58687379
58687410
58687435
58687484
58687491
58687521
58687589
58687640
58687676
58687696
58687701
58687728
58687759
58687768
58687864
58687869
58687880
58687953
58688021
58688040
58688072
58688109
58688110
58688124
58688164
58688178
58688183
58688255
58688267
58688298
58688317
58688330
58688375
58688380
58688398
58688428
58688433
58688444
58688488
58688500
58688502
58688532
58688538
58688623
58688699
58688803
58688816
58688824
58688825
58688848
58688851
58688877
58688882
58688929
58688948
58688950
58688955
58688983
58688991
58689044
58689053
58689086
58689100
58689125
58689132
58689144
58689162
58689223
58689238
58689239
58689250
58689270
58689272
58689282
58689298
58689355
58689357
58689472
58689527
58689581
58689595
58689611
58689685
58689690
58689716
58689720
58689742
58689829
58689887
58689937
58689941
58689948
58689966
58689969
58690015
58690032
58690033
58690038
58690047
58690063
58690084
58690132
58690159
58690174
58690225
58690285
58690301
58690341
58690395
58690532
58690584
58690585
58690586
58690708
58690714
58690765
58690780
58690793
58690884
58690913
58690974
58691020
58691021
58691051
58691056
58691100
58691106
58691138
58691206
58691209
58691250
58691278
58691279
58691280
58691326
58691379
58691382
58691400
58691421
58691448
58691467
58691486
58691541
58691548
58691779
58691795
58691860
58691898
58691901
58691903
58691908
58691911
58691937
58691947
58692042
58692047
58692087
58692095
58692103
58692111
58692129
58692135
58692193
58692270
58692275
58692288
58692356
58692397
58692411
58692459
58692460
58692465
58692477
58692518
58692574
58692579
58692594
58692599
58692635
58692651
58692668
58692752
58692781
58692793
58692801
58692805
58692877
58692888
58692894
58693013
58693020
58693030
58693034
58693070
58693110
58693199
58693266
58693280
58693296
58693320
58693372
58693447
58693488
58693494
58693565
58693582
58693584
58693596
58693598
58693613
58693625
58693652
58693658
58693674
58693721
58693745
58693834
58693869
58693983
58694038
58694083
58694085
58694087
58694122
58694123
58694172
58694179
58694214
58694238
58694245
58694299
58694347
58694350
58694401
58694411
58694424
58694465
58694529
58694536
58694538
58694561
58694607
58694609
58694638
58694680
58694711
58694716
58694717
58694747
58694773
58694801
58694810
58694811
58694820
58694822
58694834
58694838
58694869
58694879
58694891
58694908
58695037
58695040
58695106
58695142
58695150
58695157
58695158
58695220
58695225
58695230
58695234
58695271
58695307
58695315
58695329
58695338
58695345
58695354
58695380
58695389
58695409
58695417
58695428
58695433
58695438
58695446
58695613
58695644
58695654
58695671
58695675
58695685
58695706
58695825
58695830
58695834
58695878
58695921
58695944
58695963
58695976
58695990
58696003
58696018
58696029
58696036
58696091
58696097
58696125
58696153
58696166
58696185
58696188
58696195
58696205
58696231
58696255
58696305
58696348
58696456
58696462
58696474
58696526
58696527
58696567
58696572
58696610
58696626
58696732
58696752
58696768
58696790
58696811
58696849
58696854
58696866
58696872
58696880
58696890
58696909
58696933
58697002
58697016
58697046
58697048
58697065
58697086
58697102
58697126
58697167
58697172
58697193
58697232
58697235
58697272
58697283
58697310
58697315
58697376
58697390
58697437
58697461
58697462
58697480
58697488
58697515
58697572
58697596
58697602
58697606
58697622
58697650
58697675
58697714
58697731
58697734
58697802
58697862
58697884
58697898
58697904
58697908
58697923
58697925
58697943
58697965
58697974
58697991
58698027
58698038
58698071
58698073
58698127
58698179
58698207
58698268
58698290
58698340
58698345
58698411
58698420
58698454
58698481
58698543
58698592
58698652
58698653
58698737
58698738
58698760
58698773
58698781
58698824
58698879
58698884
58698887
58698917
58698931
58698939
58699039
58699046
58699056
58699082
58699087
58699123
58699130
58699131
58699139
58699153
58699188
58699196
58699200
58699204
58699207
58699269
58699287
58699295
58699371
58699407
58699411
58699468
58699517
58699561
58699624
58699710
58699718
58699772
58699779
58699854
58699864
58699944
58700021
58700031
58700032
58700083
58700084
58700115
58700125
58700157
58700212
58700220
58700236
58700258
58700259
58700299
58700309
58700347
58700364
58700456
58700467
58700469
58700551
58700618
58700664
58700666
58700681
58700708
58700775
58700787
58700859
58700902
58700908
58700931
58700961
58700964
58701087
58701093
58701107
58701137
58701145
58701160
58701176
58701193
58701205
58701246
58701318
58701325
58701391
58701446
58701453
58701465
58701480
58701484
58701513
58701581
58701604
58701655
58701683
58701729
58701731
58701767
58701786
58701859
58701870
58701872
58701880
58701883
58701884
58701890
58701915
58701920
58701944
58701963
58701970
58701973
58702008
58702011
58702044
58702061
58702077
58702138
58702195
58702227
58702280
58702311
58702325
58702354
58702381
58702413
58702415
58702420
58702426
58702440
58702485
58702515
58702569
58702589
58702591
58702676
58702679
58702694
58702735
58702737
58702777
58702829
58702847
58702932
58702960
58702978
58702984
58703040
58703066
58703099
58703133
58703145
58703242
58703253
58703270
58703341
58703355
58703380
58703381
58703417
58703443
58703452
58703475
58703506
58703540
58703549
58703573
58703578
58703596
58703620
58703640
58703665
58703673
58703678
58703689
58703708
58703844
58703876
58703890
58703905
58703917
58703925
58703930
58703932
58703953
58703992
58704015
58704066
58704128
58704149
58704175
58704220
58704282
58704313
58704377
58704439
58704450
58704456
58704461
58704615
58704634
58704700
58704803
58704819
58704836
58704861
58704864
58704971
58704996
58705098
58705123
58705177
58705207
58705208
58705210
58705246
58705247
58705250
58705262
58705300
58705315
58705320
58705380
58705383
58705418
58705471
58705521
58705585
58705620
58705645
58705649
58705673
58705692
58705699
58705730
58705757
58705816
58705897
58705937
58705961
58706138
58706150
58706170
58706178
58706198
58706214
58706269
58706294
58706309
58706319
58706364
58706373
58706450
58706479
58706501
58706510
58706516
58706590
58706611
58706631
58706663
58706665
58706666
58706695
58706703
58706727
58706737
58706802
58706920
58706935
58706950
58706987
58707040
58707055
58707072
58707110
58707111
58707115
58707154
58707180
58707203
58707218
58707219
58707266
58707300
58707301
58707314
58707322
58707339
58707359
58707402
58707420
58707428
58707431
58707443
58707449
58707494
58707510
58707520
58707531
58707574
58707585
58707618
58707736
58707737
58707819
58707858
58707859
58707860
58707920
58707923
58707928
58707960
58707983
58707995
58707999
58708004
58708036
58708037
58708116
58708123
58708135
58708161
58708228
58708230
58708302
58708392
58708425
58708439
58708444
58708449
58708553
58708613
58708680
58708713
58708717
58708723
58708760
58708910
58709007
58709017
58709074
58709081
58709107
58709114
58709133
58709152
58709284
58709292
58709298
58709303
58709319
58709321
58709338
58709359
58709426
58709440
58709535
58709552
58709556
58709557
58709565
58709571
58709677
58709692
58709781
58709789
58709791
58709846
58709870
58709871
58709915
58709950
58709991
58709994
58710006
58710010
58710011
58710013
58710034
58710042
58710060
58710065
58710073
58710110
58710112
58710214
58710241
58710294
58710296
58710338
58710372
58710373
58710395
58710431
58710435
58710459
58710470
58710490
58710498
58710511
58710519
58710522
58710524
58710532
58710545
58710550
58710566
58710590
58710591
58710600
58710605
58710606
58710626
58710702
58710703
58710706
58710730
58710731
58710736
58710743
58710746
58710755
58710757
58710758
58710773
58710781
58710784
58710787
58710797
58710799
58710802
58710804
58710808
58710812
58710814
58710820
58710830
58710837
58710841
58710845
58710853
58710855
58710857
58710868
58710872
58710885
58710886
58710889
58710890
58710894
58710897
58710900
58710909
58710924
58710925
58710930
58710933
58710934
58710943
58710954
58710956
58710958
58710967
58710990
58710994
58710998
58711016
58711018
58711026
58711028
58711030
58711038
58711039
58711042
58711064
58711065
58711070
58711071
58711084
58711121
58711124
58711125
58711138
58711140
58711146
58711153
58711154
58711156
58711160
58711162
58711168
58711175
58711180
58711194
58711195
58711198
58711210
58711211
58711216
58711219
58711229
58711230
58711235
58711260
58711262
58711269
58711274
58711275
58711277
58711278
58711287
58711288
58711291
58711301
58711307
58711313
58711314
58711315
58711316
58711323
58711326
58711328
58711331
58711345
58711346
58711373
58711380
58711381
58711382
58711397
58711403
58711404
58711413
58711414
58711430
58711439
58711444
58711449
58711458
58711461
58711466
58711478
58711488
58711493
58711500
58711518
58711543
58711552
58711594
58711596
58711610
58711618
58711621
58711635
58711637
58711668
58711671
58711673
58711676
58711677
58711681
58711683
58711686
58711708
58711710
58711718
58711719
58711720
58711724
58711735
58711746
58711755
58711764
58711765
58711789
58711795
58711800
58711819
58711836
58711845
58711846
58711873
58711883
58711886
58711887
58711905
58711928
58711932
58711939
58711949
58711966
58711978
58712005
58712123
58712145
58712197
58712291
58712303
58712395
58712436
58712509
58712516
58712554
58712586
58712657
58712673
58712689
58712745
58712783
58712796
58712810
58712857
58712885
58712893
58712900
58712921
58712951
58713035
58713091
58713104
58713138
58713141
58713180
58713190
58713193
58713196
58713212
58713216
58713231
58713233
58713235
58713241
58713252
58713255
58713262
58713268
58713270
58713275
58713276
58713278
58713279
58713288
58713315
58713318
58713350
58713355
58713381
58713387
58713401
58713417
58713444
58713447
58713466
58713478
58713487
58713493
58713496
58713501
58713525
58713538
58713543
58713547
58713554
58713557
58713562
58713582
58713583
58713585
58713595
58713605
58713606
58713609
58713610
58713625
58713628
58713629
58713643
58713653
58713672
58713680
58713700
58713711
58713722
58713730
58713751
58713763
58713785
58713809
58713834
58713836
58713839
58713886
58713892
58713899
58713909
58713911
58713912
58713919
58713932
58713935
58713937
58713939
58713945
58713949
58713951
58713954
58713956
58713957
58713978
58713983
58713998
58714005
58714012
58714022
58714026
58714068
58714103
58714124
58714141
58714167
58714173
58714180
58714195
58714216
58714219
58714239
58714242
58714246
58714248
58714257
58714260
58714266
58714292
58714306
58714310
58714314
58714316
58714318
58714323
58714330
58714348
58714358
58714367
58714382
58714385
58714386
58714387
58714391
58714396
58714415
58714416
58714423
58714428
58714430
58714445
58714452
58714476
58714480
58714487
58714514
58714524
58714531
58714535
58714550
58714551
58714553
58714562
58714584
58714592
58714601
58714604
58714613
58714621
58714625
58714627
58714630
58714632
58714646
58714657
58714659
58714665
58714666
58714689
58714701
58714723
58714725
58714736
58714746
58714753
58714754
58714792
58714801
58714814
58714821
58714824
58714831
58714855
58714859
58714863
58714887
58714888
58714898
58714908
58714919
58714927
58714949
58714950
58714953
58714971
58714989
58714997
58715004
58715010
58715051
58715064
58715065
58715067
58715073
58715082
58715084
58715095
58715177
58715206
58715221
58715229
58715239
58715398
58715423
58715435
58715462
58715515
58715539
58715553
58715558
58715559
58715569
58715573
58715577
58715592
58715598
58715609
58715636
58715645
58715707
58715743
58715747
58715751
58715765
58715771
58715888
58715920
58715939
58715941
58715963
58715971
58716011
58716045
58716121
58716159
58716180
58716197
58716212
58716233
58716298
58716354
58716387
58716395
58716473
58716485
58716497
58716548
58716673
58716715
58716760
58716773
58716835
58716836
58716909
58716911
58716930
58716951
58717008
58717029
58717050
58717061
58717125
58717144
58717176
58717212
58717223
58717271
58717280
58717286
58717292
58717298
58717349
58717379
58717388
58717391
58717423
58717463
58717470
58717504
58717603
58717627
58717628
58717629
58717654
58717656
58717668
58717674
58717683
58717690
58717695
58717705
58717709
58717710
58717727
58717749
58717759
58717824
58717826
58717840
58717842
58717854
58717889
58717897
58717943
58717948
58717986
58718001
58718036
58718063
58718064
58718078
58718104
58718153
58718179
58718218
58718223
58718230
58718257
58718302
58718330
58718332
58718335
58718350
58718402
58718433
58718459
58718466
58718469
58718492
58718497
58718540
58718583
58718593
58718657
58718663
58718727
58718750
58718767
58718812
58718824
58718843
58718887
58718957
58719015
58719075
58719098
58719105
58719187
58719188
58719199
58719203
58719211
58719243
58719296
58719312
58719342
58719350
58719437
58719445
58719452
58719458
58719486
58719523
58719572
58719577
58719696
58719734
58719799
58719806
58719816
58719833
58719898
58719900
58719914
58719961
58720047
58720056
58720061
58720102
58720130
58720163
58720170
58720173
58720175
58720233
58720269
58720298
58720318
58720328
58720375
58720391
58720417
58720457
58720512
58720564
58720586
58720608
58720665
58720676
58720703
58720724
58720755
58720789
58720790
58720799
58720823
58720831
58720862
58720871
58720886
58720907
58720913
58720926
58720928
58720930
58720937
58720963
58720966
58721007
58721024
58721037
58721043
58721074
58721121
58721131
58721139
58721151
58721153
58721183
58721211
58721218
58721222
58721223
58721244
58721283
58721305
58721431
58721556
58721669
58721706
58721717
58721728
58721732
58721744
58721774
58721800
58721807
58721850
58721863
58721960
58721978
58721996
58722074
58722090
58722098
58722101
58722177
58722180
58722194
58722201
58722204
58722232
58722242
58722245
58722256
58722267
58722271
58722280
58722296
58722299
58722300
58722310
58722376
58722426
58722457
58722484
58722504
58722527
58722549
58722560
58722574
58722582
58722590
58722629
58722675
58722751
58722784
58722831
58722870
58722989
58723142
58723258
58723266
58723336
58723373
58723407
58723423
58723473
58723493
58723507
58723510
58723646
58723647
58723652
58723669
58723763
58723789
58723795
58723805
58723819
58723850
58723855
58723905
58723909
58723923
58723929
58723948
58723990
58724022
58724069
58724076
58724089
58724112
58724123
58724177
58724185
58724199
58724226
58724244
58724246
58724256
58724303
58724316
58724317
58724378
58724390
58724406
58724410
58724426
58724451
58724500
58724510
58724519
58724537
58724567
58724570
58724576
58724597
58724642
58724675
58724692
58724760
58724769
58724774
58724795
58724834
58724860
58724886
58724935
58724953
58724982
58724988
58725106
58725147
58725188
58725192
58725194
58725206
58725241
58725280
58725327
58725352
58725360
58725382
58725433
58725447
58725457
58725482
58725520
58725536
58725540
58725603
58725605
58725639
58725650
58725651
58725657
58725670
58725681
58725685
58725716
58725732
58725738
58725774
58725801
58725812
58725917
58725934
58725939
58725947
58725996
58726020
58726066
58726136
58726175
58726199
58726201
58726243
58726299
58726337
58726373
58726417
58726456
58726485
58726536
58726553
58726574
58726578
58726585
58726594
58726611
58726637
58726652
58726674
58726723
58726724
58726727
58726731
58726750
58726763
58726810
58726864
58726935
58726959
58726960
58726979
58726987
58727001
58727066
58727080
58727089
58727121
58727157
58727168
58727340
58727458
58727474
58727481
58727487
58727506
58727536
58727543
58727561
58727596
58727610
58727640
58727762
58727801
58727811
58727821
58727913
58727997
58728007
58728022
58728032
58728035
58728074
58728077
58728128
58728131
58728178
58728229
58728240
58728289
58728324
58728335
58728350
58728361
58728371
58728386
58728399
58728417
58728441
58728464
58728510
58728517
58728553
58728564
58728579
58728616
58728705
58728741
58728746
58728773
58728835
58728870
58728903
58728920
58728998
58729002
58729033
58729037
58729043
58729066
58729074
58729164
58729171
58729194
58729209
58729227
58729228
58729236
58729254
58729272
58729274
58729308
58729368
58729377
58729422
58729425
58729432
58729447
58729450
58729505
58729508
58729530
58729570
58729585
58729586
58729639
58729684
58729685
58729777
58729801
58729811
58729820
58729858
58729859
58729893
58729901
58729916
58729918
58729925
58729929
58729952
58729959
58729967
58729968
58729973
58730040
58730052
58730088
58730123
58730138
58730183
58730197
58730323
58730327
58730384
58730396
58730407
58730508
58730541
58730544
58730550
58730561
58730564
58730590
58730591
58730616
58730629
58730634
58730639
58730643
58730647
58730656
58730669
58730670
58730674
58730713
58730717
58730725
58730731
58730740
58730761
58730764
58730766
58730772
58730777
58730786
58730832
58730872
58730877
58730903
58730905
58730909
58730927
58730930
58730931
58730995
58730996
58731035
58731051
58731056
58731081
58731101
58731142
58731143
58731152
58731176
58731197
58731201
58731221
58731232
58731236
58731241
58731248
58731264
58731268
58731285
58731286
58731293
58731296
58731304
58731305
58731306
58731319
58731320
58731326
58731339
58731370
58731376
58731390
58731392
58731404
58731414
58731415
58731439
58731447
58731455
58731456
58731482
58731493
58731505
58731506
58731509
58731513
58731531
58731537
58731539
58731542
58731546
58731554
58731557
58731567
58731572
58731575
58731587
58731588
58731596
58731598
58731600
58731616
58731619
58731621
58731663
58731724
58731776
58731780
58731887
58731995
58732008
58732030
58732072
58732082
58732136
58732162
58732184
58732222
58732224
58732235
58732245
58732277
58732284
58732292
58732329
58732346
58732463
58732470
58732481
58732536
58732570
58732597
58732631
58732638
58732650
58732651
58732653
58732670
58732699
58732724
58732728
58732730
58732737
58732741
58732748
58732757
58732758
58732760
58732768
58732775
58732782
58732783
58732784
58732786
58732791
58732792
58732794
58732796
58732799
58732802
58732817
58732836
58732853
58732865
58732869
58732890
58732891
58732899
58732907
58732917
58732918
58732931
58732934
58732937
58732944
58732948
58732956
58732972
58732976
58732982
58732984
58732991
58732995
58733005
58733008
58733011
58733022
58733044
58733045
58733056
58733058
58733059
58733063
58733066
58733072
58733078
58733085
58733091
58733094
58733101
58733108
58733111
58733116
58733125
58733128
58733136
58733137
58733145
58733149
58733191
58733208
58733221
58733222
58733226
58733230
58733264
58733285
58733286
58733287
58733297
58733299
58733300
58733306
58733307
58733328
58733380
58733409
58733422
58733439
58733458
58733461
58733600
58733626
58733659
58733668
58733672
58733713
58733744
58733752
58733802
58733846
58733847
58733856
58733922
58733952
58733970
58733987
58734024
58734030
58734032
58734040
58734059
58734082
58734092
58734107
58734111
58734135
58734156
58734250
58734260
58734276
58734292
58734301
58734308
58734335
58734369
58734418
58734424
58734429
58734490
58734493
58734494
58734548
58734594
58734599
58734604
58734629
58734632
58734710
58734764
58734767
58734833
58734835
58734870
58734940
58734946
58734962
58734979
58735056
58735105
58735177
58735197
58735231
58735240
58735245
58735334
58735359
58735363
58735369
58735374
58735375
58735417
58735430
58735435
58735486
58735571
58735582
58735601
58735623
58735684
58735709
58735722
58735728
58735766
58735842
58735849
58735853
58735863
58735872
58735880
58735884
58735886
58735905
58735910
58735923
58735929
58735930
58735963
58735983
58735990
58736001
58736005
58736033
58736058
58736068
58736113
58736225
58736314
58736321
58736322
58736371
58736396
58736398
58736431
58736456
58736458
58736459
58736473
58736489
58736500
58736543
58736594
58736605
58736607
58736637
58736654
58736667
58736723
58736741
58736774
58736839
58736860
58736872
58736874
58736892
58736911
58736920
58736921
58736922
58736968
58736971
58736980
58736982
58736985
58737010
58737032
58737034
58737044
58737088
58737118
58737134
58737146
58737154
58737157
58737180
58737221
58737236
58737282
58737320
58737339
58737367
58737393
58737500
58737512
58737560
58737643
58737665
58737687
58737760
58737768
58737782
58737787
58737801
58737839
58737875
58737893
58737902
58737943
58737967
58737990
58737997
58738042
58738048
58738059
58738070
58738072
58738084
58738089
58738096
58738109
58738113
58738187
58738236
58738283
58738317
58738322
58738360
58738402
58738403
58738471
58738517
58738557
58738562
58738563
58738578
58738586
58738595
58738635
58738640
58738659
58738686
58738713
58738842
58738895
58738940
58738958
58739021
58739053
58739057
58739058
58739081
58739087
58739116
58739129
58739177
58739186
58739207
58739222
58739270
58739311
58739341
58739346
58739350
58739355
58739359
58739360
58739363
58739373
58739390
58739394
58739401
58739417
58739437
58739476
58739511
58739541
58739546
58739549
58739552
58739579
58739585
58739617
58739699
58739756
58739762
58739768
58739783
58739831
58739856
58739861
58739880
58739933
58739940
58739946
58739967
58739993
58740008
58740054
58740072
58740120
58740143
58740177
58740208
58740213
58740219
58740232
58740233
58740252
58740267
58740343
58740370
58740411
58740429
58740438
58740480
58740483
58740530
58740564
58740640
58740680
58740729
58740782
58740810
58740833
58740843
58740915
58740922
58740999
58741010
58741027
58741085
58741146
58741171
58741225
58741247
58741277
58741280
58741303
58741371
58741377
58741382
58741423
58741466
58741484
58741491
58741509
58741514
58741570
58741571
58741613
58741621
58741626
58741651
58741679
58741709
58741716
58741731
58741746
58741795
58741807
58741820
58741821
58741823
58741830
58741842
58741843
58741870
58741873
58741879
58741937
58741982
58741986
58742001
58742013
58742021
58742030
58742047
58742066
58742067
58742071
58742099
58742173
58742185
58742189
58742216
58742220
58742235
58742249
58742280
58742351
58742376
58742383
58742393
58742424
58742431
58742440
58742471
58742488
58742564
58742566
58742642
58742644
58742664
58742673
58742676
58742685
58742690
58742736
58742775
58742776
58742799
58742814
58742835
58742869
58742874
58742880
58742910
58742913
58742914
58742999
58743113
58743150
58743164
58743167
58743186
58743221
58743225
58743229
58743262
58743269
58743283
58743306
58743328
58743373
58743397
58743410
58743449
58743459
58743477
58743508
58743512
58743602
58743623
58743634
58743672
58743677
58743698
58743702
58743709
58743727
58743767
58743795
58743806
58743814
58743816
58743819
58743881
58743913
58744024
58744056
58744064
58744066
58744074
58744103
58744113
58744115
58744121
58744134
58744169
58744189
58744198
58744201
58744207
58744210
58744216
58744288
58744316
58744324
58744340
58744348
58744357
58744402
58744445
58744459
58744465
58744520
58744522
58744539
58744540
58744546
58744549
58744587
58744601
58744618
58744638
58744677
58744678
58744692
58744713
58744728
58744743
58744748
58744769
58744774
58744868
58744872
58744896
58744899
58744977
58745005
58745075
58745087
58745093
58745097
58745159
58745181
58745185
58745189
58745263
58745276
58745277
58745293
58745354
58745356
58745386
58745408
58745443
58745460
58745478
58745511
58745516
58745522
58745579
58745609
58745616
58745644
58745745
58745759
58745782
58745792
58745800
58745933
58745942
58745944
58745945
58745953
58745984
58746034
58746064
58746065
58746073
58746093
58746133
58746134
58746158
58746184
58746234
58746260
58746283
58746314
58746315
58746320
58746331
58746349
58746355
58746374
58746377
58746459
58746467
58746497
58746537
58746538
58746547
58746549
58746552
58746576
58746589
58746599
58746600
58746626
58746662
58746668
58746681
58746682
58746684
58746714
58746772
58746776
58746781
58746789
58746801
58746810
58746827
58746832
58746854
58746858
58746877
58746909
58746959
58746997
58747011
58747021
58747054
58747109
58747137
58747191
58747234
58747251
58747259
58747268
58747291
58747312
58747356
58747362
58747397
58747433
58747494
58747542
58747689
58747696
58747705
58747715
58747717
58747798
58747819
58747895
58747900
58747901
58747904
58747911
58747928
58747951
58747956
58747997
58748078
58748086
58748155
58748167
58748182
58748196
58748202
58748235
58748279
58748347
58748357
58748376
58748383
58748399
58748401
58748412
58748413
58748417
58748441
58748451
58748460
58748462
58748490
58748560
58748598
58748599
58748600
58748605
58748625
58748634
58748651
58748678
58748682
58748710
58748739
58748745
58748746
58748764
58748767
58748805
58748813
58748816
58748864
58748886
58748943
58748970
58748978
58749012
58749032
58749079
58749092
58749107
58749137
58749258
58749267
58749304
58749338
58749355
58749375
58749388
58749393
58749414
58749455
58749461
58749472
58749518
58749521
58749563
58749585
58749629
58749635
58749638
58749642
58749644
58749646
58749647
58749649
58749650
58749653
58749655
58749656
58749657
58749658
58749659
58749682
58749699
58749700
58749708
58749714
58749720
58749733
58749735
58749741
58749754
58749761
58749771
58749809
58749821
58749835
58749844
58749857
58749871
58749882
58749914
58749938
58749977
58749988
58750035
58750054
58750120
58750135
58750283
58750376
58750419
58750423
58750445
58750453
58750471
58750491
58750512
58750514
58750562
58750567
58750573
58750604
58750646
58750662
58750720
58750762
58750771
58750776
58750795
58750824
58750844
58750869
58750891
58750906
58750912
58750918
58750925
58750965
58751028
58751029
58751048
58751058
58751064
58751204
58751207
58751232
58751242
58751269
58751289
58751302
58751340
58751354
58751368
58751379
58751415
58751469
58751485
58751516
58751517
58751559
58751635
58751672
58751687
58751722
58751764
58751834
58751908
58751933
58751970
58751971
58751988
58751998
58752017
58752061
58752075
58752132
58752142
58752143
58752154
58752155
58752162
58752175
58752186
58752212
58752228
58752231
58752239
58752302
58752310
58752313
58752333
58752413
58752441
58752474
58752515
58752546
58752566
58752578
58752611
58752625
58752642
58752658
58752660
58752688
58752725
58752777
58752789
58752816
58752841
58752870
58752913
58752935
58752943
58752957
58752975
58753010
58753013
58753033
58753040
58753047
58753058
58753070
58753101
58753108
58753114
58753147
58753192
58753196
58753254
58753257
58753297
58753379
58753381
58753400
58753490
58753512
58753541
58753586
58753590
58753616
58753625
58753640
58753646
58753662
58753674
58753761
58753809
58753812
58753878
58753896
58753912
58753920
58753963
58753966
58753971
58753983
58754066
58754123
58754169
58754188
58754211
58754254
58754256
58754281
58754282
58754286
58754291
58754299
58754352
58754394
58754414
58754427
58754437
58754465
58754484
58754492
58754501
58754512
58754521
58754528
58754530
58754532
58754546
58754555
58754560
58754563
58754594
58754612
58754621
58754705
58754707
58754725
58754759
58754762
58754768
58754780
58754795
58754815
58754823
58754834
58754899
58754900
58754904
58754912
58754922
58754929
58754934
58754936
58754956
58754978
58754991
58757340
58761310
58761544
58761567
58761625
58761629
58761635
58761659
58761664
58761674
58761687
58761711
58761714
58761736
58761748
58761759
58761785
58761829
58761830
58761882
58761883
58761897
58761906
58761948
58761963
58761978
58761979
58761992
58761995
58761996
58762003
58762026
58762028
58762053
58762055
58762074
58762087
58762088
58762102
58762118
58762122
58762128
58762133
58762140
58762156
58762160
58762179
58762253
58762256
58762270
58762275
58762280
58762302
5915
593662
5953
5a46f3f3
5a46f3f3-7320-42bb-a5f8-a47efc6c0f90
5a943bd8
5bb926e4
5d6e2f66
5ec627ef
6000
60123890
603557
6060921a
6093
611237
611298
611335
611387
611391
611401
611402
611406
611491
611522
611756
611765
611957
611998
611999
612003
612005
612006
612008
612010
612011
612014
612015
612016
612017
612018
612020
612022
612092
612124
612136
612149
612167
612186
612223
612354
612364
612365
612366
612421
612452
612454
612537
612660
612661
612669
612670
612712
612744
612828
6129
612907
613202
613274
613294
613355
613375
613417
613428
613554
613900
614172
614187
614216
614286
614318
614436
614539
614879
615043
615294
616016
616017
616026
616082
616210
616225
616343
616412
616539
616594
616624
616721
617040
617087
617147
617163
617164
617431
617459
617553
617571
617643
617752
618103
618291
618328
618370
618418
618546
618583
618617
618628
618655
618656
618671
618781
618868
618952
618963
619169
619296
619424
619505
619523
619578
619700
619790
620050
620082
620090
620091
620102
620131
620165
620190
620259
620295
620342
620402
620512
620697
620737
620738
620753
620802
620816
620943
620994
621086
621097
621273
621348
621349
621452
622120
622301
622338
622360
622398
622459
622704
622735
622835
622880
622908
622930
622955
622956
623002
623270
623306
623369
623413
623438
623447
623573
623585
623930
623941
623966
624094
624110
624120
624134
624137
624203
624312
624325
624343
624359
624374
624393
624394
624395
624396
624397
624427
624428
624431
624627
624664
624737
624743
624926
624941
624942
624950
624951
624952
624972
624973
624996
625011
625060
625103
625149
625254
625267
625341
625408
625418
625579
625698
625718
625751
625839
625846
625942
625943
625944
625945
625979
625980
626019
626044
626086
626087
626153
626154
626203
626204
626259
626340
626352
626398
626410
626433
626460
626604
626680
626791
626832
626911
627063
627096
627102
627189
627204
627209
627282
627328
627330
627332
627354
627400
627406
627418
627420
627422
627431
627433
627451
627481
627631
627718
627719
627794
627887
628021
628035
628043
628114
628203
628271
628343
628391
628412
628448
628456
628472
6290
629317
629320
629330
629340
629365
629437
629449
629488
629490
629648
629705
629718
629878
629925
629953
630104
630163
630178
630193
630268
630271
630314
630321
630322
630479
630525
630632
630702
630703
630709
630711
630733
630749
630838
630937
630938
630957
630958
630959
630977
630999
631160
631229
631299
631492
631496
631612
631665
631673
631720
631736
631743
631772
631808
631825
631844
631883
631919
631985
631990
631995
632035
632073
632101
632154
632269
632298
632310
632337
632411
632463
632528
632541
632692
632806
632810
632860
632897
632904
632906
632919
632920
632978
633015
633040
633076
633107
633109
633122
633215
633227
633312
633322
633366
633434
633437
633599
633665
633929
634000
6341
634101
634102
634219
634220
634281
634322
634335
634516
634790
634859
634860
634893
635068
635086
635122
635220
635275
635289
635299
635323
635396
635755
635966
635995
63600d40
636070
636072
636091
636744
637011
637025
637074
637119
637206
637266
637314
637398
637399
637484
637632
637676
637718
637788
637857
637923
637949
638004
638053
6381
638128
638300
638359
638550
638565
638617
638620
638631
638682
638695
638704
638783
638814
6389
638901
638908
638913
638966
638976
639041
639179
639208
639245
6393
639330
639396
639412
639472
639503
639528
639582
639618
639919
639993
640021
640023
640025
640155
640366
640375
640385
640483
640493
640602
640605
640612
640915
640957
640995
641030
641031
641049
641059
641314
641556
641650
641711
641819
641992
642003
642122
642138
642139
642144
642289
642408
642417
642650
642786
642833
642881
642981
643209
643229
643246
643260
643288
6433
643337
643338
643380
643430
6435
643540
643648
643821
644057
644131
644223
644520
644572
644588
644642
644677
644769
644888
644889
644972
645098
645114
645151
645197
645227
645249
645263
645300
645301
645315
645347
645385
645428
645445
645463
645518
645547
645628
645850
645861
645952
646
646014
646038
646055
646056
646063
646073
646084
646106
646126
646136
646154
646163
646257
646286
646313
646325
646339
646354
646396
6464
646407
646413
646457
646460
646474
646587
646661
646662
646697
646756
646789
646930
646934
647061
647062
647081
647087
647088
647117
647118
647119
647137
647198
647304
647312
647416
647423
647444
647446
647459
647467
647520
647521
647598
647779
647866
647869
647901
647916
647990
648026
648027
648031
648050
648062
648075
648108
648109
648265
648277
648278
648279
648280
648284
648292
648316
648356
648461
648492
648597
648622
648794
648839
648866
648935
648938
648940
648999
649013
649095
649107
649108
649109
649116
649127
649184
649391
649393
649405
649407
649506
649510
649518
649522
649532
649533
649544
649562
649613
649663
649692
649693
649757
649758
649764
649767
649769
649785
649820
649846
649848
649858
649874
649898
649922
649935
64be9d58
650016
650090
650096
650105
650111
650113
650124
650136
650149
650180
650186
650210
650217
650220
650264
650265
650343
650345
650381
650417
650419
650546
650596
650610
650715
650751
650791
650830
650831
650847
650861
650862
650863
650872
650912
650919
650923
650950
650951
650953
650958
651053
651058
651064
651102
651121
651138
651141
651148
651170
651245
651266
651270
651279
651282
651289
651290
651379
651416
651465
651483
651608
651631
651705
651738
651751
651834
651841
651842
651872
651900
651901
651902
651910
651963
651971
652001
652018
652044
652045
652083
65208777
652106
652119
652120
652159
652161
652162
65216450
652171
652184
652195
652197
652242
652250
652252
652260
652266
652277
652310
652327
652360
652394
652406
652408
652409
652490
6525
652534
652561
652562
652592
652611
652631
652635
652653
652688
652876
652905
652958
652968
652982
652987
653032
653072
653075
653076
653077
653080
653086
653093
653112
653183
653187
653190
653199
653206
653209
653238
653243
653251
653291
653293
653308
653331
653341
653351
653367
653388
653414
653430
653431
653486
653491
653553
653562
653579
653642
653665
653666
653682
653693
653799
653803
653832
653838
653930
653949
653973
653980
654005
654014
654045
654089
654117
654161
654174
654189
654193
654207
654213
654225
654246
654258
654271
654280
654375
654408
654460
654480
654483
654510
654513
654515
654522
654537
654555
654618
654636
654655
654670
654689
654725
654727
654784
65478716
654815
654836
654837
654875
654925
654937
654980
654987
654988
655024
655069
655080
655150
655157
655189
655209
655214
655216
655217
655218
655219
655220
655221
655222
655223
655224
655227
655230
655231
655232
655233
655235
655238
655239
655240
655241
655242
655243
655246
655247
655249
655251
655252
655256
655259
655262
655263
655265
655267
655269
655271
655272
655273
655277
655281
655282
655284
655298
655300
655302
655305
655306
655310
655315
655316
655319
655320
655324
655325
655326
655331
655332
655336
655337
655338
655339
655341
655342
655347
655348
655351
655356
655357
655358
655361
655363
655364
655365
655366
655368
655370
655373
655377
655380
655382
655384
655386
655388
655390
655391
655396
655398
655399
655400
655402
655408
655409
655410
655413
655417
655418
655419
655421
655422
655424
655426
655429
655432
655433
655437
655438
655441
655445
655448
655450
655451
655452
655454
655455
655456
655461
655462
655463
655464
655465
655466
655467
655468
655471
655472
655474
655475
655478
655479
655480
655482
655483
655485
655487
655488
655491
655493
655495
655496
655500
655501
655503
655507
655508
655509
655510
655511
655515
655516
655521
655524
655525
655527
655529
655530
655541
655543
655550
655551
655555
655557
655558
655559
655560
655568
655569
655571
655574
655576
655577
655578
655579
655580
655581
655582
655584
655585
655589
655590
655592
655597
655603
655604
655607
655610
655611
655613
655614
655615
655617
655618
655619
655622
655624
655626
655628
655630
655632
655633
655634
655635
655636
655637
655638
655639
655640
655642
655647
655648
655649
655651
655652
655653
655654
655656
655657
655658
655661
655663
655666
655667
655668
655673
655677
655679
655684
655685
655686
655687
655690
655691
655692
655695
655697
655701
655702
655704
655706
655707
655708
655710
655711
655712
655713
655716
655717
655718
655722
655723
655729
655730
655732
655733
655738
655741
655746
655747
655748
655749
655751
655752
655754
655756
655761
655762
655763
655764
655767
655768
655770
655771
655773
655774
655775
655777
655778
655780
655783
655784
655785
655786
655788
655790
655798
655799
655801
655803
655808
655810
655811
655812
655817
655818
655819
655823
655824
655825
655827
655828
655829
655833
655835
655838
655840
655842
655846
655847
655848
655849
655850
655851
655860
655864
655865
655867
655869
655871
655872
655873
655874
655875
655876
655878
655881
655882
655883
655884
655885
655887
655890
655892
655894
655895
655902
655904
655905
655906
655911
655915
655916
655917
655919
655927
655932
655937
655939
655941
655942
655943
655946
655948
655949
655950
655956
655957
655958
655960
655962
655965
655966
655967
655968
655969
655970
655973
655975
655976
655978
655980
655981
655985
655989
655991
655994
655996
655998
655999
656000
656001
656007
656009
656014
656018
656020
656021
656022
656023
656024
656028
656029
656033
656034
656042
656043
656044
656045
656046
656047
656051
656053
656054
656057
656059
656060
656061
656064
656066
656067
656068
656069
656070
656071
656074
656076
656077
656086
656087
656090
656091
656092
656095
656096
656099
656102
656104
656105
656107
656109
656112
656116
656117
656123
656124
656130
656131
656132
656134
656136
656143
656144
656153
656155
656157
656161
656162
656164
656165
656167
656168
656173
656175
656176
656177
656178
656179
656180
656181
656182
656185
656186
656187
656190
656191
656192
656193
656194
656195
656197
656198
656199
656200
656204
656206
656208
656209
656210
656211
656213
656214
656217
656218
656219
656221
656225
656226
656228
656230
656231
656232
656235
656236
656237
656240
656241
656242
656244
656247
656248
656249
656251
656252
656254
656258
656260
656262
656263
656264
656265
656266
656268
656271
656273
656274
656275
656276
656279
656280
656283
656285
656286
656288
656293
656296
656297
656298
656301
656303
656304
656306
656307
656308
656309
656310
656311
656313
656314
656315
656316
656317
656319
656321
656322
656323
656324
656325
656327
656328
656329
656330
656331
656332
656334
656339
656340
656341
656344
656345
656346
656347
656349
656350
656351
656355
656356
656358
656362
656363
656368
656369
656370
656371
656372
656384
656386
656387
656388
656390
656391
656396
656397
656400
656402
656403
656404
656405
656406
656407
656413
656414
656415
656417
656418
656420
656421
656422
656424
656425
656426
656427
656431
656434
656436
656437
656440
656442
656443
656445
656446
656448
656449
656451
656454
656455
656457
656458
656459
656460
656466
656467
656468
656470
656472
656474
656475
656477
656478
656479
656483
656484
656485
656489
656491
656492
656493
656495
656496
656497
656498
656500
656503
656504
656506
656507
656510
656511
656512
656513
656514
656515
656517
656519
656520
656521
656522
656523
656524
656525
656526
656528
656530
656531
656537
656538
656539
656540
656542
656543
656545
656551
656552
656553
656555
656556
656559
656560
656561
656563
656565
656566
656567
656569
656570
656572
656573
656575
656576
656579
656581
656582
656583
656585
656586
656587
656588
656590
656592
656594
656595
656598
656599
6566
656600
656601
656603
656604
656609
656610
656612
656614
656615
656616
656619
656621
656622
656629
656631
656633
656634
656636
656637
656638
656641
656642
656643
656646
656647
656648
656652
656653
656654
656656
656664
656667
656669
656671
656672
656674
656676
656677
656678
656680
656682
656683
656684
656686
656693
656700
656701
656705
656710
656711
656713
656717
656721
656722
656723
656724
656729
656730
656733
656735
656736
656737
656738
656739
656740
656741
656742
656744
656745
656746
656749
656750
656751
656753
656754
656756
656759
656766
656768
656770
656772
656773
656774
656775
656776
656778
656780
656781
656782
656785
656796
656797
656799
656801
656803
656804
656806
656810
656812
656816
656817
656819
656820
656821
656822
656823
656824
656827
656828
656829
656831
656834
656835
656836
656838
656839
656840
656841
656845
656846
656848
656851
656852
656854
656859
656860
656862
656864
656868
656869
656871
656872
656874
656876
656877
656878
656880
656881
656883
656885
656886
656888
656892
656893
656904
656905
656907
656916
656917
656919
656922
656924
656928
656929
656930
656931
656932
656939
656944
656947
656948
656950
656955
656961
656962
656964
656965
656966
656967
656970
656971
656972
656974
656975
656976
656977
656979
656980
656981
656983
656986
656988
656989
656994
656995
656996
656997
657000
657002
657003
657006
657008
657010
657011
657013
657017
657019
657020
657021
657025
657026
657027
657030
657031
657040
657041
657042
657045
657048
657051
657052
657053
657055
657060
657062
657064
657065
657066
657067
657070
657072
657073
657075
657077
657078
657079
657080
657081
657082
657083
657089
657090
657091
657092
657094
657097
657100
657105
657108
657109
657110
657112
657114
657115
657116
657117
657118
657119
657120
657121
657123
657124
657125
657128
657131
657135
657138
657139
657144
657148
657149
657150
657151
657154
657159
657160
657161
657162
657163
657165
657168
657170
657171
657172
657176
657177
657178
657180
657181
657184
657185
657187
657188
657189
657190
657191
657193
657199
657200
657201
657203
657204
657206
657208
657211
657212
657214
657216
657220
657221
657222
657223
657224
657225
657227
657228
657229
657232
657233
657236
657237
657238
657240
657241
657242
657244
657245
657247
657251
657254
657258
657259
657260
657261
657262
657266
657267
657268
657278
657280
657281
657284
657291
657294
657296
657298
6573
657300
657302
657304
657307
657308
657312
657314
657315
657319
657320
657322
657323
657324
657326
657328
657329
657332
657334
657335
657336
657340
657342
657343
657345
657348
657349
657353
657354
657355
657356
657357
657358
657360
657361
657362
657363
657364
657368
657371
657373
657376
657377
657379
657380
657381
657383
657385
657386
657387
657388
657390
657395
657401
657402
657404
657405
657409
657411
657412
657413
657414
657416
657417
657421
657422
657425
657430
657431
657434
657435
657436
657440
657441
657442
657444
657445
657446
657447
657448
657449
657451
657452
657456
657457
657459
657460
657465
657467
657468
657473
657474
657475
657477
657479
657480
657482
657487
657489
657491
657492
657494
657498
657502
657503
657504
657506
657509
657510
657511
657513
657515
657516
657517
657519
657521
657527
657528
657529
657530
657532
657534
657535
657540
657541
657542
657543
657545
657547
657548
657551
657553
657554
657556
657557
657558
657562
657564
657565
657567
657568
657570
657571
657575
657576
657577
657579
657582
657584
657590
657592
657593
657595
657596
657597
657599
6576
657602
657603
657604
657605
657606
657609
657612
657618
657619
657621
657622
657624
657628
657629
657631
657637
657638
657639
657640
657643
657644
657645
657646
657647
657649
657650
657651
657655
657656
657658
657660
657661
657662
657663
657664
657665
657666
657667
657668
657669
657670
657671
657672
657673
657674
657676
657677
657678
657679
657680
657681
657682
657683
657684
657685
657686
657687
657688
657689
657690
657691
657692
657695
657699
657700
657701
657702
657709
657713
657716
657717
657720
657722
657724
657728
657733
657734
657735
657736
657737
657739
657740
657743
657744
657745
657747
657749
657752
657753
657754
657755
657756
657759
657760
657761
657767
657768
657770
657771
657772
657773
657774
657775
657776
657777
657778
657779
657783
657785
657786
657790
657796
657798
657802
657805
657806
657807
657808
657810
657812
657813
657814
657817
657819
657822
657823
657825
657829
657830
657832
657834
657838
657841
657842
657846
657847
657855
657857
657860
657861
657865
657866
657869
657870
657871
657872
657874
657879
657880
657884
657889
657890
657892
657893
657894
657895
657901
657904
657905
657907
657909
657912
657913
657915
657917
657918
657921
657923
657924
657928
657929
657931
657932
657933
657935
657936
657937
657938
657939
657940
657942
657944
657947
657949
657953
657954
657955
657956
657957
657959
657960
657962
657963
657965
657967
657968
657970
657971
657972
657973
657974
657975
657979
657982
657984
657985
657988
657990
657991
657992
657993
657994
657999
658000
658002
658005
658006
658009
658010
658014
658016
658017
658018
658020
658021
658024
658025
658026
658028
658029
658031
658032
658037
658039
658040
658041
658042
658044
658046
658047
658048
658049
658051
658052
658053
658055
658060
658063
658067
658068
658069
658070
658071
658072
658073
658075
658077
658078
658079
658081
658082
658084
658086
658087
658088
658090
658094
658095
658096
658097
658099
658100
658104
658106
658107
658110
658113
658115
658116
658117
658118
658119
658121
658123
658125
658127
658128
658129
658130
658132
658135
658136
658137
658138
658142
658143
658144
658147
658151
658152
658153
658158
658159
658160
658161
658162
658163
658165
658166
658169
658170
658173
658174
658176
658177
658179
658181
658182
658187
658189
658191
658193
658195
658196
658198
658199
658205
658206
658210
658211
658213
658214
658216
658219
658220
658222
658223
658224
658225
658226
658227
658228
658229
658230
658236
658239
658240
658241
658244
658246
658247
658249
658251
658252
658255
658257
658260
658261
658262
658266
658271
658272
658275
658276
658277
658281
658285
658286
658288
658289
658290
658293
658294
658295
658298
658305
658306
658307
658308
658314
658316
658320
658322
658323
658324
658325
658327
658328
658331
658333
658334
658337
658338
658340
658344
658345
658348
658349
658351
658352
658353
658357
658358
658362
658364
658366
658369
658371
658376
658378
658379
658381
658385
658387
658391
658392
658393
658396
658399
658400
658403
658406
658409
658410
658415
658416
658418
658420
658423
658425
658426
658428
658429
658432
658434
658438
658439
658440
658442
658445
658447
658448
658449
658450
658452
658454
658456
658457
658460
658467
658469
658470
658472
658474
658475
658479
658480
658482
658483
658485
658486
658487
658489
658491
658493
658494
658495
658496
658498
658500
658501
658502
658503
658504
658505
658508
658509
658513
658514
658516
658517
658518
658521
658522
658524
658525
658526
658527
658533
658534
658535
658536
658537
658538
658542
658543
658546
658547
658550
658551
658553
658554
658555
658560
658562
658564
658565
658567
658569
658571
658572
658573
658574
658575
658576
658578
658579
658580
658581
658583
658585
658586
658587
658588
658590
658591
658593
658594
658598
658599
658603
658605
658608
658610
658612
658613
658615
658616
658619
658620
658621
658624
658628
658629
658630
658632
658634
658636
658639
658641
658642
658643
658644
658648
658649
658651
658652
658653
658655
658656
658658
658659
658660
658661
658663
658664
658667
658668
658669
658670
658671
658673
658678
658679
658680
658682
658684
658685
658686
658687
658688
658689
658693
658694
658695
658696
658698
658703
658704
658705
658708
658710
658712
658713
658714
658717
658720
658722
658723
658724
658725
658726
658728
658729
658730
658731
658732
658733
658734
658735
658736
658737
658738
658739
658740
658741
658742
658743
658745
658746
658747
658748
658749
658750
658751
658752
658753
658755
658756
658757
658758
658759
658760
658761
658762
658763
658765
658766
658767
658768
658769
658770
658771
658772
658773
658776
658781
658783
658788
658790
658792
658793
658794
658798
658801
658802
658803
658804
658805
658806
658807
658815
658816
658819
658821
658823
658825
658826
658827
658828
658832
658835
658836
658838
658841
658843
658844
658845
658846
658850
658852
658853
658854
658857
658858
658859
658860
658863
658866
658867
658871
658875
658885
658895
658898
658903
658905
658907
658909
658910
658912
658913
658916
658922
658924
658927
658928
658930
658935
658937
658938
658943
658945
658947
658948
658951
658952
658953
658954
658959
658960
658961
658963
658966
658967
658969
658970
658971
658972
658973
658974
658975
658976
658977
658978
658980
658981
658983
658984
658985
658986
658987
658988
658989
658990
658991
658992
658993
658994
658995
658997
658998
659001
659002
659016
659018
659019
659020
659022
659023
659024
659025
659029
659030
659031
659034
659036
659041
659044
659049
659051
659058
659060
659061
659062
659064
659070
659071
659074
659075
659078
659082
659083
659084
659085
659086
659087
659091
659092
659093
659095
659096
659097
659098
659101
659102
659106
659108
659109
659110
659111
659116
659117
659120
659125
659126
659127
659128
659129
659130
659131
659134
659138
659140
659141
659142
659146
659147
659149
659151
659152
659154
659160
659162
659163
659164
659165
659167
659168
659170
659171
659172
659173
659175
659178
659179
659180
659181
659182
659183
659184
659185
659186
659187
659189
659190
659191
659192
659193
659194
659195
659196
659201
659203
659204
659209
659211
659212
659219
659220
659222
659227
659229
659230
659233
659234
659237
659239
659242
659243
659245
659246
659247
659248
659251
659252
659253
659255
659256
659258
659259
659263
659264
659265
659267
659270
659271
659273
659274
659275
659277
659283
659286
659289
659290
659292
659293
659294
659296
659299
659300
659304
659305
659307
659308
659309
659311
659313
659314
659317
659318
659321
659322
659323
659325
659326
659331
659335
659336
659338
659340
659343
659345
659350
659353
659355
659364
659365
659367
659373
659374
659375
659376
659377
659378
659379
659380
659381
659383
659387
659388
659389
659390
659391
659392
659393
659394
659396
659398
659399
659400
659401
659402
659403
659404
659407
659408
659409
659410
659411
659412
659413
659414
659415
659416
659417
659418
659419
659420
659421
659422
659423
659424
659426
659427
659428
659430
659431
659432
659433
659434
659435
659436
659437
659438
659439
659440
659441
659442
659443
659444
659445
659446
659447
659448
659449
659450
659451
659452
659455
659456
659457
659459
659460
659461
659463
659464
659465
659466
659469
659470
659471
659472
659473
659475
659476
659477
659478
659479
659480
659481
659482
659483
659484
659485
659486
659487
659488
659489
659491
659492
659493
659494
659495
659496
659497
659498
659499
6595
659500
659501
659502
659504
659506
659507
659509
659511
659513
659515
659516
659517
659520
659522
659523
659525
659526
659527
659528
659529
659531
659532
659534
659537
659539
659541
659542
659546
659555
659560
659561
659564
659565
659567
659568
659569
659571
659573
659574
659575
659576
659579
659581
659582
659586
659587
659588
659590
659592
659595
659596
659597
659598
659599
659601
659603
659604
659605
659606
659607
659608
659610
659616
659617
659618
659621
659622
659624
659627
659629
659631
659632
659634
659635
659638
659639
659640
659641
659643
659645
659646
659650
659652
659653
659654
659655
659657
659661
659662
659664
659665
659666
659670
659672
659673
659675
659676
659677
659678
659679
659680
659681
659683
659684
659685
659687
659689
659692
659693
659694
659695
659697
659699
659701
659703
659704
659705
659706
659707
659709
659710
659711
659714
659715
659716
659717
659718
659719
659722
659723
659724
659725
659726
659727
659728
659729
659732
659733
659734
659735
659737
659739
659741
659742
659743
659744
659745
659746
659747
659750
659752
659753
659757
659762
659766
659767
659768
659770
659772
659773
659775
659777
659779
659780
659782
659784
659787
659788
659790
659795
659797
659798
659801
659802
659804
659805
659806
659807
659809
659810
659813
659814
659819
659820
659821
659822
659823
659825
659828
659829
659830
659831
659832
659833
659835
659836
659837
659838
659842
659845
659849
659850
659852
659854
659855
659856
659857
659862
659863
659864
659865
659866
659869
659873
659874
659875
659879
659880
659882
659885
659887
659888
659890
659891
659897
659898
659900
659905
659906
659910
659911
659912
659918
659919
659922
659923
659927
659928
659930
659932
659934
659935
659938
659941
659943
659945
659947
659953
659954
659955
659959
659962
659964
659965
659966
659970
659971
659977
659978
659984
659985
659986
659987
659988
659989
659991
659996
659998
65c40c2b
660
660002
660003
660004
660005
660007
660008
660010
660011
660012
660013
660014
660015
660017
660019
660020
660022
660023
660024
660025
660026
660027
660028
660029
660030
660033
660034
660036
660040
660047
660048
660049
660050
660051
660052
660053
660054
660055
660059
660062
660063
660064
660065
660070
660072
660073
660074
660075
660076
660077
660078
660079
660080
660082
660084
660085
660089
660091
660093
660094
660099
660101
660102
660109
660110
660111
660112
660114
660117
660120
660121
660122
660125
660126
660129
660130
660131
660134
660136
660138
660139
660140
660141
660142
660144
660145
660147
660149
660151
660156
660158
660159
660162
660163
660165
660167
660169
660172
660173
660179
660182
660183
660184
660185
660187
660189
660190
660192
660198
660199
660200
660201
660204
660205
660206
660207
660208
660209
660212
660213
660214
660215
660216
660217
660220
660221
660222
660223
660224
660227
660228
660229
660234
660236
660237
660238
660239
660241
660242
660243
660248
660249
660250
660251
660254
660255
660257
660260
660262
660265
660267
660268
660269
660270
660271
660272
660273
660276
660279
660280
660285
660288
660289
660290
660291
660297
660299
660300
660302
660303
660307
660311
660312
660313
660314
660315
660316
660317
660318
660320
660325
660326
660328
660332
660333
660334
660335
660336
660339
660340
660342
660344
660346
660347
660349
660350
660351
660352
660354
660355
660356
660359
660361
660364
660368
660370
660372
660373
660374
660375
660377
660379
660380
660384
660385
660386
660388
660389
660390
660391
660392
660396
660397
660398
660399
660402
660406
660407
660408
660409
660410
660411
660412
660413
660414
660415
660416
660417
660418
660419
660420
660421
660422
660423
660424
660425
660426
660427
660428
660430
660431
660432
660433
660434
660435
660436
660437
660438
660439
660440
660441
660442
660443
660444
660445
660446
660447
660448
660449
660450
660451
660452
660453
660454
660455
660456
660457
660458
660459
660460
660461
660463
660466
660467
660468
660469
660470
660471
660472
660473
660474
660475
660476
660478
660487
660489
660490
660491
660496
660497
660498
660499
660500
660501
660502
660505
660506
660509
660510
660511
660514
660515
660520
660521
660523
660524
660525
660527
660531
660532
660535
660539
660540
660541
660543
660544
660546
660547
660548
660549
660550
660552
660557
660560
660562
660563
660566
660567
660572
660573
660575
660580
660581
660582
660586
660587
660588
660589
660591
660592
660593
660595
660599
660601
660602
660603
660604
660605
660606
660607
660608
660612
660614
660618
660619
660620
660621
660623
660625
660626
660627
660628
660630
660631
660632
660633
660634
660635
660638
660639
660640
660642
660643
660644
660646
660648
660652
660655
660657
660658
660661
660662
660663
660666
660667
660668
660669
660670
660673
660674
660678
660683
660684
660685
660686
660688
660689
660691
660693
660701
660702
660703
660704
660706
660707
660708
660709
660710
660712
660713
660714
660715
660716
660717
660718
660719
660720
660721
660722
660724
660725
660726
660727
660728
660729
660730
660732
660733
660735
660740
660742
660743
660744
660745
660746
660748
660751
660752
660753
660754
660757
660762
660764
660766
660767
660771
660773
660774
660775
660776
660778
660779
660781
660783
660785
660788
660789
660790
660793
660796
660798
660799
660802
660803
660804
660805
660807
660810
660812
660813
660814
660815
660818
660820
660821
660822
660827
660829
660830
660831
660837
660840
660841
660842
660843
660846
660847
660848
660850
660851
660853
660854
660856
660857
660858
660859
660860
660861
660862
660863
660864
660865
660866
660868
660869
660870
660871
660872
660873
660875
660876
660877
660878
660879
660881
660887
660888
660889
660890
660893
660894
660896
660899
660908
660909
660911
660912
660913
660914
660915
660916
660917
660918
660924
660925
660927
660931
660932
660933
660934
660936
660937
660940
660941
660942
660943
660948
660949
660950
660951
660953
660954
660955
660957
660960
660962
660963
660964
660967
660968
660969
660970
660971
660977
660978
660980
660982
660983
660985
660986
660990
660992
660994
660997
661002
661003
661004
661006
661007
661011
661014
661015
661016
661018
661019
661024
661025
661027
661030
661031
661032
661033
661034
661036
661037
661039
661040
661041
661044
661046
661049
661050
661052
661056
661059
661063
661064
661068
661071
661072
661075
661079
661080
661082
661083
661086
661087
661088
661091
661094
661095
661096
661097
661098
661099
661100
661101
661103
661105
661106
661108
661109
661110
661111
661116
661117
661120
661121
661123
661124
661125
661126
661127
661128
661129
661130
661134
661135
661136
661137
661139
661142
661143
661144
661145
661146
661149
661150
661152
661153
661160
661162
661164
661165
661167
661168
661169
661171
661175
661176
661178
661183
661184
661185
661186
661189
661190
661193
661195
661197
661199
661201
661203
661204
661205
661206
661208
661209
661210
661215
661216
661217
661219
661222
661224
661230
661233
661235
661237
661240
661241
661242
661243
661244
661246
661247
661249
661251
661252
661254
661256
661257
661259
661261
661263
661264
661265
661267
661270
661271
661272
661273
661275
661276
661278
661279
661281
661282
661283
661284
661286
661288
661290
661291
661292
661295
661297
661300
661302
661303
661308
661314
661319
661320
661322
661323
661324
661325
661327
661328
661329
661330
661331
661332
661333
661334
661335
661336
661338
661339
661340
661341
661342
661345
661346
661347
661348
661350
661352
661353
661354
661356
661357
661358
661359
661360
661361
661362
661363
661365
661367
661368
661369
661370
661371
661372
661373
661374
661375
661376
661377
661378
661379
661381
661382
661383
661385
661386
661387
661388
661391
661392
661393
661394
661395
661401
661403
661404
661405
661409
661410
661411
661412
661413
661416
661417
661418
661419
661420
661421
661424
661426
661428
661431
661432
661434
661435
661439
661442
661443
661444
661446
661447
661448
661450
661451
661453
661455
661456
661458
661459
661461
661462
661463
661464
661465
661467
661468
661469
661470
661471
661472
661473
661474
661477
661478
661479
661480
661482
661483
661487
661489
661491
661493
661494
661495
661496
661497
661498
661499
661500
661502
661505
661506
661509
661510
661511
661512
661513
661516
661517
661519
661520
661521
661522
661523
661525
661527
661528
661530
661531
661532
661533
661534
661535
661539
661540
661542
661544
661546
661549
661550
661551
661553
661554
661555
661558
661559
661561
661562
661564
661565
661566
661569
661571
661573
661574
661575
661576
661577
661579
661583
661585
661586
661587
661589
661590
661591
661592
661593
661595
661596
661600
661602
661603
661604
661605
661609
661610
661611
661614
661615
661617
661618
661620
661621
661622
661624
661625
661626
661627
661628
661629
661630
661631
661632
661636
661637
661638
661639
661640
661642
661644
661645
661647
661648
661649
661652
661653
661656
661657
661658
661659
661660
661661
661662
661664
661665
661667
661669
661671
661673
661675
661676
661678
661683
661685
661686
661687
661689
661694
661695
661696
661697
661699
661700
661701
661702
661704
661707
661708
661713
661715
661716
661718
661719
661721
661724
661725
661727
661728
661732
661734
661736
661738
661748
661749
661750
661752
661753
661754
661755
661756
661757
661758
661759
661760
661761
661763
661764
661765
661766
661767
661768
661769
661770
661771
661772
661773
661774
661775
661776
661777
661778
661779
661780
661781
661782
661783
661784
661785
661787
661788
661789
661790
661791
661792
661793
661794
661795
661796
661798
661799
661800
661801
661802
661803
661804
661805
661806
661807
661808
661810
661811
661812
661813
661814
661815
661817
661818
661819
661820
661823
661826
661827
661828
661833
661835
661836
661837
661838
661839
661840
661841
661842
661843
661845
661846
661848
661849
661850
661851
661854
661858
661862
661863
661864
661866
661867
661868
661869
661870
661871
661872
661873
661874
661876
661877
661878
661883
661885
661886
661889
661890
661891
661892
661893
661894
661896
661898
661899
6619
661900
661901
661902
661909
661913
661915
661917
661919
661920
661922
661924
661926
661928
661931
661933
661937
661938
661939
661942
661943
661944
661946
661947
661949
661950
661951
661955
661958
661959
661960
661961
661962
661963
661967
661970
661972
661975
661976
661977
661978
661980
661983
661984
661985
661986
661988
661991
661992
661993
661994
661995
661996
661997
661998
661999
662000
662001
662003
662004
662005
662006
662007
662008
662011
662012
662013
662015
662016
662017
662018
662019
662020
662022
662023
662024
662026
662027
662028
662034
662036
662039
662041
662043
662045
662048
662053
662056
662058
662059
662065
662069
662070
662071
662072
662073
662074
662077
662078
662079
662080
662081
662082
662084
662085
662089
662090
662091
662092
662093
662096
662099
662100
662101
662103
662104
662107
662110
662111
662113
662114
662115
662117
662118
662119
662120
662123
662127
662131
662132
662136
662137
662140
662141
662148
662149
662151
662152
662153
662155
662157
662158
662159
662160
662161
662163
662164
662165
662166
662167
662168
662169
662171
662174
662175
662176
662177
662178
662179
662183
662185
662186
662187
662189
662192
662193
662194
662195
662197
662198
662199
662200
662202
662204
662205
662206
662209
662210
662211
662213
662217
662218
662220
662222
662223
662224
662225
662226
662227
662228
662231
662233
662234
662235
662236
662237
662238
662240
662241
662243
662244
662245
662246
662247
662253
662261
662263
662264
662265
662266
662271
662274
662277
662279
662281
662285
662289
662290
662291
662292
662293
662294
662298
662299
662300
662303
662304
662305
662307
662308
662309
662313
662314
662315
662318
662319
662320
662321
662322
662324
662326
662328
662329
662330
662331
662332
662333
662334
662335
662336
662337
662338
662339
662340
662342
662343
662344
662345
662346
662347
662348
662349
662350
662351
662352
662354
662355
662356
662357
662358
662359
662362
662363
662364
662365
662366
662368
662369
662370
662371
662373
662375
662377
662379
662380
662381
662383
662384
662386
662387
662389
662391
662392
662393
662394
662396
662397
662398
662399
662404
662413
662415
662416
662417
662420
662423
662424
662425
662426
662427
662430
662431
662437
662438
662439
662441
662445
662447
662450
662451
662453
662456
662457
662458
662459
662460
662461
662465
662467
662469
662470
662473
662475
662477
662478
662479
662482
662484
662485
662487
662488
662490
662491
662492
662493
662494
662495
662496
662498
662499
662501
662502
662504
662505
662507
662511
662512
662513
662516
662517
662518
662519
662523
662526
66252734
662529
662530
662533
662534
662536
662537
662538
662540
662541
662544
662545
662548
662550
662551
662552
662553
662554
662555
662556
662557
662560
662561
662562
662565
662566
662567
662568
662569
662571
662572
662573
662576
662579
662580
662581
662583
662585
662586
662590
662592
662593
662595
662596
662597
662598
6626
662601
662602
662603
662605
662606
662608
662609
662610
662611
662612
662613
662614
662615
662617
662619
662620
662621
662623
662624
662627
662629
662630
662631
662632
662633
662634
662640
662641
662643
662644
662646
662648
662649
662650
662651
662652
662654
662655
662656
662658
662660
662661
662663
662671
662673
662674
662675
662678
662681
662682
662684
662687
662688
662690
662691
662692
662695
662696
662698
662699
6627
662701
662703
662708
662709
662711
662713
662715
662717
662718
662719
662721
662726
662727
662728
662731
662733
662734
662739
662740
662741
662742
662743
662744
662754
662756
662759
662762
662763
662764
662766
662768
662769
662770
662772
662774
662775
662780
662781
662782
662784
662785
662786
662787
662789
662792
662794
662797
662798
662799
662800
662801
662808
662809
662813
662815
662816
662817
662818
662819
662820
662822
662823
662824
662825
662828
662829
662830
662832
662839
662842
662844
662847
662849
662851
662852
662858
662864
662865
662867
662870
662874
662875
662876
662878
662879
662880
662882
662883
662885
662886
662887
662888
662889
662894
662896
662897
662901
662904
662906
662907
662908
662913
662916
662921
662922
662924
662925
662926
662928
662929
662931
662934
662935
662937
662939
662940
662941
662943
662944
662945
662955
662956
662957
662958
662960
662961
662962
662963
662964
662965
662973
662999
663011
663022
663030
663040
663049
663052
663053
663055
663056
663057
663058
663059
663060
663061
663062
663063
663064
663065
663066
663078
663079
663177
663226
663228
663275
663321
663365
663375
663392
663402
663456
663577
663597
663611
663612
663613
663614
663615
663616
663617
663620
663622
663626
663629
663630
663631
663632
663633
663634
663635
663636
663637
663639
663640
663641
663642
663643
663644
663645
663646
663647
663648
663649
663650
663651
663652
663653
663654
663655
663656
663657
663658
663659
663660
663661
663662
663663
663664
663665
663666
663667
663668
663669
663670
663671
663672
663673
663674
663676
663677
663678
663679
663680
663681
663682
663683
663684
663685
663686
663687
663688
663689
663692
663693
663694
663701
663740
663782
663821
663856
663951
663959
664042
664097
664120
664132
664170
664214
664221
664234
664243
664256
664257
664258
664259
664260
664261
664262
664263
664265
664268
664270
664275
664297
664325
664420
664434
664445
664476
664490
664494
664616
664620
664644
664655
664658
664659
664660
664661
664662
664663
664664
664666
664667
664668
664669
664670
664671
664672
664673
664674
664675
664676
664677
664682
664684
664685
664686
664687
664688
664690
664691
664692
664693
664694
664695
664697
664698
664699
664700
664701
664702
664703
664704
664705
664706
664789
664796
664803
664824
664836
664849
664850
664907
664908
664909
664922
664937
664938
664939
664940
664941
664942
664968
664977
664993
665006
665011
665012
665013
665014
665015
665030
665048
665060
665065
665077
665078
665084
665152
665163
665181
665200
665211
665220
665224
665234
665243
665257
665271
665272
665273
665274
665304
665305
665306
665318
665319
665330
665331
665332
665337
665351
665352
665353
665354
665372
665377
665384
665390
665403
665406
665407
665408
665420
665421
665440
665441
665469
665477
665487
665491
665505
665518
665521
665572
665573
665574
665575
665576
665577
665578
665579
665580
665589
665590
665591
665592
665593
665595
665596
665597
665598
665600
665601
665602
665603
665604
665605
665606
665607
665632
665633
665645
665668
665672
665686
665719
665720
665721
665730
665885
665886
665888
665889
665891
665892
665893
665894
665895
665896
665897
665898
665900
665901
665902
665903
665904
665905
665906
665907
665908
665909
665910
665912
665913
665914
665915
665916
665918
665919
665920
665921
665922
665923
665927
665928
665929
665930
665931
665933
665950
665974
666000
666009
666031
666045
666052
666053
666059
666071
666072
666101
666105
666133
666143
666155
666175
666177
666178
666179
666181
666182
666194
666196
666197
666205
666217
666224
666225
666229
666288
666289
666294
666338
666372
666379
666380
666381
666391
666409
666421
666426
666432
666441
666446
666447
666448
666460
666461
666462
666464
666465
666467
666468
666469
666470
666472
666473
666476
666477
666479
666480
666481
666482
666483
666484
666485
666486
666487
666488
666489
666491
666492
666495
666497
666498
666499
666500
666501
666502
666503
666504
666505
666506
666507
666508
666509
666510
666511
666512
666514
666515
666516
666517
666521
666522
666523
666524
666525
666526
666528
666529
666531
666533
666535
666537
666538
666539
666540
666541
666543
666544
666545
666546
666548
666549
666550
666551
666552
666553
666554
666555
666556
666557
666558
666559
666560
666561
666562
666563
666564
666565
666566
666567
666570
666571
666572
666573
666574
666575
666576
666578
666579
666580
666585
666586
666587
666588
666589
666590
666591
666592
666593
666594
666595
666597
666598
666599
666600
666601
666604
666606
666607
666608
666609
666610
666611
666612
666613
666614
666615
666616
666617
666618
666619
666620
666621
666622
666623
666624
666625
666627
666628
666629
666630
666631
666633
666634
666635
666636
666637
666641
666642
666643
666644
666646
666647
666648
666649
666650
666651
666652
666653
666654
666655
666656
666657
666658
666659
666661
666662
666663
666664
666665
666666
666667
666668
666669
666670
666671
666672
666673
666674
666675
666676
666677
666678
666679
666680
666681
666682
666683
666684
666685
666686
666687
666688
666689
666690
666691
666692
666693
666694
666695
666696
666698
666699
666700
666701
666702
666703
666706
666707
666708
666709
666710
666711
666712
666714
666715
666717
666718
666719
666720
666721
666722
666723
666724
666725
666727
666728
666729
666730
666731
666732
666733
666735
666736
666737
666738
666740
666741
666742
666743
666744
666745
666746
666747
666748
666749
666750
666751
666752
666753
666754
666756
666757
666758
666759
666762
666763
666764
666765
666766
666767
666768
666769
666770
666771
666772
666773
666774
666775
666776
666777
666778
666779
666780
666781
666784
666785
666786
666787
666788
666789
666790
666791
666792
666793
666794
666795
666796
666797
666799
666800
666801
666803
666804
666805
666806
666807
666808
666809
666810
666812
666813
666814
666815
666816
666817
666818
666825
666826
666827
666828
666829
666830
666831
666832
666833
666834
666835
666836
666837
666838
666839
666840
666841
666842
666843
666844
666845
666846
666847
666848
666849
666850
666851
666853
666854
666855
666856
666857
666858
666859
666860
666861
666862
666863
666864
666865
666866
666867
666868
666869
666870
666871
666872
666873
666874
666875
666876
666877
666878
666879
666880
666881
666882
6668821f
666883
666884
666885
666886
666887
666888
666889
666890
666891
666892
666894
666895
666896
666897
666898
666899
666900
666901
666902
666903
666904
666905
666906
666907
666908
666909
666910
666911
666912
666913
666914
666915
666916
666917
666918
666919
666920
666921
666922
666923
666924
666925
666926
666927
666928
666929
666930
666931
666932
666933
666934
666935
666936
666937
666938
666940
666941
666942
666943
666944
666945
666946
666947
666948
666950
666951
666952
666953
666954
666955
666956
666957
666958
666959
666960
666961
666962
666963
666964
666965
666966
666967
666968
666969
666970
666971
666972
666973
666974
666976
666977
666978
666979
666980
666981
666982
666983
666984
666985
666987
666988
666989
666990
666991
666992
666993
666994
666995
666996
666997
666998
666999
667000
667001
667002
667003
667004
667005
667007
667008
667010
667011
667012
667013
667014
667015
667017
667018
667019
667020
667021
667022
667023
667024
667025
667026
667028
667029
667030
667031
667032
667033
667034
667035
667036
667037
667038
667040
667041
667042
667043
667044
667045
667046
667047
667048
667049
667050
667051
667052
667053
667054
667055
667056
667057
667058
667059
667060
667061
667063
667064
667065
667066
667067
667069
667070
667072
667073
667074
667075
667076
667077
667078
667080
667081
667083
667084
667085
667086
667087
667088
667089
667090
667091
667092
667093
667094
667095
667097
667098
667099
6671
667100
667101
667102
667103
667104
667105
667106
667107
667108
667109
667111
667126
667148
667207
667215
667222
667232
667247
667251
667262
667287
667288
667289
667313
667350
667351
667353
667354
667355
667361
667364
667365
667366
667367
667368
667369
667370
667371
667372
667373
667374
667375
667376
667377
667378
667379
667380
667381
667382
667384
667385
667387
667388
667389
667390
667394
667395
667396
667397
667398
667399
667401
667402
667403
667404
667405
667406
667407
667408
667410
667412
667413
667414
667415
667416
667417
667418
667419
667421
667422
667423
667424
667425
667426
667427
667428
667429
667430
667431
667432
667433
667434
667436
667437
667438
667439
667440
667441
667442
667443
667444
667445
667446
667447
667448
667449
667451
667452
667453
667454
667455
667456
667457
667458
667459
667460
667461
667462
667463
667464
667466
667467
667468
667469
667470
667472
667473
667475
667476
667477
667478
667479
667480
667481
667482
667483
667484
667485
667486
667487
667488
667489
667491
667492
667493
667494
667496
667497
667498
667499
667500
667501
667502
667503
667504
667505
667506
667507
667508
667509
667510
667511
667512
667513
667514
667515
667516
667517
667518
667519
667520
667522
667524
667525
667526
667527
667528
667529
667530
667531
667532
667533
667535
667536
667537
667538
667539
667540
667541
667543
667544
667545
667546
667547
667548
667549
667551
667552
667553
667554
667556
667557
667558
667560
667561
667563
667564
667565
667566
667567
667568
667569
667570
667571
667572
667574
667575
667576
667577
667578
667579
667580
667581
667582
667583
667584
667585
667586
667587
667588
667589
667590
667591
667592
667594
667595
667596
667597
667598
667599
667600
667601
667602
667603
667604
667605
667606
667607
667608
667609
667611
667612
667613
667615
667616
667617
667618
667620
667621
667622
667623
667624
667625
667626
667627
667629
667630
667631
667633
667634
667635
667636
667637
667638
667639
667640
667641
667642
667643
667644
667645
667646
667647
667648
667649
667650
667651
667652
667653
667654
667655
667656
667657
667658
667659
667660
667661
667662
667663
667664
667665
667666
667667
667668
667669
667670
667671
667672
667673
667674
667675
667676
667677
667678
667679
667681
667682
667683
667686
667687
667688
667690
667691
667692
667693
667694
667695
667696
667697
667698
667700
667701
667702
667703
667705
667706
667707
667708
667709
667711
667712
667713
667714
667715
667716
667717
667718
667719
667720
667721
667722
667723
667724
667725
667726
667727
667728
667729
667730
667731
667732
667733
667734
667735
667736
667737
667738
667739
667740
667742
667743
667744
667745
667747
667748
667749
667750
667751
667752
667753
667754
667755
667756
667757
667758
667759
667760
667761
667762
667763
667764
667765
667766
667767
667768
667769
667770
667771
667772
667773
667774
667775
667776
667777
667779
667780
667781
667782
667783
667784
667785
667786
667787
667788
667789
667790
667791
667792
667793
667794
667795
667796
667797
667798
667799
667800
667801
667802
667803
667804
667805
667806
667807
667808
667809
667810
667813
667814
667815
667816
667817
667818
667819
667820
667821
667822
667823
667824
667826
667827
667828
667829
667831
667832
667833
667834
667835
667836
667837
667838
667839
667840
667841
667842
667843
667844
667845
667846
667848
667849
667850
667851
667852
667853
667854
667855
667857
667858
667860
667861
667862
667863
667864
667865
667867
667868
667869
667870
667872
667873
667874
667876
667877
667878
667879
667880
667882
667883
667884
667885
667886
667887
667888
667889
667890
667891
667893
667894
667895
667896
667897
667898
667899
6679
667900
667901
667902
667903
667904
667905
667906
667907
667908
667909
667910
667911
667912
667913
667914
667916
667917
667918
667919
667921
667923
667924
667927
667928
667929
667930
667931
667932
667933
667935
667936
667937
667938
667939
667940
667941
667944
667945
667946
667947
667948
667951
667952
667954
667955
667956
667958
667960
667961
667962
667963
667964
667965
667968
667969
667970
667971
667972
667973
667974
667975
667976
667977
667978
667979
667980
667981
667982
667983
667984
667985
667986
667987
667988
667989
667990
667991
667992
667993
667994
667995
667996
667997
667999
668000
668001
668002
668003
668004
668005
668006
668007
668010
668011
668012
668013
668014
668015
668016
668017
668018
668019
668020
668021
668022
668023
668024
668025
668026
668027
668028
668029
668030
668031
668032
668033
668034
668035
668039
668041
668042
668043
668044
668045
668046
668047
668048
668049
668050
668051
668052
668053
668054
668055
668056
668057
668058
668059
668060
668061
668062
668063
668064
668065
668066
668068
668070
668071
668072
668074
668075
668076
668077
668078
668079
668080
668081
668083
668084
668085
668086
668087
668088
668089
668090
668091
668092
668093
668094
668095
668096
668097
668098
668099
668100
668101
668102
668103
668104
668105
668106
668107
668108
668109
668110
668112
668113
668114
668115
668116
668117
668118
668120
668121
668122
668123
668125
668126
668128
668129
668130
668131
668132
668133
668134
668135
668136
668137
668138
668139
668140
668141
668142
668143
668144
668145
668146
668147
668148
668150
668151
668152
668153
668154
668155
668156
668157
668158
668159
668160
668161
668162
668163
668164
668166
668167
668168
668169
668170
668171
668172
668173
668174
668175
668176
668177
668178
668179
668180
668181
668182
668183
668184
668185
668186
668187
668188
668189
668190
668191
668192
668194
668196
668197
668199
668200
668201
668202
668203
668204
668205
668206
668207
668209
668210
668211
668212
668213
668214
668215
668216
668217
668218
668219
668220
668221
668222
668224
668225
668226
668227
668235
668236
668237
668238
668239
668242
668243
668244
668245
668246
668247
668248
668249
668250
668252
668254
668257
668258
668260
668262
668263
668264
668265
668266
668267
668268
668270
668273
668274
668275
668276
668277
668280
668281
668283
668285
668288
668289
668291
668293
668294
668295
668297
668298
668299
668300
668301
668303
668305
668308
668309
668310
668311
668312
668313
668316
668318
668319
668320
668321
668323
668325
668327
668328
668329
668331
668333
668334
668336
668337
668338
668339
668340
668341
668342
668343
668344
668345
668347
668348
668349
668350
668351
668352
668355
668356
668357
668358
668361
668362
668364
668366
668367
668368
668369
668371
668373
668374
668375
668376
668378
668379
668380
668381
668384
668385
668391
668393
668395
668397
668398
668399
668400
668401
668402
668405
668406
668407
668408
668412
668414
668415
668416
668417
668418
668420
668421
668425
668426
668428
668429
668431
668433
668434
668435
668436
668437
668438
668439
668440
668442
668443
668444
668446
668448
668449
668450
668451
668452
668453
668454
668455
668457
668458
668460
668462
668464
668466
668467
668469
668473
668475
668476
668477
668478
668479
668480
668481
668482
668483
668486
668487
668488
668491
668492
668493
668494
668495
668496
668498
668500
668501
668502
668503
668504
668505
668506
668507
668508
668512
668513
668514
668515
668516
668517
668519
668521
668522
668523
668524
668526
668527
668529
668530
668531
668533
668537
668539
668540
668541
668544
668547
668549
668550
668552
668554
668555
668557
668558
668559
668560
668563
668564
668565
668567
668570
668571
668572
668573
668574
668575
668577
668578
668580
668581
668582
668583
668584
668585
668587
668588
668589
668590
668591
668592
668593
668595
668596
668597
668598
668599
668600
668601
668604
668605
668606
668607
668608
668609
668610
668614
668615
668616
668617
668618
668619
668620
668621
668622
668623
668624
668625
668626
668628
668630
668631
668632
668633
668634
668637
668638
668639
668640
668642
668643
668644
668645
668647
668648
668649
668650
668651
668653
668654
668655
668656
668657
668658
668659
668661
668663
668664
668665
668666
668669
668671
668672
668673
668674
668675
668676
668677
668681
668682
668683
668684
668685
668686
668687
668689
668690
668694
668695
668697
668698
668699
668700
668704
668705
668706
668707
668709
668710
668711
668712
668713
668714
668716
668717
668719
668720
668721
668722
668724
668726
668727
668728
668729
668730
668731
668732
668733
668735
668738
668740
668741
668742
668743
668744
668745
668746
668747
668749
668750
668751
668752
668753
668756
668757
668758
668759
668760
668761
668762
668763
668765
668766
668767
668768
668770
668771
668773
668774
668775
668778
668779
668780
668781
668782
668783
668784
668785
668787
668788
668789
668790
668791
668792
668793
668794
668795
668796
668797
668798
668799
668800
668801
668803
668804
668805
668806
668809
668810
668811
668812
668813
668814
668815
668816
668817
668818
668820
668821
668822
668823
668825
668826
668827
668828
668829
668831
668832
668833
668836
668839
668840
668841
668842
668844
668846
668847
668848
668849
668850
668852
668853
668858
668861
668862
668864
668865
668866
668867
668868
668869
668871
668872
668873
668874
668875
668876
668877
668878
668879
668881
668882
668883
668884
668885
668886
668888
668889
668892
668893
668895
668897
668898
668899
6689
668901
668902
668903
668905
668906
668909
668910
668912
668913
668914
668915
668916
668917
668918
668920
668921
668923
668925
668928
668930
668931
668932
668933
668935
668936
668938
668940
668941
668943
668944
668947
668950
668952
668953
668957
668959
668960
668961
668962
668963
668965
668967
668968
668969
668975
668976
668977
668978
668980
668981
668982
668983
668984
668985
668986
668987
668988
668989
668990
668992
668993
668994
668995
668996
668997
668998
669000
669001
669002
669004
669006
669008
669009
669010
669012
669013
669014
669015
669016
669018
669019
669020
669021
669022
669026
669027
669028
669031
669033
669034
669035
669036
669038
669040
669042
669043
669046
669049
669051
669053
669057
669058
669059
669060
669061
669062
669063
669065
669066
669067
669069
669070
669071
669073
669074
669075
669076
669077
669078
669079
669080
669082
669084
669085
669086
669087
669088
669089
669091
669092
669093
669094
669095
669097
669101
669102
669103
669105
669106
669107
669108
669109
669110
669111
669112
669113
669114
669115
669117
669118
669119
669120
669122
669125
669127
669129
669130
669131
669132
669133
669135
669136
669138
669140
669141
669142
669144
669145
669146
669147
669148
669150
669151
669152
669153
669154
669155
669156
669157
669158
669159
669160
669162
669163
669164
669165
669167
669168
669171
669172
669173
669174
669175
669176
669179
669181
669183
669184
669185
669188
669191
669193
669194
669195
669196
669197
669198
669199
669200
669203
669204
669205
669206
669207
669208
669209
669210
669212
669213
669215
669216
669217
669219
669221
669222
669223
669224
669225
669226
669227
669230
669231
669232
669233
669234
669235
669238
669239
669240
669241
669242
669243
669245
669246
669247
669248
669250
669253
669254
669255
669256
669258
669259
669261
669262
669263
669264
669265
669266
669267
669268
669269
669270
669271
669272
669273
669274
669275
669276
669277
669279
669281
669282
669284
669285
669286
669287
669289
669290
669291
669292
669293
669295
669297
669298
669299
669300
669301
669302
669303
669304
669305
669307
669309
669310
669311
669315
669316
669318
669328
669331
669332
669334
669335
669336
669338
669339
669340
669341
669345
669346
669347
669350
669351
669352
669354
669355
669356
669357
669358
669359
669360
669361
669363
669364
669366
669367
669368
669371
669376
669378
669379
669380
669382
669383
669385
669386
669387
669388
669389
669391
669392
669393
669394
669396
669397
669398
669399
669401
669402
669403
669405
669407
669408
669409
669410
669412
669414
669415
669417
669418
669419
669420
669422
669425
669426
669429
669431
669432
669433
669435
669437
669438
669440
669441
669442
669443
669445
669446
669448
669449
669451
669452
669454
669455
669456
669457
669458
669459
669460
669461
669462
669463
669464
669465
669467
669469
669471
669472
669473
669474
669475
669476
669477
669479
669480
669481
669482
669484
669486
669487
669488
669493
669494
669495
669496
669498
669499
669501
669502
669503
669504
669505
669507
669509
669510
669511
669512
669513
669515
669516
669518
669519
669520
669521
669522
669523
669524
669525
669526
669527
669528
669533
669535
669537
669538
669539
669540
669542
669543
669544
669546
669547
669548
669550
669551
669552
669554
669556
669557
669560
669561
669563
669564
669565
669566
669567
669568
669569
669570
669571
669574
669575
669576
669577
669578
669581
669583
669584
669585
669586
669587
669588
669594
669595
669596
669597
669598
669599
669600
669603
669604
669608
669609
669610
669611
669612
669613
669614
669615
669616
669617
669618
669622
669623
669625
669627
669628
669630
669632
669634
669635
669636
669638
669639
669640
669641
669644
669645
669646
669647
669648
669649
669651
669652
669653
669654
669655
669656
669660
669661
669662
669664
669665
669666
669668
669671
669673
669675
669676
669677
669678
669679
669680
669681
669685
669686
669689
669690
669691
669692
669694
669695
669696
669697
669700
669701
669703
669704
669705
669706
669707
669708
669709
669710
669711
669712
669713
669715
669716
669718
669719
669721
669722
669723
669726
669728
669730
669731
669732
669734
669735
669736
669737
669739
669740
669741
669743
669744
669745
669746
669748
669749
669750
669751
669752
669753
669754
669756
669757
669758
669760
669761
669763
669764
669765
669767
669768
669770
669771
669772
669773
669774
669775
669776
669780
669783
669784
669786
669787
669789
669790
669791
669792
669793
669794
669796
669797
669798
669799
669800
669801
669802
669803
669804
669805
669807
669808
669809
669810
669811
669812
669815
669816
669817
669818
669822
669823
669824
669825
669826
669827
669828
669829
669830
669831
669832
669833
669834
669835
669836
669837
669838
669839
669840
669841
669842
669843
669844
669845
669846
669847
669849
669850
669851
669852
669854
669855
669857
669859
669860
669861
669862
669863
669866
669867
669868
669869
669870
669872
669873
669874
669879
669880
669881
669882
669883
669884
669885
669886
669887
669888
669889
669892
669893
669894
669895
669896
669897
669898
669899
669900
669901
669902
669903
669904
669906
669907
669908
669909
669911
669912
669913
669914
669916
669917
669918
669919
669920
669921
669924
669925
669926
669928
669929
669930
669931
669932
669934
669935
669936
669937
669938
669939
669940
669941
669942
669943
669944
669945
669946
669947
669949
669951
669952
669953
669954
669955
669956
669957
669958
669959
669960
669961
669962
669964
669965
669967
669968
669969
669972
669973
669974
669975
669976
669977
669978
669979
669980
669982
669983
669984
669985
669987
669988
669989
669990
669992
669993
669994
669995
669996
669997
669998
6700
670000
670002
670003
670004
670005
670006
670007
670008
670009
670010
670012
670013
670014
670015
670017
670018
670019
670020
670021
670022
670023
670024
670026
670027
670028
670029
670030
670031
670032
670033
670034
670035
670036
670039
670040
670041
670042
670043
670044
670045
670046
670047
670048
670049
670050
670053
670054
670055
670056
670057
670058
670059
670063
670064
670065
670066
670067
670068
670069
670071
670072
670073
670076
670078
670079
670080
670081
670082
670083
670084
670085
670086
670087
670088
670089
670091
670092
670093
670095
670096
670097
670098
670099
670100
670101
670102
670104
670106
670107
670108
670109
670110
670111
670112
670113
670114
670115
670116
670117
670118
670119
670120
670121
670122
670123
670124
670125
670126
670128
670129
670131
670132
670133
670136
670137
670138
670139
670140
670141
670142
670143
670153
670154
670157
670159
670160
670161
670162
670163
670164
670166
670167
670168
670169
670170
670171
670172
670173
670176
670177
670178
670179
670180
670181
670182
670183
670184
670185
670191
670192
670193
670194
670195
670196
670197
670198
670199
670200
670201
670202
670203
670204
670205
670206
670207
670208
670209
670210
670211
670212
670214
670217
670218
670219
670220
670221
670222
670224
670225
670226
670227
670231
670232
670233
670234
670235
670236
670238
670239
670240
670241
670242
670244
670245
670246
670247
670248
670249
670250
670251
670252
670253
670254
670256
670257
670258
670259
670261
670262
670263
670264
670265
670266
670267
670268
670269
670270
670271
670272
670273
670275
670276
670277
670278
670279
670280
670281
670283
670284
670285
670286
670287
670288
670289
670290
670292
670293
670294
670295
670296
670297
670298
670299
670300
670301
670302
670303
670304
670305
670306
670307
670308
670309
670310
670312
670314
670315
670316
670317
670318
670320
670321
670322
670323
670324
670325
670326
670327
670328
670329
670331
670332
670333
670334
670335
670336
670337
670338
670341
670342
670343
670344
670345
670346
670347
670348
670349
670350
670351
670352
670354
670355
670356
670358
670361
670362
670363
670365
670367
670369
670372
670374
670375
670376
670377
670378
670379
670380
670381
670382
670383
670385
670386
670387
670388
670389
670390
670391
670392
670395
670396
670397
670398
670399
670400
670402
670403
670404
670405
670406
670407
670411
670412
670413
670414
670415
670416
670417
670418
670419
670420
670421
670422
670423
670424
670426
670427
670429
670430
670431
670432
670433
670434
670435
670436
670437
670438
670439
670440
670441
670442
670443
670444
670445
670446
670447
670448
670449
670450
670451
670452
670453
670455
670456
670457
670458
670459
670460
670461
670462
670463
670464
670466
670467
670468
670469
670471
670472
670473
670474
670477
670478
670479
670483
670484
670485
670486
670487
670488
670490
670491
670493
670494
670495
670496
670497
670498
670499
670500
670502
670504
670506
670510
670511
670512
670513
670514
670516
670518
670519
670520
670521
670522
670523
670524
670525
670527
670528
670529
670533
670534
670536
670537
670539
670540
670541
670542
670543
670544
670545
670546
670547
670548
670549
670551
670552
670555
670556
670557
670558
670560
670561
670563
670564
670565
670566
670567
670570
670571
670572
670573
670574
670575
670576
670578
670580
670581
670583
670585
670588
670590
670595
670596
670599
670601
670603
670604
670606
670607
670609
670611
670613
670614
670615
670616
670617
670620
670621
670622
670623
670624
670625
670626
670628
670629
670630
670632
670634
670635
670636
670637
670638
670640
670641
670642
670643
670647
670649
670651
670653
670655
670656
670658
670659
670660
670662
670663
670664
670666
670667
670668
670670
670671
670672
670673
670674
670675
670677
670679
670680
670682
670684
670685
670691
670693
670694
670695
670696
670697
670699
670700
670702
670703
670705
670706
670708
670709
670710
670711
670712
670714
670715
670716
670717
670718
670719
670720
670721
670722
670723
670724
670725
670727
670728
670729
670730
670732
670733
670734
670735
670736
670738
670740
670742
670743
670744
670745
670747
670748
670749
670750
670751
670752
670753
670754
670755
670756
670757
670758
670759
670760
670761
670762
670763
670764
670765
670766
670767
670769
670770
670775
670776
670777
670779
670781
670783
670784
670785
670787
670788
670790
670791
670792
670793
670794
670796
670799
670800
670801
670802
670804
670807
670808
670811
670812
670813
670814
670815
670823
670824
670826
670828
670829
670830
670831
670832
670833
670834
670835
670836
670837
670838
670839
670840
670841
670842
670843
670844
670845
670848
670850
670851
670852
670854
670855
670858
670859
670860
670864
670865
670866
670867
670868
670869
670870
670871
670872
670873
670874
670875
670876
670877
670878
670879
670880
670881
670882
670883
670885
670886
670888
670889
670890
670893
670894
670895
670896
670897
670898
670899
670900
670901
670902
670903
670904
670906
670907
670908
670909
670910
670911
670913
670914
670915
670916
670917
670918
670919
670920
670921
670922
670923
670924
670927
670928
670930
670931
670932
670933
670936
670937
670938
670940
670941
670942
670943
670944
670946
670947
670948
670949
670950
670951
670953
670955
670956
670958
670960
670961
670962
670965
670966
670967
670968
670969
670970
670971
670972
670973
670974
670976
670979
670981
670983
670984
670985
670986
670987
670988
670989
670990
670992
670993
670994
670995
670996
670998
670999
6710
671000
671001
671002
671004
671005
671008
671009
671010
671011
671013
671014
671015
671016
671018
671019
671020
671021
671023
671024
671025
671026
671028
671029
671031
671032
671033
671034
671035
671036
671037
671038
671039
671040
671042
671043
671044
671045
671046
671047
671049
671050
671051
671052
671054
671055
671058
671059
671060
671061
671063
671064
671065
671066
671067
671068
671069
671070
671072
671074
671075
671076
671077
671079
671080
671082
671083
671084
671085
671086
671088
671089
671090
671091
671094
671095
671096
671097
671098
671099
671100
671101
671102
671103
671104
671105
671106
671108
671109
671110
671111
671113
671115
671116
671117
671118
671119
671120
671121
671123
671124
671126
671127
671128
671129
671132
671135
671136
671137
671140
671141
671143
671144
671145
671146
671148
671149
671150
671151
671153
671154
671155
671156
671158
671159
671160
671161
671162
671163
671164
671166
671167
671168
671169
671172
671173
671175
671176
671177
671178
671179
671180
671181
671182
671183
671184
671185
671186
671187
671188
671190
671192
671193
671195
671196
671197
671198
671199
671201
671202
671203
671204
671206
671207
671208
671209
671210
671211
671212
671213
671214
671216
671217
671218
671219
671220
671221
671222
671224
671225
671227
671228
671230
671231
671232
671233
671236
671237
671238
671239
671240
671241
671242
671244
671245
671246
671247
671248
671249
671250
671251
671252
671253
671254
671255
671257
671258
671259
671260
671265
671266
671267
671268
671271
671272
671273
671274
671275
671276
671277
671278
671279
671280
671281
671282
671283
671284
671285
671286
671287
671288
671289
671290
671291
671292
671293
671294
671296
671297
671298
671299
671300
671301
671302
671303
671304
671305
671306
671307
671308
671310
671311
671312
671313
671314
671315
671317
671318
671319
671320
671321
671322
671323
671324
671325
671326
671328
671329
671331
671332
671333
671334
671335
671337
671338
671339
671342
671344
671345
671346
671347
671348
671349
671350
671351
671352
671353
671354
671355
671356
671357
671359
671360
671361
671362
671363
671364
671365
671366
671368
671370
671371
671372
671373
671374
671375
671376
671378
671379
671380
671382
671383
671384
671385
671386
671389
671390
671391
671393
671395
671396
671397
671398
671399
671400
671401
671402
671403
671404
671405
671406
671407
671408
671410
671411
671412
671413
671414
671415
671416
671417
671418
671419
671420
671423
671424
671425
671426
671427
671428
671429
671430
671431
671432
671433
671434
671435
671436
671437
671439
671440
671444
671445
671446
671447
671448
671449
671451
671452
671454
671455
671457
671458
671459
671460
671462
671463
671464
671465
671466
671467
671468
671469
671470
671471
671472
671473
671474
671475
671476
671477
671478
671479
671482
671483
671484
671486
671487
671488
671489
671490
671491
671492
671493
671494
671495
671497
671498
671499
671500
671501
671502
671503
671504
671505
671506
671507
671508
671509
671510
671511
671512
671513
671514
671515
671517
671518
671519
671520
671521
671523
671524
671525
671526
671527
671529
671530
671531
671532
671533
671535
671536
671537
671538
671539
671540
671541
671542
671544
671545
671546
671547
671550
671552
671553
671555
671556
671557
671558
671560
671561
671562
671563
671564
671566
671567
671569
671570
671571
671572
671573
671574
671575
671576
671577
671578
671579
671580
671582
671583
671584
671585
671586
671587
671590
671591
671592
671593
671594
671595
671596
671597
671599
671600
671601
671602
671603
671604
671605
671606
671607
671609
671610
671612
671613
671614
671615
671616
671617
671618
671619
671620
671621
671622
671624
671625
671626
671627
671628
671630
671631
671633
671635
671636
671638
671640
671641
671642
671643
671644
671645
671646
671648
671649
671651
671652
671653
671654
671655
671657
671658
671659
671660
671661
671662
671663
671664
671665
671666
671667
671668
671670
671671
671672
671674
671675
671676
671677
671680
671681
671687
671688
671689
671690
671691
671692
671693
671695
671696
671697
671698
671699
6717
671701
671702
671703
671704
671706
671707
671708
671710
671714
671715
671716
671717
671718
671719
671720
671721
671722
671723
671724
671725
671727
671728
671729
671730
671731
671732
671733
671734
671735
671736
671737
671738
671739
671740
671741
671742
671743
671744
671745
671746
671747
671748
671749
671750
671752
671753
671754
671755
671756
671758
671759
671760
671761
671762
671763
671764
671765
671766
671767
671770
671771
671772
671773
671775
671778
671783
671784
671785
671787
671788
671789
671790
671791
671792
671794
671795
671796
671797
671798
671799
6718
671800
671801
671802
671803
671804
671806
671809
671810
671812
671813
671814
671818
671820
671821
671824
671825
671826
671827
671828
671829
671830
671831
671832
671833
671835
671836
671837
671838
671839
671840
671841
671842
671843
671844
671845
671846
671847
671848
671849
671850
671851
671852
671853
671854
671857
671858
671859
671860
671861
671862
671863
671864
671865
671866
671867
671869
671870
671871
671872
671873
671874
671875
671876
671877
671878
671879
671883
671884
671885
671886
671887
671888
671889
671890
671891
671892
671893
671894
671895
671896
671897
671898
671899
671900
671901
671902
671903
671904
671905
671906
671907
671908
671909
671910
671911
671914
671915
671916
671917
671918
671919
671920
671921
671922
671923
671924
671925
671926
671927
671928
671930
671931
671932
671933
671934
671935
671938
671939
671940
671941
671943
671944
671946
671947
671948
671949
671951
671952
671954
671955
671956
671957
671958
671959
671960
671962
671963
671965
671966
671967
671968
671969
671970
671971
671972
671973
671974
671975
671976
671977
671978
671979
671980
671981
671982
671983
671984
671985
671986
671987
671988
671989
671990
671991
671992
671993
671994
671995
671996
671997
671998
671999
672000
672001
672002
672003
672004
672006
672007
672008
672009
672010
672011
672012
672013
672014
672015
672016
672017
672018
672019
672020
672021
672022
672023
672024
672025
672027
672028
672029
672031
672033
672034
672035
672037
672038
672039
672040
672041
672042
672043
672045
672046
672047
672048
672049
672051
672052
672053
672056
672057
672059
672060
672061
672063
672064
672065
672066
672067
672068
672069
672070
672071
672072
672073
672076
672077
672078
672079
672080
672081
672082
672083
672084
672085
672086
672087
672088
672089
672090
672091
672093
672094
672095
672096
672097
672098
672099
672100
672101
672102
672103
672104
672105
672106
672107
672108
672110
672111
672112
672114
672115
672116
672117
672121
672123
672124
672125
672126
672127
672128
672130
672131
672132
672133
672134
672136
672137
672138
672139
672140
672142
672144
672146
672147
672148
672149
672150
672151
672152
672153
672155
672156
672157
672158
672159
672160
672161
672163
672164
672166
672171
672172
672174
672176
672177
672178
672179
672180
672181
672182
672183
672184
672186
672187
672188
672189
672190
672191
672193
672195
672197
672198
672199
672200
672201
672202
672203
672204
672205
672206
672207
672209
672210
672211
672212
672213
672216
672218
672221
672222
672223
672224
672225
672227
672228
672229
672230
672231
672232
672233
672235
672238
672239
672240
672241
672243
672244
672245
672246
672247
672248
672249
672250
672252
672254
672255
672256
672257
672258
672259
672260
672261
672262
672263
672264
672267
672268
672269
672270
672271
672272
672273
672274
672275
672276
672277
672278
672279
672280
672281
672282
672283
672284
672285
672286
672287
672288
672289
672290
672291
672292
672294
672295
672296
672297
672298
672299
672300
672301
672302
672303
672304
672305
672306
672307
672308
672309
672310
672311
672312
672313
672314
672315
672316
672317
672318
672320
672322
672323
672324
672325
672326
672327
672328
672329
672331
672332
672333
672334
672335
672336
672337
672338
672339
672340
672342
672343
672344
672345
672347
672348
672349
672350
672351
672352
672353
672354
672355
672356
672357
672358
672359
672360
672362
672363
672364
672365
672366
672367
672368
672371
672375
672376
672377
672378
672379
672381
672383
672384
672385
672386
672387
672388
672389
672390
672391
672393
672394
672395
672396
672397
672398
672399
672400
672402
672403
672404
672405
672406
672408
672409
672410
672411
672413
672414
672415
672416
672417
672418
672419
672420
672421
672422
672423
672424
672425
672426
672427
672428
672429
672430
672431
672433
672434
672435
672436
672437
672438
672439
672440
672441
672442
672443
672444
672445
672446
672447
672448
672449
672450
672451
672452
672453
672454
672455
672456
672457
672458
672459
672460
672461
672462
672463
672464
672465
672466
672467
672468
672469
672470
672471
672472
672473
672474
672475
672476
672477
672478
672479
672480
672482
672484
672485
672486
672487
672488
672489
672490
672491
672492
672493
672494
672495
672496
672497
672498
672499
672500
672501
672502
672503
672504
672505
672506
672507
672508
672509
672510
672511
672512
672513
672514
672515
672516
672517
672518
672519
672520
672521
672522
672523
672524
672525
672526
672527
672528
672529
672530
672531
672532
672533
672534
672535
672537
672538
672539
672540
672542
672543
672544
672545
672546
672547
672548
672552
672554
672555
672557
672558
672559
672560
672561
672562
672563
672564
672566
672567
672568
672569
672570
672571
672572
672573
672574
672575
672577
672578
672579
672580
672581
672582
672584
672585
672586
672588
672589
672591
672592
672593
672594
672596
672597
672598
672599
672601
672602
672603
672604
672606
672607
672609
672610
672611
672612
672613
672614
672615
672616
672617
672618
672619
672620
672621
672622
672623
672624
672625
672626
672627
672628
672629
672630
672631
672632
672633
672634
672635
672636
672637
672638
672639
672640
672642
672643
672644
672645
672646
672647
672648
672649
672650
672651
672653
672654
672655
672656
672657
672658
672659
672660
672661
672663
672664
672665
672666
672667
672668
672669
672670
672671
672673
672674
672675
672676
672677
672678
672680
672681
672682
672683
672684
672685
672687
672688
672689
672690
672691
672693
672694
672695
672696
672697
672698
672699
672700
672701
672702
672703
672704
672705
672706
672707
672708
672709
672710
672711
672712
672713
672714
672715
672716
672717
672718
672720
672721
672723
672724
672725
672726
672727
672728
672729
672731
672732
672733
672734
672735
672736
672737
672738
672739
672740
672741
672744
672746
672747
672748
672749
672750
672751
672753
672756
672757
672758
672759
672760
672761
672762
672763
672765
672766
672767
672768
672769
672770
672773
672774
672775
672776
672777
672778
672779
672780
672781
672782
672783
672784
672785
672786
672788
672789
672790
672791
672792
672793
672795
672797
672798
672799
672800
672801
672802
672803
672804
672805
672806
672807
672808
672809
672810
672811
672812
672813
672814
672815
672816
672817
672819
672820
672821
672822
672824
672825
672826
672827
672828
672829
672830
672831
672832
672833
672834
672835
672836
672837
672839
672840
672841
672842
672843
672844
672845
672846
672847
672848
672849
672850
672851
672852
672853
672854
672855
672856
672857
672858
672859
672860
672861
672862
672863
672864
672865
672866
672867
672868
672869
672870
672871
672872
672873
672874
672876
672877
672878
672879
672880
672881
672882
672883
672885
672886
672887
672888
672889
672893
672894
672895
672896
672897
672898
672899
672900
672901
672902
672903
672904
672906
672907
672908
672910
672912
672915
672916
672917
672918
672919
672920
672921
672922
672923
672924
672925
672926
672927
672928
672929
672930
672931
672932
672933
672934
672935
672936
672937
672938
672939
672940
672941
672942
672943
672944
672945
672946
672947
672948
672949
672950
672951
672953
672954
672955
672956
672957
672958
672959
672960
672962
672963
672964
672965
672966
672967
672968
672969
672970
672971
672972
672974
672975
672976
672977
672978
672979
672980
672982
672983
672984
672985
672986
672987
672989
672990
672991
672992
672993
672994
672995
672997
672998
672999
673000
673001
673002
673003
673004
673006
673007
673008
673009
673010
673011
673012
673013
673014
673015
673016
673017
673018
673019
673020
673021
673022
673023
673024
673025
673026
673027
673028
673029
673030
673031
673033
673034
673035
673037
673038
673039
673041
673042
673043
673044
673045
673046
673047
673048
673050
673051
673052
673053
673054
673055
673056
673057
673058
673059
673060
673061
673062
673063
673064
673065
673066
673067
673068
673070
673071
673072
673073
673074
673075
673076
673077
673078
673079
673080
673081
673082
673083
673084
673086
673087
673088
673089
673090
673091
673092
673093
673094
673095
673096
673097
673098
673099
673100
673101
673102
673103
673105
673107
673108
673109
673110
673111
673112
673113
673114
673115
673116
673117
673118
673119
673120
673121
673122
673123
673124
673125
673126
673127
673128
673129
673130
673131
673132
673133
673134
673135
673136
673138
673139
673141
673142
673143
673144
673145
673146
673147
673148
673149
673150
673151
673152
673153
673154
673155
673156
673157
673158
673159
673160
673161
673162
673163
673164
673165
673166
673167
673170
673172
673173
673175
673178
673179
673180
673181
673182
673183
673184
673185
673186
673187
673188
673189
673190
673191
673192
673193
673194
673195
673196
673197
673200
673201
673202
673203
673204
673205
673206
673207
673208
673209
673210
673211
673212
673213
673214
673215
673216
673217
673218
673220
673221
673222
673223
673224
673225
673226
673227
673228
673229
673230
673231
673232
673233
673234
673235
673236
673237
673238
673239
673240
673241
673242
673243
673244
673245
673246
673247
673248
673249
673250
673252
673253
673254
673255
673256
673257
673258
673259
673260
673261
673262
673263
673264
673265
673266
673267
673268
673269
673270
673271
673272
673274
673275
673276
673277
673279
673281
673282
673283
673284
673288
673289
673290
673291
673292
673293
673294
673295
673296
673297
673298
673299
673300
673301
673302
673303
673304
673306
673307
673308
673309
673310
673311
673312
673313
673314
673315
673316
673317
673318
673319
673320
673322
673323
673324
673325
673327
673328
673331
673332
673333
673335
673336
673337
673338
673343
673344
673345
673346
673347
673348
673349
673350
673351
673353
673354
673355
673358
673359
673361
673362
673363
673364
673365
673366
673367
673368
673369
673370
673371
673375
673377
673378
673379
673381
673382
673383
673384
673385
673386
673388
673389
673390
673391
673396
673397
673398
673399
673400
673401
673402
673403
673404
673405
673406
673407
673408
673409
673411
673412
673413
673414
673415
673417
673418
673419
673420
673421
673422
673423
673424
673425
673426
673427
673428
673429
673431
673433
673434
673435
673436
673437
673438
673440
673441
673442
673443
673444
673445
673446
673447
673448
673449
673450
673451
673452
673454
673455
673457
673458
673459
673461
673462
673463
673464
673465
673466
673470
673471
673472
673474
673475
673476
673477
673479
673482
673483
673484
673485
673490
673491
673492
673493
673494
673495
673496
673497
673498
673499
673501
673502
673503
673505
673506
673507
673508
673510
673511
673512
673513
673514
673515
673517
673518
673519
673520
673521
673522
673523
673524
673525
673526
673529
673530
673531
673533
673534
673535
673536
673537
673538
673539
673540
673541
673542
673543
673544
673545
673546
673547
673548
673549
673550
673551
673552
673553
673554
673555
673556
673557
673558
673559
673560
673561
673562
673563
673564
673565
673566
673567
673568
673569
673570
673571
673572
673573
673574
673576
673577
673578
673579
673580
673581
673582
673583
673584
673585
673586
673587
673588
673589
673590
673591
673592
673593
673594
673596
673597
673598
673599
673600
673601
673602
673603
673604
673605
673606
673607
673608
673609
673610
673611
673612
673613
673614
673615
673616
673617
673618
673619
673620
673621
673622
673623
673624
673625
673626
673627
673628
673629
673630
673631
673632
673633
673634
673635
673637
673638
673640
673641
673642
673643
673644
673645
673646
673647
673648
673649
673650
673651
673652
673656
673657
673658
673660
673661
673663
673664
673665
673666
673667
673670
673671
673672
673673
673674
673675
673679
673680
673681
673682
673684
673686
673687
673688
673690
673691
673692
673693
673695
673696
673697
673699
673700
673701
673702
673705
673706
673707
673708
673709
673710
673711
673712
673713
673714
673715
673716
673717
673718
673719
673720
673721
673722
673723
673724
673725
673726
673727
673731
673732
673733
673734
673735
673736
673737
673738
673739
673740
673741
673742
673743
673744
673745
673746
673747
673748
673749
673750
673751
673752
673753
673754
673755
673756
673757
673758
673759
673760
673761
673762
673763
673764
673765
673766
673768
673769
673770
673771
673772
673773
673774
673775
673776
673777
673778
673779
673780
673782
673783
673784
673785
673786
673787
673788
673789
673790
673791
673792
673793
673795
673796
673797
673798
673799
673800
673801
673803
673804
673805
673806
673807
673808
673809
673810
673811
673812
673813
673814
673815
673816
673817
673818
673819
673821
673822
673823
673824
673825
673826
673829
673830
673831
673832
673835
673837
673838
673839
673840
673841
673844
673846
673847
673850
673851
673852
673855
673857
673858
673859
673860
673861
673863
673864
673865
673866
673867
673868
673869
673871
673872
673873
673874
673875
673877
673878
673880
673881
673882
673883
673885
673886
673887
673889
673890
673892
673895
673896
673897
673898
673899
673900
673902
673904
673905
673906
673907
673908
673909
673910
673911
673913
673915
673916
673917
673919
673921
673922
673923
673926
673928
673929
673930
673931
673932
673936
673937
673941
673942
673944
673945
673946
673947
673948
673949
673951
673952
673954
673955
673956
673958
673960
673961
673962
673964
673967
673968
673969
673971
673972
673973
673974
673975
673976
673977
673980
673981
673983
673985
673986
673988
673989
673992
673994
673995
673996
673997
673998
673999
674002
674005
674007
674008
674011
674012
674013
674016
674017
674019
674020
674021
674027
674029
674031
674032
674034
674036
674038
674041
674043
674045
674046
674047
674049
674050
674051
674052
674053
674054
674055
674056
674057
674061
674064
674065
674069
674070
674072
674074
674080
674081
674082
674083
674087
674088
674092
674096
674097
674106
674107
674112
674113
674114
674116
674120
674124
674126
674127
674128
674129
674131
674132
674133
674134
674135
674136
674139
674140
674142
674143
674144
674145
674148
674153
674155
674156
674158
674160
674161
674163
674165
674166
674167
674168
674169
674170
674171
674172
674174
674175
674177
674180
674181
674182
674184
674186
674187
674192
674193
674194
674198
674199
674201
674202
674203
674207
674210
674212
674213
674214
674215
674216
674217
674218
674219
674220
674221
674222
674223
674224
674225
674226
674227
674228
674229
674230
674231
674232
674233
674234
674235
674236
674239
674241
674242
674243
674244
674245
674246
674248
674250
674252
674253
674258
674259
674261
674262
674263
674264
674265
674266
674267
674268
674269
674273
674274
674276
674277
674281
674284
674286
674287
674288
674289
674291
674292
674293
674294
674295
674296
674297
674298
6743
674300
674304
674305
674306
674310
674311
674312
674313
674314
674316
674317
674318
674319
674322
674323
674325
674326
674327
674330
674331
674332
674333
674334
674335
674336
674337
674339
674340
674343
674344
674345
674346
674347
674348
674349
674350
674351
674352
674353
674354
674355
674356
674357
674358
674359
674360
674361
674363
674364
674366
674368
674370
674371
674372
674373
674374
674376
674380
674381
674382
674387
674388
674389
674390
674392
674394
674395
674396
674397
674398
674399
674401
674402
674403
674404
674405
674406
674407
674411
674412
674413
674414
674416
674418
674420
674421
674423
674425
674427
674428
67442805
674430
674431
674434
674435
674436
674437
674438
674439
674441
674442
674443
674444
674447
674448
674449
674450
674452
674453
674455
674456
674458
674459
674461
674464
674465
674466
674467
674468
674469
674470
674471
674473
674474
674477
674479
674484
674485
674486
674487
674488
674489
674490
674491
674492
674493
674495
674496
674497
674498
674500
674505
674506
674507
674508
674509
674511
674512
674513
674514
674515
674518
674519
674521
674522
674523
674524
674526
674527
674528
674530
674532
674534
674535
674537
674538
674540
674541
674542
674543
674544
674546
674547
674553
674554
674556
674558
674559
674560
674561
674562
674563
674565
674566
674567
674568
674570
674571
674573
674574
674576
674578
674581
674583
674587
674588
674589
674590
674591
674593
674594
674595
674598
674599
674600
674601
674602
674605
674606
674607
674608
674609
674610
674612
674613
674614
674615
674616
674618
674619
674620
674622
674624
674626
674628
674629
674630
674632
674634
674636
674639
674640
674641
674642
674643
674645
674646
674647
674648
674650
674651
674652
674653
674655
674656
674657
674659
674662
674663
674665
674666
674668
674672
674673
674674
674677
674678
674679
674680
674681
674683
674685
674690
674691
674692
674693
674694
674695
674697
674699
674702
674703
674704
674705
674706
674707
674708
674709
674711
674713
674714
674715
674718
674723
674724
674726
674727
674728
674729
674731
674732
674733
674734
674735
674736
674737
674738
674739
674740
674742
674743
674744
674746
674747
674748
674750
674751
674752
674753
674754
674755
674757
674761
674763
674764
674765
674766
674767
674768
674770
674773
674774
674775
674777
674778
674779
674780
674781
674784
674785
674786
674787
674789
674791
674792
674793
674795
674797
674798
674799
674800
674801
674804
674805
674806
674807
674808
674809
674810
674811
674812
674814
674815
674816
674817
674818
674819
674820
674821
674822
674823
674824
674825
674826
674827
674828
674829
674830
674831
674832
674833
674834
674835
674836
674837
674838
674839
674840
674841
674842
674843
674845
674846
674847
674848
674849
674850
674851
674852
674853
674854
674855
674856
674857
674858
674859
674864
674865
674866
674867
674868
674869
674870
674873
674874
674875
674876
674877
674878
674879
674880
674881
674882
674883
674885
674889
674890
674891
674892
674893
674894
674895
674896
674897
674898
674900
674901
674902
674903
674904
674905
674906
674907
674908
674909
674910
674911
674918
674919
674920
674921
674922
674923
674924
674925
674926
674927
674928
674929
674930
674933
674934
674935
674936
674937
674938
674939
674940
674941
674942
674943
674944
674945
674946
674947
674948
674949
674950
674951
674952
674953
674954
674955
674956
674957
674958
674959
674960
674961
674962
674963
674964
674965
674966
674968
674969
674970
674971
674973
674974
674975
674976
674977
674978
674979
674980
674981
674982
674983
674984
674986
674987
674988
674989
674990
674991
674992
674993
674994
674995
674996
674997
674998
674999
675000
675001
675002
675003
675004
675005
675006
675007
675008
675009
675010
675011
675012
675013
675014
675015
675016
675017
675018
675019
675020
675021
675022
675023
675024
675025
675026
675027
675029
675030
675031
675032
675033
675034
675035
675036
675037
675038
675039
675040
675041
675042
675044
675045
675046
675047
675048
675049
675050
675051
675052
675053
675054
675055
675056
675057
675058
675059
675060
675061
675062
675063
675064
675065
675066
675067
675068
675069
675070
675071
675072
675073
675074
675075
675076
675077
675078
675079
675080
675081
675082
675083
675084
675085
675086
675087
675088
675089
675090
675091
675092
675093
675094
675095
675096
675097
675098
675099
675100
675101
675102
675103
675104
675106
675107
675108
675109
675110
675111
675112
675113
675114
675115
675116
675117
675118
675119
675120
675121
675122
675123
675124
675125
675126
675127
675129
675130
675131
675132
675133
675136
675137
675140
675141
675142
675143
675144
675145
675146
675147
675148
675151
675154
675155
675156
675158
675160
675162
675164
675165
675167
675168
675169
675172
675173
675174
675175
675176
675177
675178
675181
675182
675183
675184
675185
675187
675190
675191
675192
675194
675195
675196
675197
675198
675200
675204
675208
675209
675210
675211
675212
675213
675214
675215
675216
675217
675218
675220
675221
675222
675223
675225
675226
675227
675228
675229
675230
675231
675234
675235
675237
675238
675239
675240
675241
675242
675243
675248
675250
675251
675252
675253
675255
675257
675258
675259
675260
675261
675262
675263
675264
675265
675266
675268
675269
675270
675271
675272
675273
675277
675278
675279
675280
675281
675282
675283
675284
675285
675286
675287
675288
675289
675290
675296
675298
675299
675300
675301
675302
675303
675304
675305
675306
675307
675308
675309
675311
675312
675313
675314
675315
675316
675317
675318
675319
675320
675321
675323
675324
675325
675326
675327
675328
675329
675330
675331
675332
675333
675334
675335
675336
675338
675339
675340
675341
675343
675344
675345
675346
675347
675348
675350
675351
675352
675353
675354
675356
675357
675358
675359
675360
675361
675362
675363
675364
675365
675366
675367
675368
675369
675370
675371
675372
675373
675374
675375
675376
675377
675379
675380
675381
675382
675383
675384
675385
675386
675387
675388
675389
675390
675391
675392
675393
675394
675395
675396
675397
675398
675399
675401
675402
675403
675404
675405
675406
675407
675408
675409
675411
675413
675414
675415
675416
675417
675418
675419
675420
675422
675423
675424
675425
675427
675428
675429
675430
675431
675432
675433
675434
675435
675436
675437
675438
675439
675440
675441
675442
675443
675444
675445
675446
675447
675448
675449
675450
675451
675452
675454
675455
675456
675457
675458
675459
675460
675461
675462
675463
675464
675465
675466
675467
675468
675469
675470
675471
675472
675473
675474
675475
675476
675477
675478
675479
675480
675481
675482
675483
675484
675485
675487
675489
675490
675494
675495
675497
675498
675499
675500
675501
675502
675503
675504
675505
675506
675507
675508
675509
675510
675512
675513
675514
675515
675516
675517
675518
675519
675522
675523
675524
675525
675526
675527
675528
675529
675530
675531
675532
675533
675534
675536
675537
675538
675539
675540
675541
675542
675543
675544
675545
675546
675547
675549
675551
675555
675556
675557
675558
675559
675560
675561
675562
675563
675564
675565
675567
675568
675569
675570
675571
675572
675573
675574
675575
675576
675577
675578
675579
675580
675581
675582
675583
675584
675585
675586
675587
675588
675589
675590
675591
675592
675593
675594
675595
675596
675597
675598
675600
675601
675602
675603
675604
675605
675606
675607
675608
675609
675610
675611
675612
675613
675614
675615
675616
675617
675618
675619
675620
675621
675622
675623
675624
675625
675626
675627
675628
675629
675630
675631
675632
675633
675634
675635
675636
675637
675638
675639
675640
675643
675646
675647
675648
675649
675650
675651
675652
675654
675655
675656
675657
675658
675659
675660
675661
675662
675663
675664
675665
675666
675667
675668
675669
675670
675671
675672
675673
675674
675675
675676
675677
675679
675680
675681
675683
675684
675685
675686
675687
675689
675690
675691
675692
675695
675696
675697
675698
675699
675700
675701
675702
675703
675704
675705
675706
675707
675708
675709
675710
675711
675712
675713
675714
675715
675716
675717
675719
675720
675721
675722
675723
675724
675725
675726
675727
675728
675729
675730
675731
675732
675733
675734
675735
675736
675737
675739
675740
675741
675742
675743
675744
675745
675746
675747
675748
675749
675750
675751
675752
675753
675754
675755
675756
675757
675758
675759
675760
675762
675763
675764
675765
675766
675767
675768
675769
675770
675771
675772
675773
675775
675776
675778
675781
675782
675783
675784
675786
675788
675789
675790
675791
675794
675795
675796
675797
675798
675799
675800
675801
675802
675803
675804
675805
675806
675807
675808
675809
675811
675813
675814
675815
675816
675819
675820
675822
675823
675825
675827
675828
675829
675832
675833
675835
675836
675838
675846
675847
675848
675850
675852
675853
675854
675855
675857
675858
675859
675861
675865
675866
675867
675868
675869
675871
675873
675874
675875
675876
675877
675878
675879
675882
675884
675885
675886
675887
675888
675889
675890
675891
675892
675893
675894
675895
675896
675897
675898
675899
675900
675901
675902
675903
675904
675905
675906
675907
675908
675909
675910
675911
675913
675914
675915
675916
675917
675918
675919
675920
675921
675922
675923
675924
675926
675927
675928
675934
675936
675937
675938
675939
675940
675941
675942
675943
675944
675945
675946
675950
675953
675954
675955
675956
675957
675958
675965
675966
675967
675968
675970
675971
675972
675973
675974
675975
675976
675977
675978
675979
675980
675983
675984
675985
675986
675987
675988
675989
675990
675991
675992
675993
675994
675995
675996
675997
675998
675999
676000
676002
676003
676004
676005
676006
676007
676008
676009
676010
676011
676012
676014
676015
676016
676017
676018
676019
676020
676021
676022
676023
676024
676025
676026
676028
676029
676030
676031
676032
676033
676034
676035
676036
676037
676038
676039
676041
676042
676043
676044
676045
676046
676047
676048
676049
676050
676051
676052
676053
676054
676055
676056
676057
676058
676059
676060
676061
676062
676063
676064
676065
676066
676067
676068
676069
676070
676071
676072
676073
676074
676075
676076
676077
676078
676079
676081
676082
676083
676084
676085
676086
676087
676088
676089
676090
676091
676092
676093
676094
676095
676096
676097
676098
676099
676100
676101
676102
676103
676104
676105
676106
676108
676109
676110
676111
676112
676113
676114
676115
676116
676117
676118
676119
676120
676121
676122
676123
676124
676125
676126
676127
676128
676129
676130
676131
676132
676133
676134
676135
676136
676138
676139
676140
676142
676143
676144
676146
676147
676148
676150
676151
676152
676153
676154
676155
676156
676157
676162
676163
676166
676167
676168
676169
676170
676171
676172
676174
676175
676177
676179
676180
676181
676182
676183
676185
676189
676190
676192
676194
676195
676196
676198
676199
676200
676201
676202
676203
676204
676206
676207
676208
676211
676214
676216
676217
676218
676219
676220
676221
676223
676224
676225
676226
676227
676228
676229
676230
676231
676232
676234
676235
676236
676237
676238
676239
676241
676242
676244
676246
676249
676250
676251
676253
676254
676255
676256
676257
676258
676259
676260
676263
676265
676268
676269
676270
676271
676272
676273
676274
676276
676277
676279
676280
676283
676284
676285
676287
676288
676289
676291
676292
676294
676295
676296
676298
676300
676302
676303
676304
676306
676307
676308
676309
676313
676315
676317
676318
676319
676321
676322
676323
676324
676325
676326
676328
676329
676331
676332
676333
676335
676336
676340
676341
676342
676343
676344
676345
676346
676347
676348
676349
676351
676352
676356
676357
676359
676360
676361
676362
676364
676365
676366
676367
676368
676369
676371
676373
676376
676377
676381
676384
676385
676386
676387
676388
676389
676390
676391
676393
676394
676395
676396
676398
676401
676403
676404
676405
676409
676410
676411
676415
676416
676417
676418
676419
676420
676421
676424
676425
676426
676429
676430
676431
676432
676433
676434
676435
676439
676441
676443
676444
676445
676450
676451
676452
676455
676456
676457
676458
676459
676460
676461
676462
676464
676466
676467
676470
676471
676472
676474
676476
676477
676479
676480
676481
676483
676484
676485
676486
676487
676489
676492
676493
676495
676498
676501
676502
676503
676504
676505
676506
676507
676510
676511
676513
676514
676516
676517
676518
676520
676521
676522
676523
676524
676526
676527
676528
676531
676532
676533
676534
676535
676536
676540
676541
676542
676543
676544
676546
676547
676548
676550
676552
676553
676554
676555
676556
676557
676559
676560
676562
676564
676565
676566
676568
676569
676571
676572
676573
676574
676575
676576
676577
676579
676580
676581
676584
676585
676586
676587
676588
676589
676590
676591
676592
676593
676594
676595
676596
676597
676599
676601
676604
676606
676608
676612
676613
676614
676615
676617
676619
676620
676621
676623
676625
676626
676628
676629
676631
676632
676634
676638
676639
676640
676641
676642
676646
676647
676648
676649
676650
676654
676656
676659
676660
676661
676663
676664
676666
676668
676669
676672
676673
676674
676675
676676
676677
676680
676681
676682
676683
676684
676685
676686
676688
676689
676690
676692
676693
676696
676697
676698
676699
676700
676701
676702
676703
676704
676705
676706
676708
676714
676715
676718
676719
676721
676722
676723
676724
676725
676727
676728
676730
676731
676732
676736
676737
676739
676740
676741
676742
676743
676745
676746
676747
676748
676749
676750
676751
676752
676753
676755
676756
676757
676758
676759
676760
676761
676762
676763
676765
676766
676767
676772
676773
676775
676777
676778
676779
676781
676783
676784
676785
676786
676787
676788
676790
676791
676792
676793
676794
676795
676796
676797
676798
676801
676802
676803
676804
676805
676806
676809
676810
676811
676812
676813
676814
676815
676816
676818
676819
676821
676823
676824
676825
676827
676829
676830
676831
676832
676834
676835
676836
676838
676839
676841
676842
676843
676844
676845
676846
676848
676849
676851
676853
676854
676855
676857
676858
676859
676860
676862
676863
676864
676865
676866
676868
676870
676871
676872
676874
676876
676877
676878
676880
676881
676882
676883
676886
676888
676889
676891
676892
676893
676894
676895
676896
676897
676898
676899
676900
676901
676902
676903
676904
676905
676907
676910
676913
676916
676918
676920
676921
676922
676923
676924
676925
676928
676930
676931
676932
676933
676936
676937
676938
676939
676940
676943
676945
676946
676948
676949
676950
676951
676952
676953
676954
676955
676956
676957
676958
676962
676963
676965
676967
676968
676969
676971
676972
676973
676974
676975
676976
676977
676978
676979
676982
676983
676984
676985
676986
676987
676988
676989
676990
676991
676992
676993
676994
676995
676996
676997
676998
676999
677000
677002
677003
677004
677005
677006
677008
677009
677010
677011
677012
677013
677014
677015
677016
677017
677022
677024
677025
677026
677027
677028
677029
677031
677032
677033
677034
677035
677036
677037
677038
677039
677040
677041
677042
677043
677044
677045
677046
677047
677048
677049
677050
677051
677052
677053
677054
677055
677056
677057
677058
677059
677061
677062
677063
677064
677066
677067
677068
677069
677070
677072
677073
677074
677078
677081
677082
677083
677084
677085
677086
677087
677088
677089
677090
677091
677092
677093
677094
677095
677096
677097
677099
677100
677101
677102
677103
677104
677105
677112
677113
677114
677115
677116
677117
677118
677120
677121
677122
677123
677124
677125
677126
677127
677128
677129
677130
677131
677132
677133
677134
677135
677136
677137
677138
677139
677140
677141
677142
677143
677145
677146
677147
677149
677150
677151
677152
677153
677154
677157
677158
677159
677160
677161
677162
677163
677164
677165
677166
677167
677168
677169
677170
677171
677173
677174
677175
677176
677177
677178
677179
677180
677182
677183
677184
677185
677186
677187
677189
677190
677191
677192
677193
677194
677195
677196
677197
677198
677199
677200
677202
677203
677204
677205
677206
677208
677209
677210
677211
677212
677213
677214
677215
677216
677217
677218
677219
677220
677221
677222
677223
677224
677225
677226
677227
677228
677229
677230
677231
677232
677233
677234
677235
677236
677237
677238
677239
677240
677241
677242
677243
677244
677245
677246
677247
677248
677250
677251
677252
677253
677254
677255
677256
677257
677258
677259
677260
677261
677262
677263
677264
677265
677266
677267
677268
677269
677270
677272
677273
677274
677275
677276
677277
677278
677279
677280
677281
677282
677283
677284
677285
677286
677287
677288
677289
677290
677291
677293
677294
677296
677297
677298
677299
677300
677301
677302
677303
677304
677306
677307
677308
677309
677310
677311
677312
677313
677314
677315
677316
677317
677318
677320
677321
677322
677323
677324
677325
677326
677327
677328
677329
677330
677331
677336
677337
677338
677340
677343
677344
677345
677348
677349
677350
677351
677353
677355
677356
677358
677359
677361
677362
677363
677364
677365
677367
677368
677370
677372
677373
677374
677375
677376
677377
677378
677379
677380
677381
677382
677383
677384
677385
677386
677388
677389
677390
677391
677392
677394
677396
677397
677398
677399
677400
677401
677402
677403
677404
677405
677406
677407
677408
677410
677411
677412
677413
677414
677415
677416
677417
677418
677419
677420
677421
677422
677423
677425
677426
677427
677428
677429
677430
677431
677432
677433
677435
677436
677437
677438
677439
677440
677441
677443
677444
677445
677446
677447
677448
677449
677450
677451
677452
677454
677455
677456
677457
677458
677459
677460
677461
677462
677463
677464
677465
677466
677467
677468
677469
677470
677471
677472
677473
677474
677475
677476
677477
677479
677480
677481
677482
677484
677485
677486
677487
677491
677492
677493
677494
677495
677496
677497
677498
677499
677500
677503
677504
677505
677506
677507
677508
677509
677510
677511
677512
677513
677514
677516
677517
677518
677519
677521
677522
677523
677524
677525
677527
677528
677529
677530
677531
677532
677533
677534
677535
677536
677537
677539
677540
677541
677542
677543
677544
677545
677546
677548
677549
677550
677551
677552
677553
677554
677555
677556
677558
677559
677560
677563
677564
677565
677566
677567
677568
677569
677570
677571
677572
677573
677574
677575
677576
677587
677588
677590
677592
677593
677594
677595
677596
677597
677598
677599
677601
677602
677603
677604
677605
677606
677607
677608
677609
677610
677611
677612
677613
677614
677615
677616
677617
677618
677619
677620
677621
677622
677623
677624
677625
677626
677627
677628
677631
677632
677633
677634
677654
677655
677657
677659
677660
677662
677663
677664
677665
677666
677671
677672
677673
677674
677676
677677
677679
677680
677681
677682
677683
677684
677685
677687
677688
677689
677690
677691
677692
677693
677694
677696
677697
677698
677699
677700
677701
677702
677703
677704
677705
677706
677707
677708
677709
677710
677711
677712
677713
677714
677715
677716
677717
677718
677719
677720
677721
677722
677723
677724
677725
677726
677727
677728
677729
677730
677731
677732
677733
677734
677735
677736
677737
677738
677739
677740
677741
677742
677744
677745
677750
677751
677752
677753
677754
677755
677756
677757
677758
677759
677760
677761
677762
677763
677764
677765
677766
677767
677768
677769
677770
677771
677772
677773
677774
677775
677776
677777
677778
677779
677780
677781
677782
677783
677785
677786
677787
677788
677789
677791
677792
677793
677794
677795
677796
677797
677800
677801
677804
677805
677806
677807
677808
677809
677810
677811
677812
677813
677814
677815
677816
677817
677818
677819
677820
677821
677822
677823
677824
677825
677826
677827
677828
677829
677830
677831
677832
677833
677834
677837
677838
677839
677840
677841
677842
677843
677845
677846
677847
677848
677849
677850
677851
677852
677853
677854
677855
677856
677857
677858
677859
677860
677861
677862
677863
677864
677865
677866
677867
677868
677869
677870
677871
677872
677873
677874
677875
677876
677877
677878
677879
677880
677881
677882
677883
677884
677886
677887
677888
677889
677890
677891
677892
677893
677894
677895
677896
677897
677898
677899
677900
677901
677903
677904
677905
677906
677907
677909
677910
677911
677912
677913
677914
677915
677916
677917
677919
677920
677921
677922
677923
677924
677925
677927
677928
677929
677930
677931
677932
677933
677934
677935
677936
677937
677938
677939
677940
677941
677942
677943
677944
677945
677946
677947
677948
677949
677950
677951
677952
677953
677954
677955
677956
677957
677958
677959
677960
677961
677962
677963
677964
677965
677966
677967
677968
677969
677970
677971
677972
677973
677974
677976
677977
677978
677979
677980
677981
677982
677984
677985
677986
677987
677988
677989
677990
677991
677992
677993
677994
677995
677996
677998
677999
678001
678002
678003
678004
678005
678006
678007
678008
678009
678010
678011
678012
678014
678015
678018
678019
678020
678023
678024
678025
678026
678028
678029
678030
678031
678032
678033
678034
678035
678036
678037
678038
678039
678041
678042
678043
678044
678046
678048
678049
678050
678051
678052
678053
678054
678055
678056
678057
678058
678059
678060
678061
678062
678063
678064
678065
678066
678067
678068
678069
678070
678071
678072
678073
678074
678075
678076
678077
678078
678079
678080
678081
678082
678083
678084
678085
678086
678087
678089
678090
678091
678092
678093
678094
678095
678096
678098
678099
678100
678102
678103
678104
678105
678106
678107
678108
678111
678112
678113
678114
678117
678118
678119
678120
678121
678122
678124
678125
678126
678127
678128
678129
678134
678135
678136
678137
678138
678140
678141
678142
678144
678145
678146
678147
678148
678149
678150
678153
678154
678155
678161
678162
678163
678169
678170
678171
678172
678173
678174
678175
678176
678177
678178
678179
678180
678181
678182
678183
678186
678187
678188
678189
678191
678192
678193
678195
678198
678199
678201
678202
678203
678204
678205
678206
678207
678209
678210
678212
678213
678214
678215
678216
678218
678220
678221
678222
678223
678224
678225
678226
678227
678228
678229
678234
678235
678236
678237
678238
678239
678240
678241
678242
678243
678244
678245
678246
678247
678248
678249
678250
678253
678254
678256
678260
678261
678262
678263
678264
678265
678266
678273
678274
678275
678276
678277
678279
678280
678281
678284
678285
678286
678287
678288
678289
678290
678291
678292
678293
678294
678296
678297
678298
678299
678300
678301
678302
678303
678304
678305
678306
678307
678308
678309
678310
678312
678313
678314
678315
678316
678317
678318
678319
678320
678321
678322
678323
678324
678325
678326
678327
678328
678329
678330
678331
678332
678333
678334
678335
678336
678337
678338
678340
678341
678342
678343
678344
678345
678346
678347
678348
678349
678351
678352
678353
678354
678355
678356
678357
678358
678359
678360
678361
678363
678364
678365
678366
678367
678368
678369
678370
678371
678372
678373
678374
678375
678376
678377
678378
678379
678380
678381
678382
678383
678384
678385
678386
678387
678388
678389
678390
678391
678392
678393
678394
678395
678397
678398
678399
678400
678401
678402
678403
678404
678405
678406
678407
678408
678409
678410
678411
678412
678413
678414
678415
678416
678417
678418
678419
678420
678421
678422
678423
678424
678425
678426
678427
678428
678429
678430
678431
678432
678433
678434
678435
678436
678437
678438
678439
678440
678441
678442
678443
678444
678445
678446
678447
678448
678449
678450
678451
678452
678453
678454
678455
678456
678457
678458
678459
678460
678462
678463
678464
678465
678466
678467
678468
678469
678470
678471
678472
678473
678474
678475
678476
678477
678478
678479
678480
678481
678482
678483
678484
678485
678486
678487
678489
678491
678492
678493
678494
678495
678496
678497
678498
678499
678500
678501
678503
678504
678505
678506
678508
678509
678510
678511
678512
678513
678514
678515
678516
678518
678519
678520
678521
678522
678523
678524
678525
678526
678527
678528
678529
678530
678531
678532
678533
678534
678535
678536
678537
678538
678539
678540
678541
678543
678544
678545
678546
678547
678548
678549
678550
678551
678552
678553
678555
678556
678557
678558
678559
678560
678561
678562
678563
678564
678565
678566
678567
678568
678569
678570
678571
678572
678573
678574
678577
678578
678579
678580
678582
678583
678584
678585
678586
678587
678588
678589
678590
678591
678592
678593
678594
678596
678598
678599
678600
678601
678602
678603
678604
678605
678608
678609
678611
678612
678613
678614
678615
678616
678617
678618
678619
678620
678621
678622
678623
678624
678625
678626
678627
678628
678629
678630
678631
678634
678635
678637
678638
678639
678640
678641
678642
678643
678644
678645
678646
678647
678648
678649
678650
678651
678652
678653
678654
678655
678656
678657
678658
678659
678662
678663
678664
678665
678666
678667
678668
678669
678670
678671
678672
678673
678674
678675
678676
678677
678678
678679
678680
678681
678682
678683
678684
678686
678687
678688
678689
678690
678691
678693
678694
678695
678696
678697
678698
678699
678700
678701
678702
678703
678704
678705
678706
678707
678708
678709
678710
678711
678712
678713
678714
678715
678716
678717
678718
678719
678720
678721
678722
678723
678724
678725
678726
678727
678728
678729
678730
678732
678733
678734
678735
678736
678737
678738
678739
678740
678741
678742
678743
678744
678745
678746
678747
678748
678749
678751
678752
678753
678754
678755
678756
678757
678758
678759
678760
678761
678762
678763
678764
678765
678766
678767
678768
678769
678770
678771
678772
678773
678774
678775
678776
678777
678779
678780
678781
678782
678783
678784
678785
678786
678787
678788
678789
678790
678791
678792
678795
678796
678797
678798
678799
678800
678801
678802
678803
678804
678805
678806
678807
678808
678809
678810
678811
678812
678813
678814
678815
678816
678817
678818
678819
678820
678821
678822
678823
678824
678825
678826
678827
678828
678829
678830
678831
678833
678834
678835
678836
678837
678838
678839
678840
678841
678842
678843
678844
678845
678846
678847
678848
678849
678850
678851
678852
678853
678855
678856
678857
678858
678859
678860
678861
678862
678863
678864
678865
678867
678868
678869
678870
678871
678872
678873
678874
678875
678876
678877
678878
678879
678880
678881
678882
678883
678884
678885
678886
678887
678888
678889
678891
678892
678893
678894
678895
678896
678897
678898
678899
678900
678901
678902
678903
678904
678905
678906
678907
678909
678910
678911
678912
678913
678915
678916
678917
678919
678920
678921
678922
678923
678924
678926
678928
678929
678930
678931
678932
678933
678934
678935
678936
678937
678938
678939
678940
678941
678942
678943
678944
678945
678946
678947
678948
678949
678950
678951
678952
678953
678954
678955
678956
678957
678958
678960
678961
678962
678963
678964
678965
678966
678968
678969
678970
678971
678972
678973
678976
678977
678978
678979
678980
678981
678982
678983
678984
678985
678986
678987
678988
678989
678990
678991
678992
678993
678994
678995
678996
678997
678998
678999
679001
679002
679003
679005
679006
679007
679008
679009
679010
679011
679012
679013
679014
679015
679016
679017
679018
679019
679020
679024
679025
679026
679027
679028
679029
679030
679031
679032
679033
679034
679035
679036
679037
679038
679039
679040
679041
679042
679043
679044
679045
679046
679047
679048
679050
679051
679052
679053
679054
679055
679056
679057
679058
679059
679060
679061
679062
679063
679064
679065
679066
679067
679068
679069
679070
679071
679072
679073
679074
679075
679076
679077
679078
679079
679080
679081
679082
679083
679084
679085
679086
679087
679088
679089
679090
679091
679092
679093
679094
679095
679096
679097
679098
679099
679100
679101
679102
679103
679104
679105
679106
679107
679108
679109
679110
679111
679112
679113
679114
679115
679116
679117
679118
679119
679120
679121
679122
679123
679124
679125
679126
679127
679128
679129
679130
679131
679132
679133
679134
679135
679136
679137
679139
679140
679141
679142
679143
679144
679146
679148
679149
679150
679152
679153
679154
679155
679157
679159
679160
679161
679163
679164
679165
679166
679167
679168
679169
679170
679171
679172
679174
679175
679176
679177
679179
679180
679181
679183
679185
679186
679187
679188
679189
679190
679191
679192
679194
679195
679196
679197
679198
679199
679201
679202
679203
679204
679205
679206
679208
679209
679210
679211
679212
679213
679214
679215
679216
679217
679218
679219
679220
679221
679222
679223
679224
679225
679226
679227
679228
679229
679230
679231
679232
679233
679234
679235
679236
679237
679240
679241
679242
679243
679244
679245
679246
679247
679248
679249
679250
679251
679252
679253
679254
679255
679256
679257
679258
679259
679260
679261
679262
679263
679264
679265
679266
679268
679269
679270
679272
679273
679274
679275
679276
679278
679279
679280
679281
679282
679287
679288
679289
679290
679291
679292
679293
679294
679295
679298
679299
679301
679302
679303
679304
679305
679306
679310
679311
679312
679313
679314
679315
679316
679317
679324
679327
679329
679330
679331
679334
679335
679336
679337
679338
679339
679340
679341
679342
679343
679344
679345
679346
679347
679348
679349
679350
679351
679352
679353
679354
679355
679356
679357
679358
679360
679361
679363
679364
679365
679366
679367
679368
679369
679370
679371
679372
679373
679374
679375
679376
679377
679378
679379
679380
679381
679382
679383
679384
679385
679386
679388
679389
679392
679393
679394
679395
679396
679397
679398
679400
679408
679410
679411
679412
679413
679415
679416
679417
679418
679419
679421
679422
679423
679424
679425
679426
679428
679429
679430
679431
679432
679433
679434
679435
679436
679437
679438
679439
679440
679441
679442
679443
679445
679446
679447
679448
679449
679450
679451
679452
679453
679454
679455
679456
679457
679458
679459
679460
679461
679462
679463
679464
679465
679466
679467
679468
679469
679470
679471
679472
679473
679474
679475
679476
679477
679478
679479
679480
679481
679482
679484
679485
679486
679487
679488
679490
679491
679492
679493
679494
679495
679496
679497
679498
679499
679500
679501
679502
679503
679505
679506
679507
679508
679509
679510
679511
679512
679513
679514
679515
679516
679517
679518
679519
679520
679521
679523
679524
679526
679527
679529
679530
679531
679532
679533
679534
679535
679539
679542
679543
679544
679545
679546
679547
679548
679549
679550
679551
679552
679553
679554
679561
679562
679563
679564
679565
679566
679567
679568
679569
679570
679571
679572
679573
679575
679576
679577
679578
679579
679580
679581
679584
679585
679586
679588
679590
679592
679593
679594
679595
679596
679599
679601
679602
679606
679607
679608
679609
679611
679612
679613
679614
679615
679616
679617
679619
679620
679621
679622
679623
679624
679625
679626
679627
679628
679629
679631
679632
679633
679634
679635
679636
679637
679639
679640
679641
679642
679643
679644
679645
679646
679647
679648
679651
679652
679653
679654
679655
679656
679657
679658
679659
679661
679662
679663
679664
679665
679666
679667
679668
679669
679670
679672
679673
679674
679675
679677
679678
679679
679680
679681
679682
679683
679684
679685
679686
679687
679688
679689
679690
679691
679692
679693
679694
679695
679696
679697
679698
679699
679700
679701
679702
679703
679704
679705
679706
679707
679708
679710
679711
679713
679714
679715
679716
679717
679718
679719
679720
679721
679722
679723
679724
679725
679726
679727
679728
679730
679731
679732
679733
679736
679737
679738
679739
679740
679741
679742
679743
679744
679745
679746
679747
679748
679749
679751
679752
679753
679754
679755
679756
679757
679758
679759
679760
679761
679762
679763
679764
679765
679766
679767
679769
679770
679771
679772
679773
679775
679777
679778
679779
679780
679781
679782
679783
679784
679785
679786
679787
679788
679789
679790
679791
679792
679793
679794
679795
679797
679798
679800
679801
679802
679803
679804
679805
679806
679807
679808
679809
679812
679813
679814
679815
679816
679817
679818
679819
679820
679821
679822
679824
679826
679827
679828
679829
679830
679831
679832
679833
679834
679835
679836
679837
679838
679839
679840
679841
679842
679843
679844
679845
679846
679847
679848
679849
679850
679852
679853
679854
679855
679856
679857
679858
679859
679861
679862
679863
679864
679865
679866
679870
679871
679872
679874
679875
679876
679877
679878
679880
679881
679882
679883
679885
679886
679887
679888
679890
679891
679893
679894
679895
679896
679897
679898
679899
6799
679900
679901
679902
679904
679905
679906
679907
679908
679909
679910
679911
679912
679913
679914
679915
679916
679917
679918
679919
679920
679922
679923
679924
679925
679926
679927
679929
679930
679931
679932
679933
679934
679935
679936
679937
679938
679939
679940
679941
679942
679943
679944
679945
679946
679947
679948
679949
679950
679951
679952
679953
679954
679955
679956
679957
679958
679959
679961
679962
679963
679964
679965
679966
679967
679968
679969
679970
679971
679973
679974
679975
679976
679977
679978
679979
679980
679981
679982
679983
679984
679985
679986
679987
679988
679989
679990
679991
679992
679993
679994
679995
679996
679997
679999
680000
680001
680002
680003
680004
680005
680007
680008
680009
680011
680012
680014
680015
680016
680017
680018
680019
680021
680022
680023
680024
680025
680026
680027
680028
680029
680030
680031
680032
680033
680034
680035
680036
680037
680038
680039
680040
680041
680042
680043
680045
680046
680047
680048
680049
680050
680051
680052
680053
680054
680055
680056
680057
680058
680059
680060
680061
680062
680063
680064
680065
680066
680067
680068
680069
680070
680071
680072
680073
680074
680075
680076
680077
680078
680079
680080
680082
680083
680084
680085
680086
680087
680088
680089
680090
680091
680092
680093
680094
680095
680096
680097
680098
680099
680100
680101
680102
680103
680104
680105
680106
680107
680108
680110
680111
680112
680113
680114
680115
680116
680117
680118
680119
680120
680121
680122
680123
680124
680125
680126
680127
680128
680129
680130
680131
680132
680133
680134
680135
680136
680137
680138
680139
680140
680141
680142
680143
680144
680145
680146
680147
680148
680149
680150
680151
680152
680153
680154
680155
680156
680157
680158
680159
680160
680161
680162
680163
680164
680165
680166
680167
680168
680169
680170
680171
680172
680173
680174
680175
680176
680177
680178
680179
680180
680181
680182
680184
680185
680186
680187
680188
680189
680190
680191
680192
680193
680194
680195
680197
680198
680199
680200
680201
680202
680203
680204
680206
680207
680208
680209
680210
680211
680212
680213
680214
680215
680216
680217
680218
680219
680220
680221
680222
680223
680224
680225
680227
680228
680229
680230
680231
680232
680233
680234
680236
680238
680239
680240
680241
680242
680243
680244
680245
680246
680247
680248
680249
680250
680251
680252
680253
680254
680255
680256
680257
680258
680259
680260
680261
680262
680263
680264
680265
680266
680267
680268
680269
680270
680271
680272
680273
680274
680275
680276
680277
680278
680279
680280
680281
680283
680284
680285
680286
680287
680288
680289
680290
680291
680292
680293
680294
680295
680296
680297
680299
680301
680302
680303
680304
680305
680306
680307
680308
680310
680311
680312
680313
680314
680315
680316
680317
680318
680319
680320
680321
680322
680323
680324
680326
680327
680328
680329
680333
680334
680336
680337
680338
680339
680341
680342
680343
680344
680345
680346
680347
680348
680349
680350
680351
680352
680353
680354
680355
680356
680357
680359
680360
680362
680363
680365
680366
680367
680369
680370
680371
680377
680381
680382
680383
680384
680385
680386
680387
680388
680389
680390
680392
680396
680397
680400
680401
680402
680403
680404
680411
680412
680413
680414
680415
680416
680417
680421
680422
680423
680424
680425
680426
680427
680428
680429
680431
680432
680433
680434
680435
680436
680437
680438
680439
680440
680441
680442
680443
680444
680445
680446
680447
680448
680449
680450
680451
680452
680453
680454
680455
680456
680458
680459
680460
680462
680463
680464
680465
680466
680467
680469
680470
680471
680472
680473
680474
680475
680476
680477
680478
680479
680480
680481
680482
680483
680484
680485
680486
680487
680488
680489
680490
680491
680492
680493
680494
680495
680496
680497
680498
680499
680500
680501
680502
680503
680504
680505
680506
680508
680509
680510
680511
680513
680514
680515
680516
680517
680518
680519
680520
680521
680523
680524
680525
680526
680527
680528
680529
680530
680532
680533
680534
680535
680536
680537
680538
680539
680540
680541
680542
680543
680544
680545
680546
680547
680548
680549
680550
680551
680552
680553
680554
680555
680556
680557
680558
680559
680560
680561
680563
680564
680565
680566
680567
680568
680569
680570
680571
680573
680574
680575
680576
680577
680578
680579
680580
680581
680584
680585
680586
680587
680588
680591
680592
680593
680594
680595
680596
680597
680598
680599
680600
680602
680603
680604
680605
680606
680607
680608
680609
680610
680611
680612
680613
680614
680616
680617
680618
680619
680620
680621
680622
680623
680624
680626
680629
680630
680631
680632
680633
680634
680635
680636
680637
680638
680639
680641
680642
680643
680644
680646
680647
680648
680650
680651
680652
680653
680654
680655
680657
680658
680659
680660
680661
680663
680664
680665
680666
680667
680668
680669
680670
680671
680672
680673
680674
680675
680676
680677
680678
680680
680681
680682
680683
680684
680685
680686
680687
680688
680689
680690
680691
680693
680694
680695
680696
680697
680698
680700
680701
680702
680703
680704
680705
680706
680707
680708
680709
680710
680711
680713
680714
680715
680716
680717
680719
680723
680724
680725
680726
680727
680728
680729
680730
680731
680732
680733
680734
680735
680736
680737
680738
680740
680741
680742
680744
680745
680746
680747
680749
680750
680755
680756
680757
680758
680759
680760
680761
680762
680764
680765
680766
680767
680769
680770
680772
680773
680774
680775
680776
680777
680778
680779
680781
680782
680783
680784
680785
680786
680787
680788
680789
680790
680791
680792
680793
680794
680795
680797
680798
680799
680800
680801
680802
680803
680805
680807
680808
680810
680811
680812
680813
680814
680815
680816
680817
680818
680819
680820
680822
680823
680824
680825
680826
680827
680828
680829
680830
680831
680833
680835
680836
680837
680838
680839
680841
680842
680843
680844
680845
680846
680847
680848
680850
680851
680852
680853
680854
680855
680856
680857
680858
680859
680860
680862
680864
680865
680867
680868
680869
680871
680872
680873
680874
680875
680876
680877
680878
680880
680881
680883
680884
680885
680886
680887
680888
680889
680890
680891
680892
680893
680894
680895
680896
680897
680898
680900
680901
680902
680903
680904
680905
680906
680907
680908
680909
680910
680911
680912
680913
680914
680915
680917
680918
680920
680921
680922
680923
680925
680929
680930
680931
680932
680933
680934
680935
680936
680938
680939
680940
680941
680942
680943
680945
680947
680948
680950
680951
680952
680953
680954
680955
680956
680957
680958
680960
680961
680962
680963
680965
680966
680967
680970
680971
680973
680974
680976
680980
680981
680982
680983
680986
680987
680988
680989
680993
680994
680995
680996
681000
681001
681002
681003
681004
681005
681006
681007
681008
681009
681010
681012
681013
681014
681015
681016
681017
681020
681021
681022
681024
681026
681028
681029
681030
681033
681034
681035
681038
681039
681040
681041
681043
681044
681045
681046
681048
681049
681051
681052
681053
681054
681056
681057
681058
681059
681060
681061
681062
681063
681064
681065
681067
681068
681069
681070
681071
681072
681073
681074
681075
681076
681077
681079
681080
681081
681082
681083
681084
681085
681086
681088
681089
681090
681091
681092
681094
681095
681096
681097
681100
681101
681102
681103
681104
681105
681106
681107
681108
681109
681110
681111
681112
681114
681115
681116
681117
681119
681120
681121
681122
681123
681126
681127
681128
681129
681130
681131
681132
681133
681134
681135
681136
681137
681138
681139
681140
681141
681142
681143
681144
681145
681146
681147
681148
681149
681150
681151
681152
681153
681154
681155
681156
681158
681161
681164
681165
681166
681168
681169
681170
681171
681173
681174
681175
681176
681177
681178
681179
681180
681181
681184
681185
681186
681187
681188
681189
681190
681191
681192
681193
681194
681195
681196
681197
681198
681199
681200
681201
681202
681205
681206
681207
681208
681209
681210
681211
681212
681213
681214
681215
681216
681219
681220
681221
681222
681223
681224
681225
681227
681228
681229
681230
681231
681232
681233
681234
681235
681237
681238
681239
681240
681241
681243
681244
681245
681246
681247
681248
681249
681250
681251
681252
681253
681254
681255
681256
681257
681258
681259
681260
681261
681262
681263
681264
681265
681266
681267
681269
681271
681273
681274
681275
681277
681279
681280
681281
681282
681283
681284
681285
681286
681287
681288
681289
681290
681291
681292
681293
681294
681295
681296
681297
681298
681299
681300
681301
681302
681303
681304
681305
681306
681307
681308
681309
681310
681312
681313
681314
681315
681316
681317
681318
681319
681320
681321
681323
681324
681325
681326
681327
681328
681329
681330
681331
681332
681333
681334
681335
681337
681338
681339
681340
681341
681342
681343
681344
681345
681346
681347
681348
681349
681350
681351
681352
681353
681354
681355
681356
681357
681358
681359
681360
681361
681362
681364
681365
681366
681367
681368
681369
681370
681371
681372
681373
681374
681375
681376
681377
681378
681379
681380
681381
681382
681383
681384
681385
681386
681387
681389
681390
681391
681392
681393
681394
681395
681396
681397
681398
681399
681400
681401
681402
681403
681404
681405
681406
681407
681408
681409
681410
681412
681413
681414
681415
681416
681417
681418
681419
681420
681421
681422
681423
681424
681425
681427
681428
681429
681430
681431
681432
681433
681434
681435
681436
681437
681438
681439
681440
681441
681442
681443
681444
681445
681446
681449
681450
681451
681452
681453
681454
681455
681456
681457
681458
681459
681460
681461
681462
681463
681465
681467
681468
681469
681470
681471
681472
681473
681474
681475
681476
681477
681478
681480
681481
681482
681483
681484
681486
681487
681488
681489
681490
681492
681493
681495
681496
681497
681498
681499
681500
681501
681502
681503
681505
681506
681507
681508
681510
681511
681516
681518
681519
681520
681521
681522
681523
681524
681525
681526
681527
681528
681529
681530
681531
681532
681533
681534
681535
681536
681537
681538
681539
681541
681542
681544
681545
681546
681547
681551
681552
681553
681554
681555
681556
681557
681558
681562
681563
681564
681565
681566
681567
681574
681575
681576
681577
681578
681579
681580
681582
681583
681584
681585
681586
681587
681589
681592
681593
681594
681595
681596
681597
681598
681599
681600
681601
681602
681604
681605
681606
681607
681608
681609
681611
681612
681613
681619
681620
681621
681622
681623
681624
681625
681626
681627
681628
681631
681632
681633
681634
681635
681636
681637
681638
681640
681641
681642
681643
681644
681645
681646
681647
681648
681649
681650
681651
681652
681653
681654
681655
681656
681657
681658
681659
681660
681661
681662
681663
681664
681665
681666
681669
681670
681671
681672
681674
681675
681678
681679
681680
681682
681683
681684
681686
681687
681688
681689
681690
681691
681692
681693
681694
681695
681696
681697
681698
681699
6817
681700
681701
681702
681703
681704
681705
681706
681708
681709
681710
681711
681712
681713
681714
681715
681716
681717
681718
681719
681720
681721
681722
681723
681724
681725
681726
681728
681729
681730
681731
681732
681733
681734
681735
681737
681738
681739
681740
681741
681742
681743
681744
681745
681746
681747
681748
681750
681751
681752
681753
681754
681755
681756
681757
681758
681759
681761
681762
681764
681765
681766
681767
681768
681769
681770
681771
681773
681774
681775
681777
681778
681779
681780
681781
681782
681783
681784
681786
681787
681788
681789
681790
681791
681792
681793
681794
681795
681796
681797
681798
681799
681800
681801
681802
681803
681805
681807
681808
681809
681810
681811
681812
681813
681814
681815
681816
681817
681818
681819
681820
681821
681822
681824
681825
681826
681827
681828
681829
681830
681831
681832
681833
681834
681835
681836
681837
681838
681839
681840
681841
681842
681843
681844
681845
681846
681847
681848
681849
681850
681851
681852
681853
681854
681855
681856
681857
681858
681869
681887
6822
6837
68439488
6846
6852
6860
6872
6874
6875
6884
6885
6887
6890
6894
6896
6916
6919
6920
6932
69378493
6943
6944
6956
6960
6962
6968
6aaccc47
6aaccc47-bcba-4f20-b637-5a1052f196ac
6b6171d4
6ecb8500
6f3df7de
70129224
7021
7023
7025
7027
7029
7030
704f431d
7054
7075
708dc3a5
7102
71046128
7105
7106
7114
7126
7128
7131
7134
7141
7144
7161
7176
7179
7190
7207
721
7218
7225
7227
72288679
7236
7240
7249
7255
7261
7265
7269
72695543
7270
7272
7275
7283
7284
7287
7293
7308
7310
7312
733
7330
7331
7337
7338
7342
7344
7350
7352
7354
7356
7358
73611954
7362
7363
7367
7372
7374
7380
7384
7386
7389
7390
7391
7396
7398
7404
7408
74091073
7420
7421
7428
7430
7431
7438
7439
7440
7441
7449
7450
7451
7452
7453
7454
7456
7460
7461
7465
7466
7467f8a0
7470
7471
7473
7474
7479
7482
7483
74875688
7489
7496
7498
7499
74bdadf8
75081464
7510
7511
7514
7517
75178388
7519
7522
7524
7525
7527
7528
7532
7534
7535
7536
7537
75397289
7541
75423395
7543
7544
75492627
7550
7554
7555
7556
7556362b
7560
7563
7565
75686728
7569
7573
757d5763
7580
7581
7582
7583
7584
75846618
7585
7586
7589
7590
7591
75923695
7594
75943979
7595
7598
7598bd83
7600
76010998
7603
7604
7606
7607
76088337
7609
7611
7612
7616
76178613
7618
7619
7622
7628
7630
7632
7634
7635
7637
76375860
76380511
7640
76402226
7642
76424871
7643
76433572
76434244
7644
7645
7646
7647
76472555
7648
76487553
7649
7650
7651
76517002
76532533
7654
7655
7656
7657
7658
7659
7660
7661
7662
7664
7665
76663078
7667
76677887
76678218
7668
7669
7670
7671
76718640
7673
76733520
76734568
7674
76749393
7675
7679
76790568
7683
76839214
7684
76847192
7685
76850291
76852936
76853978
7686
76862106
76862463
7687
7688
76885975
7689
7690
7691
7692
76920523
7693
7694
76946987
7695
7696
76963482
76966369
76969400
7698
76981251
76987774
7699
7700
7701
77010253
77013945
77018845
7702
77028162
77029461
7703
7704
7705
7706
7707
7708
7709
77098519
77099899
7710
77103377
77108083
7711
77114264
7712
7713
7714
7715
7716
7717
77174797
77174918
77174942
77174972
77174983
7718
77198459
7720
77210324
77211309
77219396
7722
7723
77239941
7724
77242852
7725
7726
77267251
7727
77270839
77271245
7728
77287173
7729
7730
7731
7732
77325834
7733
77330656
77334836
77335547
77336784
77336964
77337945
77338390
7734
7735
77355991
77358446
7736
77360029
77365474
7737
7738
77387312
77389863
7739
77394303
77396272
77399697
7740
7741
77410831
77419713
77419792
7742
7743
77435897
7744
77441225
77442726
77446369
7745
7746
77466435
77466495
77466511
77466529
7747
7748
77480119
77480942
77486618
77487055
7749
77498911
77505157
77507308
77507682
7751
77513820
7752
77522448
77524078
7753
77536016
7754
77541661
77543901
77549157
7755
77550780
7756
77560627
7757
7758
77581901
77583230
77583475
77585873
77588785
7759
77590074
77591016
77591252
77593395
77597898
77598525
7760
77603056
77605895
7761
77610158
77615902
7762
77620014
77621709
77625951
77626781
7763
77631324
77632430
7764
77640450
77643585
77644781
77647903
77648208
77648717
7765
77656002
7766
77660804
77662001
77663681
77665561
77669340
7767
77675616
7768
77680826
77683389
77684165
77684501
77685841
7769
77690305
77693855
77695845
77699904
7770
77700785
77700850
77702605
77708648
77708745
7771
77710916
77718792
7772
77720434
77720526
77721927
77722609
77726242
77726645
77728385
7773
77730354
77737525
7774
77744439
7775
77751351
77757613
77759255
77759972
7776
77760594
77764263
7777
77775552
77775742
77775753
77779888
7778
77781641
77781650
77781669
77781677
77782830
77782835
77782843
77783177
7779
77799413
77802329
77802346
77802422
77802473
77802525
77802543
77802559
77802616
77802656
77802659
77802677
77802778
77802824
77802825
77802837
77802914
77802935
77802998
77806995
7781
7782
77828960
7783
77831255
7784
7785
77850385
77855131
7786
77868798
7787
77876895
7788
7789
7790
77908052
7791
77917276
77918969
7792
7793
77936565
7794
7795
77956278
77959466
7796
7797
7798
77983756
77989168
7799
7800
78007472
7801
78013283
7802
78021423
7804
7805
7806
78068716
7807
7808
78080171
78086635
7809
78094872
78095680
78097698
7810
78100311
78101502
7811
78114373
7812
78120176
78127618
7813
78134779
7814
78143189
78143509
78144654
78147692
78149722
7815
78151004
78151105
78151374
78152085
78156169
7816
78162884
78165097
78167413
78169661
7817
78170253
78170297
78174376
7818
78183399
78184653
78184697
78185162
7819
78191606
78198534
78199539
781b3f1d
7820
78206512
78207269
7821
78214616
78214917
78219111
78221787
78226137
78229453
7823
78232084
7824
78244675
78244689
78244705
78244716
78244725
78244732
78244734
78244741
78244744
78244748
78244753
78244760
78244763
78244810
78244825
78244835
78244841
78244845
78244849
78245231
78245241
78245247
78245248
78245252
78245267
78245290
78245291
78245293
78245295
78245297
78245298
78245311
78245315
78245328
78245330
78245338
78245348
78245353
78245361
78245372
78245381
78245383
7825
7826
7827
7aabc64f
7ac96b39
7ac96b39-849e-49b2-a177-e595d79bfb80
7effaa78
7f41d5e5
7f5a4aa4
7fe2f57b
80881571
809b9746
8233d950
82598485
83aa0f42
83ff46c7
846
85490291
85a42cb1
86d895f7
88655910
89a2be48
8bb0a0b4
8beeb9b8
8c54dc95
8e381548
8e6b50bf
8e78efaa
913cd182
9289995f
9396c41c
9542fba0
9582c5ea
964
97558956
97b43b3d
98528341
99e2a00c
9b2611cd
9c76df28
9c7cf699
9db00e11
9dc19b6c
9e337dc6
9e8c87c9
9f14db92
a169c673
a2f82fa3
a2f82fa3-9200-427a-bc1a-ed1a872b17b5
a4563e28
a4b2a459
a770e79c
a88c5be7
ad2194cb
afbbebab
b11faa02
b3442a16
b3922312
b46609af
b61f8f3e
b8267011
b9395732
b96172ca
b9a44672
bcd495df
bd1bcb98
c11ffc7e
c1fe6357
c29f8b39
c34219b6
c342b7e8
c52ee392
c6738fee
c7eb2ee8
c9733f85
cc19c974
cd77c0cf
cf22c2bf
cf8d735e
d11a2c63
d327da8e
d4049b1c
d42014a5
d5308b84
d5db21f6
d74d136d
d829ff9e
dabf1c5d
db0797a7
db924941
de8a2aeb
e00a73b9
e0375aa0
e080162f
e0a6b05f
e172f47c
e4541f24
e47259bb
e4c3dc94
e51389e0
e5b6fd15
e6621d49
e859b69d
e8d6521e
ec977d78
ed8cf6a7
ef145603
ef705813
f18494bc
f490816e
f4ac45bc
f92689b7
f9337e93
fb53cd74
fe5964fc
feb01a8b
manual_scrape_021
manual_scrape_022
manual_scrape_023
manual_scrape_024
manual_scrape_025
manual_scrape_026
manual_scrape_027
manual_scrape_028
manual_scrape_029
manual_scrape_030
manual_scrape_031
manual_scrape_032
manual_scrape_033
manual_scrape_034
manual_scrape_035
manual_scrape_036
manual_scrape_037
manual_scrape_038
manual_scrape_039
manual_scrape_040
manual_scrape_041
manual_scrape_042
678432
678422
678449
678297
678212
677505
678044
677996
677388
678380
678384
678389
678351
678353
678370
678092
678096
678080
678052
676523
676452
676471
677889
677013
677122
677127
677131
677135
677137
677142
677147
677154
677081
677083
677087
677055
677564
677570
677569
677624
677525
677514
677474
677463
677468
677425
677427
677509
677120
677825
677834
677801
677761
677744
677755
677734
677735
677115
676132
677277
677264
677274
677217
677200
677205
677165
677112
680568
680451
680341
680321
681731
680738
681711
679687
679693
679637
680187
680208
680247
679809
679804
678817
678821
678611
678616
678600
678604
678574
678583
678797
678814
678741
679831
680101
680103
679474
679475
679463
680042
679917
679932
679902
678911
678896
678953
679116
678988
679505
679076
655754
655738
655732
655729
655716
655704
655679
655666
648597
655632
655617
655610
655580
655559
655495
655454
655746
655784
670775
656045
490301
642003
656001
655991
655927
673152
655941
655478
655948
655906
655911
655895
655885
640957
655887
655874
655842
655828
655812
655818
655803
655433
655422
675056
674999
674988
675065
674977
674940
656070
655421
655410
655396
655364
655361
655331
626433
626460
655271
626410
626398
516754
655243
655242
655235
655222
657100
657105
657092
510773
657065
483152
657070
657072
657048
657040
657042
670781
657027
656995
657000
656983
656944
656950
490887
657097
657120
657117
657363
657348
620082
485510
657302
657294
628021
657206
657191
657204
657184
657177
657161
657135
628203
657220
656907
656892
464462
656417
656418
656404
656406
656371
489709
641049
656314
656315
656319
656323
656415
656283
656263
656244
656248
656236
656237
656228
656195
656194
656165
493050
656143
656274
656107
656413
656868
656874
656848
647901
656824
656799
486115
656713
469603
656616
656579
656582
656583
656552
656528
656515
656517
656676
676019
675998
675999
675972
675979
675936
675924
675906
675911
676034
675240
675226
675704
675753
676092
676057
676097
675114
675716
674829
625254
675407
675417
675284
675268
675272
675265
675649
675635
675591
675577
675557
675430
675517
500700
657360
660743
660691
660693
660702
660710
660667
660670
660652
660658
660599
660605
660606
660620
660567
660586
660589
660543
660727
660726
660982
660942
660948
660949
660940
660887
660893
660908
660856
660821
660850
660853
660830
660783
660785
660864
660541
660557
660167
660144
660109
660130
660091
660099
660093
660052
660183
660040
660008
660015
660024
639993
659970
659971
659954
659941
671412
660960
660206
518082
662333
660374
660385
660361
660390
660392
660336
660344
660333
660198
660334
660350
660347
660325
660311
660315
660276
660280
660251
660221
631919
661230
661237
661241
661243
661169
661129
661128
661134
661224
661098
661097
661105
661071
661086
661034
661039
661041
661044
509205
661014
661019
661251
661291
661554
661555
464030
661516
661522
661528
661531
661535
661509
661511
661464
666890
660638
660433
658261
658241
658229
658376
658224
658132
658136
658121
658123
658125
658110
658063
658084
658086
488144
658041
658016
658025
658288
658572
658574
658534
658536
658547
658546
658502
658505
658508
658493
658480
670779
658450
658426
658432
630959
658357
658351
658286
658496
657955
657957
657960
657604
657602
657605
657567
657576
632692
657545
657534
657527
657510
657504
657451
657599
657421
657430
657431
621452
657355
657459
658569
657597
657619
657963
657968
657971
657972
657933
657938
657939
657944
657913
657917
657923
490960
657596
657866
657857
657812
657819
657805
495327
657783
657770
657774
657745
658562
658585
658580
659665
659643
659646
659603
659604
659616
659627
660612
659564
659531
664968
659381
659350
659345
659338
659322
659568
659737
659887
659852
659911
659814
659784
659787
659762
659777
494750
669608
659701
659704
659725
659248
621086
491934
489707
492128
658816
486281
658781
658710
658713
658708
658693
629718
658661
658648
658649
658652
658639
658644
658629
658603
658578
658678
658844
659212
659168
659154
653351
659142
659126
659120
659095
490492
510735
645385
659025
659016
652001
644572
658935
658909
658905
488520
658859
58419505
58421485
58421751
58423424
58423810
58423999
58424019
58424313
58419114
58326456
58409000
58409215
58409899
58410284
58410289
58410437
58410444
58410503
58411752
58261104
58424721
58367762
58414302
58414514
58414722
58414752
58414951
58415084
58415292
58416939
58417113
58413110
58425695
58426228
58433929
58434770
58435654
58433418
58436362
58438727
58436111
58426917
58426933
58426965
58427978
58428628
58428683
58428741
58429004
58429746
58429898
58429916
58429928
58332444
58431269
58431584
58431590
58407972
58388509
58389454
58389806
58389901
58390222
58390729
58390825
58390828
58390844
58391062
58391325
58392226
58392238
58392296
58392455
58393216
58393437
58393472
58388235
58388172
58383727
58383942
58384537
58384629
58393531
58385805
58386125
58386696
58386757
58387445
58387818
58385667
58394256
58400690
58400792
58399973
58402776
58402963
58404786
58405344
58406438
58406614
58406681
58406953
58394308
58394393
58397828
58399733
58398908
58399038
58399550
58440026
58440491
58475762
58475800
58476415
58480543
58480718
58481274
58481980
58483952
58484336
58484823
58484864
58440819
58484932
58485086
58475460
58475132
58470378
58470799
58471135
58471340
58471379
58471399
58471440
58471706
58485234
58472032
58473135
58473181
58473278
58474368
58485810
677978
677979
677980
677956
58491383
677957
677959
677964
677947
58492150
677932
677931
677929
58490761
677921
677891
58493564
58493682
58493698
677898
677900
58494800
58405491
677842
677845
677847
677819
677924
677976
58490461
58486052
58486408
58486425
58486588
58486800
58487127
58487773
58488338
58488761
58489123
58489130
58489331
58489423
677988
58489929
677968
58470016
58469969
58447501
58448613
58449673
58243527
58451852
58452359
58453098
58451023
58453158
58446236
58356468
58440935
58441421
58443342
58443514
58446218
58444429
58444878
58445047
58445799
58445929
678003
58453241
58453566
58463870
58464979
58463229
58465444
58465884
58465974
58466474
58467322
58467883
58468172
58468341
58453397
58463080
58462801
58454153
58454648
58455266
58455297
58455650
58455722
58456116
58456320
58457651
58457792
58463008
58457953
58458395
58458441
58458547
58459194
58459297
58461237
58461836
58462058
58458165
678042
58382638
58295749
58296209
58202916
58297529
58297568
58299473
58300300
58300716
58206552
58300928
58300973
58301132
58301423
58302011
58302540
58295321
58294831
58289636
58291331
58291474
58292192
58293397
58293416
58311294
58311483
58312120
58312407
58312508
58312648
58313582
58313724
58313801
58314436
58314573
58316023
58316119
58317425
58317467
58317662
58317784
58310095
58303269
58303576
58304300
58304914
57565998
58306935
58307138
58308678
58309120
58309350
58309486
57622202
58304387
58317799
58317902
58359087
58359089
58359219
58359545
58359547
678482
58360227
58360252
58360361
58360550
58165670
58361364
58362005
678447
678448
58362162
678450
58362310
678438
58362862
678440
678441
58363390
58363625
678401
58364490
678391
58358971
678520
58353122
58158408
678613
678614
678619
58353830
678590
58354294
58354446
678592
678573
678580
678558
58168717
678564
678566
678568
678549
58356026
678552
58356186
678539
58308412
678535
678526
58357484
58357589
678565
678379
679655
58364924
58374188
678175
58374456
678178
678180
58375049
58375085
58375189
58375415
58375531
58376401
58377638
678106
58378844
678173
678108
678083
667222
58379845
678068
58380503
678073
678074
58381202
678060
678066
678055
680650
678035
58382582
58287942
678623
58373916
678171
58365184
678352
678360
678363
678365
58366447
678372
678346
678333
678321
58368230
58368510
58368519
678172
58275737
678261
678262
58371411
58371440
678222
58372007
678228
58372618
678213
58373044
678187
678188
678193
678201
58369563
58352327
58352216
58350320
58326141
58326964
58326978
58251654
58327756
58328714
58329867
58234701
58330593
58324656
58319055
58319204
58319611
58319629
58320069
58320758
58320764
58321347
58321825
58321965
58322995
58323075
58323624
58320977
58382646
58340399
58340639
58340763
58342060
58294660
58342851
58345466
58345587
58348061
58348188
58348203
58348915
58349777
58349856
58350272
58343983
58332462
58333080
58333219
58333782
58334729
58334995
58335371
58336533
58338023
58290180
676742
681178
681181
681161
627422
650096
482286
681135
676897
676877
679177
501323
681457
679210
532124
400721
681427
681408
681410
675739
681851
681430
681392
625944
681516
681520
681523
681604
674418
681566
623369
681526
681527
681487
675729
515748
681528
681529
681530
620994
681534
681537
676965
681499
681500
681501
681503
681507
676863
674673
500102
681263
681292
677982
681282
495668
674411
681277
680091
665721
681213
681214
681194
681210
681195
477423
681241
681243
681248
681254
681253
681229
681222
681351
681352
675758
681354
673495
681360
681361
681364
681359
518416
681379
681381
681389
675773
681314
674657
667247
681290
681329
675770
681339
681341
481294
681327
681344
681345
681348
681349
681323
681326
681012
681015
681017
675361
680970
674421
680980
679899
680983
674331
467253
496718
679601
680996
679066
681033
620295
656262
680954
677737
465637
678894
681021
677758
493107
681131
681052
666143
536068
681117
674437
489286
463179
489284
489278
681138
681139
681129
679484
676129
489336
674406
634335
681058
681065
681056
681068
681071
681070
681074
681041
681045
681049
677966
679900
489280
676048
489281
489279
489306
489283
489298
448152
489285
681110
489277
489292
681081
484507
681767
681752
681728
681732
679472
681710
681834
681720
681721
681786
681723
619296
681797
681792
679470
681777
681658
681659
681661
681646
491609
681633
681635
681636
655386
493238
679934
673898
679473
679471
678427
681828
681831
681833
681836
681837
624996
676265
492681
681827
661571
661586
58288772
657656
657655
657651
657662
657660
657661
657658
657664
657663
657650
657644
657643
657649
657647
657646
657645
651631
635396
manual_scrape_042
657688
657666
657665
657668
657667
657669
657672
657671
657670
657674
657673
657689
657676
657679
657677
657678
657681
657680
657683
657685
657684
657686
657687
44807
44183
manual_scrape_041
660427
660425
660423
660421
660419
660417
660412
660408
660448
660470
660459
660442
660409
660445
660446
658723
658726
658725
658728
658730
658731
659434
656214
659433
659432
659431
659439
659435
659437
659438
659436
659440
659442
659444
659443
645952
646038
659441
658739
658737
658767
658768
658766
658765
658770
658769
658771
658772
658762
658773
646313
658763
658760
658736
658733
658734
658735
658741
658740
658743
658742
658747
658746
658761
658745
658751
658750
658752
658753
658755
658757
658756
658758
658759
658749
659428
654513
659380
659378
659377
659376
659389
656543
659388
659387
649506
659379
495224
659396
659394
645861
659393
494299
654618
492270
628114
649532
658599
515706
659447
659476
659475
659479
659481
659493
659489
659497
659499
659506
659391
659413
659412
659411
659410
659422
652653
659421
659420
659419
632860
659409
659427
659426
650596
620943
655637
501651
659423
659424
626791
652688
517983
659392
659414
653291
496006
630479
526981
494271
655069
659399
659400
659415
646789
659403
659402
659401
659407
618628
659404
486819
659417
659408
659416
659398
56401501
56405929
56407430
56408883
56408953
56408997
56409277
56397175
56381286
56384985
56385009
56386948
56387750
56389311
56389767
56390981
56356612
56420015
56420060
56420284
56420303
56420304
56424408
56425367
56425806
56426647
56427244
56427699
56380225
56410711
56410859
56413609
56414385
56414910
56415028
56415204
56416191
56416194
56416640
56416681
56417642
56414537
56379923
56365830
56366698
56368158
56369652
56373599
56375886
56376822
56377991
56371295
56364737
56361336
56361842
56362818
56363269
56363745
56363981
56364269
56361432
56430301
56539429
56540349
56540671
56540757
56542183
56543945
56544597
56545382
56545420
56546711
56547957
56549000
56534452
56526141
56527189
56528107
56529639
56530310
56553668
56496965
56533471
56555882
56555885
56589475
56593188
56593527
56594548
56595193
56599197
56604367
56606855
56609246
56609250
56613243
56616057
56616144
56616742
56598550
56584476
56561456
56563621
56564548
56565704
56565879
56583237
56567379
56569094
56572550
56578634
56579072
56444344
56445134
56445212
56445432
56445447
56445951
56449461
56449904
56450938
56452115
56452291
56454666
56432291
56433970
56442717
56436507
56437149
56437373
56438543
56439121
56439173
56441068
56441276
56455274
56456367
56502390
56314526
56507268
56507278
56508862
56509036
56509110
56510037
56510152
56510341
56510738
56512521
56512588
56513597
56502140
56516003
56521488
56521570
56521810
56522434
56522722
56516547
56455464
56501125
56497682
56456889
56457195
56457624
56457669
56458749
56463493
56465599
56466900
56467804
56469718
56471822
56475310
56476724
56499691
56423336
56480514
56482030
56482035
56482690
56483568
56484325
56484823
56487807
56488342
56488531
56389405
56492978
56494127
56496261
56424098
668224
668221
668220
668213
668199
668245
668185
668248
668247
668186
668179
490265
668087
668081
619790
668065
668051
668048
668019
468799
649692
668168
668164
668154
668155
668146
668139
668141
668121
668112
491900
648109
668096
647088
612167
668143
31568245
74bdadf8
3477f39c
34cd87ee
a2f82fa3-9200-427a-bc1a-ed1a872b17b5
5a46f3f3-7320-42bb-a5f8-a47efc6c0f90
30cc7ff8-f860-4577-ba47-e8aeb0584897
6aaccc47-bcba-4f20-b637-5a1052f196ac
7ac96b39-849e-49b2-a177-e595d79bfb80
c6738fee
b8267011
6668821f
049b252c
e172f47c
2cf1de65-fb75-419f-962b-1f9fb32b019b
e0375aa0
82598485
7556362b
4556d416
0def8af0
666882
666880
666855
513694
666900
493763
481026
666909
660962
400713
666861
666859
665719
667038
488556
648284
661208
667029
667022
619424
667018
667031
667047
667051
667045
666759
666758
666757
666769
666768
666766
666765
666952
666955
666778
653666
653665
666795
666786
666817
666930
666806
666771
491653
666751
667053
665896
666728
666745
666724
666706
666707
666963
442455
666740
661447
666651
666652
666654
666656
664655
666981
442443
666990
626086
667007
644889
493215
666691
666669
637074
666681
665904
667394
667397
462889
448050
666562
666574
666571
666567
667100
666594
667097
666580
667089
666604
666535
667084
666637
492972
448148
666631
667070
666544
666539
666470
666468
666467
666500
666498
666526
666508
635122
505592
430185
666178
457278
623002
667066
492597
667354
667378
667381
484870
667539
667541
491294
667496
667498
667516
667519
667522
660200
628472
667473
667527
667587
484819
647119
662363
667585
667586
667574
652119
667560
667563
667566
491813
667568
667583
657112
662832
667590
520418
495030
500201
491811
488242
491778
491026
644520
662334
662332
632269
662339
457194
614879
623930
652045
505603
449492
652083
666181
657030
653199
508886
634322
653430
518754
667467
58558703
457277
449448
56928323
58111487
50264879
57549855
58638389
58638390
57239367
58222810
58397980
58638398
58592858
57441066
58282450
58580972
58512081
58511222
58311714
58163449
56143643
58463341
56565338
58568591
468985
492840
638704
493770
654727
500854
512012
58638375
462888
628448
660182
661869
480387
667431
491754
667419
667403
421236
58638373
651279
471528
661342
448048
500840
667456
400178
494225
654483
666194
471533
644642
667454
655956
482625
484866
667468
667443
471887
666289
447909
493288
483317
628412
58535900
58566881
58252198
56735613
50962270
53219580
53734281
52454572
52702209
58638342
58391088
58124702
58612790
58619527
57844663
57116468
58401580
58638352
58315243
58638361
58638367
58474099
58191250
57714722
47854579
490581
667448
438374
658632
56371205
667436
483309
489635
448056
448047
414687
667434
47932781
667609
490081
667608
637119
665593
665931
665578
665575
665603
664674
664684
484869
664686
664687
664690
664691
664698
490321
649518
56617444
667631
667633
652120
663053
493797
655214
653251
476585
471434
663061
649095
631229
618546
623573
654174
667606
497730
654161
635995
623585
656683
649107
649109
658724
491667
649108
667615
655223
663049
637923
620259
497846
488891
663614
663648
663647
663630
663645
650210
494356
490295
662347
663655
663652
663651
489470
663681
663682
491747
480757
667993
658819
57889155
57889156
57889274
57892189
57743420
57894409
57895264
57896124
57896176
57896576
57887301
57849707
57879755
57880325
57880332
57881340
57750715
57882160
57882185
57883564
57847525
57885181
57886539
57881509
57829668
57897840
57906180
57907279
57907925
57908047
57904988
57909062
57911027
57911051
57911404
57911987
57912178
57912179
57904628
57904085
57898167
57898683
57899908
57900640
57900656
57900924
57904129
57901656
57902219
57903366
57903461
57878296
57856430
57712027
57857538
57858785
57859408
57860120
57860183
57860218
57860474
57861621
57862744
57862773
57862793
57862850
57863183
57863823
57855700
57849491
57850372
57850464
57851062
57853294
57854189
57855500
57872665
57873594
57873871
57874488
57874752
57874940
57875444
57876288
57877589
57877621
57877622
57877623
57877625
57878169
57875615
57871637
57864924
57720637
57865666
57865921
57867572
57867800
57868151
57868235
57868668
57869072
57870264
57913050
57844536
57950269
57950572
57950739
57950949
57952175
57952616
57952944
57953354
57954229
57955227
57919856
57956700
57957400
57957480
57950178
57949816
57942747
57942822
57942934
57943113
57943537
57943770
57944279
57944769
57945867
57957756
57945937
57947858
57948101
57948539
57948817
57948956
57948992
57957784
57958788
57958833
57970108
57971641
57972606
57973684
57973909
57974594
57975435
57976581
57977816
57978323
57980559
57980642
57981533
57981896
57942317
57968990
57959240
57922226
57962285
57962713
57963725
57964555
57966735
57966950
57967269
57967285
57968321
57968740
57963777
57941700
57920683
57920728
57920776
57921284
57921808
57922319
57922485
57922863
57923354
57924456
57925887
57925996
57926039
57926058
57926358
57926385
57923375
57914476
57914864
57914970
57915001
57916799
57917177
57917247
57917530
57917929
57918405
57927345
57934109
57935018
57936191
57936736
57937025
57937218
57937256
57933940
57939080
57939568
57940189
57940571
57933818
57933398
57927853
57927900
57928417
57929931
57930886
57931349
57931814
57932351
57932471
57932967
57933065
57933242
57849277
57847666
57754836
57756167
57756383
57756477
57757471
57758414
57759126
57759312
57760820
57761192
57762789
57763407
57763776
57745593
57695664
57747711
57747726
57747902
57748217
57748571
57765081
57749602
57750020
57750021
57750572
57750588
57752135
57752892
57766231
57778191
57778303
57778567
57778646
57779081
57779094
57780839
57781530
57782172
57782537
57783110
57783195
57744171
57777258
57777136
57766941
57768798
57769419
57341004
57770633
57770909
57777178
57771789
57771946
57771957
57772981
57773518
57776366
57776383
57776864
57777025
57771369
57784565
57744030
57707241
57708877
57709130
57710301
57714176
57714221
57714941
57714988
57715262
57715311
57715350
57715489
57715582
57718872
57720856
57721262
57721289
57721325
57721639
57688926
57689752
57691495
57691929
57692318
57693227
57693534
57693548
57695036
57695130
57695159
57695553
57695773
57701280
57702118
57702119
57702236
57703998
57704354
57699135
57722513
57722660
57732859
57733516
57733519
57733570
57734741
57730870
57736561
57738519
57738613
57738985
57739206
57742401
57743096
57743719
57730546
57722993
57724018
57724220
57724237
57724257
57724903
57724913
57726815
57728421
57729141
57729154
57729863
57729865
57729891
57728124
57833065
57833584
57833949
57833957
57835026
57835046
57835402
57835438
57835459
57826086
57826354
57827214
57827267
57827443
57827454
57828308
57828545
57828828
57829153
57829186
57829197
57829950
57830122
57830988
57831069
57828664
57837115
57837164
57837168
57842752
57842782
57843301
57842687
57844864
57846442
57847662
57844709
57825845
57837475
57837510
57769439
57839919
57842125
57839961
57840409
57840534
57840564
57841192
57841200
57825456
57796485
57799049
57799051
57799193
57799310
57799815
57802727
57803463
57804071
57804576
57804794
57805368
57796096
57795639
57786205
57787536
57787937
57788283
57789649
57790210
57790566
57790832
57791725
57791927
57792298
57792730
57794704
57806002
57806537
57816231
57816970
57818346
57818372
57819115
57819130
57819659
57819974
57816153
57820534
57820971
57821639
57822080
57822497
57823460
57824165
57824723
57820874
57806388
57816088
57815755
57806830
57806974
57807712
57807801
57808101
57809250
57809603
57810718
57810838
57811505
57811518
57812112
57812787
57813274
57813454
57813473
57813585
57813835
57814254
57814550
57814648
57815627
57812421
57982576
58170472
58171593
58171846
58172671
58172776
58173012
58173559
668378
668366
668371
58178007
58178327
58178819
668358
668308
668311
668312
668313
58180593
58180772
637484
668303
58181504
668285
58169798
58168897
58162822
58162831
58163475
58163693
58182059
58164258
58164930
58167538
668288
58182874
509560
58195789
58195845
625718
58196309
58196515
58197273
58197911
58198572
673449
673525
657447
673418
58201353
58201500
667215
673412
58202513
673437
58160938
58194796
611491
668254
58184190
58184204
58185465
58185594
58187278
58134908
58187357
58187742
58188063
58189124
673522
58190125
58190761
58191229
673557
58191516
58191760
58192317
673567
673545
58136381
58193826
673541
58194531
58190416
58203170
58160681
58132911
58133156
58133245
58134076
58135860
58136818
58137986
58138064
58139779
58139825
58140720
58140732
58141856
58131857
58130942
58121836
58121961
58076652
58124053
58124737
58125128
58125383
58142805
58128615
58128678
58128718
58130042
58130838
58127654
58143321
57859893
58068290
58153284
58153328
58153654
58155411
58155757
58155789
58153022
58156197
58156238
58156399
58156774
58157241
58158538
58159134
58160517
58152707
58145571
58145719
58146609
58147312
58147557
58147639
58148034
58149223
58149237
58149413
58150063
58150413
58151225
58151285
58148153
673363
58204589
662200
666919
484787
662185
662175
662178
662179
58263882
662157
58264384
662161
58264480
58264668
662166
662169
58265830
58266750
58266779
662118
662101
58267417
662091
58267905
662058
58268174
58268219
662053
662056
661999
58260825
58260410
58259967
662231
662592
662596
58249186
662516
662517
58250012
662538
58250988
58251299
662488
58251789
58252860
662451
662456
58270094
58253237
58253430
662416
58254247
58255622
662380
662291
662294
58257367
662263
58257933
662279
58258672
58258805
58259491
662465
661992
662004
662011
661755
58281116
661756
58281760
58190612
661732
58282804
661721
472328
654089
58283957
661689
661675
661671
58280490
481297
58285826
661658
632035
661652
661653
661636
58287405
58287596
661611
58288230
661603
661604
58288553
491560
661669
632904
661820
58279367
662016
58271739
58271888
662024
673133
661943
58273415
661959
58274638
661961
661963
661970
58275220
58275428
661818
58275506
661909
58276168
58276256
661891
661886
58276800
661876
58277012
58277222
661848
661850
58278343
58278589
661836
661938
58247738
58247695
662565
58216043
58216448
58217430
58218409
674224
674198
58219735
58221422
58222131
58222504
58215276
58224139
58224503
58224901
78245383
78245372
76969400
78229453
58226143
58226397
58226552
58228456
58229765
58224252
76966369
674236
58213945
673365
58205910
58205941
58205976
58207073
58207767
673317
673320
58208173
673325
673314
58209993
58210511
673313
58210864
673291
58211054
58211110
58170166
58213160
58213246
78214917
58242483
58243225
485511
662663
58243487
493819
507158
662654
58243917
662678
58244428
493243
58244953
58245158
58241705
662603
58245462
58245714
662617
58246118
58246129
58246148
632897
58246185
662631
662630
662634
662640
58246845
662562
662612
662733
662718
520300
58232592
58233147
58233166
58233975
633109
495053
58234292
662922
662925
662908
58235276
662888
662726
58235962
58236412
662865
58236829
662852
58237221
662809
662813
662794
662781
58239759
58239779
58240082
58240091
662754
58236254
58120907
58120815
58120583
58028784
58029075
58029461
58029657
58030477
58030537
58030719
57891818
58031205
58031534
58031854
58032076
58032553
58033074
58033182
58033535
58033834
58033901
58034139
58028714
58028281
58019491
58020079
58020813
58020836
58021270
58022993
58023089
58024027
58025069
58026026
57865753
58023895
58034933
58035035
58040957
58041084
58042139
58042537
58042670
58043449
58043510
58043837
58043866
58044288
58044408
58045182
58045868
58043514
58040449
58035308
58035954
58036610
58036903
58038008
58040388
58038316
58038393
58039045
58039203
58039246
58039512
58018399
57988861
57988905
57989088
57989673
57991138
57991292
57992714
57988154
57994173
57994367
57994708
57994733
57995519
57995992
57997170
57997250
57997330
57993541
57988097
57988040
57983205
57984019
57984351
57984359
57984369
57985070
57985642
57985812
57986023
57986301
57986798
57987331
57984918
57997985
57998472
58008779
58010221
58010620
58011601
58007295
58013453
58014864
58015088
58015895
58016716
58017089
58017268
58017611
58018047
57998051
58007016
58005966
57998912
57999862
58000129
58000211
58000243
58000278
58000549
58000621
58000942
58001749
58003947
58004601
58005486
58005525
58005684
58005871
57688684
58045953
58089021
58089479
58089510
58089716
58091290
58091735
58092094
58094329
58094793
58094831
58095239
58096545
58087264
58080711
58081104
58081528
58081554
58082413
58082489
58083230
58083543
58083766
58083819
58083863
58084320
58085297
58086008
58086384
58086868
58087182
58109489
58109721
58112267
58112482
58112484
58029426
58113902
58113951
58115531
58115672
58116541
58118386
58118668
58119590
58114351
58109400
58098647
58099236
58100227
58100310
58100452
58100473
58101790
58101845
58102851
58103908
58105127
58105276
58105350
58106464
58107202
58107796
58108495
58104487
58080442
58053800
58054046
58054301
58055222
58055296
58055452
58056086
58057183
58057562
58057607
58058232
58058489
58058586
58060048
58060643
58060706
58061094
58061500
58056168
58061722
58053184
58052856
58046945
58047034
58047182
58047250
58047565
58047832
58048752
58049782
58050308
58050621
58051063
58051077
58051618
58051745
57921033
58052166
58049856
58061743
58062348
58070426
58071045
58071630
58072674
58074739
58074944
58075222
58075786
58075962
58077222
58078732
58080116
58075588
58062227
58062357
58062752
58063045
58063137
58063327
58064183
58064387
58064559
58064896
58069737
58064969
58066258
58066287
58067947
58068179
58068309
58069295
58069463
677828
57688389
57687785
56992262
672963
57023107
57023843
57024809
57024892
57026907
57026969
483205
672951
57030067
57031432
672956
57034534
57034999
57019003
57006899
57007945
57009464
57009561
57011465
57011615
57012559
57012991
57013810
57013903
57015815
57015910
57015911
672978
57016623
57016733
651738
57035620
57036938
57058255
57059370
57059617
57059961
57061073
57061091
57061583
57061863
57064505
57065695
672889
57067947
668434
57062536
57005127
57056367
57037128
57037863
57038876
57039192
57040523
57041909
57042948
57043190
57043631
57044484
57044489
57056473
57049142
57049648
57052215
57052372
57054715
57055870
57069137
492950
56960583
56961891
673215
56963214
56963656
56963783
56963968
56963969
56964207
56965085
56966323
56966378
56966478
56968700
673197
56970401
673166
490327
673235
56935587
56937551
56937796
56938034
56938934
56939772
56941341
56942365
673262
56943709
56944849
482279
56947948
673252
673253
669522
673254
669815
56952630
56953952
56954056
56955504
614539
492084
491962
489367
56957160
492474
56972630
56973564
56973600
673068
56993115
673065
56993510
56994874
56995194
56995208
56992212
56997082
56997719
56998337
56998446
471292
56999345
57000116
57002399
57003268
56973958
491646
56976405
56976531
56977079
670902
671962
56979016
56979131
56979480
56979595
56979623
673120
669712
673125
673130
56983292
492450
671959
56985136
56985649
56986249
56986452
56987714
666441
673122
57070634
57071472
490082
57138711
57139369
489834
57140631
655624
612661
492426
655648
57142822
57143335
57143336
57144291
490802
57144943
666009
57146357
658806
669071
57147009
57148598
57081755
660631
493873
447905
57123869
466793
57124267
469484
57124756
57124794
57125202
478997
57126982
57128511
57149241
488126
478182
57129823
493040
492768
481035
57131034
57131064
57131286
670053
57132033
482452
493912
495386
57129344
57149662
57149670
57159526
57160491
672751
612712
490380
57164444
57164913
57165453
55785870
669764
57168516
57168568
57170172
57171423
672676
57171974
57155698
488846
57158598
57150126
493911
57150819
672774
477283
57151807
447923
57152853
57158778
57154648
57155710
479030
57156698
57158582
57122932
57122521
57122260
57085552
488566
57086954
57088105
57089069
622398
57090305
57094023
672873
57094348
57094794
481422
57095357
57096095
57083230
57071725
57073741
672896
661561
481858
57078995
473092
630958
57081162
57081849
57082012
57082056
648794
467726
57078916
56931508
670472
481042
57109827
483099
481033
57112852
57113467
672816
651901
459164
481613
57114616
657736
451375
57115822
668823
478750
645098
672821
57119168
57119918
487631
481044
57120008
491714
481034
492996
660591
57121208
484679
57117148
481025
552073
57098162
57098693
57098978
57098981
672842
490540
672845
672847
672846
672849
491770
490885
666372
493125
625103
672831
57104428
481040
666045
655615
672832
57107217
672851
56928730
56928404
466426
666501
419590
56714277
667781
56716484
660501
644677
56718406
56720745
56721156
667786
56722363
659167
56723481
56723523
667788
652561
56728289
485693
654375
655267
56730847
666155
56712302
667801
667802
530676
660520
56702442
56702823
624942
483861
493800
56705638
665518
666684
667810
652327
56708218
56708653
56709934
623306
56731911
56731983
56755482
495399
56757176
632541
448149
478594
485082
56752441
667734
56760156
491574
56760432
642881
665491
56762752
56764836
56766938
56767304
493122
667733
56732030
667767
56732211
633015
56733790
667769
667771
483197
56737402
56737483
485652
56738285
491581
56751505
56742202
56743030
667759
56745064
667763
56746630
56749551
56750722
56750986
645547
660398
611756
653206
641031
56646339
56648267
56648367
56648857
56650442
667940
667944
56653061
56653775
56656855
56657954
56658120
56658291
56658403
509987
491785
646106
56663334
611402
667905
487517
56666294
56666668
661984
56633252
56644961
641030
667933
457321
56619803
667979
660863
448153
56623868
617643
494511
505488
56626246
654515
56667207
488431
662026
56633886
658524
56634396
477891
489640
463369
667947
56640820
661205
56667861
56534279
56668451
667848
667851
492273
56685822
617752
490644
485392
620816
504390
492153
667827
56683357
667828
491668
483859
611298
56693299
667841
56694250
667843
667844
56695048
56695146
666182
482066
667835
56697735
481046
661983
56670115
639179
489982
481043
56670666
56670693
494928
448014
56674097
56674506
491045
56681874
56676137
616016
667894
56677272
668011
489235
428825
56679445
650149
56679523
633665
490777
457601
481030
492135
56768438
482438
466499
658653
611391
56843058
490493
487629
476367
660299
658669
56846452
614216
635299
437219
479651
56848271
497370
56848643
391422
454971
56850153
612223
667653
56851058
56851183
650124
658663
471875
467254
492540
489527
489793
56827794
665337
488845
56830632
493857
511379
659741
465719
471743
56833684
56834129
464508
473039
621273
479613
56835909
56835995
56836297
56836337
490787
637949
648277
487842
56833592
493907
458996
56854022
56873076
56873359
56875375
56878296
56882514
56884788
56887211
56887234
56888687
56894735
56896288
56898544
56899530
56870849
56899534
56904029
56904280
56891768
56907711
56908862
56909738
56914133
56914525
56915694
56920765
56922178
56922458
56924246
56927272
56901724
486467
475885
478461
665332
658664
458667
56855921
494054
652171
56856453
667646
56858928
477688
56859750
493844
56859939
614286
658575
463256
56862888
491359
56836014
667635
485419
56864294
56864472
666196
490011
56866505
56866733
489652
492785
481778
619578
463477
611406
489728
480199
472208
454671
470616
667715
484217
56792625
56785813
667721
470615
652250
490790
666615
641819
56798983
448151
448158
56799953
650090
498904
56785754
56785258
56769314
483210
470617
486123
484294
56774731
56327614
56776561
521143
474862
454672
474387
667729
663052
663629
448150
467113
476847
486489
454670
56783006
652260
478595
492920
497901
56928580
495211
448154
663626
457292
457168
665306
56817485
56817891
474365
511347
665372
56821423
479904
492487
492989
457294
648278
56822955
479453
56823107
511300
659418
657383
638966
630314
56824929
630321
483238
491287
640995
448157
492284
56802537
56802557
448159
56805853
56805901
56807227
667672
667673
56809312
448156
56809382
492149
491669
611401
56812224
56812225
56812292
478042
56813748
463054
56813875
448161
56814297
648280
56810836
492088
670185
670177
57520311
670141
57522871
670153
57524747
670128
57525781
57528266
57413544
57529436
57529437
670087
670093
670091
57532135
670067
670072
670071
57533854
670063
57533906
57533932
57533986
57535809
670049
57537237
57537320
57520125
670181
57519191
670179
670348
57502003
57503689
57506005
670318
57507226
57481546
57508777
57509147
670299
670272
670277
670280
670267
670035
57512700
57513091
670254
670238
670227
57514341
670235
670209
670218
670220
57515774
670195
57518412
670206
670180
57509137
670039
57538327
670022
669893
669896
669898
669882
57440917
669863
669866
669873
57556964
669836
669837
669841
57559217
669843
669909
669844
669852
669817
669822
669802
57562174
669805
57563267
669794
57565402
57566106
57566223
669776
669754
57566875
57559646
57497444
57549133
57548625
670023
57538839
57539367
57512189
670012
57540359
57541208
670000
57541713
57541927
57542547
57542799
57542893
669989
669908
669990
57543038
57543159
57515821
57543434
57544481
57544850
669968
669935
669940
57546853
669942
57547943
57548167
669921
57543023
57567608
463178
57495197
57448728
670705
670706
670708
57451200
670714
670716
670717
57452761
670721
57453086
670725
670727
670728
57454166
670729
57454712
57454848
57454897
57454984
57455809
57456258
57456561
57456760
57456981
656829
670671
670680
57461185
670745
670744
57448551
670738
670870
57434272
57434283
670872
57385079
57434970
670879
57436372
670850
57437441
670656
57439206
670814
57440960
57441896
57442698
670784
670788
670793
670761
670764
670752
57447366
57447385
670756
670736
57439212
57462278
517822
670624
670457
670455
670450
670453
57485031
57486081
57486709
670436
57487320
57487372
57353469
670439
670441
57483019
57487989
57488087
57488269
670434
57488547
670488
670426
670427
670416
670412
57492487
670403
57493422
57493487
57493630
57487998
57495205
670479
670495
670625
639582
57465282
670635
57466038
670637
670604
670607
670609
670574
670576
670566
57471969
670561
57480701
670551
670558
670560
57475644
57449066
670510
57477267
670511
670513
57478326
670524
670491
670493
57480211
57480297
639528
669739
669740
57568422
57645937
57646515
668916
57649237
668903
57650163
668876
668858
668864
57653624
57653942
668842
668848
668853
668849
57655904
57656663
668817
57657710
668818
668822
57657912
57657946
668787
668788
668793
57659263
668773
57645935
57645931
57645926
57645924
57621595
669062
57634179
57634272
669067
669070
669073
669074
669075
669042
669035
57637878
57637952
57637956
668753
669022
668995
57639384
57639802
668982
668983
668986
668987
57642617
57642841
668978
668961
57644348
668933
668936
57638886
668745
57663558
57466159
668587
668567
57678306
668572
57678736
57678737
668575
57678993
57679016
668549
57679157
668552
668563
668521
57677405
57680974
449736
57681600
57683192
668496
57683439
668494
668500
57684510
57684512
57685207
57686016
668448
57687249
57687265
668539
669091
668581
57675871
668731
668722
57666372
57666539
57666708
668710
668712
57613310
668689
668700
668672
57669429
668674
668648
668592
668653
57671013
668628
668634
668638
668640
668614
668618
57673466
668624
668595
668609
668598
57675089
57675831
668658
669101
57631203
57631126
57583071
669560
57583447
669565
669566
57585430
669535
57587688
669528
57588712
488475
669518
57589633
495354
669576
57590033
57590495
57590945
495333
669499
57592746
669481
669488
672928
57595070
669475
669469
669451
57596811
57597808
57590069
669426
669600
57581533
57568492
57568525
669748
57569187
669723
669728
669732
57569976
669731
57571066
669708
669710
57573010
669692
669597
57573941
57575754
57575797
669666
57576260
57576601
57576882
57577274
57577928
57578235
57579927
57580172
57580245
57581506
669676
57433900
57599548
669422
669222
669223
57617001
669224
669188
669193
57617856
669194
57618662
57619225
57620459
57620580
57620806
669216
669235
669181
669168
669174
57624555
57624633
669160
57627730
57628057
669135
57628773
57629033
669133
57629406
57630901
669115
57622552
57599667
669226
57616050
57600143
57600245
57600464
57601586
669401
669403
669367
669368
669357
57606379
669334
57606724
57606725
57607003
669242
57607864
669292
57610163
669279
669275
57611396
669271
57612266
57600253
57613372
57613895
57614460
57614473
57615585
57615617
669297
57433378
57432659
669997
672261
493024
493023
57244814
57244835
493022
625011
629317
57248470
670042
483458
57250713
57135128
57251112
57251645
57253565
57253921
57254424
471287
672193
669979
57242115
57227803
672272
57227827
57229015
672325
57229730
672331
57231088
57231426
57231817
57232590
57232612
670008
57234276
672307
57235745
57236966
57239931
57240353
57240379
57240787
491021
672084
672085
672091
57277356
57278480
57281091
57281699
672028
672082
57282435
672035
672001
672008
57267298
671988
57286665
57287236
57287532
57282654
57227589
57275388
672107
480657
57258317
57258696
473904
517997
57259887
57261151
57251589
672177
491025
612354
57264333
57264617
660896
57269118
672133
672137
57270415
57272306
57273372
57263910
57227144
672336
466547
57192423
57192583
670290
671444
669110
672515
672522
672523
672526
57196158
57196366
57192138
672527
57197359
57197923
672508
672509
57198829
672511
57199824
57199897
57199905
57200129
57201873
57202294
672485
672517
57190056
57188100
492582
492594
400147
57177745
57177866
57178136
672649
57179063
448123
57180401
57181219
672570
57182568
57183896
57183940
57184098
57184691
465636
672589
672597
57182559
57204884
57217640
57217723
488410
57218363
57218492
672404
492388
672409
669026
669010
492390
57222335
672363
649874
57224409
57224533
474143
672333
670137
473756
57226314
57226561
499203
57204865
646084
672413
57205109
57206995
468038
672464
468654
57209707
465638
669080
57211011
57211217
672450
57211834
57212291
57212501
489325
669049
57213571
494473
57214824
57214842
57214916
57210960
668458
57290098
57385209
57386383
671241
57387538
57389949
57391775
57391902
57393624
57393682
57393776
57393792
671199
57395558
57396216
57396364
57397596
57397923
671167
57399415
57400443
57383110
57362984
57364659
57369157
57370179
671368
57372390
57373116
57373536
57373537
57373802
671354
57374283
57347368
671356
57375718
57375741
671322
671323
57377757
57377782
671335
57379378
57380390
56655919
57375377
57401185
57401605
57416342
57416493
671028
57417886
57417894
57418692
57419258
57419890
57419914
57419918
57420254
57392661
57416341
57421923
670966
670969
57425160
670915
57426302
57427534
57380186
57423655
57416329
57414618
57402378
57402876
57404583
57404931
57405991
57396338
57407689
57408265
57415260
57408712
57383234
57409453
57409728
57412819
57413017
57413758
671033
57414484
57408709
57361039
671466
57306938
671833
488922
57309569
671801
57312037
57313514
671830
57316576
57316746
57317942
57318809
671747
57275302
57322401
57324281
57324862
57325368
495468
56622252
57305332
57291839
57291937
57292355
57294684
57295040
57295848
57295868
57296285
57297399
671905
671908
671909
57299492
57299702
57299776
57304295
57291160
666053
57329333
57343389
57343400
57343916
57347250
57347393
671550
57348320
671539
57348462
57349863
57349909
57343375
671523
671535
57351447
57351448
57177018
57354261
671487
57356269
57356310
57356425
671473
57358400
57350388
57328946
57343293
57342072
671661
650861
671664
57332740
671666
671667
506769
57332962
57334826
57224288
57338082
671613
57338670
57339119
57341451
56517769
54305634
54305636
677829
667540
58599607
58711307
481160
676843
58599369
676842
58721996
58635504
657139
58600430
676857
58753254
58531419
58578672
58531931
58598692
58579000
58598557
677236
676831
58531953
58636069
58599130
58532124
58636074
58532174
58750604
58578820
498776
58746184
637718
58563554
58601180
58652301
58601163
58563313
58750445
58529818
510774
58601531
671850
495303
491636
654555
58562555
58562452
58562440
58753379
58746374
58680285
58652062
58733458
452661
58530527
676444
676880
675388
672648
58601000
58675892
58684346
58635071
58600986
58701767
58712005
58682498
58535502
459742
676743
58595376
676746
58712921
58637584
676747
58535089
58595807
676775
676751
58650571
58594980
58713278
58594872
58682360
58348490
676757
58650779
58711210
676737
58560647
676724
58752725
676765
58532972
58712303
58747109
676801
58733145
58712197
676816
676812
58747011
58747021
58579153
58532794
58636747
58634712
58682770
58582418
58666321
676779
505634
58721728
56966091
58545610
58579191
58534155
58636983
58597141
58747291
58565643
669525
58677647
58686248
677105
58723789
57711397
58565394
58565106
677070
680046
680047
58606379
680051
58533693
58517201
491278
58632513
656186
672125
58527313
58527321
675307
503640
58454020
58632509
58707983
58577318
547970
58707999
477586
58526882
647916
58523986
58577060
58686772
491400
680871
58607654
670896
58524184
58754956
677139
677145
58607631
637399
58607477
58687159
58608265
482168
58706516
678403
677124
677128
677129
58523838
58654496
58523907
677132
58631722
58686597
677089
670911
677090
677095
651842
58525106
44772
58654383
58745189
58606725
672103
677078
677146
58524944
58524411
677149
58607304
58524624
58663908
680067
670913
680068
494597
677088
495245
58728773
58722426
58709846
490842
679976
58685157
58603305
680015
58685064
494572
58722484
58528498
677102
489025
58603555
634516
58602148
58733744
485943
676930
58601961
58529678
58710110
680896
679984
675415
58556183
58602177
676921
58529294
679977
491895
58603006
58684781
58529002
676938
679980
471467
666197
58529047
58529149
679981
676943
653080
58602259
58632709
58075952
668244
470745
58527518
490482
58722675
58577953
58632624
457335
671854
673066
658009
672086
627631
666059
58605030
58527498
58623167
58604460
58564478
58733847
658029
671876
457329
58603763
680023
58564321
680021
58528367
58633413
655860
492700
58709571
651751
680029
676997
58709152
58664615
484873
58745759
672148
490902
621348
646055
58604044
58585961
674335
672563
679268
676431
679265
676433
676045
672278
679262
58647426
672287
679280
679279
676435
488357
674891
676062
58586365
58677835
671010
58546549
672560
675283
674878
58677463
675280
58728835
675278
58647527
674906
58586479
58671100
58547560
674953
483246
676420
679331
672296
674948
671137
58717727
676028
671420
58564486
58548683
58548726
672268
676030
483754
58676780
672290
671419
679273
676052
679345
672225
674929
679669
487532
674926
672291
671132
58555530
675312
659912
462494
58581173
671455
672460
672459
58587638
58581176
672458
671447
676486
58647959
676073
676075
58642450
673663
493126
58647734
674827
58701604
676506
673366
58679037
672445
676514
58720175
664420
676518
640915
672206
500191
672467
679706
490892
462496
58546152
679707
679708
493221
674875
672493
676070
674869
674885
672489
58647730
58546062
58642563
58642518
491304
671163
676479
676076
493176
672470
58587090
486505
672580
58545628
672300
58748943
497949
53480837
58719961
674856
675051
673590
668516
676501
674941
679340
671050
679500
58646500
679496
679494
679492
679491
679507
676277
58554099
58552406
679476
679477
58554135
671082
664234
679688
672240
679465
679464
679461
671072
679457
679456
679455
679478
679446
671059
672532
676270
672534
676309
679684
58552515
679679
676344
671054
57642797
676300
58623743
676304
58646106
58672794
57775525
674939
58551128
58671524
676366
58676410
674974
676367
676368
676006
58582109
675352
58671563
676007
58582110
58731176
679673
58582167
675992
58584448
672254
679378
675991
675333
676364
676032
671115
679672
676389
58585382
679358
679357
58585279
676373
58549357
676023
675339
58549364
675336
58676502
58749258
58582077
679371
679370
674976
58583306
679692
58550582
428792
676284
676324
671086
671085
58554304
58646887
674979
58550176
675995
58584251
671105
675541
675359
58730323
54654675
58550319
58550321
676291
58630487
676356
58583364
58536861
58580916
672182
655985
512395
623438
58539506
676656
673503
681493
676660
671329
58748167
494081
58638435
58748202
679654
58453675
675024
58681084
484662
58538733
492843
506623
58752310
671337
676664
651289
676668
58649756
484872
673474
466102
679627
679626
675097
672349
679624
671350
58680567
672351
58591771
672365
679622
679770
673476
671347
672176
676623
58748401
490170
672371
58592652
675085
675234
58539830
58580123
58638536
676617
672181
670461
58660902
672179
670941
671317
676640
675076
58592337
58649647
58638794
675087
670938
58638822
676244
58732651
547542
671274
58752642
672164
469389
58747951
671279
58537723
671294
679821
676685
624737
58594861
646934
58536960
679570
58752688
676714
489762
58537128
502452
676253
58560493
675815
58667150
58732653
679572
679822
675010
58748078
679592
58761992
679784
679785
58559890
670917
481159
673531
58593902
452733
675266
667489
673523
679788
58650229
671291
679595
676688
58538053
58560255
679824
679584
675273
58713935
58750720
676692
679828
679777
58560028
679778
481288
679782
679602
58559995
619169
58732536
676531
673458
58680227
674805
58543554
58543567
676224
672197
58648403
676555
676556
641711
676557
676116
58762253
671172
673423
676138
676131
673424
673645
676196
676569
58557311
58543119
676574
58543202
672322
58648735
676552
676128
58556895
58648714
58542886
673404
674824
58629216
58731557
671179
671180
58544497
58588535
58669668
676208
58648151
58556261
675176
58556256
675174
58556168
673384
58648116
486255
58588442
675167
671177
676214
58588924
673405
58543847
675195
674800
58620228
58588698
676541
58544075
676216
673559
673417
671244
674780
58649390
673448
58748441
676144
675107
58540847
58580535
675121
676588
492866
675216
58541270
58541523
671250
677183
671240
400727
675905
58591582
482507
670965
675103
58540576
58558664
58649501
447912
679771
676167
58591335
675106
675119
58762122
674781
675112
675123
58542040
673443
542794
673444
676580
676185
58762179
672397
58557583
676584
58720790
675185
501101
679740
58542651
672406
675137
58639408
673436
485191
58668478
58750906
675196
58558145
670981
58715920
58732072
58732030
673641
679763
659534
671222
672200
675131
672379
670928
677114
512720
673779
58699056
512886
512889
512668
512686
512779
512862
512643
677604
512859
58506623
512799
671627
58656799
512731
493845
512608
492073
671631
512729
675838
512767
512663
512617
512848
512635
512708
58726243
512916
512836
58741795
512844
512785
679933
671824
678903
677598
512763
512669
512840
672680
512730
58741842
512613
512659
512739
512833
512895
680563
512874
512605
58656889
58741731
512771
493843
671835
58570726
58742066
512718
680726
58635091
512774
678889
679929
679927
512876
675732
512798
671618
58538195
58694747
512691
512625
675494
675820
679926
673201
512674
512830
680558
512873
58506825
512864
512712
680561
670867
680788
671838
512793
512772
58695225
492560
512680
58736033
512839
680549
671635
512801
680548
58726175
512866
680553
512621
512661
512887
58699131
671622
512713
512863
512717
58741146
512857
58741171
512760
512666
492189
512637
512761
512602
512652
512755
512701
512826
512683
492065
633227
58741277
512679
669654
512753
679020
480970
512769
512732
512766
671648
512675
512655
512721
58504905
492572
512733
512645
58740999
58698592
512725
512816
512776
492191
512783
512845
512791
489541
678999
512812
512814
58711382
512807
512829
58571479
512882
512824
680797
512702
512891
491237
677619
512802
512865
680793
512632
512610
512853
512850
512888
512908
58656892
512636
512672
497184
512764
512619
512821
512910
512722
58741679
512786
512711
498198
675748
512699
512749
512671
679019
677623
58620326
679017
677625
512914
512898
512684
679016
512689
512642
677626
512633
512726
512818
512795
680792
512688
512673
677607
58505903
671809
677628
680794
677627
512800
512657
77802525
77605895
77660804
660359
77466495
76663078
680458
77802422
77336784
58509925
77693855
671585
58569753
58661229
77174983
678851
679095
77695845
58510053
77802473
679913
58694214
77632430
504396
58570156
77029461
671869
77802543
58694122
665477
58742235
678848
58694085
77720434
77389863
58661213
672793
58656440
678846
76790568
58742351
620102
74091073
77802837
58693834
77522448
492687
672670
679089
77802825
679088
77010253
679087
679086
677466
680474
480364
680475
678830
77583475
58700961
492493
58742642
468005
673272
58701107
675719
76424871
679090
674221
678853
77396272
679094
75686728
675847
76532533
77410831
680462
77603056
77663681
671888
678818
447911
490190
77726645
679091
77783177
58626067
77665561
77335547
674225
622338
452723
69378493
58625312
512860
512651
512606
678880
512759
512872
512670
512641
540339
512627
511394
511456
671848
511520
466908
678882
77620014
675485
77802998
680506
673233
680508
673234
512738
58726020
512622
495272
512687
58727481
512787
512909
679922
374350
512868
512837
512662
512900
512782
512823
417045
512681
512744
478217
512623
491147
671847
680509
77700785
77442726
678868
58700083
671870
678835
498573
58694411
674232
77239941
678836
58619133
678837
58700157
664922
75081464
77760594
77759972
77802935
465639
675476
677511
677523
77802659
77419713
669947
77466511
77802677
58742189
673749
680511
77543901
671873
677517
58699772
673231
680513
58699944
651900
77267251
489512
77802559
678863
678861
77597898
522435
77799413
77549157
674562
492716
512851
491038
680770
673020
44556
58658446
58697016
680725
58739057
44500
671758
680659
680660
58572203
58696909
58572190
58499903
58739087
678989
680693
58697923
58621204
680690
680652
44620
58499489
44596
44482
678992
44299
633122
680723
677725
482506
44668
678985
471016
680638
44546
677723
671790
58499967
58499978
44648
44559
677754
680719
58739341
678943
58500356
680717
673223
680664
678995
58726723
58737893
58573002
manual_scrape_027
manual_scrape_026
manual_scrape_025
58736982
612124
manual_scrape_024
680672
678971
manual_scrape_023
677808
manual_scrape_021
680674
673164
680675
58588739
58588748
677785
58455408
680676
manual_scrape_022
671736
58737044
manual_scrape_040
manual_scrape_039
manual_scrape_038
manual_scrape_037
manual_scrape_036
58657667
673123
58697606
675788
675450
manual_scrape_035
58497257
manual_scrape_034
673144
677833
manual_scrape_032
58726724
manual_scrape_031
manual_scrape_030
58737146
manual_scrape_029
58697572
490447
492816
manual_scrape_028
678966
manual_scrape_033
650111
674544
58738109
58555676
58406736
58498714
58658151
44699
673187
673193
661617
673186
58572641
44459
44642
58499121
44595
58499188
44646
658907
673184
671742
57976448
58736874
58170563
58588781
58498102
400733
58697283
675580
58561740
58362357
57835544
58622413
680677
477614
57925235
58588949
57356116
58738360
680678
58575192
677791
58581948
654980
44628
678983
58620394
397487
428382
512638
512780
58660092
512896
489899
489028
677697
512843
512875
512644
512618
512907
512728
512815
512768
512797
493764
512913
512877
512714
512892
512676
512650
512690
58695990
512901
512871
512624
407307
512603
512884
58740233
512804
512611
512654
675509
58502438
58623675
512700
512794
512904
672925
512903
512813
512660
512743
649510
512822
512879
512741
512832
512893
512789
512842
447908
512792
677693
512629
650220
512806
490145
512736
512682
512885
58503900
512796
512715
512754
512609
512835
512790
512870
512803
512740
637857
512703
512881
680799
512825
512628
400148
512817
512828
512716
512756
512757
58437665
512811
512841
512905
512747
58623974
512778
512784
512849
679282
512639
489161
512667
512745
512723
512831
492948
512827
669653
58726456
529843
680800
671640
410752
512653
512656
512685
512707
512765
512773
512883
671642
512612
512735
512890
408207
512906
512665
512734
512706
512902
679891
677704
671783
512809
512710
512820
512737
58698127
512762
512856
58501197
675752
512912
512805
491569
512869
512897
512838
512634
512677
677714
680711
58739417
512751
512878
512746
677710
512692
512709
678982
629705
58620887
474487
680716
666071
645628
680715
661247
653431
680714
677739
44568
491040
512808
512867
512847
512880
512899
512852
490751
675523
512810
512915
512834
671766
512704
58501967
512911
675504
512724
58601171
508844
679893
512855
677685
672949
58740054
680706
512819
512854
58502278
677717
512777
492631
512620
512658
512781
675531
512694
668800
512750
679008
512640
512727
512858
512894
512604
58739549
512788
677716
512758
58739768
58698268
512861
680760
491070
512719
680709
672989
649922
512664
512626
77702605
655150
678795
680261
680265
492068
671513
673332
679202
631825
680846
679201
680267
493222
677296
679198
680269
675406
679196
674715
674704
672854
680259
58605693
58743881
674055
674744
674382
485477
58613493
58575489
675916
675422
58703708
672655
58516854
58613390
498684
680848
680255
674064
633437
674407
674706
679172
680254
672858
673735
58703992
58567681
680843
57822029
483247
674013
672653
44507
44540
58629324
680844
679188
44541
43958
44624
674726
58655335
671482
58704615
44239
43363
58575632
58728074
680227
680229
58744103
672656
673736
674435
58704066
674733
58704128
674434
673923
680230
680233
660931
492954
671985
680845
673737
58728007
58749761
58690913
675445
671948
680316
678770
678771
675489
674651
680860
58515626
672698
58568189
479810
58515688
660913
677340
680859
680293
680295
679941
671955
58691100
493804
680353
503489
58691021
58575273
673880
487601
672850
680803
680322
58754188
680326
674640
674634
671957
374351
680302
680299
674070
680287
58567935
674347
494068
675419
680289
58724988
680854
643260
674680
680852
671967
481987
632528
58607380
58628489
58735359
679800
651841
58613658
680278
674351
671532
676268
680855
680301
680304
58703133
672694
680853
674672
58735369
674663
58690285
510224
498483
672684
58614668
674685
490296
58614592
619505
672841
679165
469560
680310
672840
679798
58611542
447910
447915
58744692
627204
506587
672622
630937
58521355
492424
674527
669713
677190
672057
675654
510716
498863
58609374
673651
674561
672966
675394
670836
649522
656810
672707
672619
666558
674786
611237
675673
400726
671925
640493
672060
58520579
491105
673675
673774
672882
58654678
58609851
447916
673777
677384
475541
58520837
674789
672042
58520930
58576563
675664
58688021
58705649
465406
491159
674522
678705
489290
58608776
58706138
680118
672071
672708
680121
674559
58754899
58522322
492867
58631231
670860
58522373
492982
680876
488389
674556
495058
680874
677160
663821
673630
680092
677164
677113
58531822
673744
395488
672593
58566977
662164
672945
468074
671879
470561
658729
618370
670848
673944
672053
481032
679815
678584
680134
675966
680136
481036
673370
680138
680139
680140
680141
673368
58754834
674541
489337
674011
58610006
58519130
680221
672017
677246
58688816
58567442
44927
58575777
44928
58655283
672893
673350
677273
484881
484513
481029
675934
673716
674455
675945
58611167
58618083
675689
674413
58518679
680842
673722
674439
680841
679181
58518916
447920
672615
673996
673695
477522
637398
673707
466020
58630227
673789
680193
674764
674497
58663317
488091
481027
680170
491164
674493
670547
647598
58630435
485334
652360
674933
673702
58630481
58705320
58654769
473788
673788
58520251
672886
679213
673997
673998
58724510
491160
673680
672009
58688803
58724451
680202
58688623
680201
58728022
677232
679214
680207
673798
674448
493902
675380
672632
673974
673942
673686
680188
672887
674766
374348
674449
58515446
676274
492945
680810
58569621
674263
674323
675884
508291
674612
77782843
490835
58701453
680431
77441225
58626500
508288
508272
642138
58511677
77524078
674583
675464
58616709
58511968
77802656
475838
58692752
508292
58725482
677469
77775753
508284
76678218
77802914
477485
77700850
77360029
77730354
58662193
58511583
673889
44690
77103377
77744439
58742676
58512963
498301
77683389
77337945
77802346
58616577
58514166
675469
76472555
674609
58693013
77598525
77720526
508282
77355991
58616620
77419792
77782835
77325834
58626514
77726242
77174797
58511662
58511656
58742690
77593395
77708648
77588785
679836
680429
77722609
77648717
483849
77099899
671892
671907
508273
508276
508296
673896
508299
58617003
508279
77802329
674602
674140
473481
679068
498117
508271
508287
675455
58513328
679069
77669340
627794
447914
677414
508269
58692087
508280
508283
447918
77174972
58626727
675874
508286
77513820
679067
508278
508297
673270
628391
77737525
508277
672039
469605
674276
508285
77615902
508275
58662182
674313
477830
77802824
77174918
508274
58513213
508294
679907
44678
75492627
77685841
58656112
508293
58742736
508298
77648208
673864
508295
508289
672727
77174942
508281
508300
76088337
672002
44597
678803
482451
77621709
77802616
77710916
675427
58513264
492410
515270
58511301
671563
58701872
671904
58691379
672716
674169
77802778
77625951
77781650
77640450
673885
58701160
677411
77718792
674252
58615990
76487553
654045
679909
673873
77631324
58727596
74875688
673872
58512927
77466529
77242852
58742869
77759255
674153
77781641
58627489
673831
76734568
77550780
680815
77399697
680445
680818
58584744
680355
675470
673823
469548
374343
77610158
58742814
75846618
673806
674576
674563
77690305
58569496
58515390
671920
679910
490167
58615872
77643585
616539
477477
649764
44675
674165
71046128
58615715
677421
612136
44689
58692193
77211309
673818
680354
678811
673748
437926
617087
680455
66252734
490843
680452
77782830
58702077
374345
679112
76677887
77775552
672826
673825
77775742
77013945
505486
77536016
77334836
673298
678798
642139
674239
675710
77583230
651064
675463
677426
77721927
58514301
674172
678783
73611954
75923695
58735601
58511286
58514384
442453
77751351
58735623
77662001
674622
674241
487093
77781669
77480942
673865
678855
675462
673887
77466435
76433572
492519
58742874
77336964
77647903
675437
673897
58515101
77781677
677445
58512387
77028162
76402226
58616280
77708745
678813
77680826
488225
680813
58701246
58655908
673904
77330656
674332
673784
673803
673826
673830
673832
673795
673816
673807
673805
673811
673822
673770
673772
673635
673660
673648
673647
673720
673723
673881
673688
673681
658954
673717
673706
673708
673667
673664
673666
664275
673656
673673
673693
488743
673690
673700
673701
673697
669405
669221
669219
669234
669233
669231
669232
669230
669227
669225
669240
669239
669238
669248
669247
669246
669245
669217
669215
669213
669212
669210
669209
669207
669243
669208
669205
669204
669203
669200
669199
669198
669197
669196
669191
669206
669183
669259
669256
669286
669287
669291
669290
669289
669273
669293
669295
669298
669299
669301
669300
669305
669304
669302
669303
669307
669310
669309
669281
669282
669284
669276
669255
669254
669253
669250
669263
669262
669266
669265
669264
669270
669258
669269
669268
669267
669274
669277
669272
669184
669185
669167
669095
669093
669094
669092
669088
669089
669106
669105
669103
669102
669111
669109
669108
669107
669119
669118
669117
669097
669082
669084
669085
669057
669053
669051
669077
669078
669076
669069
669065
669066
669063
669009
669061
669060
669086
669114
669113
669129
669154
669155
669153
669165
669163
669164
669112
669162
669158
669156
669159
669996
669175
669176
669172
669173
669171
670828
669179
669311
669145
669127
669125
669059
669122
669120
669132
669079
669131
669144
669142
669157
669141
669138
669087
669136
669151
669150
669148
669147
620753
669146
669140
669058
669315
660633
669512
669511
669510
669509
669507
495372
669519
669516
669513
636744
669460
669494
669496
669498
663375
669477
669476
669474
669473
669472
669527
669471
669487
669486
669484
669482
669480
669479
669493
495281
669568
669567
669564
669563
669561
669569
669581
669578
669577
669575
669574
669599
669539
669540
669542
669523
669524
669538
669537
634102
652490
669533
669557
669526
669554
669552
669551
669550
669548
669547
669546
669544
669543
669556
669464
669463
669465
669363
669361
654784
669366
669364
669385
669383
669382
669380
669379
669378
669408
669407
669402
669355
669356
672723
669318
669328
669331
669332
669335
669336
669399
669339
669341
669340
669347
669346
669345
669350
669351
669359
669358
669338
669398
669397
669396
669425
669459
669458
669457
669456
669455
669454
669452
669429
669448
669445
669446
669443
669442
503283
669467
669449
669316
669433
669394
669393
669392
669391
672166
669389
669388
669387
669386
669417
669431
669419
669418
669415
669414
669410
669438
669437
669435
669352
669420
669598
669040
669046
668673
668671
668669
668666
668665
668664
668663
668661
668699
668698
668695
668694
668690
668687
668675
668676
668677
668681
668633
668631
668632
668647
668645
668644
668686
668643
668656
668657
668655
668654
668651
668650
668649
668642
668637
668683
668726
668750
668749
668659
668747
668746
668744
668743
668742
668741
668740
668757
668756
668752
668751
668727
668728
668729
668685
668711
668709
668707
668705
668704
668720
668684
668719
668714
668716
668713
668724
668738
668730
668735
668733
668732
668717
668630
668639
668540
668537
668433
668533
668437
668530
668529
668527
668526
668523
668524
668522
668565
668564
668560
668557
669354
659770
668504
668479
668478
668501
668498
668400
668495
668555
668519
668517
668515
668514
668512
668513
668508
668507
668506
668505
668554
668550
668604
668601
668599
668600
668596
668625
668626
668503
668623
668621
668620
668619
668617
668615
668616
668610
668622
668771
668597
668606
668547
668578
668577
668573
668571
668570
668588
668605
668585
668583
668582
668580
668593
668591
668590
668589
668608
668607
668584
669043
668768
668766
668941
668940
668938
668935
668932
668952
668950
668947
668944
668943
668889
668963
668962
668960
668959
668957
668925
668928
668930
668923
668899
668898
668897
668895
668893
668892
668921
668920
668917
669412
668910
668906
668914
668913
668912
668905
668918
668901
668976
668975
668990
668989
669021
669020
669019
669018
669015
669014
669012
669038
669036
669033
669034
669031
668953
669028
669027
668992
668993
668994
668969
668968
668967
668965
668988
668985
668980
668977
669008
669006
669004
669002
669001
669000
668998
668997
668996
668981
668902
668813
668785
668784
668783
668782
668803
668812
668811
668810
668806
668805
668804
668801
668821
668820
668789
668790
668765
668763
668762
668761
668760
668759
668778
668775
668774
654258
668779
668799
668798
668797
668795
668794
668792
668791
668781
668816
668815
668867
668865
668861
668878
668877
668866
668874
668873
668872
668879
668888
668885
668884
668881
668882
668883
668875
668767
668868
668814
668827
668829
668828
668826
668825
668841
668840
668869
668839
668832
668833
668836
668850
668847
668846
668844
668480
669716
669715
669746
669745
669744
669718
669719
669721
669722
669625
669623
669622
669639
669638
669636
669634
669635
669632
670464
669630
669651
669652
669649
669648
669647
669646
669644
669627
669628
669596
669595
669594
669584
669588
669587
669586
669585
669583
669618
669645
669617
669616
669615
669614
669613
669612
669611
669610
669609
669655
669656
669668
669700
669701
669697
669696
669711
669709
669707
669706
669705
669704
669703
669734
669730
669726
669641
669690
669691
669665
669664
669662
669661
669660
669671
669689
669677
669675
669673
669604
669686
669685
669681
669680
669678
669694
668482
668483
673584
673580
673576
673574
673571
673558
673566
673556
673562
673625
673621
673620
44698
44721
44733
44741
44615
44611
38573
43989
673607
673608
673589
673604
673602
673601
673614
673612
673611
673609
673459
673479
673573
673501
673498
673497
673438
673452
673451
673494
673513
673519
673536
673535
673534
673530
38190
673492
673502
673520
658953
673524
42714
44486
486772
487148
488138
668399
668398
668397
668395
668393
668391
658249
668412
672038
668408
668407
668406
668405
668402
668401
668431
486773
478664
455281
646126
668369
668367
668368
668364
668380
668381
668379
627096
668429
668376
466734
612005
486786
448679
487139
487104
612018
612022
486897
612017
646413
668338
668375
668444
668477
668476
668475
650791
668473
668469
668466
668464
668462
668492
668491
668487
668486
672128
668446
668449
668450
668426
668425
668421
668418
668417
668440
668438
668439
668428
668460
668457
668455
668454
668453
668451
668452
668340
668339
668257
668258
668262
668250
668266
668264
668267
668268
668273
668270
668281
668277
668276
668275
668274
668289
668263
668252
668320
669603
44677
44435
44848
44849
44850
44756
44723
44855
44869
38042
668283
668305
668336
668334
668333
637011
668331
668361
668357
668356
668337
668355
668351
668350
668349
668348
668347
668345
668343
668344
668342
668341
668352
44775
659179
668309
668300
668299
668298
668297
668295
668294
668293
668291
668329
668328
668325
668323
668321
668318
668319
668316
668310
668327
673442
673375
673369
673318
673355
673351
673349
673348
673364
673403
673431
673420
673386
673413
673382
44914
673281
673279
673312
673310
673288
673331
673327
673324
673323
673299
673297
673292
669741
680862
680734
490684
678182
676461
491268
680865
681069
654005
492632
680885
479547
680883
512302
680884
491589
492737
627887
495210
680886
493762
678177
680864
674133
494348
676395
468037
680814
674573
680869
493064
680867
680868
492922
680929
680931
680932
673928
490174
680913
680922
680923
680914
680933
680935
680934
680915
680891
680890
680892
680894
680893
680895
680887
680901
676796
680898
680888
680889
680880
613274
680881
490428
680921
673915
680902
680903
680904
680905
457327
680917
680918
667251
667826
680920
680906
680907
680908
680910
680909
680900
680912
680911
669503
490945
442470
654636
493224
680857
502942
491595
491313
490563
612365
490673
490952
493810
493921
611335
603557
491398
674571
541277
494533
493789
676387
680769
613428
491810
617431
493147
612366
661765
674610
680785
491454
492441
667380
632101
666179
667379
667377
667376
667375
659934
481185
657949
627481
667364
667368
667374
643246
495446
616210
489771
490009
481291
667287
667288
667289
667351
667385
486820
667384
667382
667369
494176
490650
616026
653187
509810
655357
494516
466669
651138
662960
473698
508104
495299
667390
545792
665065
666953
666217
644223
523434
521272
648050
667395
667396
666505
667372
667373
667371
612828
662513
667370
667367
667366
667365
665014
630104
667399
513241
667398
653973
645428
491402
667353
500057
648839
667355
650923
501311
493905
654189
649858
666288
667464
667423
667422
667421
495157
667418
667417
667415
667416
442473
667414
667413
648062
667433
487521
624664
667432
667430
653093
667429
662822
667428
667401
517708
613417
655917
651053
667313
667389
667388
667387
667412
667410
667408
667407
667406
667405
667404
667402
469181
667438
469456
667437
658031
667453
667452
667451
639208
648938
490804
659804
475652
667449
667447
657874
667446
661662
667439
663959
488381
490323
667427
667426
667424
667505
667506
656325
661659
667442
661110
666426
667441
488605
643338
625751
667440
648940
659900
667475
667472
475547
667526
667525
667524
667476
667482
667481
667480
667479
667478
667477
667483
667485
616721
496018
666294
656964
667445
667444
652018
667463
667462
660033
505441
495135
640483
667461
667457
667455
667470
667466
667488
667487
667486
667458
465203
657985
638128
667484
660012
650343
667459
541573
667508
625060
667507
632906
494747
667504
667502
667503
667500
667499
667497
667494
667493
667492
667510
667509
667512
633599
667520
667518
667517
667501
660049
667515
667514
667513
667511
44935
44929
44930
44915
44926
44938
44940
44941
44939
44925
43656
44913
44912
44909
44908
44907
44916
44917
44924
44921
44919
44920
44918
44892
44894
44891
44890
491314
655761
672256
663740
672246
672223
672222
672232
672286
672281
672306
672305
672304
672303
672288
672276
672274
672275
668862
672180
668809
672171
672158
672157
672155
672150
672163
672161
680557
672216
672213
673029
672203
673031
672191
672187
672301
672199
673033
673030
669918
672398
672417
488430
638617
668984
672389
672385
672405
672403
672444
672446
672465
672434
672435
672431
672429
672428
672384
672425
672441
672440
672438
672394
672396
668931
672327
635086
647866
672315
672338
672342
672366
680439
671206
672356
672352
672138
671843
671841
671837
671831
671832
671859
671851
671762
671804
671802
671796
671820
671813
671827
671878
671924
671921
671914
671883
671844
671860
671867
671866
671874
671887
671718
671721
671717
671719
671714
671732
671696
671702
671701
671698
671699
671785
671755
671756
611387
671749
671748
671746
671744
671743
671741
671760
670244
672043
672056
672073
672069
672047
672049
672048
672007
672033
672067
672066
672102
672101
672094
672126
672124
672142
672104
672106
672090
672088
672089
672083
672078
672116
672114
672111
672108
671928
671927
671963
671956
671958
671951
671943
671949
671947
672013
671930
671931
671901
671898
680635
671893
671941
671934
671990
671989
672021
672023
672019
672015
671993
671971
671976
671999
671997
671995
671979
671687
671319
532475
672813
656451
671806
672814
672798
672807
470562
504270
482216
672808
616017
613554
672784
658858
669130
661435
672775
654987
636072
672791
613900
672790
672795
680190
612669
486707
672861
672860
672856
672855
672853
616412
672836
478511
672848
672843
672844
672837
672852
672866
672867
622880
661766
486288
618671
672868
672870
491165
655835
500955
672869
465825
652184
671607
483775
670161
672820
488920
672825
670160
484940
672830
668373
637206
672780
672562
672564
672561
672584
672577
672558
672533
672539
672546
672545
672544
672543
672538
672537
672557
672602
672623
672621
672614
672596
672592
672606
672514
672491
672490
672484
672480
672478
672475
672474
672472
672471
672455
672466
672500
672528
672524
672521
672115
672497
671413
668558
672506
672505
672630
490238
672757
672748
672726
672731
672732
672737
672735
672738
672759
672769
657807
672783
669152
672758
627719
672760
669360
661630
672629
672718
672654
680307
680308
680311
672659
672671
672669
672664
672665
672666
672628
672625
672636
672634
672650
672651
672633
672646
672640
672712
672721
672683
672696
672695
671688
670376
670375
670372
670386
670385
670383
670382
670381
670380
670392
670390
670391
670389
670388
670387
670396
670397
670395
670405
670377
670404
670378
670332
670328
670351
670349
670350
670347
670346
670345
670344
670271
670362
670363
670361
670358
670356
670355
670354
670369
670367
670379
670331
670352
670402
670433
670430
670432
670431
670440
670438
670437
670442
670444
670445
670443
670446
669461
665012
670429
670400
670399
670398
670407
670406
670415
670414
670413
670411
670420
670419
670418
670424
670423
670422
670421
670333
670334
670269
670268
659082
670265
670266
670264
670263
670262
670261
670258
670281
670279
670278
670276
670275
670273
670297
670298
670295
670270
666052
670232
670233
670231
670246
670245
670240
670242
670139
670241
670239
670256
670253
670252
670251
670250
670259
670296
670293
670294
670317
670315
670314
670312
670327
670326
670325
670323
670324
670322
670321
670248
670320
670257
670342
670341
670338
670337
670336
670335
670316
670300
670208
670292
670289
670286
670285
670284
670283
670288
670447
670287
670309
670308
670307
670306
670305
670304
670303
670302
670301
670310
476480
670449
670546
670632
670630
670629
670628
653980
670626
654837
664850
670623
670622
670621
670620
670649
670647
653077
670643
670642
670634
670636
670596
676204
670573
670572
670595
670590
670588
670617
670616
670615
670613
670614
670611
667491
670603
670601
670599
652277
668414
670641
670640
670660
670700
670696
653076
670695
670693
670694
670691
664849
670685
670684
670682
664941
670730
639618
670702
670659
670658
670655
670653
670651
670668
670667
670666
670578
670663
670679
670677
670674
670675
670673
662828
665011
670672
670670
670703
670234
670575
670581
670483
670486
670485
670484
670487
670500
670499
670498
670497
670496
480843
670494
670490
670523
670522
670478
670521
670474
666432
670435
670452
670451
670456
670459
670458
670448
653209
670460
670462
670466
670467
670468
670469
670471
670473
670477
670520
670519
670557
670556
670555
670549
670552
670548
495465
670571
670570
670567
670564
670565
492325
670563
662658
670583
670540
670542
670541
670545
670518
670516
624972
670512
670506
670504
670580
670502
670527
670525
670529
670528
670533
670534
670539
670537
670536
670544
670236
670210
670211
669894
664942
669892
669916
669917
669914
669913
669912
669911
669907
669906
669924
669920
669919
669925
669932
669895
669928
669897
625943
669868
669867
669862
669860
669889
669888
669887
669886
669885
623941
669884
669883
669881
669879
669880
669904
669903
669902
669901
669899
669931
669930
669959
669964
669962
669961
669960
669958
669978
625942
669977
669976
669975
669974
669973
627433
632073
669972
669995
669992
669965
669967
669969
669949
669929
669926
669944
669945
669943
669941
669939
669870
669938
669936
669934
669957
669956
669955
669954
669953
669952
669951
669937
669994
669872
669874
669770
669801
669800
618655
669799
669796
669797
669798
669793
669792
669791
669790
669789
669787
669786
669783
669784
669780
669812
669695
669771
669736
669737
669735
669763
669752
669761
669760
669758
669757
669756
669753
669751
669768
669767
669765
669775
669774
669773
669811
669809
669810
669845
645300
669842
669840
634893
669838
669839
669835
669830
669834
669833
669831
669750
669859
669857
669846
669849
669749
669850
669808
669807
669804
669803
676388
669827
669828
669826
669825
669824
654246
669818
669816
669855
669854
669832
669851
669823
670724
670122
670121
670120
670138
670136
670133
670132
670131
670159
670157
670154
670143
670142
670140
670173
670172
670170
670123
670171
670124
670126
670083
670082
670081
670109
670108
646163
670107
670106
670104
670102
670119
670118
670117
670116
670115
670114
670113
670112
670129
670125
670169
670168
670080
670200
670199
670198
670192
670197
670196
670193
670194
670191
670226
652982
670225
670224
670222
670221
670219
670217
670214
670212
670111
670110
670201
670202
670167
670166
670163
670164
666177
670162
511848
670184
670183
670182
670178
670176
670207
670203
670204
670205
676346
670085
670010
670027
676200
670026
670024
670020
670021
664939
670019
670040
670041
670036
670034
670033
670032
670009
670014
669988
669987
669984
669985
669983
669982
669980
670003
670004
670002
669998
670017
670015
670013
670031
670030
670029
670073
654925
671620
670069
670068
670100
670101
670097
670098
670099
670096
670095
670092
670088
670089
670086
670006
670076
670078
670028
670050
670048
670046
670047
670045
670044
670059
670084
670058
670056
670055
670054
670065
670066
670064
654117
670005
670057
670723
670722
673455
497744
671390
671386
671385
668384
671383
671372
671342
671360
638620
612454
671351
482081
669521
671345
665353
671425
491656
671439
671458
671457
671452
671449
671445
671417
671416
671414
671411
671407
671402
671430
512025
632463
671257
619523
671259
671258
671349
671286
572870
671283
668502
671228
671249
671248
467724
515824
671242
478849
671238
671313
671310
671308
495063
671333
671328
671325
495044
671314
671278
669571
495414
622360
671298
665078
671297
671304
519316
669504
671602
671604
671609
674266
673652
669502
671573
671576
671580
671601
671641
672340
671619
674370
671676
671674
671621
671628
671625
671624
671636
671537
671653
671652
671646
671643
666105
671497
671500
671515
671508
671469
671462
494080
671490
671505
665318
671540
669520
671557
671556
674175
671562
671541
671545
671503
626203
671520
671517
671518
671531
671525
671526
671524
671533
493822
670906
511026
670908
670933
646661
670877
670876
670869
670888
670889
670883
447913
670901
670923
670985
670984
670979
673214
670972
670998
670961
673396
670960
670919
670918
482048
670947
664937
670968
667262
664940
670755
670753
670754
670750
670751
670749
670765
670763
491640
670762
670662
670759
670758
670757
670794
670792
670790
670791
670735
670740
670720
670734
670733
670732
670719
670718
670715
670712
670711
670710
670709
670748
670747
670743
670742
670787
670785
670769
670854
676357
670844
479110
670859
665407
670783
670776
670777
670770
670767
670804
670802
670801
670799
670878
670800
670829
670826
670824
670823
670815
480844
670811
670830
669570
671151
671150
671144
671127
671101
671098
671120
671119
671118
618103
671158
671204
671193
671219
671217
671213
671208
671197
671211
676202
674038
671182
665077
481861
671036
492552
671035
671034
676227
671032
670585
668831
668443
670990
670989
671004
671018
671015
671014
671009
671095
671091
668442
671089
675290
671084
671108
671070
671043
671040
671067
671063
653075
667860
667858
667857
667854
667855
667852
667853
667850
667849
668001
667999
668000
667861
667885
667862
667863
667824
667991
667990
667868
667869
667867
667864
667865
667829
667872
679065
667870
667895
667893
667891
667873
667779
667874
667884
667882
667883
667880
667879
667877
667876
667831
667834
667833
667808
679199
492526
667807
667806
667822
667809
667805
667842
667839
667840
667838
667837
659988
667836
667832
667845
667846
667731
667823
667819
667820
667818
667889
667817
667814
667813
667816
667890
491963
667954
667952
667951
667948
667946
667886
667975
667976
667955
667974
667936
667935
667932
667931
667930
667958
667973
667972
667971
467252
667985
667984
667970
667969
667968
667938
667964
667963
667962
667961
667960
667965
667937
667897
667896
667909
667908
667906
667907
679050
667904
667903
667888
667887
529168
661206
667898
667924
667923
667941
667939
667921
667927
667928
667929
667901
667919
667917
667916
667914
667913
667912
667911
667724
410214
492921
667878
655024
620165
490038
667701
667956
667743
667697
667983
667981
668238
668237
668236
668235
668239
668242
668243
668246
492069
668226
668218
668216
668215
668214
668212
668219
668222
668225
668249
668207
668209
668210
668054
668053
668052
668066
668064
668035
668047
668046
668014
668045
668043
668041
668042
668062
668061
668078
668079
668077
668076
668174
668095
668094
668093
668092
668080
668058
668059
668057
668056
668055
668075
668074
668072
668071
668068
668010
668085
668084
668083
668049
667987
668109
668006
668007
668005
668004
668003
668002
668015
668016
668017
667988
667989
667980
667978
483340
678990
667996
667997
667994
667995
667910
667992
668022
668021
667945
668020
668145
668050
668044
668039
668023
668024
668026
668012
668013
668034
668033
668031
668032
668030
668029
668028
668027
668025
667982
668175
668176
668173
668172
668169
668170
668171
668167
668182
668181
668180
668178
668159
668158
668156
668157
668153
668152
668166
668177
668188
668187
668197
668196
668203
668202
668201
668200
668205
668204
668211
668184
668183
668190
668189
668192
668191
668160
668206
668194
668161
668163
668097
668098
493903
678916
668113
668110
668108
668107
668099
668106
668100
668091
668018
668089
668090
668088
668104
668103
668102
668101
668105
668128
668144
668138
668151
668086
668150
668148
668147
668130
668131
668126
668125
668122
668123
668120
668129
668118
668117
668162
668116
668114
668137
668136
668135
668134
668133
668132
668115
673024
673023
653838
673015
673016
472645
493743
662785
668541
673010
673009
673008
662787
490690
671454
533728
499802
673041
670760
668280
670988
673045
467966
673054
635755
673058
673037
673035
673034
671595
671019
673064
672974
673060
498947
650863
664836
665084
627451
495247
634859
613375
672995
672990
483864
634860
646460
612364
506791
672968
492940
672967
672964
668697
673001
624120
673000
647990
631743
662392
669640
679850
672976
672975
670249
494300
541224
673051
673048
673143
673151
673149
673147
673145
624627
673142
673139
673141
673192
673175
673183
673180
673181
673178
673172
673173
673157
673126
673170
673167
673165
673154
660268
673128
625267
656504
671926
490643
670845
492868
488570
661553
628035
673070
673081
511470
673079
672014
662079
673077
673076
673113
673111
618583
673107
508341
673131
673099
673098
673127
673094
672970
612537
624926
624393
627354
672883
650919
624952
627431
467798
465847
624941
624396
666031
648866
490035
494178
658143
479998
488412
492014
668493
492313
491275
489827
625341
656821
672902
465834
650862
465762
493245
649767
501624
491012
630193
465765
664938
650136
652987
465807
482053
612006
630163
492315
465809
465757
481981
543534
481125
491004
490968
495082
672877
640385
669501
672269
495152
657775
477997
491261
644131
492755
669376
622735
672878
491572
491086
662769
680019
657776
651872
670638
622301
491093
493029
493151
495345
493031
658129
620090
626340
650715
661783
647779
665974
672894
503094
492336
494070
672947
672937
672934
657872
475742
658100
672935
495202
670417
626259
495032
672912
672910
593662
656738
476781
645301
658142
483038
493269
672944
672940
672939
672929
489189
492848
645227
483663
646354
535948
492928
639041
627420
657890
672927
653032
493766
672959
665950
662844
672957
630999
650016
672922
666224
672915
486018
465790
671725
660525
491175
477445
624973
482033
488514
495198
638550
650830
657822
647117
465758
624395
629925
627332
646407
468944
491421
488072
491967
488614
483086
491448
485921
617163
672900
672921
657090
465817
633076
627418
499809
472558
498962
623447
662820
493289
612452
474353
489729
672916
650264
480346
474369
490110
478520
479209
489814
491916
659097
667640
665305
665351
468019
489566
44813
44812
44811
44815
44816
44817
44798
44820
44823
44826
44824
44827
44831
44832
44833
44836
44814
44808
44805
44779
44780
43077
44784
44785
44321
44787
44786
44789
44791
44788
44792
44794
44795
44797
44799
44803
44801
44800
44806
44734
493253
476718
679493
667821
654271
630838
44770
499777
673266
669013
57730443
57675416
44889
44895
44430
44433
44436
44382
44441
44443
44440
44444
679685
44445
44434
44451
44450
44452
44454
44458
44456
44455
44457
44461
44427
44429
44426
44425
44897
44896
44898
44899
44900
44901
44902
44903
44904
44905
668909
44385
44906
44463
673268
673209
673210
673202
673237
670949
673213
673212
657994
673216
657947
673255
673250
673246
673247
673259
651379
44665
44464
44465
44671
44680
44676
44673
44672
44681
44683
44684
44685
44682
44687
44692
44694
44695
44697
44696
44686
44634
44643
44654
44667
44639
44640
44641
44644
44576
44637
44645
44650
44653
44657
44658
44660
44661
44659
44150
44663
44586
44592
44666
44700
44701
44703
44744
44747
44750
44751
44754
44743
44755
44693
44757
44758
44760
44759
44762
44763
44764
44766
44767
44765
44769
44748
44719
44742
44739
44633
44706
44707
44708
36759
44709
44716
44711
44539
44391
44720
44724
44725
44728
44262
44730
44732
44731
44710
44737
44717
44448
44638
44632
44509
44510
44511
44481
44460
44512
44519
44520
44521
44522
44525
44526
44528
44527
44529
44530
44532
44533
44535
44536
44537
44508
44523
44506
44503
44466
44468
44437
44470
44472
44471
44469
44475
44478
44479
44485
44491
44490
44488
44495
44493
44499
44502
44504
44420
44542
44543
44594
44590
44598
44599
44600
44601
44606
44605
44607
44422
44609
44623
44622
44625
44627
44591
44631
42502
44635
44588
44589
44587
44583
44545
44550
44534
44557
44558
44560
44562
44630
44561
44555
44565
44566
44567
44570
44572
44571
44517
44580
44585
44564
662650
681209
681201
681208
681207
681205
457325
465820
681202
681211
681212
661777
622908
482013
681186
629953
671049
659906
661772
494182
681200
661806
681187
674797
624325
661789
681189
660632
624950
616343
486103
648265
612003
681188
669869
627282
488035
681215
494412
672188
681199
507154
485535
648279
488424
662394
681198
566091
661807
673335
681197
681196
668852
495353
681190
681185
681191
622930
679946
489818
487751
681123
482863
681122
479425
681121
623270
490439
475927
482631
681104
487039
670927
653190
670924
519934
659987
674397
676591
483079
480518
491523
681119
489288
489303
478473
681116
676862
667460
676732
482034
482024
669847
484598
681120
490511
483662
480842
477095
681115
490245
482433
681105
681057
481432
681101
681100
482050
662825
681097
681096
681095
477014
681092
405119
681080
485997
681073
681072
495351
681061
405844
681067
681064
681059
681060
676896
681063
681062
465795
670699
681091
489813
681109
488219
482991
465752
471685
484546
681108
681107
681106
468408
484730
674403
478522
681111
464770
490152
681082
681090
681089
397308
467485
681084
484312
662093
681079
681094
489300
681088
681086
681085
479104
681083
664042
679920
481722
673092
681168
681166
681165
465831
681164
681004
668780
665234
624312
631612
681147
633215
494931
681176
681175
681174
477646
681173
681171
681170
681169
626044
650265
661593
494813
681193
673267
503715
624343
674528
653949
673248
681180
662940
668796
681179
673117
673300
670079
617147
681184
681192
674515
681148
476386
674452
492044
674471
488736
681127
681128
489299
676575
649663
488214
681114
658992
479669
490497
681130
491837
505546
487770
489910
681126
681145
482035
515200
673301
681156
681155
681152
681153
681154
681150
681151
491391
681158
681132
681133
493742
483797
488448
482671
652162
668301
681149
681144
681142
681143
681141
681140
681137
681136
681134
638695
674785
674784
674775
f490816e
0ea052a7
dabf1c5d
b96172ca
2f3560e5
05c9b8c7
8e78efaa
674807
c34219b6
d829ff9e
83aa0f42
674806
674774
674777
674778
674779
2b24ae2e
99e2a00c
41b81f5a
5197563c
55381c16
65c40c2b
f4ac45bc
b3922312
3c794cb2
fe5964fc
33f42f5d
5010325c
7598bd83
f18494bc
5774ae06
8c54dc95
8902ab58
6646a92a
ba43ea5c
f92689b7
c9733f85
8bb0a0b4
0a6d8600
8beeb9b8
bcd495df
9289995f
06bf0a5d
cfd3829f
d42014a5
35540178
cf22c2bf
9542fba0
8e381548
2b060e9e
757d5763
d74d136d
c11ffc7e
d380ad3c
2652dcff
676809
674954
475631
674946
660774
665668
479321
681835
663577
660159
659773
663782
657335
486438
674532
490522
493156
491831
632920
447921
652242
493486
665013
658099
681841
664993
509932
651465
673760
681832
478657
681830
667232
681829
659766
671662
656834
668362
482319
681838
658096
674461
474705
664824
652611
479639
648108
493254
656710
664908
477835
622704
481275
493021
662824
681820
489440
661480
658097
479857
668721
681825
472677
658128
661024
658116
658119
674027
477357
495409
493849
658130
681826
681824
531176
666668
503747
505726
492976
662786
662078
476773
495408
504569
665015
0f8a3331
6ecb8500
00f665df
49a5a9ac
0cac2f51
56b47586
ef145603
4ea728d5
6b6171d4
4dca91df
e51389e0
d11a2c63
a88c5be7
9b2611cd
fb53cd74
f9337e93
c342b7e8
89a2be48
7aabc64f
11b137fc
681858
681856
681857
681855
667350
681854
1fff6385
681853
681852
651705
681850
676217
669495
681848
495447
5a943bd8
9dc19b6c
c7eb2ee8
e00a73b9
ed8cf6a7
b61f8f3e
1f853f7c
114886ab
674804
e080162f
9582c5ea
7effaa78
3920bfe2
a4b2a459
d5308b84
0d1b12e1
e0a6b05f
b3442a16
249e23e6
4a56b746
40f02bc9
afbbebab
db0797a7
ad2194cb
98528341
9c7cf699
5bb926e4
1d7cebb8
cf8d735e
c1fe6357
db924941
9e8c87c9
2188138a
674801
647137
627189
491274
478491
668436
673569
668374
488124
468179
673082
681822
470399
680993
668435
481024
668467
681840
632919
670543
651416
669432
626153
658127
676288
681839
612744
658118
681476
489011
491370
478752
491755
676199
627209
658160
478760
669505
655808
669829
492478
491771
681849
646474
681842
490546
681846
681845
676201
500846
477094
483870
681844
681843
665406
617164
665352
493928
651483
622459
7534
7465
7308
6627
4947
5915
6846
7586
7603
7606
7362
7344
7622
7609
7398
7582
7342
7483
7671
7673
7674
7675
7630
7628
7679
7612
7684
7105
7580
7686
7688
7691
7589
7466
7695
7698
7700
7701
7685
7702
6718
7665
7556
7591
6626
7431
7604
7611
7637
7647
7667
7651
7658
7656
6671
7619
7618
7662
7554
7453
7664
7555
7705
7707
7709
7710
7687
6799
6887
7106
7249
7275
7331
5627
7454
7460
7161
6393
7126
6875
7179
6573
6885
6000
6679
7283
7352
7261
6968
7330
7240
6381
5719
7441
7396
6916
6872
6710
4737
7814
7815
7816
7818
7819
7820
7821
7823
7824
7825
7826
7827
7817
7227
6943
7255
6956
7489
5041
7474
7372
7517
7563
7565
7358
7207
7471
6619
7380
7541
7532
7525
7536
7451
7511
7354
7265
7470
7128
6822
6817
5529
7310
6960
4209
7021
7284
7338
7269
6525
7027
7131
7350
7075
6837
7420
7522
7528
7544
7102
7450
7023
7535
674643
7479
7440
7421
7711
7696
7703
7694
7499
7616
7689
7690
7683
7708
7704
7668
7699
7692
7510
7404
7808
7809
7706
7810
7811
7812
7813
6920
5458
6576
7496
6689
7428
7670
667425
673547
681425
673515
675808
681431
654988
681414
681412
448049
671890
492381
488617
670841
681409
681407
681406
681433
492321
681432
681440
681443
681442
673548
681441
681421
681429
681424
681423
681434
490116
681422
649820
681415
681416
666507
492389
681387
681384
681386
681385
493805
492522
681383
681382
681380
681378
492753
676848
674447
681374
670897
681373
675789
681372
632154
675700
681377
681404
681390
681391
681420
681413
681428
681419
672295
494859
681417
681418
660550
681303
681394
681393
681396
491791
681403
681402
681401
681399
681400
681398
681397
681395
491795
681481
665211
681478
681480
673617
667902
681492
680925
681471
670247
465635
676195
495932
666379
625846
626680
681483
681482
681488
681490
486037
681508
658989
681506
658973
681505
488770
658951
681502
488719
488349
673485
488498
681489
457330
667986
681486
663856
492664
658967
670043
681484
671076
488499
681472
674245
681473
676910
681445
674761
671292
673578
675867
495308
678170
681439
681436
681438
676859
681437
666665
676916
681450
681467
674773
671857
483138
491796
530722
671574
681463
681465
681475
681474
681468
488067
681451
681449
666205
681446
681461
681460
681459
681458
681456
490401
488324
681455
681452
681454
681469
681453
675879
486260
681375
543845
681287
674591
674465
681286
681283
681284
681285
674442
681281
494451
681260
669946
681288
681289
681279
681261
681274
488087
681291
507482
657319
673421
465754
668915
465814
669993
681293
673835
681280
676777
492033
681294
465791
448160
681262
681258
681234
681257
681256
681233
681255
681232
495460
681231
681251
681252
681250
681249
681246
681247
681221
681235
681230
665521
681228
681227
681225
681224
493906
681223
681245
681267
681266
494419
512006
668886
681264
652394
681275
681265
681259
681244
681240
681239
488467
681238
516065
681273
673600
681271
681269
465813
481977
667558
668420
672318
681370
681371
681369
673493
681338
681346
649393
651834
681337
681343
681342
681335
681340
672270
482011
681368
681367
681366
681356
486012
681355
488295
495798
681376
656823
667126
681353
442452
673433
670018
681365
681362
492776
487031
486173
681358
681357
645114
516124
681010
681304
512186
681310
681309
681307
681308
491802
681305
681324
681306
681312
681295
674738
482031
662731
681302
681301
681300
681299
681298
674019
681297
681296
681330
681334
681320
681319
681317
681316
681315
681347
492319
681321
667918
681333
681318
681332
681331
681328
681325
485938
658970
668758
484689
672324
670374
654836
491610
629449
681708
681729
675155
675154
675156
675158
665200
466304
475070
657551
671494
647062
678315
669195
672919
661184
673790
668060
673786
669241
491200
668488
615294
681650
644057
655618
646063
490988
681817
492740
681816
491759
626154
681815
666072
626019
678921
495350
681807
666000
678510
663597
681811
681810
628043
465835
486587
681812
681813
673568
676741
676585
673046
477093
669371
681821
668385
665048
681814
495167
681818
681819
474866
681510
495396
495406
681477
529307
626204
667900
627718
662823
681808
671357
672728
681780
681783
681782
681781
681784
681778
681787
489216
668217
681788
681789
681803
491562
635220
647869
662293
509861
467797
681809
681805
652905
481490
681800
681790
681791
681793
681794
681796
681795
642144
681798
662467
673819
482529
681799
489036
681802
670796
681801
491354
681621
681545
487030
488704
467956
681544
485989
681542
673283
671203
486328
488710
681547
658994
485974
658976
485995
658969
658986
681546
674395
485982
488746
658966
488807
485945
488729
488738
665487
485978
488762
485951
658867
658980
486257
681562
681541
681563
486003
658978
486304
485994
681565
491524
681564
681589
658995
658960
681511
658961
489057
658952
681536
681535
488864
681538
681539
681496
488865
486210
658998
681498
658993
681497
681495
658985
486258
658971
681522
658977
681521
681519
681518
400723
486320
681533
673457
681532
681531
658974
681525
669900
681524
673484
658963
681558
672642
671544
681595
488732
681594
672815
681593
656485
658990
561103
486757
486256
658991
488501
658984
672540
681611
681612
672880
494629
681592
681601
681600
681599
681598
681597
681608
681607
489708
681605
681606
681602
681619
681613
670329
486004
485992
486906
673377
658975
486209
658988
676957
681587
681586
681585
672811
681567
671077
681557
681556
658983
658972
681554
681555
681553
486758
488995
681552
681551
488731
681577
488685
681575
681576
673483
681574
486767
486170
658987
658981
658997
681578
681584
681583
658959
681582
681580
488707
676401
681579
488739
675160
681075
612660
678516
488537
485136
670514
636091
483372
492717
612670
662605
678513
678515
666101
678500
678514
678501
678504
678505
678509
678508
668706
544267
669441
678511
678512
678503
493909
479018
503621
670606
662661
662621
678557
664977
678386
670365
678393
678388
489432
679530
661864
477360
653072
670832
646257
673019
403665
521240
681869
673899
631665
495144
512256
495069
492742
503650
670697
490726
481401
657895
504927
490669
658037
475390
677974
678069
653367
500458
491279
678548
466403
677943
669861
647520
677720
678192
678189
457324
490948
667815
670343
678191
678121
678120
678114
678119
678118
678117
678113
678137
677732
678136
629340
678135
678134
678126
678128
678125
678124
678129
678149
678122
678099
678098
678111
678105
678107
678103
678100
678102
678104
678112
678154
630703
629320
681887
678163
678181
670007
678179
678176
448012
678202
678199
678198
668531
678186
678174
678155
630709
466767
678153
630711
417729
678150
678147
678141
678145
678146
678148
629330
678144
417731
678142
459351
417676
417727
678138
678140
417895
417677
674755
630702
678195
681444
677130
676967
676963
676962
676958
676956
676968
676969
676949
676928
676924
676925
676922
676945
676940
676948
676939
676937
676936
676933
676955
676954
676953
676952
676951
676950
676931
669285
624431
677336
677331
677374
669409
677372
677373
677368
677338
677344
677343
677345
677348
677353
677351
677350
677349
677361
677359
677358
677356
677330
677355
677365
677364
677363
677367
661394
499476
677370
676923
676918
677459
637266
677512
676811
676810
676836
676835
676834
676823
676832
676814
676829
676827
676824
676825
676846
676845
676841
676830
676815
676790
676788
676787
676783
676786
676785
676784
676806
676805
676804
676802
676797
676798
671162
680958
676821
676819
676818
676803
676839
676838
676889
676888
676886
676883
676882
669462
676881
676878
676907
676892
676902
676904
669016
676903
676901
495072
676898
678765
676913
676920
676905
676891
676893
676894
676854
676853
676851
676849
676860
676858
676864
676876
676874
676872
676871
676870
676868
676866
676865
645249
676792
676932
676793
676795
676672
676680
676677
676676
676698
676699
676697
676696
676693
676689
676686
676700
676684
676683
676682
676708
676701
676690
676706
676673
676675
676638
676639
676634
676632
676631
676661
676659
676649
676674
676650
676669
676666
676663
676654
676702
676745
676758
676762
676760
676761
676759
676773
676772
676763
676767
676766
676781
669440
676778
532876
676748
676749
676750
676705
676704
676703
676719
676718
676715
676723
676722
676721
676730
676731
676728
676727
679696
676725
676740
676739
676736
676756
676753
676752
676794
676629
676628
675802
675801
675803
675795
675796
675797
675800
675799
675798
675804
675782
675781
675784
675786
675783
675805
675806
675807
675790
675794
675775
675776
675778
675659
675814
675699
675703
490651
679561
679562
663701
679563
679564
679567
679566
679565
529764
663402
679458
679454
671511
675854
675855
675857
675858
675816
675848
675850
675852
675853
675835
675836
675833
675809
675811
675813
675819
675822
675823
675825
675827
675828
675829
675832
535292
675882
675861
675859
675865
675866
675846
675873
666381
675885
675875
675877
675876
675878
675869
675871
666380
493035
680930
674262
669679
488390
492760
495028
680936
491805
651963
480229
680943
490969
618868
643209
666506
494610
658117
680941
680939
680940
676228
675198
680995
680994
675200
405851
675204
675183
675184
681035
681034
680942
557530
664803
675187
503085
665224
681000
672507
681008
681007
681006
681005
676544
667148
672720
664132
681003
681002
675208
675209
681001
675210
669743
675197
681030
675190
669772
681051
656424
631736
675172
675169
681048
681046
675168
681044
681043
675162
675164
681039
681040
681054
681077
675165
681076
681053
675173
675191
681029
681020
675192
681026
671954
397685
675194
675181
681024
675182
662937
675177
674356
673472
681022
675178
681009
668574
680961
624427
680960
477725
487021
680957
680962
672786
680956
680955
680953
670842
680952
652044
666225
646136
474585
667469
664796
680938
492828
680951
680950
482032
680963
486248
617553
680947
680945
493275
680965
490041
664907
680948
662928
680989
680974
680973
670885
681016
668682
513136
681014
681013
680976
680988
680967
680987
671983
495187
491449
680986
651971
680982
680981
658748
676484
661124
644769
676419
668481
676421
676409
676418
676424
676417
676416
676429
676430
676434
651902
676439
676411
676410
676415
386734
676405
676384
676385
676404
676386
680284
680283
680280
680281
680279
676390
680277
676391
676425
676403
676426
676394
676393
676396
676398
672221
676464
676466
676467
676470
676472
676474
680062
676481
668559
676476
676547
640602
676460
676443
676462
676441
676445
676450
676451
676456
676455
680137
676457
676458
676459
680276
680275
614318
676336
500249
676335
676325
676326
676328
676329
676331
676332
676333
676343
676342
658628
676340
676323
680314
680313
680312
676361
668416
680315
668415
676369
676347
680317
680319
578431
676371
680288
680286
680285
665377
680297
680306
680318
680303
680305
676377
676381
676362
680296
676365
680294
680292
680291
680290
676376
659850
676359
518672
676322
672486
676360
676345
676352
676348
672437
672456
676349
676351
676594
676595
513678
627328
676587
676590
674129
676589
676593
676592
665030
676564
676565
618952
481524
676566
676568
676571
676577
475642
676576
676579
481673
671849
658162
676581
676586
676620
676621
679606
679609
679608
679607
679590
676615
631772
640612
676625
676626
676619
679594
679569
679568
679573
676641
668070
679571
676642
679576
679577
679575
679593
679588
679585
676646
679581
679580
679579
676647
679599
679596
676648
679586
530034
676612
676613
495534
676608
676596
676597
676599
676601
477555
676614
667361
676604
676606
676572
676573
676503
676504
676507
676510
676511
676513
676517
676516
676505
676483
676526
676527
676528
676502
481325
676489
676492
676493
676498
676495
676477
612010
680028
681206
676485
676487
676480
676524
676559
676560
676562
676550
676554
680757
676553
676546
676548
676532
676533
676534
676535
676520
676521
676522
676536
676543
676540
676542
676298
676844
668140
676071
676681
679148
670916
676106
678840
670937
670664
620402
509074
676044
672451
664490
679266
669515
671201
679149
679146
679144
679166
679197
679195
679194
679192
679167
679191
679189
679187
679186
679185
679183
679180
679179
679190
679168
679169
679143
679142
679141
679140
679139
668063
679164
679163
679161
679159
679160
679157
679155
679154
679153
679152
679150
679175
679174
679171
679170
680667
667207
654655
680666
680684
680683
676232
680682
490427
676234
676295
680681
680688
680695
680696
667977
680694
680691
680687
676241
676180
676238
676242
680668
680648
680647
680646
680644
680642
680641
667899
680680
676285
676287
660380
508497
676289
676292
680673
484627
676294
646662
680671
680670
680669
492045
680689
676175
676246
680731
680730
680729
651170
680728
680742
612014
661785
661771
680732
676254
676255
680741
680740
680737
661778
680736
631990
465409
674053
674594
661779
680733
680735
680697
676230
680686
676229
680724
676231
676235
676237
676236
676239
680713
676251
680710
676250
680708
680707
676249
680705
680704
680703
680702
680700
680701
680698
680651
680750
676283
680653
676318
676317
493188
676319
665672
676296
669261
676269
676271
489225
489215
676272
676273
676315
676302
676303
676306
676307
676321
676313
676308
680623
680622
680626
680633
680631
680630
680629
680639
676276
680624
680637
680634
676280
680663
680661
484626
676279
680657
680658
680655
680654
680636
680618
680619
680620
680602
680603
680604
680607
680606
680605
680608
680609
680611
680610
680612
680613
680614
680617
680616
680621
473008
661769
487140
649848
680839
680838
680837
680835
676171
676169
676170
680833
676168
676172
491992
492496
676166
492026
476034
676163
493301
491838
492774
484065
488857
668265
668260
676198
680805
681028
659560
680858
676190
680856
676192
676194
643288
676174
680851
680850
511288
676189
680847
676181
481028
676182
676183
676177
676179
680836
494380
680878
680877
668544
488581
479622
680875
679114
680873
479619
505506
639330
680872
513187
498147
680749
680807
611998
631995
680756
680755
661793
676257
612016
485816
676259
650751
617571
618328
680776
680775
680774
676258
680773
680772
676260
676263
680767
661775
661774
676256
475078
612008
611999
480261
680744
680747
661814
661787
680746
469722
661788
680745
645518
475620
612011
661794
661782
661792
661803
680758
661770
662391
680766
680765
676203
676220
676221
680831
680830
492176
680828
680829
680827
680826
680825
676219
680824
680822
680820
680819
680816
680817
676223
676226
680812
680811
676225
680823
680781
680782
676218
680764
680762
680761
680779
680778
680777
680802
680801
676206
613355
680798
680795
676207
676211
659178
680791
680790
680789
680787
680786
680784
680783
680808
655653
655652
655651
655649
655614
655663
655668
655667
672027
655673
655654
672029
655690
655687
655685
655686
655684
655692
655691
655697
655695
672031
655677
655708
655656
655658
655607
672063
655604
655603
655597
655622
655619
672064
655636
655633
655657
655634
655630
655628
655626
655642
655640
672045
655639
672046
655647
655661
655635
672061
655702
672034
655773
655771
655770
655768
655767
655764
655763
655762
655756
655777
655774
626911
655780
655783
655786
655785
672010
655790
655788
672011
655799
655778
655701
655775
655747
655706
655710
672037
655707
655713
655712
655711
655717
655718
655722
672006
655723
655730
672041
655733
655741
672003
672004
655752
655751
655749
655748
672040
672059
655485
655611
655438
655437
655450
655445
655448
655483
655482
655480
655479
655475
655441
655474
655471
672065
655468
655467
672070
655465
655466
655464
672068
655463
655472
655461
655426
655432
672117
672121
656117
655337
655391
655351
655400
655399
655398
672077
655429
655417
655409
672076
672079
655408
655424
672080
672081
655419
655418
672087
655413
655462
641992
655456
655550
655543
655541
672052
655560
655558
655557
655585
655584
655582
655551
655581
655578
655577
655576
655574
655571
655569
655568
655590
655589
655613
655579
655555
655507
655510
655455
672072
655452
655451
655501
655500
648492
655496
672051
655493
655491
655488
655530
655529
655527
655525
655524
655503
424770
655521
655516
655511
655508
655798
614436
672012
655801
656007
656091
656090
656086
656102
656099
656109
671973
671974
656105
656095
656104
656131
656124
656123
656136
671975
656134
671969
656144
656164
656162
656132
656161
656096
671972
656042
656034
656033
656047
656067
656066
656064
656061
656060
656059
656069
671968
671970
656054
656053
656051
656068
495128
656077
656076
656074
656071
656057
648075
656157
656155
656211
656210
656209
656208
656206
656226
513257
656225
656219
656218
671952
656217
656232
656231
656230
671960
656241
656240
671965
663951
656252
656251
656213
656197
649116
656198
671944
656153
627330
656167
656168
671946
656185
656182
656181
656180
656179
656178
656177
656176
656175
656173
656192
656191
656187
656116
656204
656200
656199
656043
655388
656044
671966
655876
672024
655875
655873
655872
672025
655884
671984
655882
655881
655878
671986
655892
655890
655919
655916
655915
671987
656746
655904
655905
655902
655894
671991
655871
655867
655819
672016
655817
655810
655811
672018
655827
655824
655825
655823
655865
655833
655840
672022
655838
655849
655848
655847
655846
655851
655850
655864
672020
664243
655950
671992
656087
655981
655980
655978
655976
655975
656000
655999
671978
655998
655989
655996
656023
656021
656020
656018
671981
656014
671982
656009
656029
656028
671980
671977
655869
655994
655949
655946
655943
655942
674207
655939
655937
655932
671994
671996
672000
655958
655973
671998
655970
655969
655957
655968
655967
655966
655965
655962
655960
656046
656249
655390
655380
672228
672229
672202
672204
672238
672227
672239
672224
672210
672211
672212
672218
672195
672198
672190
672189
672205
672207
672209
672245
672247
672248
672249
672250
672241
672243
672244
672233
672235
672252
672230
672231
672132
655233
655231
655230
672134
672136
672139
655240
641556
655239
655227
672140
655256
655252
655251
655249
655247
655246
655263
655262
625979
655259
672144
672123
626352
655218
675080
675079
675078
672152
675077
675091
675089
675088
672153
675086
655216
675084
675083
675081
675082
655209
672131
655221
655220
655219
655217
672130
672156
655272
674213
672127
655332
672098
655348
655338
655347
655342
655341
655363
655356
655358
655336
646930
655305
672105
655370
655368
655366
672112
672110
655365
655306
522727
655373
655265
655324
655325
655269
655284
655282
655281
648356
672099
655277
655273
672100
655302
672093
655300
655298
655316
672095
655315
655310
672097
672096
648292
655320
655319
655326
675073
655382
675072
675060
672174
672178
672201
672184
672186
672183
672172
672159
672147
675069
675067
675066
672151
672149
675062
675063
675061
675075
672160
672146
675074
671932
671933
657267
657284
650105
657291
671792
671752
671753
657242
657298
657300
657268
657296
671754
657308
657304
657322
657320
657314
657334
657332
657329
671759
657312
657328
657281
657278
657232
671789
657229
657228
657241
657240
657238
657236
657237
657233
657280
657251
657245
657244
657259
657258
628343
657254
650345
657262
657261
657260
657247
657149
657266
671738
657371
671731
657368
671715
657381
657380
671716
657379
657376
657386
657373
657390
657388
657323
657387
657385
657395
508072
657404
657402
657401
655384
671720
657324
671730
657354
671739
657336
657349
671740
657345
657343
657342
657340
671745
657364
657353
671737
657362
671734
671735
657361
657358
657357
657356
671727
671728
671729
671733
657214
657216
671788
657083
657082
657081
657110
657109
657108
671799
671800
671803
657094
671798
657131
657115
657125
657123
657124
657121
657118
657119
671761
671763
671764
657128
657116
656988
671797
657053
657052
671826
657051
671828
671810
671812
656976
657067
657066
657089
671814
671818
671821
657064
671794
657077
657078
657075
648999
671795
657073
478665
657114
657144
671767
657189
657181
657180
671778
657203
657200
657201
657199
657193
664120
657185
657190
657211
657208
671784
657227
657225
657224
657223
671787
657222
657148
657212
671775
657187
657188
657138
644588
671770
657154
657151
671771
657150
657163
671765
657162
657165
671772
657160
657159
657178
671773
657176
657079
657171
657172
657080
657170
657168
657412
657411
657409
671723
643430
657717
657716
657724
657722
657720
657728
657735
657733
657734
657709
657753
650113
657749
657747
671677
657744
657743
657740
657739
671659
657773
657752
645347
657713
657702
657548
657612
671672
657618
657624
657621
657622
657631
671675
657629
657701
657628
657639
657638
657637
657682
657691
657692
657690
657695
657700
657699
657640
657772
671660
657771
657834
657832
657829
657830
657838
657825
657855
671644
657847
657846
657810
657841
671645
657865
657754
657861
657880
657871
657869
657870
671649
650847
657737
657813
657814
657817
657768
657767
657761
657760
657759
657756
657755
657798
657796
657790
657786
657785
671663
657779
657777
657778
671665
671668
657808
657806
671638
657802
671750
657609
657055
671671
671681
657452
671710
657448
657449
657477
657475
657474
657473
518414
657487
657456
657482
657479
657494
657492
657491
657489
662241
657506
657502
657503
671697
657480
657498
657457
494158
671722
671724
657425
657091
657422
657417
657416
657414
671706
657446
671708
657445
657442
657441
657440
671707
657436
657435
657434
657467
657465
657460
657444
657413
671703
657517
657557
657579
657577
671693
657575
657570
657571
657568
671695
657564
657556
657565
657582
657595
657593
657592
657590
528856
657606
652406
657603
671680
657584
657554
657558
671692
657516
671704
657515
657513
657511
657509
657521
657519
657530
657468
671689
657528
657529
657535
671691
657532
657547
671690
657543
657542
657541
657540
657562
671670
656247
657060
657062
656489
656484
656483
656500
656498
656497
656496
656495
656503
656513
656491
656510
656512
656507
656506
671916
671917
656514
656524
656522
656520
656521
656511
656519
656492
656466
656862
656446
656445
656443
656442
656460
656459
656458
656455
656457
656493
656454
671910
656479
656477
656475
656474
656470
656472
656468
656467
671915
656478
656448
656542
656539
671923
671911
656581
656576
656592
656590
656551
656587
656588
488887
656570
656585
656595
656594
642981
623966
649544
656599
656598
522973
656569
656601
656586
656540
656526
656572
656537
656538
671918
656531
656530
671919
656545
656556
656555
656553
671922
656561
656559
656563
640366
656567
656566
656565
656575
656525
649533
656573
656560
656449
656431
656434
656296
656313
656311
671891
656309
656308
656307
656324
656322
656321
656297
671895
656316
671894
656339
656334
656332
656273
656331
656330
656329
656328
656317
656327
656024
656301
656242
644888
656268
656265
656266
656264
671935
656193
656258
656254
656298
656271
656276
671938
656275
671939
656286
656285
671940
656288
656304
656303
656279
642650
656341
654480
656405
656403
671899
656402
656400
656397
671900
671902
671903
671906
656407
656414
656427
656426
656425
656351
656422
656421
656440
656437
656436
656653
658945
656386
656387
656388
671896
656350
656349
656345
656346
656347
656344
656362
656293
656358
656356
656355
656372
671897
656370
656306
656369
656368
656363
656384
656396
656390
656391
656600
656604
656603
656612
656869
671861
656864
671846
656893
656819
639503
656905
656904
656820
671872
656924
656831
656922
656919
656916
656917
656932
656840
656931
656930
671853
671845
656929
671871
656872
656756
656835
656836
645197
656846
671865
656845
656860
656852
656859
656871
656854
656888
656886
656885
656883
656881
656880
656878
656877
656876
502869
656851
656928
656841
656955
656994
656989
657026
657025
657021
657020
657019
660754
671840
657017
671839
671842
657011
657010
657008
657006
643380
657003
657045
657041
671825
657031
657013
656997
656996
671836
656948
671852
656947
671858
656939
656961
656962
656975
656967
656974
649898
656972
656971
656970
656966
656965
656981
656980
656979
656977
656986
657002
671829
671864
513376
494278
656839
656669
656667
656664
656678
656677
671885
656674
656672
656684
656682
656671
656680
494052
656700
656705
662266
656733
659494
656730
656729
656724
656723
656693
656722
656648
656654
656610
656609
656614
656615
671877
656619
656622
656631
656629
656636
656656
656634
644972
656637
656638
656641
656642
656643
656646
656647
671875
656652
656633
656721
671886
656717
660964
633312
656785
656782
656781
656780
656806
656804
656803
656801
656770
671863
656796
656817
656816
656711
656812
495496
656828
656827
649562
671862
656797
656772
656773
656774
656754
656753
656739
656737
656736
656751
656750
656735
656749
656745
656744
671884
656742
671889
656741
656740
656766
656768
656686
656759
656778
656776
656775
656838
657879
672259
672604
672586
672588
672591
672601
672617
672618
672603
672610
672624
672607
672620
672609
672574
672594
672572
672585
672598
672599
672573
664620
672645
672647
672644
672657
672658
672643
672661
672660
672631
672611
672612
672613
672627
672616
672626
672639
672635
672637
672638
672571
672542
672547
672548
672559
672531
672535
672516
672555
672525
672529
672530
672520
672519
672518
672554
672552
672575
672578
672566
672568
672567
672569
672582
672579
672581
672765
672766
672763
506087
672767
672768
657315
672781
672782
672762
506077
672756
672750
672753
672747
532933
672770
672773
672761
672779
672828
672812
672797
672799
672800
672801
672802
672803
672804
672805
672827
672806
672809
676109
676114
676113
672810
676112
676111
676110
676122
676121
676108
676120
672817
672819
672897
672898
672876
672881
672879
498500
672864
672865
672863
672871
672824
664909
672874
672857
672859
672862
672835
672839
672829
672833
672834
641314
672872
676119
676118
676117
672778
676115
672789
676123
676126
672792
676124
676125
676074
672788
672785
676072
676079
676078
676077
672776
676082
676085
676084
672777
672749
672690
672691
672685
672687
672688
672693
672700
672701
672697
672689
672682
672667
672668
672677
672678
673224
672675
672681
672673
672674
672663
672699
672704
672736
672734
672733
672729
672739
672725
672744
672746
672741
672740
672710
672711
672709
672706
672702
672703
672705
672713
672714
672724
681237
672717
672715
676083
676098
675581
672323
675579
675578
675587
675586
672326
675585
675584
675583
675576
675582
675595
675597
675594
675593
675592
675598
672329
672328
675590
675589
675596
675588
675568
675569
675533
675534
675532
675565
675564
675561
675562
675563
675560
675559
675567
672320
675556
675549
675547
675546
675575
675574
675573
675572
675571
675570
675558
675536
675619
675618
675623
675622
675640
675639
675636
675630
675638
675637
672309
675634
675624
672308
675632
675633
672310
675648
675647
675646
495104
675643
675650
675651
675631
675620
675625
675627
675617
675616
675615
675614
675613
675612
675611
675610
675609
675608
675626
675607
675605
675606
675604
675603
675602
675601
675600
675629
675628
675621
672332
675538
675537
675539
675449
675423
672344
675475
675474
672345
675473
675472
675471
672347
675451
675468
675465
675466
672350
672348
675461
675460
675459
675458
675457
675456
675467
675454
675424
672343
675448
675447
675446
675444
675443
675442
675441
675440
675439
675438
675425
672375
675435
675213
672378
675434
675432
675433
675431
672377
675429
675428
675436
675452
675487
675484
675505
675501
675503
672335
675525
672334
675524
672337
675522
675519
675502
675518
675530
675528
675527
675529
675526
675545
675544
675542
675543
675540
672339
675506
675507
675508
672353
675483
675482
675481
500763
675480
675479
675478
675477
675500
675499
675498
672354
672355
675495
675516
675515
675514
675513
675512
675357
675510
675652
675661
675660
675658
672273
672262
672271
672292
672294
672277
672264
672267
672258
672260
672263
672255
672257
675416
675684
675683
675681
675680
675679
672297
675697
672298
675696
675695
675685
675692
675690
675705
675702
672299
675701
675698
675706
672302
675713
675714
675691
675715
675686
672317
675657
675655
675656
672311
672312
675665
672313
675663
675662
675687
675666
675674
672316
675667
675671
675672
675670
675669
675668
675677
675676
675675
675712
675711
672279
675133
675136
675140
675141
672283
672284
675142
672285
672289
675148
675147
672282
675709
675708
675707
675723
675722
675721
672280
675321
675555
675551
675309
675497
675490
44922
675408
674955
674970
674997
675151
675145
675144
676081
672376
675420
676043
676026
676025
676024
672469
676021
676022
676020
676018
676016
676005
676017
676033
672454
676031
672457
676029
676038
676037
676036
676035
672462
676015
676042
672468
676009
675984
675983
471475
676004
672479
676003
676002
672482
676000
672488
676008
675997
675996
675993
675994
672492
672473
676014
676012
676011
676010
672494
672487
675986
676041
672461
675791
672449
675728
675727
675726
675724
675725
675736
675735
675734
676066
675733
675730
672433
675731
675747
675746
675745
675744
675743
675741
672439
675737
676039
676067
676069
676051
676050
672463
676049
672452
676054
676053
672453
676046
672442
676068
672447
676061
676060
676059
676058
672443
676055
676056
676065
676063
676064
672448
675985
675987
675989
675889
675894
675886
675893
675892
675891
675890
675888
675887
675895
675868
675901
675899
675898
675897
675896
675914
675913
675910
675904
675909
675908
675900
672513
675902
676047
676086
676096
676095
676093
676094
672510
676091
676090
676088
675772
676089
676087
676101
676100
676099
676105
676104
676103
676102
44923
675978
672512
675907
672503
675903
675956
675946
675955
675954
675953
675950
672502
675980
675977
675976
675957
675974
675973
672477
675971
675970
675968
672476
675967
675965
675990
675988
675975
672501
675958
675939
675919
675918
675917
675915
672504
675928
675926
675927
672495
675923
675922
675921
675920
675938
675937
672496
672498
672499
675944
675943
675942
675941
675940
675740
675757
672436
675756
675341
675340
672393
675338
672395
675335
675334
672358
675332
675346
675328
675347
675344
675343
675354
675353
672359
675351
672360
675350
675348
675377
675345
675376
675329
675330
675296
675306
675326
675325
675324
675323
675320
675318
675319
675317
675327
675316
675315
675314
675313
672387
672390
675311
624134
675308
672391
675331
675304
675375
675374
675373
675386
675385
675384
675383
675382
675379
675398
675381
675399
675414
675387
675403
487128
675411
675409
672367
675404
675405
675402
675401
672357
672368
675413
675389
675390
675391
675372
675371
675370
675369
675360
675368
675367
675365
675366
675364
675363
675362
675242
675243
672362
675358
675356
675397
675396
675395
672364
675393
675392
675298
675418
675299
675303
675047
675071
675143
675146
675175
675215
672422
672410
675214
675212
675720
675211
675222
675221
675220
675218
675217
675231
675230
675229
647087
675228
675223
675227
672421
675717
675754
675755
672424
672426
672427
672430
675759
675751
675750
675749
675742
675771
675769
675768
675767
675766
675765
672420
675763
675764
675762
675760
672423
672411
675225
672414
675259
675258
675271
675270
675269
672408
675289
675288
675287
675285
672402
675286
672383
675282
675277
675281
672386
675279
672388
675305
675301
675302
672381
675260
675261
675262
672415
675241
675239
675238
672416
675237
637676
675235
672418
675253
672419
675252
675251
675250
675248
649405
675257
675255
675264
493213
672399
672400
675263
675300
657884
657901
657894
662210
662209
662206
662204
662205
662202
662227
662226
662211
662225
662223
662224
662220
662217
662218
642417
662213
662148
662228
662222
662195
662149
662177
662176
662092
662174
490653
662194
662193
662189
662186
662187
662183
495140
662111
662199
662198
662197
662192
662151
662238
662236
662292
662304
662305
662303
662300
662299
662308
662307
662315
662314
662313
662322
662261
674210
662373
662375
662377
662381
662309
662237
662298
662171
662235
662234
662233
662245
662243
662244
662240
662247
662246
662290
662253
662285
662281
662277
662274
662271
662265
662264
662289
662152
662153
662155
661996
661995
661993
661991
661988
661986
670851
488068
670840
662048
661997
662045
662041
662039
670855
662036
643648
662034
662028
662027
662074
662073
662043
662072
678506
504102
670874
661889
670875
662020
662019
662018
661890
670871
662017
662015
661998
662012
670864
662008
662007
662006
662005
670865
662003
662001
670866
662000
662013
662071
662070
630938
662906
662115
662114
662127
662137
662136
662132
662131
662140
673824
662120
662168
670808
670858
662165
670813
662163
670812
662160
662159
662158
662167
670838
662119
670837
662069
662059
670843
662065
662077
670852
662090
662089
662084
662082
662081
662110
670833
662107
662104
670834
662103
670835
662100
662099
662096
662113
662123
662379
662399
662397
662615
662613
662602
662614
662611
662610
662619
662609
662606
662688
662687
662684
482924
662682
662608
662681
662620
662624
662568
662567
662560
662561
662557
662555
662552
662396
662623
662551
662548
662633
478462
662632
662629
662627
662550
662675
654522
662711
662709
662708
490723
662701
662703
662699
662698
662696
662713
668871
662743
662742
662741
662739
662740
662734
662728
662744
662715
662717
662690
662673
662674
662671
662655
662649
662651
662644
662646
662643
662660
662656
662652
662648
662695
662692
662691
662572
662022
662553
662554
662475
662473
662458
662470
662469
662461
662460
662457
662478
662459
662453
662450
662482
662507
662505
662504
662502
662501
662499
662498
662495
662477
662413
662398
662447
662445
662789
662441
662439
662438
662437
674199
662479
662431
662427
662425
662426
662424
662423
662420
662417
662415
662430
662496
662494
662493
662519
662518
662598
662597
662595
662593
662590
662523
662585
662583
662581
662580
662579
662576
662573
662571
662569
662566
662586
662511
662492
662491
662490
662487
662485
662544
662545
662541
662540
662537
662536
662534
662533
662530
662529
662526
662512
662556
662023
670766
661527
661525
661523
661521
661520
661519
661517
671008
661539
671011
671026
661551
661549
661546
661544
661542
671013
661540
661559
661558
671016
671000
661550
671001
661530
661532
661482
661500
671037
671038
671020
661499
661498
661497
661496
661495
671025
661494
661505
661502
661513
661512
671021
661510
671023
671024
661534
661533
661493
661483
661569
661566
670970
661595
661605
670971
670973
670974
661602
661618
536551
661615
661596
661614
661610
661609
661628
661627
661626
661625
661624
661622
661620
661621
670976
631883
661583
661591
671002
671005
661565
661564
661562
670993
670992
661506
670994
661574
661585
670995
670996
661579
661576
661577
661590
661589
661587
647081
670999
661592
661573
661388
661487
661489
661320
661319
661300
661339
661346
661381
661382
661383
661386
661387
661314
661385
661403
661401
671042
661395
661393
661392
671044
661418
661416
661417
651290
661413
661359
661358
661295
661292
661290
661288
661286
661284
661283
661282
671039
661281
661278
661276
670986
661275
661273
661272
661303
661302
661167
661308
661279
661412
661411
661410
661451
671029
661450
661448
661479
661478
661477
661474
661473
661472
661453
661471
661469
671031
661468
661467
661465
670950
661463
661462
661461
661470
648031
661455
661456
661409
661405
661404
631808
661446
661444
661442
671045
661439
671046
661434
671047
661431
661432
661428
661426
661424
661421
661420
661419
661491
661458
661459
661640
661639
661638
661575
632310
661851
670903
494509
661849
670904
645445
661858
647444
632978
503810
654280
661863
661835
661883
661878
661841
670831
670890
661877
670893
494512
670895
670914
661854
670839
661760
661761
670909
661817
632806
661725
661827
661826
661828
661833
668227
661839
661838
661837
670910
661845
661759
661842
495371
643540
661840
661885
661894
661893
670880
661967
670882
661962
670881
661960
661958
661955
661950
661951
661972
661949
661939
661944
670886
661937
661933
661931
661928
661946
670868
661942
661947
670900
661976
661975
661892
670894
661900
661899
661898
670807
632411
620802
661896
661902
661901
661917
661915
661913
670898
661926
661924
661922
661919
570446
670899
661980
661977
661819
670873
661764
661767
661667
670942
670944
661629
661676
670943
661673
661683
661678
661694
670936
670940
661685
661702
670946
661701
661700
661699
661697
670948
661665
661704
661686
661707
630632
661660
661637
670983
661632
661631
670951
670953
670956
670955
661647
661648
670967
670958
661645
670962
661644
661642
661657
467430
661656
661664
661661
661600
661649
661716
672314
661713
661808
661804
661805
661802
661801
661800
670930
661799
661798
661796
661810
661795
661790
661791
661780
661781
670932
661784
670907
661776
661773
661768
670931
661811
661812
661813
661719
661724
661695
492752
638359
661696
661728
661727
661736
661734
647312
670920
661749
661748
661738
670921
661753
670922
661752
661754
661758
661718
661815
661763
661297
662727
489142
674865
486303
485977
486287
486164
485990
485950
674864
486180
488687
486108
485946
488631
488754
486077
488792
488655
488749
488760
488682
486621
488781
674867
486073
485975
488769
488819
674876
490390
674874
485948
674866
488652
488723
488763
674870
674868
485965
486171
674873
486775
486163
674882
486756
486133
674892
489745
486010
674909
486005
674907
674908
488639
486242
674904
674903
486008
674902
486134
674901
486760
674900
674905
674883
488780
674910
486194
486075
486761
486086
488800
486314
674881
674880
488637
674879
674911
486099
486208
486061
674877
486056
492202
485996
490413
485976
488740
486021
485971
486032
674808
674825
674821
674822
674823
674819
674815
674817
674818
674809
674816
674837
674836
674835
674834
674828
674833
674832
674820
674831
674811
674812
675113
675111
675109
675110
675108
675122
674810
662384
662383
662386
662387
662393
662389
662404
675090
674814
538170
674830
674826
674849
486603
488810
485944
674847
674848
486062
488809
490412
674846
674845
486060
488712
486074
488680
674859
674858
486759
489158
489155
488662
674842
674843
674841
674840
674839
674838
674855
674857
486174
486031
486083
674854
486331
674853
674851
674852
674850
486319
486259
486015
486253
674898
674989
674987
674986
674996
674995
675017
675016
675015
675014
674990
675013
675009
675011
675008
675007
675006
675005
675004
675012
674993
674962
674961
674960
674959
674956
674975
674992
674973
674984
674983
674982
674980
674981
674978
486063
674991
674971
675003
675002
675001
675044
675035
675036
675042
675041
675040
675038
675039
675037
675055
675052
675050
675049
675048
675059
675058
675057
675064
675070
675045
675000
674998
675022
675021
675020
675019
675018
675034
675033
675032
675031
675023
675030
675029
675027
675026
675025
675046
674963
675116
674964
674966
674927
489154
674925
674924
486766
488713
488632
674923
486295
488733
487258
488689
674922
491970
486014
486071
486604
489937
490386
486017
674921
488791
485970
674896
674897
674895
674894
674893
488348
488785
488709
490368
674890
488814
486106
674889
674930
486167
485949
674928
674920
486179
488776
490015
489927
487255
674919
488691
486765
674951
674952
674950
674949
674947
486102
674945
674943
674944
674958
674969
674968
674957
674942
485969
486291
485932
674918
486109
486152
486329
488778
486036
488677
486141
488786
674938
674937
486054
487263
674936
486605
674935
486033
488628
490408
674934
674965
662721
675115
78151004
77855131
67442805
77507308
75423395
78080171
78068716
76749393
76434244
77644781
72288679
78245231
76517002
77626781
77198459
77779888
77270839
78245241
77498911
77394303
77956278
77507682
662943
662941
662965
662875
626604
662964
662876
654537
78207269
662973
654670
675054
674994
675053
488764
673738
486019
662945
78245248
78245247
673751
673753
78245290
78143509
78245291
78245295
673754
78143189
78245298
78245297
78007472
77868798
78245311
78245315
78245293
77387312
673757
78245252
77581901
75397289
78245267
77480119
78219111
77675616
78199539
488706
486254
673745
673743
673739
673761
662944
662818
533060
662817
662816
662815
662808
662799
662999
662800
662830
662829
662842
662839
662849
662847
543361
662801
662784
662819
662762
662759
662484
662756
662719
662775
662774
662772
662792
662770
638565
662766
662764
662763
662782
662780
507005
662798
662797
662768
662851
514673
662904
662916
662913
662926
662924
662921
662929
662907
662934
662931
662963
662962
662961
662958
662957
662956
662955
662935
611522
662878
662858
646587
662867
662864
662870
662874
625408
633040
662901
662897
662896
662894
662889
662887
662886
662885
662883
662882
662880
662879
78183399
77590074
78245328
78245330
77108083
77505157
77684165
65208777
77358446
77983756
65478716
77487055
78170297
77764263
78244763
77098519
77365474
78149722
78165097
78244825
76178613
77656002
78244835
78244845
78244841
77114264
78244810
78100311
76885975
78244760
78244734
78244725
78244741
78191606
78244744
78244748
78120176
78244753
77486618
77989168
78170253
76852936
78147692
77757613
77876895
78101502
674222
68439488
78226137
78114373
77591252
78244849
675125
675127
675130
675129
675132
675099
675098
675096
675126
675095
675093
675092
675104
675102
675101
675100
675120
675118
675094
675124
674228
78021423
76718640
77828960
78167413
78174376
76850291
78097698
674218
674219
674227
674226
674235
674234
78244732
675117
78156169
78144654
673764
673778
77728385
76839214
78232084
77219396
76987774
77338390
76862106
652266
78206512
673752
72695543
78245338
76733520
78245348
77936565
76920523
78245353
78245361
77018845
75178388
78152085
78245381
77541661
76963482
76862463
77917276
77908052
75943979
78162884
78013283
77684501
77435897
674203
78221787
78086635
78184653
78169661
76375860
78244689
77585873
78151105
77560627
78151374
77287173
70129224
78244705
78244716
77850385
76946987
77699904
77591016
76847192
77210324
78185162
77831255
78127618
78198534
78094872
78134779
78095680
76853978
78184697
60123890
77918969
78244675
76380511
76010998
78214616
77959466
76981251
77271245
77446369
65216450
661249
671061
661252
671436
659093
659098
659102
659101
659106
659109
660396
521722
659111
659096
495883
659127
671440
659125
674798
659131
659140
659138
659149
659147
659146
671437
660547
659091
659083
658948
659044
659041
645315
659051
659049
659060
650872
671434
659058
659092
659064
659061
671433
659075
659074
659071
671435
659078
659087
659086
652106
659062
643229
671423
659152
659204
659203
659201
653414
671401
659211
671403
659209
659219
659222
659134
671404
671405
659230
659163
659229
659227
659242
659170
659171
659239
659237
659162
659108
671432
659173
659110
659151
671426
671427
659116
659160
659128
659129
671428
659164
659175
659165
659130
659192
659180
659181
659183
659184
671424
659185
659186
659172
671429
659030
659031
659034
658827
658826
671471
658825
658793
671463
658838
638300
658836
658835
658823
659801
658828
658854
658853
658852
658850
671465
658846
658845
671467
493152
658832
658863
658821
671400
658732
663030
658776
671491
658783
658788
658790
658798
671472
671474
658792
658794
658805
658804
658803
671475
658802
658807
671476
658815
671477
671470
658801
671468
671391
497912
658938
658937
671446
658903
658947
659001
647198
659002
659020
671448
658924
659018
671451
659579
659024
659023
659022
659029
660220
658943
659036
659019
658922
658928
658860
658875
672822
658871
658866
627102
658885
620190
658895
658841
658898
489226
671459
658857
658910
671374
658913
658912
658916
671460
658930
658927
659234
659233
659253
659252
659605
671389
671363
671364
659601
659654
659655
659653
659652
659650
659607
659645
671366
630733
659641
659640
659639
659638
659635
659634
671365
659632
659606
659610
659582
659581
659598
659599
659597
659596
659595
659592
659590
671378
659608
659588
659587
671380
671382
676755
659624
659622
659621
659617
659618
671384
659586
659631
659629
659746
671338
659729
659728
659727
659680
659726
671346
659724
659723
659722
659732
659719
659718
659715
671348
659716
659714
659710
659709
659707
659706
659705
659717
659733
659735
659734
659666
671370
659662
659661
659657
659677
659676
659675
659673
671371
671373
659672
659670
671431
659664
659711
659739
659703
671344
659685
659684
659683
671339
659571
658717
659573
659575
659299
659300
659296
659314
659313
659311
659309
659308
659321
659304
659245
671415
659247
671418
659317
659318
659326
659325
659255
659323
631492
659246
671393
659305
659286
659251
671406
659267
659265
659264
630271
659263
659259
659258
659277
659307
659275
659274
671410
659270
659271
659294
659293
659283
659292
659290
659289
671408
659340
671395
659336
659526
659525
659523
659522
659546
671375
659542
659541
659529
659539
659527
659537
659528
671379
659565
659561
671376
659555
659569
671464
659567
659576
659532
659520
671399
659517
659335
659331
671302
659343
671396
652534
659355
659353
659364
659367
659365
659375
659374
659373
659383
629437
671397
671398
659430
659511
659516
659515
659513
659574
671352
658704
658720
658094
658193
658191
658189
658199
658198
658196
658195
671586
658223
557035
658220
658206
658214
658213
658211
658210
649769
671584
658227
658228
671587
658219
658226
658165
658169
671594
671593
671592
658138
658137
658660
671591
671590
658147
658144
658166
658152
658151
666175
658163
658182
658181
658179
658177
658174
658173
658170
658153
658104
658225
658240
671571
658285
659085
658298
658295
658294
658293
658290
658306
658305
671570
658323
658320
658316
658314
658308
658337
658328
658334
658333
658331
658327
658322
671583
671577
658289
658236
658252
658251
658247
658246
658244
658266
658262
671582
658260
671575
658257
658255
658275
658272
658271
658281
671578
658277
671579
658276
442463
658106
658107
671596
671630
657970
657967
657965
671633
657962
657959
657956
671612
657954
649013
657953
650958
657979
657982
657990
657988
657984
657991
658006
658005
658002
671614
657999
671626
657936
657893
657892
657889
657907
657905
671651
657929
657928
657909
650912
657935
657924
657912
657918
671654
657915
671655
671657
657942
671658
657940
657937
657921
658000
657904
658028
671606
671605
671603
671600
658082
658081
658079
658078
658077
658075
658060
658073
658070
658071
658069
658068
658067
671599
658090
658115
658113
671597
658072
658044
658046
658048
658020
671615
658026
671616
658024
658021
658018
658017
658014
658010
658042
658040
671617
658039
671610
657932
658032
658055
658053
658052
658051
658049
658047
671572
671536
658352
658349
658583
658581
658498
671507
658579
671509
658594
658593
658591
671510
671506
658590
658598
658616
658615
658613
671512
658612
658610
658608
658605
671514
658587
658630
658586
658564
658550
677676
671527
658543
658542
658538
658537
671529
658535
658560
671504
658551
658554
671530
658553
658573
671521
671519
658571
671502
658567
658565
658555
671499
658624
658620
671483
658679
671484
658686
658685
658684
658689
671486
658687
658688
658680
658696
671488
658694
658703
671489
658705
658714
658712
671492
658722
658695
658670
658671
658673
658621
658619
658634
658576
671501
658643
658642
658641
671493
671495
671498
658651
671478
649935
671479
629490
658656
658655
658658
658659
658668
658636
658667
658525
658682
658526
658533
658387
658406
658403
658400
658399
658416
658415
658410
658409
658423
658391
640023
640025
658428
658429
658364
671564
658425
671558
671560
671561
658438
658420
658449
658392
658396
658348
658345
658344
651245
658338
658340
658362
658358
671566
630977
658393
671567
658353
658371
663365
658369
671569
658366
658379
658385
658381
658378
639245
658448
671552
658447
671538
658491
658489
658485
658486
658487
658513
630525
658509
671542
658494
679633
658503
677677
658501
658500
671546
658522
658521
658518
658517
658516
658504
658495
671547
658445
658442
658440
658439
671553
658434
658454
658460
658456
658457
658452
658470
658469
658467
671555
658479
658475
658474
658472
641059
658483
658482
658527
659699
659697
671353
660730
660729
671164
671166
660728
671168
671169
660773
671154
660771
660732
660766
660764
660762
665730
660757
660802
660798
660799
660796
660793
660789
660767
660790
660733
660740
660706
660703
660704
671186
660701
671188
671187
671079
671159
671160
660735
671161
660686
660685
660752
660753
660751
660748
660746
660745
660744
660742
660688
660707
660788
671156
660818
660815
660814
660813
671149
660812
660810
671140
671141
660820
660807
671126
660804
660803
660868
660866
660865
671128
660861
660862
660860
660805
671153
660822
660827
660781
660779
660778
660776
671155
660854
671143
660851
671145
671146
671148
660848
660843
660842
660841
660840
662141
646457
660837
631496
660831
660829
660847
660708
660709
671185
671192
660588
660587
671195
660582
660581
660580
660575
660573
660572
660954
660566
660563
671196
660562
674479
660560
671202
660628
660627
660626
660625
671198
660623
660644
660535
652252
660509
660505
660514
660515
660524
660523
660521
630178
660527
660532
660552
671216
660531
660548
671218
660546
671220
660544
671190
660539
660540
660549
660621
660619
660618
660673
660674
660669
671183
660668
671184
660666
660662
660663
660724
660678
660725
660721
660720
660717
660718
660719
660715
660716
660714
660713
660712
660722
660683
660684
671181
660614
660607
660608
671173
660604
660603
671176
660602
660601
671175
660595
660593
660592
660657
671178
660655
660648
660643
660642
660639
660640
660635
660634
660859
660858
660857
660927
661123
661120
661121
661117
661116
661328
661139
661137
661136
661135
661125
671074
671064
661130
661127
661165
661160
661153
661152
661150
661149
661146
671075
671065
661126
671090
661083
661082
661080
661079
665006
661075
661072
671080
661068
671083
671094
661064
661056
661109
661108
661106
661103
661101
661099
661100
671088
661096
661063
661145
661144
661143
661235
661233
671060
670987
661222
661219
661216
661217
661215
661210
671058
661209
661270
661267
661265
661264
661261
661263
661259
661256
661257
661254
661350
661240
671052
661242
661142
661204
661201
661203
661199
661197
661195
661193
661190
661189
671068
661185
661186
661183
661176
661175
671066
661171
661168
661246
671055
671051
661244
664434
660510
661087
661088
671113
660953
660951
660950
671124
660943
671116
660941
660937
660936
660872
660934
660932
660986
671117
660983
660985
671121
660980
660978
660977
653553
660933
660970
660873
660876
660925
660924
660899
660918
660917
660916
660915
660914
660911
660912
660875
660909
671135
660894
660890
660889
660888
671136
660881
660879
660877
671129
660971
660969
660967
661011
661025
661031
661030
660869
660870
661052
661049
661050
661046
527881
671106
661040
671109
661037
661036
661033
671111
661032
661094
661095
661091
671099
671104
661016
661015
660968
671123
660963
671096
660957
660955
661164
671097
661162
661007
671100
661006
661004
661003
661002
671069
660997
660994
671102
660992
660990
661018
671103
671110
671214
660511
671212
659935
498709
614187
622955
671300
612149
477655
652968
659938
625980
493037
485739
494053
659945
629878
637632
659943
612421
671301
631985
622956
671289
492475
659953
492144
630957
650953
647304
671303
659923
671305
659922
650186
648027
659932
659930
511243
659928
505576
626087
671299
649693
647118
633322
649757
659795
505540
491536
671290
659947
491907
660017
660019
660020
671275
671277
660014
660013
660007
660005
660011
660022
660010
660034
622835
671276
660065
660064
659966
660063
660062
660059
660036
660023
660025
660026
506962
495057
653086
630749
659965
659959
661978
659964
659962
671293
671296
653112
659984
659978
659977
660002
659998
671273
659996
659991
660028
660029
660027
495306
660055
652958
648026
659790
659788
646073
659782
659837
671318
659836
659835
659833
659832
659750
659831
659828
659829
659825
659823
659822
659821
659820
671320
659819
659813
659830
671321
659752
659753
659695
659694
659693
659692
659689
659687
659681
659768
659745
671355
671362
659744
659742
659779
671359
659775
659772
659767
671361
659747
651148
659757
659743
659810
659809
659807
659890
659874
659888
671312
671315
659885
659882
659880
659879
671306
671311
659875
652631
659869
659927
659905
659897
671307
651910
649846
650951
649758
659873
659891
659838
659866
671326
659806
659805
659802
671324
659798
659797
659910
659865
671331
659864
659863
659862
671791
671332
659857
659856
659855
659854
671334
659849
659845
659842
650950
672895
671280
660054
660289
660260
660297
660316
660314
660313
671239
660269
660312
660307
660288
660302
660303
668142
660328
660326
660320
660318
660352
660342
660351
660356
660300
660346
660291
474219
660248
671268
671272
660250
660249
660262
671271
660267
660265
630268
475921
660272
660271
660270
671236
660279
671237
477154
660285
472633
463162
480838
660273
660355
660354
660349
660373
671224
660368
660406
671207
660402
660397
660399
671209
660502
660375
660499
660497
660496
660317
660491
660489
660490
660487
668770
671210
660478
660498
660377
660379
653388
671245
671246
671247
671251
671252
671227
660339
671230
660335
660332
671231
671233
660372
660370
660391
660389
671232
671221
660364
660386
660388
671225
660384
660254
660053
660257
660129
646286
671285
660126
671287
660138
671288
660139
660136
660120
660003
660134
660111
660112
660110
660125
660122
660121
660117
660004
660114
671255
660131
660158
660079
660082
660051
660047
660050
660048
660072
660074
660073
660070
660075
660101
660078
660102
671282
663078
660094
660085
660077
671284
660080
660089
659989
660084
671281
660156
660142
660140
671260
660201
660217
671267
660234
660229
660228
660223
660224
660227
660199
671266
660076
660243
660242
660241
528314
646396
660239
660237
660238
660236
671265
660205
660204
660208
660141
660149
660147
660145
660173
660172
660163
660162
660169
671254
660165
660187
660185
660192
660190
660189
660179
660184
671253
660209
660207
674795
670463
660255
675068
672888
672904
673640
674787
674791
674765
674767
674746
674792
674793
676899
674799
674768
674757
674763
673782
673714
674535
674538
674558
674546
674534
674560
679516
679514
679468
679469
679467
679466
679462
679460
679459
679482
679481
679480
679515
679445
679447
679513
679512
679511
679510
679509
674537
679519
679518
679517
679523
674543
674540
679520
679526
679524
679527
679453
679452
679451
679450
679449
679448
679521
674601
674605
674581
674587
674588
674600
674607
674606
674613
674599
674614
674615
674598
674565
674566
674547
674553
674554
674574
674589
674590
674593
674595
674578
674567
674568
674570
679479
679314
679313
679312
679311
679327
679330
679329
679315
679324
679336
679335
679334
679349
679348
679347
679346
679344
679316
679301
679276
679275
679274
679272
679299
679298
679295
679294
679292
679317
679293
679290
679289
679288
679287
679303
679306
679305
679302
679291
679341
679342
679343
679373
679386
679384
679385
679381
679382
679380
679374
679379
679377
679393
679392
679389
679388
679398
679397
679396
679395
679375
679339
679338
679337
679356
679355
679354
679353
679350
679352
679351
679372
679368
679369
679366
679367
679365
679363
679364
679361
679278
679281
679508
679217
679216
679215
679212
679211
679506
679208
679206
679205
679204
679203
679225
679224
679223
679209
679221
679486
679488
679485
679503
679502
679501
679487
679499
679498
679495
679490
679497
679222
679220
679219
679249
679247
679248
679245
679244
679243
679242
679261
679260
679250
679259
679257
679256
679270
679269
679264
679263
679258
679251
679252
679253
679218
679232
679231
679230
679228
679229
679227
679226
679241
679240
679237
679236
679235
679234
679233
679255
679246
679254
674709
674711
674714
674718
674713
674708
674702
674703
674731
674732
674736
674735
674734
674729
674705
674694
650419
674674
674699
674697
674707
674690
674691
674692
674693
674695
674740
674737
674739
674747
674748
674750
674751
674753
674752
674754
674727
674728
674742
674743
674723
674724
674677
674678
674679
674630
674619
674618
674629
674608
674628
674620
674624
674616
674626
674642
674648
674650
674668
674645
674652
674647
674653
674656
674681
674683
674646
674659
674662
674666
674665
674655
674632
674639
674641
674636
679394
679661
679667
679666
679694
679691
679690
679689
679686
679683
679681
679665
679682
679680
679718
679723
679722
679721
679720
679719
679717
679737
679730
679736
679724
679733
679731
679743
679739
679742
679741
679738
679749
679732
679725
679726
679727
679678
679677
679675
679674
679705
679703
679704
679702
679701
679700
679699
679698
679697
679716
679715
679713
679711
679710
679728
679748
680727
680759
680897
680966
681038
681102
681103
681146
681177
681216
680685
681219
681220
681313
681350
681405
681435
681462
681596
681609
674485
681716
674486
681631
680665
681715
674496
681751
681750
681748
681747
681756
681755
681754
681753
681759
680591
681758
681762
681761
674498
681766
681765
681764
681769
681768
674484
681757
674495
681628
681627
674474
674477
674468
674438
674441
674443
674444
681620
674473
681626
681625
681624
681622
674487
681623
674464
681642
681637
681641
681640
674466
681634
674467
674469
681632
674470
681649
681648
681645
681647
681638
681774
681773
681771
674530
674505
681666
681670
674542
681643
681644
674518
674519
681664
674521
681663
681662
681660
681669
674523
681657
681656
681655
681654
674526
681651
681653
681652
681665
681671
674524
674490
674491
674492
674489
681770
681775
674488
674500
674506
674507
674508
674509
674511
674512
674513
674514
681675
681674
681672
681680
674402
674401
674404
674399
674405
674396
674394
674392
674436
674431
674430
681705
681725
681724
681722
674450
681718
681719
681717
681714
681713
681706
681712
674458
681709
674459
674412
681730
674414
681470
681726
681733
681741
674456
681739
681704
681701
681678
681679
681687
681686
681684
681683
681682
681690
681689
681699
681688
681697
681696
681695
681692
681694
681693
681691
681703
681702
681700
681698
681740
681738
681737
674428
680594
680595
674416
681735
674420
681746
681742
674423
681745
681744
674425
681743
674427
680632
498948
680971
681112
680600
680596
680597
680599
680598
680592
680593
631299
679670
679747
679745
680440
680438
680437
680476
680473
680472
680441
680471
680469
680466
680465
680464
680463
680460
680459
680485
680470
680486
680442
680423
680422
680436
680435
680434
680433
680432
680443
680428
680453
680450
680448
680449
680447
680446
680444
680456
680424
680484
680482
680503
680510
680505
680504
680521
680514
680520
680518
680517
680516
680525
680530
680529
680528
680526
680527
680524
680519
680483
680515
680499
680481
680480
680479
681847
680478
680477
680489
680488
680500
680487
680495
680496
680494
680493
680492
680491
680490
680502
680501
680497
680425
680426
680427
680334
680333
680328
680327
680323
680324
680320
680329
680345
680343
680342
498522
680339
680338
680337
680336
680350
680344
680356
680211
680156
680577
678932
678948
678996
679064
679176
679310
679360
679376
679419
680157
679429
679648
679795
679880
679901
680033
680090
680123
680147
680148
679578
680357
680383
680386
680387
680384
680404
680403
680400
680402
680388
680401
680396
680417
680416
680415
680413
680414
680412
680411
680421
680397
680390
680389
680352
680351
680349
680348
680347
680346
680360
680362
680359
680371
680363
680370
680369
680367
680366
680365
680382
680377
680385
680392
680523
680541
680533
680540
680169
680168
680167
680166
680164
680165
680163
680162
680161
680149
673874
680159
680158
680185
680174
680192
680184
680182
680181
680176
680180
680160
680178
680150
680152
680135
680133
680132
680131
680130
680129
680127
680151
680126
680125
680124
680146
680145
680144
680143
680142
680155
680154
680153
680128
680179
680177
680175
679647
679646
679645
679644
679643
679642
679641
679640
679639
679632
679653
679651
679659
679658
679656
679664
679663
679662
629488
679652
679631
679634
679635
680172
680173
680171
680195
680194
680191
680189
680186
679616
679621
679620
679619
679629
679628
679625
679623
679636
680248
680566
680565
680564
680381
680467
680454
680498
44937
680210
680209
680556
680206
680204
680203
680200
680199
680198
680197
680225
680222
680223
680560
680538
680539
680537
680535
680536
680534
680532
680545
680546
680544
680559
680543
680542
680555
680554
680552
680550
680551
680547
680224
680220
680273
680274
680272
680271
680270
680268
680266
680262
680263
680228
680264
680258
680257
680256
680253
680252
680250
680251
680249
680260
680231
680218
680219
680217
680216
476455
680215
680214
680213
680212
680245
680246
680244
680242
680243
680241
680239
680240
680238
680236
680234
680232
679746
680588
680581
679887
679886
679882
679881
679883
679931
679930
679888
679925
679924
679923
679919
679918
679916
679890
679855
679854
679852
679853
679870
679866
679865
679871
679878
679877
679875
679876
679874
679872
528734
679885
679898
679897
679894
679896
679895
679856
679914
679954
679955
679952
679936
679938
679947
679948
679949
679950
679953
679951
679935
679971
679970
679968
679969
679967
679937
679915
679956
679912
679911
679908
679906
679957
679904
679945
679944
679943
679942
679940
679939
679905
679857
679858
679859
679767
679781
679794
679793
679792
679791
679790
679789
679787
679769
679786
679783
679780
679779
679827
679826
679744
679766
679765
679764
679762
679761
679760
679758
679772
679759
679757
679755
679754
679753
679752
679751
679775
679773
679756
680001
679834
679833
679832
679829
679849
679848
679835
679847
679845
679846
679844
679843
679842
679841
679863
679862
679861
679864
679830
679820
679819
679818
679817
679816
679814
679813
679812
679808
679807
679806
679797
679805
679803
679802
679801
679840
679839
679837
679838
679965
679966
679964
679963
680113
680112
680111
680110
680122
680120
680119
680093
680116
680115
680114
679657
679985
679714
679695
44936
680058
680117
680059
680082
680083
680080
680079
680107
680108
680094
680106
680104
680102
680100
680099
680098
680097
680096
680095
680105
680057
680056
679544
679543
679542
679545
679546
679547
679548
680567
680569
680570
679535
680571
680579
680578
680576
680575
680574
680587
680586
680585
680584
680573
679539
679534
679532
680071
680070
680069
679668
679615
679614
544378
679613
679612
679611
679617
679554
679550
679549
679551
679553
679552
679531
679529
679533
680084
680580
680086
680087
679991
679987
679986
680011
680012
680009
680008
680005
680007
680004
679990
680003
679999
680000
680032
680031
680030
680027
680025
680002
680022
679992
679994
679962
679961
679959
679958
679983
679982
679979
679993
679978
679975
679974
679973
679989
679988
679997
679996
679995
680018
680017
680045
680066
680065
680064
680063
680060
680061
680074
680073
680072
680076
680078
680077
680089
680088
680075
680049
680048
680016
680014
680043
680041
680039
680040
680038
680037
680036
680035
680034
680055
680054
680053
680052
680050
680026
680085
679408
679400
674387
673507
673517
673518
673521
673526
673508
673477
673482
673505
673506
673490
673491
673496
673499
673471
673475
673470
673544
673549
673551
673550
673564
673565
673546
673510
673512
673514
673511
673552
673553
673529
673533
673538
673537
673539
673540
673542
673543
673441
673419
673422
673440
673425
673426
673427
673428
673466
673465
673446
673461
673462
673463
673464
673434
673435
673454
673445
673447
673450
673633
673634
673638
673637
673615
673616
673619
673622
673618
673623
673624
673626
673605
673606
673650
673632
673642
673644
673627
673628
673629
673631
673643
673610
673596
673597
673598
673613
673649
674398
673672
673674
673658
673661
673646
673657
673599
673581
673583
673554
681734
673560
673587
673570
673572
673577
673582
673579
673561
673555
673563
673588
673591
673603
673592
673594
673585
673586
673593
677222
677221
677220
673200
677219
677242
677241
677240
677239
677238
677223
677237
677235
677233
673203
677231
677230
677229
677228
677227
677258
677259
677234
677257
677224
677226
677192
677193
677191
673236
677206
673238
677204
677203
677202
677199
677225
677214
677213
673240
677212
677211
677210
677209
673239
677218
677216
677215
677208
677195
677256
677254
677278
677276
677275
677280
677279
677285
677284
677283
677281
673211
677282
677287
677286
677291
677290
673217
677289
677294
677293
677298
677288
677255
677260
677262
677253
677252
677251
677250
677248
677247
673205
677245
677244
677243
677263
677261
673207
677272
677270
480135
677269
677268
677265
677266
677267
673208
673206
677196
677198
677197
673274
673276
673277
677086
677085
677084
673282
677082
673261
673263
673275
673264
677152
673265
677150
673269
673245
677143
677141
677140
677153
673244
677091
677093
677068
677069
677067
677066
677064
677063
677062
677061
677059
677058
677092
677057
677104
677103
677101
677100
673271
677097
677099
677096
677094
677123
677056
677138
677136
674380
677157
677176
677174
677175
677173
677171
677170
677169
677178
677177
677158
677168
677166
677189
677187
677186
677185
677184
677194
677182
677180
677179
677167
677159
677162
677161
677134
677133
673249
673256
673257
673258
677126
677125
677893
673260
677121
673243
677118
677117
677116
673242
673241
673228
673229
673230
673232
677163
672999
673002
672977
676153
672979
672980
672982
676157
676156
673042
673043
673044
673014
673017
629365
673018
673021
673022
673025
676162
673026
673013
673006
673004
673007
673011
673003
673012
672997
672998
676155
673027
672983
672984
672985
672931
672932
672933
672936
672946
672938
672941
672942
672943
672907
672930
672908
673061
672917
672918
672906
672920
672899
680024
672901
661715
672903
673062
672926
672924
672923
672986
672987
672992
672991
672993
672994
634000
672962
680643
672965
660630
672969
621097
672971
672972
672950
672948
672953
672954
672955
672958
511343
672960
673028
677073
673039
673063
673182
673185
673188
673189
673190
673191
673196
673195
673194
673161
673179
673162
673155
673156
673158
673160
673159
673225
673146
673148
673163
673150
673227
676146
676154
676150
676152
676151
673220
673218
676130
673221
676127
673222
673226
676133
673204
676136
676135
676140
676139
676143
676142
676134
676147
676148
673138
673153
673132
673101
673102
673103
673083
673084
673086
673067
673071
673072
673073
673100
673074
673078
673080
673047
673050
673052
673053
673055
673056
673057
673059
673075
673097
673096
673095
673134
673135
673136
673118
673119
673121
673129
673124
673105
673108
673109
673110
673112
673114
673115
673116
673087
673088
673089
673090
673091
673093
673038
677072
673302
673367
673371
673358
673359
673362
673361
673346
673347
673345
673338
673337
673336
673343
673344
673391
673407
673409
673429
673402
673406
673401
673408
673411
673381
673385
673379
673389
673390
673388
673378
673383
673414
673415
673397
673399
673398
673400
676977
673295
640605
676979
676978
676976
676975
676974
676973
676972
676946
676971
676984
676983
676982
677017
677016
677015
673296
677014
677012
677011
676985
677010
676895
673289
673294
673293
673284
673290
677008
677009
677006
677045
677036
677043
677042
677041
677040
677039
677038
677034
677035
677044
677037
677032
677031
677054
677027
677026
677024
677025
677022
677029
677028
677033
677046
677047
677048
677005
677004
677002
677003
676999
677000
676998
676986
676996
676994
676995
676992
676990
676991
676989
676988
676987
677053
677052
677051
677050
677049
677074
673315
673316
673319
673354
673353
673307
673309
673308
673311
673306
673304
673322
673328
673333
673303
677306
676855
673671
678784
678785
678782
678781
642289
674160
678780
678816
678815
674161
678786
674163
674166
678810
678809
678808
678807
678806
678805
678804
674167
480658
678812
678802
674156
674155
678768
678766
678764
678763
674174
678762
678761
678760
678759
678777
678779
674186
678775
678774
678773
678772
479637
674187
678790
678789
678788
678787
678776
678767
678801
678799
678845
678844
678843
678842
678841
632337
678839
678838
674143
674144
678847
674145
678834
678833
674142
678869
674116
678867
678865
678864
678862
674114
674148
678800
674139
678850
674158
678796
678792
678791
678831
674168
678829
678828
678827
678825
678849
678826
678823
678822
674170
678820
678819
674171
674134
678852
674135
674136
678824
678769
678751
678752
678688
678689
678687
678686
678698
678699
678697
678696
678695
678693
678690
678694
678700
678707
678706
646056
678704
678703
678702
678701
678708
678718
674202
678719
678691
678673
678669
678668
678667
678666
678665
678664
678663
678662
678684
678683
678670
678682
678680
678679
678678
678677
678676
674201
678675
678674
678671
678672
678681
678716
674215
678717
678736
678735
678734
674181
674182
678733
678732
678743
678749
678748
678737
674184
678746
678745
678744
678758
674177
678757
678756
678755
678754
678753
678747
678738
678740
678739
678715
678714
674192
678712
678713
674193
678711
678709
678710
678729
678728
678726
678727
678725
647446
674194
678724
678723
678722
678721
678742
678730
674180
678860
678859
678858
678857
678406
674069
678414
674072
678242
674074
678243
678240
678239
678127
678405
678206
678207
678205
678204
678203
678215
678214
674057
674056
674061
678210
674054
678209
678436
674096
678437
678453
678454
678455
678452
674097
678451
657842
502418
678354
674081
678446
678445
678444
674082
678460
678459
678458
678457
678456
674065
674080
678229
678227
678226
678263
674049
674050
674051
678260
678281
678280
678279
674052
678273
678264
678277
678275
678274
678289
678288
678287
678286
678284
678285
678296
678294
678276
678265
678266
678249
674046
678225
674047
678224
678223
678221
678220
678218
678216
678247
678248
678246
678245
678244
678241
678238
678237
678236
678235
678256
678254
678253
678250
678439
678651
674092
678443
678898
678907
678906
678905
678904
674127
678902
678901
678900
674128
678883
674131
678495
678496
678499
678498
678497
666133
678491
678492
678493
678486
678494
678485
674126
678885
678881
678413
674132
678879
678878
678876
678877
674120
678875
678874
678884
678873
678871
678870
678893
678892
674453
678891
674124
678888
678887
678886
678872
678484
678487
678489
678415
678412
678421
678426
678425
674107
674112
678424
678423
674113
678416
674083
674087
678419
674088
678431
678430
678428
678429
678435
678434
678433
678420
678417
678418
678468
678472
521037
678471
678470
678469
678476
677418
678475
678474
678477
678478
678479
678480
678481
674106
678483
678473
678462
678463
678466
678464
678465
678467
678442
678293
678652
678654
674354
674355
679014
679015
679013
679012
679034
679025
679033
679029
679018
679030
679032
679028
679026
679027
679024
470209
679037
679036
679035
679039
679031
679047
674353
678997
679134
674368
679133
679131
674345
679128
679129
679130
679098
679055
674352
674348
679011
679010
674349
679007
679006
679005
679003
679002
679001
678998
679009
679136
679048
679045
678917
674336
678915
678913
678912
674337
678910
678930
678931
678929
678909
678928
678924
678923
678922
678920
678919
674339
678940
674340
678939
678938
678926
679043
674334
678895
679046
679044
679042
679041
679040
679038
674346
679063
679056
679062
674333
679061
679059
679058
679057
679054
679053
679052
679051
674350
678899
678897
679060
679135
679137
679132
679438
679437
679436
679434
674390
679435
679383
44934
679304
44932
679440
44931
679096
679093
679092
674372
674371
674373
674374
674376
679097
674381
679439
674389
679412
679413
679410
679411
679418
679417
679416
679415
679428
679426
679441
679425
679424
679422
674388
679421
679433
679431
679432
679430
679443
679442
679423
679085
679084
679082
679107
679123
679105
679104
679103
679102
674364
679101
679100
679099
679109
679122
674366
679120
679119
679118
480162
679117
679127
679126
679125
679124
679121
679110
674363
679115
679083
679080
679081
679079
679078
679077
679111
674357
679074
679075
679073
679072
679113
679071
679070
674358
674359
674361
674360
674770
679108
679106
678937
678936
678934
678935
678582
678579
674253
678578
678577
678856
674258
674259
674261
678572
674250
678596
678593
674246
678591
678589
678588
674264
678587
678586
678585
678605
678594
674265
678556
674244
674291
678547
678546
678571
678570
678569
491163
674267
674281
678567
674248
674284
674287
674288
678561
678563
678562
678560
678559
674242
674243
678555
674286
674229
678603
678602
511205
678624
674223
678644
678649
678648
678647
678646
678645
678643
678625
678642
678640
678639
678638
678637
678650
678659
678658
678657
678655
678656
678641
678626
678627
678628
678601
674231
678599
678598
678608
678622
678621
678620
674230
678618
678617
678615
674233
674217
678612
654815
678609
678635
678634
674220
678631
678629
678630
674277
678653
678550
674274
678961
678958
678973
678972
674325
678970
678969
678968
678994
678993
678960
674326
674330
678991
674310
674311
678987
674312
678986
678984
657553
674314
674327
674316
674322
678963
678933
678947
678946
678945
678942
674343
678944
678941
674344
674317
678962
678952
678950
678949
678957
678956
678954
678955
674318
678964
678965
674319
678951
674292
678976
674293
678525
678538
678537
678536
674305
678534
678533
678532
678530
678531
674306
678529
678545
678544
678543
678541
678540
674300
678553
674268
674269
674273
678528
678527
678523
674304
678981
678980
678979
674294
674296
678978
678977
674289
674298
678720
674297
678161
678162
678169
678183
678234
678519
678518
678522
678521
555000
674295
678524
678551
678292
678291
678290
677736
673804
673810
673809
673808
673812
677733
673813
677731
677730
673821
677729
677727
677726
673814
677724
673797
677722
677742
677741
677740
677757
677728
673796
677738
677700
673839
677824
673838
677719
677718
673840
673841
673829
677708
677715
677699
673817
677712
677721
677709
677707
677706
677705
673815
677703
677702
677701
677713
673837
677756
673801
677764
677763
677762
673768
673769
673771
677760
677759
673773
677783
677765
677781
677779
677780
677796
677794
673775
673776
677795
677792
677793
677789
677782
673799
677766
677769
673800
677753
677752
677751
673783
677750
673785
677745
677778
677777
677767
677774
677775
673791
673792
677776
677773
673793
677772
677771
677768
677770
673787
677687
673846
677688
677568
677566
677565
677605
673890
677603
677602
677601
673892
677599
677567
673895
677596
677595
677594
677593
677592
677590
677633
677632
673861
673863
677597
677631
677588
673886
677556
677555
677554
677553
673878
677552
677551
677550
677528
677560
677587
673877
677559
495242
673882
677576
677575
677574
677573
677572
677571
673883
677558
677612
673860
673866
677659
673850
677657
677655
677654
677684
677674
677682
677683
677451
677660
673852
677673
677672
677671
677696
677694
673851
677692
677691
677690
677689
677681
677662
677663
677634
673867
673868
673858
673859
673857
673855
677622
677621
677620
673844
677618
677617
677616
677615
677614
677613
677611
673847
677610
677609
677666
677665
677664
677788
677786
677787
673780
673718
677934
677933
673715
673719
673721
677930
677946
677945
677944
677935
677942
677939
677938
677937
673724
677936
677955
677954
677951
677953
677952
677940
677949
677912
677913
677910
677906
677907
677904
677905
673711
677928
677914
677927
677925
673713
673710
673709
677922
673712
519844
677920
677919
677917
491423
677916
677915
677923
677950
677948
673725
673684
677318
677320
673687
677321
677322
677324
677325
673692
677326
677316
673691
673696
673699
676813
676432
673665
677151
673670
676993
677323
676791
676900
673682
677317
677315
673726
677454
677328
677327
677329
677297
625579
677299
677303
677302
677301
673727
677300
677304
677308
677307
677310
673679
677309
677311
677314
677313
677312
677909
677537
677911
677886
677822
677823
677821
677820
673746
677818
677817
677816
677815
677814
673755
677849
673758
677838
677846
673759
677843
673740
677841
677840
677839
677863
677848
677862
677826
677813
677797
673762
677812
677811
677810
677809
673763
677807
677806
677805
677827
677804
677800
677837
673766
673747
677832
673750
677831
677830
676341
673756
673765
677861
677860
527812
677872
677884
677883
673731
677882
677881
677880
673732
677879
677901
677870
673733
677899
677897
677896
677895
677894
677892
677887
677890
677888
673734
677871
677873
677874
677857
677859
677851
677858
677856
677855
677854
677853
677852
677850
677869
677868
677867
677866
677865
677864
677877
673741
490949
677876
673742
476428
677875
673705
677539
677540
677541
678064
678063
678061
673980
673962
678059
678058
678078
678079
673964
678062
673961
678075
678076
673960
673958
678072
678071
673956
678070
665933
673954
678077
673955
673977
678067
673967
678399
678398
678397
678395
673968
678407
673969
678404
678411
673976
678410
673972
678409
678408
678057
678056
673973
673975
678054
678053
678051
673971
673951
678081
678082
677698
677878
677903
677965
677963
677962
495243
677961
495006
673941
673945
677960
677958
677981
673937
673936
517307
677977
677967
673931
673932
677973
681779
677608
677606
677563
673952
678095
673949
678094
678093
678090
673948
678091
678089
678087
678086
678085
678084
673946
678015
678014
678011
678009
678012
673947
678010
677337
677362
678400
677972
678402
678376
674036
678330
678324
678323
674032
466329
678322
678320
678319
678318
678325
678317
678337
678336
678335
678334
674034
678332
678331
674021
678341
678340
678316
674020
678326
678329
678303
678302
674045
678300
678301
678299
674041
678298
674043
678313
678327
678314
678310
678309
678308
678307
678306
674029
678305
678304
674031
678328
678312
678338
678349
674012
612015
673981
678382
678392
678390
673983
673985
673986
673988
673989
678394
677422
673992
678385
673994
678383
678377
678378
673995
678381
678375
678374
678387
612020
674002
678355
678348
678347
678345
678344
678343
678342
678373
674016
678371
674017
678369
678367
678368
678357
678366
674005
678364
678361
674008
674007
678359
678358
678356
673999
672885
677971
677969
677462
677461
677460
677458
677457
677456
677455
677452
677476
677464
677475
677472
677473
677471
677470
677486
677481
677487
677485
677484
673906
677482
677465
677435
677433
677432
677428
677431
677429
677430
673909
673908
677447
673910
677467
677446
677443
677441
677440
677439
677438
677437
677436
677450
677448
677449
677444
677479
677480
677477
677522
677521
677519
677518
677516
673875
677536
677535
677534
677533
673869
677532
677530
677529
677527
677549
677548
677546
677545
677544
677543
677542
677531
677524
677506
677507
677500
677499
677498
677496
677497
677495
677493
677494
654875
677492
653930
677491
677504
677503
673902
677513
673905
677510
673900
673871
677508
673907
677970
677423
677408
678002
678001
678026
678025
678024
678023
678020
678019
678018
494909
673921
678008
678050
678048
678036
673919
673916
678046
678043
472184
678041
678039
678049
678038
678004
678006
673930
673926
674216
673929
677999
677984
677998
674212
677995
677994
678005
677993
677991
677990
677989
673922
674214
511186
677987
677986
677985
678007
677992
678037
673917
678034
677389
673911
673913
677420
677419
677416
677410
677406
677405
677404
677390
677402
677399
677401
677400
677398
677396
677397
677417
677415
677413
677412
677403
677391
677392
677394
678033
678032
678031
678030
678028
678029
677679
677680
677941
677711
677375
677386
677385
677380
677378
677376
677383
677382
677381
677379
677377
677407
678065
667538
58713525
58450540
51249544
58713538
58713543
57144254
58713547
58514657
57927512
57357613
56989229
58713554
58713557
58713562
58069085
57465277
57096725
56186041
58246924
58442004
58183295
58585036
58713417
58317779
57070858
58131685
54772965
58713447
57938452
57661914
58657842
58179391
58662249
58713466
58247358
57659220
58417931
58713496
58713501
56732348
57605032
58713629
56352820
57907776
58713643
56733036
58656650
58392772
58713653
58526945
58022854
58525461
58663608
58260103
58713672
52100243
57707435
57911810
55494334
58564609
56668500
58713582
58713583
57854100
58713585
58675012
58557880
58541391
58713595
56746609
58713401
58280781
58075318
58017739
58713609
57689162
58713625
58194966
58657238
57801424
57762308
58731621
58713180
58566564
56730447
57201136
58713190
58731619
58131680
58624084
57944169
58731537
58731539
57912729
58731546
58731567
58731572
58731575
57863706
49351327
56379236
58731588
58731598
58724500
57902231
57723785
58252861
58731616
58692270
58717695
56560766
58713279
57952801
58713315
58713318
55632007
57550127
58713350
58313476
58597657
57678152
58616105
58713381
58450503
58713387
58616305
58713196
57193793
58713212
57558379
57950148
57757876
58713233
58536818
58713241
58252206
57751689
58713262
58713268
58713270
58713275
58445870
57888132
58567345
54216491
57869315
56879098
58543023
58713722
58581834
57042998
58669043
58223526
56232519
57467058
58581879
56199214
58521188
58616690
58458799
58448847
56230580
58677733
57710778
58503118
58482075
58713700
57653478
58663430
57607451
58025684
58656858
58228529
56506002
56266799
58324994
57912802
58561259
58617112
57440637
56651740
58731513
58652345
58545559
58635813
58596538
58417902
58112156
56346850
57677929
58344421
58633577
1629
1310
1493
2260
2264
2111
2287
2078
1431
1953
58668603
58668606
58668611
57859900
58668631
58668638
50034559
58668644
58668654
58668663
58668669
58640644
58044600
58668602
55898143
58668497
58513385
58668515
58668517
58668520
58668523
58125622
58668533
58573492
58668549
58668551
58493095
58668558
58668560
58668567
58650228
58374222
58136524
57558318
56685439
58027135
58659342
58093556
58251756
58285622
58666237
58035074
58633395
58674893
58600988
56737792
58674895
58674897
58674888
56182959
58474039
57031114
57023266
58359144
58481646
55635064
58405012
58374291
58246992
56361463
58674919
58674921
56086203
58674930
58674932
58660667
56132900
57961805
58647086
58674936
56845972
57500008
57781990
58121022
58407887
58471059
57440643
58701731
57755437
57421343
56608739
58657677
58603524
58572194
58609534
58685390
58446380
58095531
58564683
58657052
56439477
58641160
58527255
58668123
58366628
58624645
58322152
58672270
58487549
58691779
58586081
51041037
58551027
58279083
58171039
58436320
57931952
58590229
58551795
58113955
58713751
58446968
57604077
58581852
58545554
58663729
58623171
58318574
58713932
58713937
58220030
58713945
58713949
58530587
58713951
56566641
58713954
58713956
58713957
58585429
58399610
58713978
58713983
58713998
58714005
58714012
58697376
58693674
58714103
58714141
58503483
58037572
58713912
52411268
58713809
58596765
58713839
58474132
58696195
57650493
49337126
58622595
58713886
56815247
58713892
58713899
57656368
58504294
58505337
58713909
57635308
57217725
58711168
57460337
58285290
57885244
58711175
58682566
55511976
58018018
58711195
58394218
58269270
58406476
58634562
58618297
58711216
58711219
58711235
57138593
57732567
56797077
55448032
58711065
58711070
56303816
58417307
58711071
58689472
58711084
58360457
58647518
58641752
58674960
58594913
58711121
58305431
58711125
58580321
58711140
58711146
58711153
58711154
58703253
58711156
56863607
58711323
58711326
58711328
58711345
58711346
58682674
58066064
58711373
58711381
58601661
58647041
58661438
58711397
58711403
58711404
58280068
58711413
58711414
58656961
58001974
58713730
57826603
58665466
58711316
58711315
57972153
58116837
58711260
58711262
58711269
58633977
58681107
58711274
58711275
58711278
58502862
58097488
58711291
57940671
56060150
58711301
58545032
52210957
58711313
58711314
58711288
58714173
58419884
58714219
58707180
55664116
54498574
58575222
50097306
56734976
58657624
58656247
58618011
58281419
58671277
58636280
58714551
58714553
58658868
58677988
58714562
58374181
58714584
58466333
57855730
54012652
58692594
57024157
58714535
52767948
54103043
58714391
58710011
57996080
57193524
58714415
58714416
58617830
58617527
58714428
58714430
58491298
58361603
58714445
58655837
57305214
58714480
57446292
57514931
58714514
58353943
57925758
58714524
58578640
58663775
58082970
58572215
57034852
58617389
58100865
58419415
57675125
57786705
57631791
57327814
58714689
58714701
57122343
57612085
58408472
49336734
56967711
58710013
58537537
58615774
58714646
55036741
58655776
58714665
58714604
58714613
58714621
58644391
58578221
58539440
58598521
58307041
54010681
56153271
58644469
56752111
57951100
58538658
58175207
58586080
58658436
58579862
58526675
58714657
58692805
58714659
55075782
57983445
58714387
58616144
58387209
58664262
57308375
57793940
58263348
58648985
56838924
53724363
58634091
58706631
58163664
58664323
58326940
58524151
58676132
57919037
58403797
58355356
58454376
58357793
58685610
57416700
58714306
58679184
57916881
57149506
58300283
58558208
58365068
58622614
55910372
58714248
58699718
58685561
58627888
58714257
58714260
58039400
58615556
58624123
57559748
58354022
58657087
58706611
57960246
58706666
58610355
58714310
58692518
58696125
58714358
58500187
58222418
58637480
58362669
58345278
57921824
58713939
58692635
57906944
57078008
58678391
58443477
58021639
58013681
53813847
58714367
58134646
57736308
58714382
57916796
58714385
57910363
58714386
56197810
56732439
55596211
58359225
54960387
58714316
58382946
54096329
58714318
57918238
58552283
58714330
57333998
58692579
58091688
58616902
58636761
58620764
58567885
58422448
58687022
58674800
57092797
58555378
58688428
58714348
57259548
57712044
57955081
56617381
57796700
58711042
58703876
58711461
58711466
58519248
58696572
58519324
58647935
58711488
58223716
58711493
56933041
58711500
58711518
58689720
58689742
58711543
58675429
58507368
58711552
58431959
58711449
58711444
58711439
58628943
57331276
58022169
58659620
57553099
57713998
56759968
58669718
58017224
58237937
58575114
58689611
58549172
58519285
58711430
58203827
58274571
58665507
58711594
56382481
58711819
56917544
58019428
58679469
58711836
58711845
58711846
57742062
58711873
58711886
57741963
58711905
57774285
57805822
58682881
58674107
58677896
58683092
58601214
58456238
58690584
58711800
58711795
58711596
58711618
58711621
58711635
58711668
58711671
58711673
58711676
58711681
58711683
58711686
58711719
58711720
58711724
58671492
58711746
58711755
58711764
58654928
58630820
58616659
57940622
57285071
58064485
58189830
52197001
58616837
58442462
58488975
58543497
58596943
57555409
58237300
58699287
58709692
58457475
58457939
58033007
56989938
58128151
57986251
58714723
58714725
58007842
57879589
58617343
57481277
58208512
58564180
58640020
58714746
58660547
58265989
58714753
58369950
58407849
55574426
57278906
57706364
57566115
57147264
58658041
58302667
58445917
58714919
58714949
58714971
58714989
51702697
57825374
58714997
58715004
57936146
58715010
58616892
58319866
58645414
58715051
58616867
51493013
58609508
58714908
58714898
58714888
57881483
58709565
58690038
58397836
58671575
57115169
58664847
58714821
58616548
58714831
58446349
57873021
58264829
58714859
58714855
57853580
57283411
58617452
58594037
58714736
58711928
58421344
58646056
58710830
57551066
58708713
58710837
58710841
58437714
58622660
58710853
58710855
58705208
57563173
58710868
58622640
58622678
58674677
58622689
57714041
58165809
57573667
57714002
57714068
58622683
58709557
57410511
57178186
57553699
57554283
58710784
58710787
58622674
58703917
58710797
58690532
57255994
58710799
58710802
58710804
58622650
58622663
58079154
58622671
58710808
58499097
57714010
57596604
57731134
58702413
58710814
57573834
58694172
58710820
58702737
57573025
58710885
58710886
58217651
55731615
57277542
57779200
58402961
58710934
57554828
58710943
58252022
58632986
57566911
57713979
58710954
58710956
58710958
58710967
58710990
58710994
58710998
58711018
58711026
58711028
58711038
58711039
58705210
58622655
57713969
58710890
57596982
57560414
58710897
58622642
58622653
58622630
58710900
58710909
58622638
58710781
58683939
57566994
57574097
58710924
58710925
58622636
57955511
57701446
58622647
58360394
56102863
57714009
58638475
57596519
57756636
57566992
57550714
58622664
57569975
58686988
58709292
58622661
58710566
58709556
57576633
58710590
58710591
58280844
58622657
58710600
58312660
58710605
58710606
57553196
58064180
58622633
58531413
57552990
58710626
58695976
57566979
58540730
57716961
57738018
58711932
58624962
58675802
57760745
58640791
58675899
57756326
58672449
58622665
57716960
57563396
57713917
58622684
58622629
58622646
58710522
58266459
58622634
58622632
58622677
58710532
58622676
58622686
58622658
58257568
57641582
58710731
58622670
58710736
58710743
58622672
57554323
58710746
58622656
57955508
57569301
58622680
57553776
57983458
58622682
57485861
58622211
58710755
58710758
57713910
57550839
57714013
58710773
58696768
58689086
57714003
57713972
58695428
58710730
57713994
58653917
58631580
58622666
57787687
57983466
58540452
58622644
57796295
57714037
57553768
58647200
58494769
58677898
58622654
57570348
58710702
58710703
58247370
57607870
57627991
57714044
58710706
57553588
58694891
57960185
58708135
57586580
58652764
58731509
58731493
58731505
58423947
58666088
58638066
57920807
58687676
58111519
58720724
57722596
58503443
58665674
58674083
56924367
58402970
58511931
57052972
58649130
58716197
58394586
58730508
57708108
58177327
58637798
58539688
56926418
58701137
58549518
58687379
58064066
54934058
58602654
57227108
58634632
58666079
57298471
58730544
58638120
56228860
56998558
58593578
58043529
58366467
58709789
58253210
58688375
56734324
57833076
58731370
58295596
58695158
58731376
58205957
58731390
58695338
57817896
58717423
58313585
58688398
58431214
58717271
58623812
58731326
58330627
58096046
58731264
58702044
58507744
58731268
56886756
58193286
54919780
58731285
57558854
58695157
58709114
58566069
58731296
57656665
58731304
58731305
58731306
58568152
58568085
58731320
58631046
58598019
58688380
58469342
58358442
57956833
58710065
57561106
58401718
57910828
58317758
57905199
58632441
56558571
58724378
57577319
58702354
58731455
58731456
58688538
58731482
56661431
57927530
58605437
58722201
58665588
58706950
58553969
57890136
57947586
58431324
58731415
57561745
58534944
58548731
58332464
58214029
58695409
57868851
56219609
58688500
58731414
58630919
58731232
57808526
58555247
58730616
58371732
57328272
57113149
57128652
58586974
58220409
58382990
58730629
51662815
58730647
58492535
58730656
58250730
58524943
58270471
58330748
58206443
58666031
56223315
55215813
58281504
57608236
58445033
56964930
57820994
57983321
58730591
58587442
58515365
57301991
55695705
57676644
58666098
58675852
58032299
36947731
58657108
58730670
58185268
57155547
58043540
58709426
58561545
58730903
58730905
58721556
58694879
54773053
58701318
58666371
56962860
54859491
58705692
56332991
58216290
58556116
54757574
57799292
56125400
58630405
58730713
58730717
58730725
57289657
58730740
58731241
58730764
58730766
58694711
58728920
58503481
58691279
58709303
57572982
58642066
58730877
53779159
54951081
58377294
57569227
58732948
58180476
58626289
58732944
44297915
58733136
58733230
58733264
58725681
57187557
58733286
58733297
58733299
58733300
58733307
56380809
58456076
57554771
57714008
58715558
57714063
57622426
58365010
58009991
57554577
58733116
57556742
58733111
58733101
58732976
58732982
58732984
57556543
58732995
58705730
58733005
58733008
57725548
58314472
58733022
58264989
58733045
58733056
58733058
58733059
58733063
58733078
58733085
58733094
58733108
57586792
57714126
57863546
58732758
58732760
58732768
58732786
58732791
58732792
58732783
58732784
58732796
58732802
58732817
58732865
58732869
58720417
58718459
58732891
58732899
58732907
58732917
58732757
57596802
57714060
57714042
57586727
58732724
58732728
57714147
58732730
57622315
58705645
57557831
57559744
57570416
57713947
57555136
57714077
58732737
57713938
57556176
58732741
57622616
57586776
57555039
57713891
57863699
57550352
57569093
57552780
57557474
58241007
57525753
57525890
57526079
57526770
57527019
57527234
57527357
57527415
57527478
57527649
57527680
57528209
57528350
57528519
57413585
57528778
57529323
57529846
57529867
57530449
57530522
56788867
57530640
57530667
57530706
57531010
57531076
57525725
57531090
57525682
57525370
57510512
57521860
57521894
57521932
57521978
57522064
57522136
57522137
57522221
57522240
57522281
57522370
57523092
57523266
57523985
57524258
57524277
57524538
57524708
57524768
57524789
57524852
57525017
57525235
57525294
57525296
57525361
57525563
57520601
57531639
57531722
57536223
57536647
57536670
57536839
56336252
57536932
57537365
57537641
57537702
57537709
57537730
57538131
57538554
57538572
57538707
57538770
57538792
57538821
57539470
57539907
57540225
57540249
57540252
57540592
57540667
57541002
57541087
57423079
57531663
57536084
57535705
57531923
57349896
57532219
57532621
57532684
57532693
57532784
57532874
57533159
57533235
57533435
57533891
57533892
57533893
57534061
57534313
57534325
57534327
57506776
57522120
57534788
57534829
57534918
57535296
57535370
57505195
57535642
57535728
57520538
57520223
57520218
57456338
57510192
57510268
57510389
57510493
57510505
57510800
57510948
57511184
57511298
57511345
57511350
57511480
57511513
57511916
57511989
57512272
57512336
57512382
57512475
57512494
57512505
57512640
57512693
57512722
57512956
57513031
57509592
57513056
57509471
57509197
57505426
57505519
57505694
57506156
57506321
57506381
57506426
57506490
57506675
57507504
57507529
57507665
57507686
57454563
57507820
57508189
57508232
57508234
57508239
57233550
57508454
57508529
57508779
57508957
57508970
57193203
57482589
57482883
57513120
57513129
57513184
57516027
57516035
57516100
57516222
57516301
57516843
57517004
57517059
57517077
57517090
57517151
57517246
57517345
57517670
57517951
57518404
57400222
57407648
57518720
57518855
57518871
57466372
57519425
57519683
57519879
57519942
57520190
57516017
57515906
57515395
57515363
57513255
57513395
57513404
57513414
57513490
57513575
57513750
57513884
57513954
57514002
57514038
57454397
57514277
57541441
57514279
57514397
57514407
57514422
57514680
57514753
57514940
57515041
57515053
57515152
57515237
57515265
57312528
57515329
57514391
57541953
57541984
57488878
57564365
57564567
57564697
57564827
57564860
57565289
57556783
57565498
57565991
57566019
57566073
57566128
57566133
57566165
57566197
57566237
57566269
57566291
57566332
57566334
57566350
57566367
57566385
57566529
57566530
57566625
57566719
57564359
57535868
57564117
57563483
57535541
57560574
56961559
57560729
57560773
57560868
57560869
57560916
57561135
57561193
57535714
57561610
57561616
57561776
57561926
57561941
57561966
57562107
57562207
57562232
57562578
57562616
57562871
57562903
57563160
57563273
57563294
57540237
57566861
57567312
57567500
57571501
57571588
57571647
57571648
57571652
57572351
57572453
57572628
57572662
57545652
57572846
57573147
57573613
57573771
57573881
57574339
57574482
57136367
57574652
57574659
57574917
57574999
57575009
57575227
57575412
57575542
57575782
57520988
57571398
57570950
57570763
57567557
57567559
57567600
57567829
57567847
57567848
57568153
57568399
57568408
57568448
57568486
57568491
57568570
57560031
57568602
57568926
57569064
57569178
57569512
57569618
57569641
57569860
57569913
57569935
57569964
57570194
57570263
57570535
57568797
57505406
57559803
57506945
57545586
57545617
57545672
57545682
57545816
57545821
57546184
57546372
57546402
57546428
57546521
57546767
57546772
57546915
57547147
57547149
57547562
57547695
57547744
57547777
55777051
57547950
57548005
57488177
57548029
57548215
57548443
57545388
57548608
57545310
57544935
57542363
57542400
57542404
57542585
57542823
57542824
57542825
57542945
57542966
57543021
57543046
57543054
57543182
57543475
57543488
57543622
57543870
57544067
57544482
57544497
57544503
57544556
57544611
57544856
57544859
57544863
57544915
57517555
57548726
57548917
57548947
57556274
57556286
57556793
57556813
57556839
57531906
57556908
57472169
57557026
57557190
57557461
57557464
57557759
57504738
57558056
57558142
57558292
57558632
57558637
57558874
57558877
57558927
57558956
57559012
57559095
57559132
57559240
57556092
57555981
57555889
57555881
57549089
57549333
57549398
57549837
57549863
57550025
57550388
57550824
57551476
57551603
57524547
57551828
57551984
57559447
57552238
57552526
57552665
57552688
57553645
57553848
57554002
57554048
57554240
57554250
57554255
55906989
57555710
57555744
57552280
57576080
57505199
57504745
57442935
57443056
57443057
57443090
57405587
57443477
57443600
57224186
57443728
57443756
57444256
57444485
57444694
57444837
57444855
57445051
57445262
57445787
57445887
57421406
57445899
57446750
57446918
57447314
57447388
57447573
57447620
57442852
57447742
57442645
57442506
57438317
57438371
57438659
57438678
57438693
57438787
57439001
57439185
57439490
57439501
57439544
57439701
57439703
52453967
57440273
57440374
57440386
57440642
57391680
57440899
57381655
57441382
57441435
57441756
57441862
57442155
57397648
57319120
57437795
57447977
57448098
57454427
57454653
57455066
57455560
57455689
57455900
57456032
57456063
57456289
57456569
57456740
57416755
57457260
57432358
57457825
57457998
57458548
57458742
57459071
57459079
57459415
57459653
57460167
57460186
57460187
57460188
57460492
57453748
57448012
57453635
57453162
57448158
57448212
57448432
57448571
57448660
57448665
57399232
57448893
57449002
57449053
57450714
57451135
57451342
57451345
57451390
57340484
57452107
57452124
57452280
57452361
57452485
57452751
57452755
57452812
57452922
57453045
57453119
57453613
57437560
57437500
57437423
57047668
57422585
57315517
57422752
57422789
57422792
56209001
57422995
57423028
57423708
57411556
57423814
57423940
57398952
57424005
57424340
57424459
57424595
57425173
57373565
57364949
57425418
57425491
57425758
57425776
57422378
57426254
57421507
57426421
57421081
57420990
57417941
57418140
57418170
57418195
57418210
57418242
57418300
57418399
57418436
57418716
57418928
57419464
57419568
57419574
57419787
57419959
57419998
57420123
57420163
57420243
57420283
57420458
57420530
57420536
57420633
57420945
57420987
57421036
57426528
57426906
57427004
57433575
57433653
57383795
57433840
57433884
57433920
57433947
57433965
57328747
57434138
57434590
57434630
57434761
57434823
57434844
57434885
57327396
57435275
57435622
57386021
57436255
57436530
57436718
57436827
57436901
57436987
57437010
56830890
57432978
57432904
57432012
57427054
57427125
57427259
57427359
57427366
57427458
57427794
57427835
57427900
57428505
57428543
57417698
57428931
57460604
57429202
57429923
57429929
57405119
57430042
57430129
57430486
57430602
57380853
57430933
57431075
57431082
57431583
57431704
57322994
57460663
57460898
57461030
57487602
57487715
57487731
57487737
57488078
56740907
57488144
57488148
57488306
57488325
54443904
57488941
57488991
57489111
57489143
57489158
57489215
57379901
57489695
57489890
57489915
57490052
57412509
57490756
57490825
57491113
57356923
57439429
57491342
57487110
57486719
57460029
57483065
57483090
57483180
57483183
57483187
57483204
57483252
57483270
57483278
57483459
57483571
57483969
57484117
57484353
57484425
57484477
57484821
57485332
57372475
57376382
57485691
57486041
57486043
57486046
57486170
57486394
57486846
57243934
57492027
57492415
57499307
57499465
57499853
57499885
57500093
57500162
57500711
57500761
57500901
57500924
57500941
57501330
57501347
57501411
57501606
57501758
57501848
57501953
57502122
57502489
57502934
57502960
57503391
57503466
57504261
57504278
57504394
57498853
57498418
57497330
57497199
57492673
57479594
57493312
57493335
57493489
57493687
57440811
57493753
57493779
57493818
57467985
57494032
57494147
57482758
57494186
57495521
57495548
57495611
57495672
57495786
57283927
57496273
57496385
57496422
57432676
57496501
57496513
57496535
57495471
57505155
57482592
57482178
57467099
57467167
57467193
57467284
57467382
57467820
57467994
57468047
57468138
57468322
57468346
57468437
57468638
57468664
57469218
57469221
57408392
57418169
57470512
57470695
57470858
57470871
57470893
57470956
57471173
57471471
57471533
57466480
57471674
57466342
57465691
57461215
57461563
57461668
57461679
57462231
57462246
57462276
57462284
57462492
57462533
57462601
57462765
57463011
57463103
57463186
57463191
57463226
57463260
57463355
57463429
57463613
57463848
57464060
57464444
57465083
54102719
57465427
57465727
57471695
57471712
57471904
57419137
57477271
57424989
57477553
57369066
57477851
57478139
57478302
57478422
57367222
57479216
57479239
57479530
57479720
57479821
57480104
57480357
57480559
57480681
57372093
57480966
57481080
57481195
57481782
57482055
57482103
57356666
57476537
57476331
57476085
57440726
57472003
57472007
57472139
57472350
57472596
57472748
57472928
57473121
57473205
57473432
57473479
57473536
57473583
57482282
57473598
57473793
57474015
56559456
57474142
57474178
57474300
57474550
57474587
57474849
57475214
57475656
57475667
57475782
57473753
57417568
57576107
57576201
57666614
57666736
57666845
57667209
57667211
57667274
57667522
57394325
57619565
57667676
57073549
57667938
57667977
57668056
57668124
57668178
57668224
57668302
57668336
57668884
57668885
57668938
57669130
57669229
57669268
57669354
57669550
57666583
57669599
57665962
57665784
57613419
57662275
57662347
57614711
57662917
57614803
57245066
57663628
57663950
57663965
57664298
57664376
57664429
57660583
57664463
57664521
57664603
57664806
57664847
57665036
57665097
57642863
57665374
57665498
57643306
57665669
57657453
57665844
57661790
57669769
57669837
57646421
57672794
57672844
57673131
57673172
57673369
57673514
57673566
57673706
57673721
57673770
57673839
57673890
57673917
57674084
57674099
57674200
57674224
57674471
57674620
57674632
57675052
57675141
57675236
57676128
57676304
57676348
57672662
57669820
57672661
57672348
57669844
57669916
57669945
57670057
57670215
57670358
57670371
57670586
57670632
57670757
57670806
57670879
57670913
57670999
57671174
57671211
57671236
57671581
57671747
57671804
57671902
57671952
57672081
57672119
57672137
57672286
57672287
57050398
57661764
57661741
57661628
57625285
57650784
57650891
57650983
57651249
57651271
57651369
57651710
57503586
57652503
57653191
57653445
57653499
57653553
57653555
57653588
57653642
56766222
57654145
57654398
57654459
57654595
57654754
57654841
57654954
57655339
57655432
57650662
57655443
57650491
57650096
57644934
57645053
57645130
57593427
57645750
57645792
57593639
57646179
57646484
57646621
57646727
57646942
57647271
57647296
57647513
57647526
57647723
57647910
57648269
57648291
57648901
57648982
57649125
57649184
57649486
57649658
57650029
57650211
57655493
57655613
57655780
57658950
57659116
57659151
57659228
57659307
57659335
57659396
57659441
57659529
57659790
57660029
57660277
57660531
57557250
57660792
57660957
57660972
57660998
57661020
57661048
57661193
57661279
57661441
57661469
57572450
57661520
57661592
57658913
56572968
57648436
57658555
57655855
57655882
57655896
57656118
57656146
57656459
57656479
57656543
57656571
57656755
57646376
57657117
57657264
57676466
57466386
57657772
57657856
57658036
57658217
57658263
57658298
57658410
57658528
57658529
57658530
57658531
57658536
57658539
57657736
57676722
57676761
57676955
57698658
57698674
57699367
57699462
57699499
57699683
57699891
57699963
57700001
57700119
57700343
57700349
57700613
57700615
57700626
57700662
57700679
57700775
57700809
57700940
57700976
57700988
57701023
57701192
57702041
57702120
57702221
57698418
57702237
57698112
57697919
57693004
57693043
57693857
57694123
57694214
57694308
57694437
57694692
57694909
57694991
57695062
57695120
57695175
57695418
57695727
57695764
57695780
57696503
57696736
57655463
57696973
57697037
57697105
57697189
57697673
57697683
57697812
57697922
57702398
57702496
57702529
57705352
57705472
57705639
57637078
57705706
57705709
57705751
57705841
57705890
57706005
57706124
57706125
57706208
57706428
57706732
57706735
57264956
57706860
57706920
57707283
57707289
57707294
57707349
57707396
57707465
57707572
57707664
57705232
57705133
57705036
57704779
57702576
57702601
57702728
57668440
57702841
57702887
57702904
57702964
57702965
57703017
57703081
57697880
57703403
57692622
57703483
57703686
57703725
57703779
57703956
57703975
57704033
57672592
57704110
57704136
57704148
57704470
57704741
57704748
57703567
57644659
57692534
57692346
57680448
57680474
57572479
57680816
57680820
57680898
57681025
57681126
57681263
57681334
57681359
57681420
57681427
57249777
57681856
57682067
57682379
57682398
57682570
57682730
57682794
57682904
57683100
57683230
57683379
57683432
57683502
57680425
57683630
57680283
57680079
57677220
57677328
57677460
57677625
57677631
57678175
57678286
57678629
57678631
57678718
57678756
57679001
57654331
57679083
57654580
57679166
57679191
57679204
57654631
57679213
57679226
57679246
57679266
57679403
57679741
57679859
57679887
57680145
57683703
57683705
57683738
57687783
57687968
57688267
57688281
57688370
57688392
57688478
57688599
57688676
57688800
57579667
57689181
57689235
57689389
57689703
57689725
57689728
57689730
57689913
57690183
57690370
57690433
57691402
57691410
57691709
57678512
57691925
57687681
57687615
57687493
57687491
57683765
57684361
57684492
57684523
57430779
57684730
57684816
57685180
57685430
57685552
57685574
57685650
57634883
57692408
57686013
57686204
57686500
57686660
57686736
57686795
57686907
57686935
57687012
57573964
57687056
57687068
57542286
57687443
57686084
57576116
57644577
57644482
57596896
57596911
57596920
57549866
57597487
57597557
57597953
57598749
57598762
57598818
57598823
57598846
57598867
57598887
57599206
57599324
57599346
57599391
57599479
57599530
57599678
57599751
57599796
57599923
57599937
57600232
57566896
57596533
57600488
57596487
57596234
57593004
57160634
57593867
56788915
57594223
57594238
57594532
57594564
57546884
57594975
57595292
57595305
57595450
57595470
57595506
57595514
57595593
57595602
57595669
57595760
57595856
57486888
57595928
57595937
57596124
57596199
57596225
57596461
57592968
57600499
57600624
57605253
57605268
57605516
57605573
57605709
57606037
57606178
57606265
57513313
57606371
57606384
57606587
57606670
57606806
57606881
57558576
57607054
57607306
57607307
57607390
57607420
57607802
57607895
57607984
57608030
57608068
57608165
57605052
57600585
57604819
57604502
57600825
57590106
57601204
57601244
57601251
57601274
57601391
57602050
57602109
57602144
57602582
57602649
57602716
57602723
57602787
57602998
57603053
57603101
57603217
57603309
57603327
57603534
57603947
57604008
57604097
57604158
57604260
57604565
57539242
57592714
57592698
57580647
57580664
57580687
57581082
57581250
57581298
57581515
57581720
57581744
57581812
57581992
57582052
57582055
57582154
57582230
57582253
57582372
57582437
57582439
57582528
57582551
57582588
57582658
57582959
57582963
57583018
57583038
57580569
57583156
57580531
57580240
57576273
57576319
57576925
57577121
57577234
57356199
57577894
57578553
57578717
57529771
57578809
57578888
57578952
57579190
57579320
57579486
57579563
57579578
57579600
57579609
57579661
57579682
57579701
57579890
57469496
57580007
57580199
57531698
57583159
57583251
57583404
57588298
57588583
57588667
57588719
57588787
57588911
57588994
57589047
57589226
57589315
57589321
57589837
57481112
57590232
57591186
57591192
57591280
57591321
57591663
57591699
57591708
57591911
57591918
57592021
57592025
57592656
57592670
57588297
57588294
57588192
57588159
57583460
57583645
57583674
53966323
57584092
57584193
57584380
57584392
57584875
57584911
57475714
57585350
57585913
57551157
57585959
57586255
57586655
57586750
57562329
57587076
57587270
57587547
57319257
57587820
57587949
57587963
57588061
57588105
57586048
57608526
57608529
57608598
57633038
57633086
57633236
57633413
57633558
57633596
57633690
57633761
57633935
57633990
57634116
57634185
57634365
57634561
57634642
57634678
57635092
57635335
57635399
57635471
57635515
57635683
57635717
57624328
57635983
57636030
57636232
57632668
57636291
57632419
57632177
57629288
57629331
57629337
57629384
57629481
57629831
57629857
57630013
57630688
57630764
57630845
57631002
57631006
57631064
57511193
57631295
57309117
57631510
57631630
57631633
57631634
57631636
57631743
57631769
57632088
57632126
57632140
57632207
57636372
57636648
57636663
57641051
57641168
57641697
57641848
57641893
57642057
57642060
57642168
57642197
57642349
57642776
57642847
57642898
57643002
57643037
57643162
57643294
57643304
57643489
57617592
57643699
57643803
57643822
57643888
57643959
57644286
57644327
57640791
57640783
57640541
57640384
57636695
57636793
57636856
57637158
57637293
57637537
57637783
57637864
57538826
57406260
57638171
57638316
57638628
57628883
57638713
57638935
57638936
57488375
57429500
57628161
57639187
57639566
57639656
57639774
57639849
57639850
57640016
57640060
57638875
57644491
57628725
57628687
57614284
57614465
57615059
57615225
57615402
57615503
57615551
57615552
57615616
57615755
57615917
57615987
57616091
57616258
57616334
57616352
57616380
57616387
57616441
57616492
57616502
57616545
57616547
57616571
57616846
57286126
57616914
57613722
57617012
57613422
57613040
57608644
57608769
57608955
57609048
57609235
57609515
57609591
57609633
57609985
57610026
57610126
57610193
57610215
57610230
57610381
57610587
57610764
57585900
57610881
57610984
57611222
57562202
57611431
57611645
57611671
57611834
57612567
57613293
57617645
57617673
57617755
57625219
57625305
57625345
57625463
57625526
57625629
57625689
57625754
57625842
57626054
57626308
57626437
57626465
57205734
57627068
57627129
57627315
57245083
57627813
57627843
57627916
57628165
57628386
57520032
57628452
57577596
57628584
57625062
57623775
57623726
57623525
57618149
57618202
57274703
57592685
57618872
57619239
57619367
57620127
57620211
57570620
57620342
57620387
57620418
57628721
57620669
57621285
57621394
57621585
57622272
57622423
57622439
57622466
57622572
57622683
57623019
57623458
57623496
57623505
57620936
57417515
57417354
57416461
57200673
57200710
57201254
56821395
57201640
57201665
57201695
57201776
57201871
57201960
57201963
57202453
57202503
57202520
57202584
57202841
57150471
57199369
57203185
57203346
57203741
57203748
57203878
57203933
57204124
57204516
57204554
57200668
57205103
57200449
57200185
57195339
57195431
57195483
57195556
57195645
57195703
57195806
57196062
57196375
57196729
57197062
57137969
57183739
57198121
57023309
57198488
57198510
57198645
57198996
57199220
57199347
57199404
57199415
57199543
57199789
57199947
57200164
57117025
57194976
57205227
57205810
57210572
57210637
57210809
57210868
57211210
57211299
57211389
57211551
57211597
57211636
57211649
57211814
57211920
57211934
57212090
57212207
57212209
57212212
57089833
57212528
57201247
57201235
57212828
57212985
57212989
57213038
57213057
57210530
57205233
57210483
57210198
57205816
57205831
57206127
55619398
57152694
57206346
57206859
57206941
57207177
57207229
57207626
57207682
57207719
57207721
57207752
57207982
57208356
57208437
57208803
57155349
57209009
57209197
57209258
57209682
57209688
57209761
57210114
57210300
57194882
57194846
57194803
57181770
57181877
57182189
57182555
57182560
57182576
57182865
57183240
57183269
57183480
57183541
57183599
57183602
57183723
57183921
57183936
57183959
57184159
57184187
57184412
57184666
57184927
57185219
57173484
57185524
57185728
57185760
57181498
57185765
57180750
57180265
57176921
57177041
57177212
57139855
57177256
57151165
57177563
57177869
57177941
57178183
57178233
57178853
57178861
57178936
57178968
57060998
57179045
57179096
57179189
57179306
57179400
57179717
57179794
57179912
57179927
57180112
57126927
57180749
57185791
57186061
57186099
57190688
57072265
57191022
57191398
57191401
57191445
57191463
57191477
57191609
57191613
57191848
57191887
57192137
57192400
57192412
57192465
57192479
57192599
57192615
57192898
57192978
57193128
57193807
57194163
57194466
57194544
57194710
57190610
57190070
57189962
57189802
57186246
57186370
57186374
57186466
57186664
57186678
57186769
57186856
57187114
57187122
57187125
57187447
57187475
56432263
57187492
57187681
57187800
57187848
57187907
57187908
57188096
57188145
57188618
57189049
57189284
57189316
57189324
57189425
57187577
57213349
57213429
57213919
57238060
57109879
55565099
57238305
57238306
57238377
57239420
57239491
57239848
57240298
57240931
57241065
57241123
57241235
57241405
57241460
57241897
57242307
57242321
57242347
57242568
57242616
57242899
57243007
57243068
57243207
57243242
57238022
57243267
57237983
57237744
57231474
57231602
57231675
57232148
57232406
57232412
57232815
57232849
57233245
57233549
57233562
57233575
57233592
57233626
57233821
57234157
57234272
57234913
57234916
57234933
57235161
57235280
57235374
57235669
57236376
57236928
57237226
57237935
57243910
57244300
57244346
57249162
57249430
57249482
57249667
57249672
57249751
57249797
57215930
57250039
57250224
57250500
57250525
57250535
57250722
57250733
57250990
57251108
57251635
57251893
57252100
57252105
57252458
57252486
57252659
57129465
57252991
57253047
57248892
57248735
57248497
57248465
57244479
57244482
57244557
57244758
57244867
57245190
57245243
57192004
57246240
57246244
57246456
57246477
57246523
57231427
57246579
57246712
57246751
57192466
57246894
57246945
57247033
57247067
57247232
57247543
57247908
57248005
57248243
57248343
57246618
57176918
57230464
57230325
57218795
57219192
57219281
57219343
57219429
57219444
57219455
57219875
57220284
57220318
57220490
57220833
57220973
57221059
57167023
57221402
57221409
57221429
57221508
57221525
57221530
57221730
57222257
57222312
57222313
57222614
57222807
57218762
57223030
57218737
57218350
57213937
57214135
57214138
57214239
57214369
57214666
57214954
57215067
57215454
57215837
57215838
57215872
57215876
57215877
57216088
57216142
57216336
57216748
57216767
57216793
57216950
57188153
57097987
57217817
57217973
57217991
57218119
57218616
57223135
57223138
57223197
57226624
57227053
57227117
57227124
57227149
57227354
57227826
57228296
56953186
57228542
57228596
57228823
57229123
57229293
57229572
57229575
57229589
57229590
57229592
57229624
57229708
57229845
57229897
57230024
57230038
57230064
57230066
57226608
57226593
57226584
57226276
57223437
57223479
57223630
57223651
57223691
57223965
57224172
57224219
57224287
57224381
57224432
57224677
57224846
57230361
57224847
57225042
57225096
57225148
57225197
57225541
57225548
57225645
57225741
57225756
57226083
57226088
57226262
57226266
57224891
57136160
57175784
57175486
57124263
57124349
57124354
57124871
57124885
57124903
57125392
57125938
57125958
57125968
57126213
57126402
57126438
57126453
57126476
57126709
57126876
56961006
57127747
57128008
56709898
57128337
57128500
57129054
57129347
57129601
57129700
57124079
57129975
57065652
57123810
57120082
57120176
57120273
57120462
57120597
57120751
57120865
57121038
57121199
57121304
57121324
57121361
57121933
57122011
57122288
57122333
56357930
57122825
57122974
57123164
57123231
57123274
56999471
57123436
57123528
57123529
57123650
57123812
57120068
57130171
57130567
57134930
57135135
57135146
57135562
57135648
57135910
57136108
57136193
57136455
55042566
57136779
57136846
57080446
57137043
57137243
57137636
57137640
57074157
57138385
57138629
56930697
57138713
57138905
57139114
57139118
57139373
57139374
57134900
56938719
57134840
57134563
57130664
57130669
57033307
57130848
57130895
57130954
57131048
57131076
57131228
57131229
57131578
57131790
57131852
57131870
57131960
57008511
57132424
57132441
57132460
57132482
57132725
57132943
57133027
57133090
57133185
57133622
57133818
57134726
57120005
57119999
57119992
57101357
57101548
57101701
57102051
57102100
57102223
57102225
57102257
57102463
57102465
57102632
57102912
56268404
57103333
57103337
57103508
57103665
57103907
57103913
57104232
57104278
57104598
57104691
57104718
57092907
57105111
57105302
57101351
57105425
57101331
57101044
57096670
57096812
57096873
57059436
57096949
57097111
57097462
57097513
57097709
57097712
57097715
57097731
57097773
57098632
57098766
57098971
57098979
57099123
57087349
56971811
57099592
57099904
57099964
57099980
57100105
57100813
57100994
57101097
57105622
57106145
57077802
57113844
57113882
57114370
57114378
57114405
57114948
57031442
57115022
57115321
57115481
56991374
57045686
57116913
57117112
57117420
57117756
57118033
57054290
57118189
57118442
57118894
57119494
57119507
56994906
57119935
57119958
57119963
57113840
57113634
57112761
57112530
57106164
57106302
57106315
57106331
57106633
57107137
57108118
57108387
57108605
57108619
57108871
57108908
57108931
57139378
57016563
57109072
57109156
57109307
57109547
57109554
57052179
57110610
57110613
57111102
57111122
57111437
57111793
57111811
57109047
57139724
57084012
57140986
57164181
57164288
57164323
57164385
57164782
57165216
57165370
57165436
56936680
57165875
56948961
57166478
57166484
57166659
57166835
57167055
57046972
56986102
57167515
57167530
57167536
57167544
57167856
57168078
57168097
57168126
57168133
57164169
57168135
57163825
57163365
57158841
57158914
57159464
57159489
57159755
57160516
57160591
57160597
57160637
57160638
57160646
57160791
57160799
57160826
57161288
57161434
57161568
57161585
57161686
57161687
57161981
57162097
57162185
57162675
57162916
57109278
57163332
57163636
57168342
57168357
57168774
57172404
57172442
57172445
57172650
57172679
57172898
57172906
57172948
57173024
57150477
57173540
57173671
57173727
57174068
57174239
57174275
57174315
57174452
57174516
57174664
57174725
57174733
57174814
57175007
57175139
57175222
57056717
57172286
57172267
57172050
57171944
57168819
57168825
57168829
57168915
57168972
57168990
57169122
57169361
57169558
57169649
57169709
57169726
57169938
57158831
57170186
57117457
57171053
57117716
57171179
57171409
57171421
57171683
57171693
57171758
57171762
57171771
57009909
57171884
57170363
57170861
57158600
57157999
57146938
57146992
57148007
57148021
57148088
57148102
57148189
57148195
57148433
57148756
57148834
57149100
57149118
57149392
57149437
57149544
57149835
57149957
57150020
57150504
57150552
57150567
57150617
57150623
57037043
57151071
57151131
57146874
57151167
57146574
57146087
57141512
57141522
57141792
57141795
57113178
57142173
57142272
57142357
57142491
57142492
57142740
57142788
57142891
57143012
57143043
57143213
57143460
57143738
57144573
57144620
57144651
57144948
57145050
57145082
57145134
57145582
57145824
57146481
57151168
57151436
57151629
57154790
56986450
57155306
57155327
57155363
57155416
57155428
57155589
57155609
57155638
57155772
57155819
57155885
57156084
57156299
57156306
57156371
57156678
57156737
57156937
57157073
57157366
57157382
57157576
57157610
57157936
57157947
57154460
57154337
57154334
57153958
57151715
57151756
57151778
57151851
57152080
57152213
57152488
57152716
57152721
57152752
57152753
57152884
57153035
57158168
57153126
57153166
57153342
57153345
57153410
57153443
57153525
57153528
57153543
57153717
57153733
57153761
57153857
57153923
57153131
57253566
57253744
57254346
57361145
57361577
57289286
57361816
57361907
57361912
57362250
57362447
57362494
57362807
57362808
57362810
57249816
57362931
57363023
57363024
57363085
57363086
57338883
56853889
57363415
57363453
57363506
57363543
57363635
57363723
57363775
57361116
57364084
57361115
57351075
57355766
57355801
57356237
57356360
57356412
57357269
57357283
57357308
57357398
57357444
57358033
57358466
57308255
57359255
57359263
57359372
57359403
57359413
57359467
57359483
57359640
57359883
57360601
57360649
57360992
57361001
57361032
57361099
57355754
57364136
57364174
57370618
57370625
57370973
57371105
57371296
57371360
57371413
57371432
57371975
57372579
57348782
57373103
57373115
57294219
57291983
57373697
57373936
57374221
57374284
57374360
57374478
57374479
57325505
57374568
57375370
57375394
57376004
57370602
57364169
57370548
57369982
57364186
57364546
57364596
57364599
57366021
57366132
57366189
57366203
57366270
57366335
57366381
57367073
57367074
57357379
57367328
57367605
57367780
57368209
57368248
57368310
57368861
57369135
57369214
57369613
57369873
57369887
57369900
57260235
57355644
57355498
57354815
57341314
57316215
57341415
56622197
57341909
57342102
57342125
57342146
57342253
57342273
57342949
57343309
57343377
57343519
57343876
57343879
57343911
57344939
57344964
57345078
57345121
57345128
57345131
57345159
57319727
57345301
57345453
57316067
56300289
57340963
57340486
57336316
57336323
57336640
57336784
57336786
57336946
57083164
57337477
57337641
57338056
57338110
57338283
57338353
57338358
57338541
57338605
57338841
57338850
57338882
57338994
57339084
57226538
57339530
57339600
57339663
57339802
57339922
57340492
57347202
57347358
57347546
57237457
57351088
57351175
57351425
57351487
57351652
57351723
57351934
57352196
57239095
57301608
57352539
57352558
57352577
57352694
57352803
57352848
57352857
57352892
57353152
57353176
57353238
57353382
57354130
57318591
57354572
57354807
57350574
57350503
57350389
57350058
57347551
57347611
57347663
57347744
57347915
57347949
57347953
57347989
57347996
57348080
57348138
57348227
57348265
57376166
57287650
57348455
57348486
57348508
57348524
57348986
57349312
57349314
57349749
56029734
57349831
57349881
57349886
57279728
57348405
57376170
57376487
57376775
57400753
57401206
57401465
57401645
57402151
57402202
57402431
57402819
57402873
57403014
57403081
57359633
57404325
57404397
57404406
57404633
57404725
57404952
57405055
57405086
57405099
57405132
57405137
57405181
57405829
57406055
57406157
57400740
57406259
57400715
57400563
57397733
57397771
57397931
57397941
57397951
57398008
56522846
57289702
57398387
57398388
57349991
57398748
57398927
57399030
57399261
57399270
57399421
57399440
57399489
57399827
57399936
57399993
56856180
57400203
57351915
57400445
57400456
57400694
57406286
57406971
57407491
57411204
57411257
57411468
57412027
57412379
57412837
57412851
57412947
56672815
56632844
57413518
57413523
57413624
57413640
57413811
57413824
57413899
57415136
57415163
57415269
57415335
57415499
57415703
57416074
57416079
57416337
57416375
57411192
57411029
57411000
57410553
57407769
57408291
57408301
57408322
57408348
57408367
57398284
57408653
57408663
57408679
57408823
57408834
57409111
57397705
57409136
57409187
57409298
57409312
57409318
57409447
57409481
57409692
57409768
57409769
57410013
57410053
57410458
57410552
57409150
57336188
57397650
57397155
57381590
57381694
57382185
57382220
57382332
57382509
57382510
57382512
57107115
57383084
57383241
57383324
57383371
57383440
57383558
57383576
57383897
57383925
57384114
57384140
57384172
57384239
57384323
57384448
57384956
57385013
57385021
57381165
57385025
57381147
57380403
57376978
57377525
57354661
57377579
57377608
57377733
57377739
57377741
57377770
57377825
57378037
57378086
57378478
57378480
57378511
57378590
57378614
57378634
57378644
54930615
57379107
57379228
57379271
57379365
57379396
57379565
57380192
57380763
57385037
57385396
57385669
57392790
57392839
57392954
57393264
57393786
57394103
57287847
57394349
57394352
57394494
57394623
57394893
57394918
57394931
57394941
57395015
57395079
57395162
57395169
57395780
57395789
57396366
57396390
57396436
56935465
57396803
57348388
57392711
57392138
57392088
57391977
57385970
57386291
57386454
57386465
57386828
57386843
57387420
57387507
57387515
57387888
57388108
57388174
57388245
57397616
57388924
57389256
57389286
57389326
57390190
57390409
57390593
57342128
57390962
57390978
57391122
57391676
57391690
57391752
57388972
57336064
57336048
57335922
57281834
57282112
57282267
57282268
57282438
57282660
57282703
57282714
57282716
57282727
57283131
57167447
57283327
57283593
57283595
57283609
57283612
57283650
57283952
57284170
57284234
57284383
57284543
57284625
57284853
57284989
57285120
57281528
57285227
57281017
57280998
57276607
57276943
57276944
57276952
57276974
57277002
57277217
57277306
57277378
57278302
57278426
57278476
57278494
57278855
57252682
57279448
57279450
57279451
57279571
57279664
57109957
56999460
57280024
57280204
57280247
57226011
57280912
57281003
57285284
57285404
57285437
57290454
57290502
57290573
57290680
57290700
57290759
57291381
56590871
57291397
57291500
57291840
57237456
57292194
57292344
57292364
57258957
57293207
57293247
57293623
57177266
57293814
57294152
57294661
57294976
57295145
57295247
57295273
57289998
57289984
57289741
57289422
57285533
57285537
57285693
57285930
57286062
57286166
57286304
57286623
57286807
57286859
57286863
57286868
57287229
57276194
57287396
57287683
57287685
57287709
57287778
57287786
57287862
57287880
57287882
57288313
57288337
57288529
57193197
57289320
57287558
57295355
57276192
57276043
57258955
57259188
57260887
57261107
57261446
57261818
57262537
57262602
57262630
57262883
57262919
57263143
57263244
57263309
57235615
57263402
57263614
57263644
57263892
57265231
57265403
57237792
57265485
57237959
57265631
57265633
57265668
57258314
57265889
57258212
57258139
57254634
57254886
57254941
57254992
57242346
57255059
57255065
57242537
57255338
57255543
57216769
57255837
57256001
57256117
55347992
57256289
57256318
57256323
57256416
57256831
57256910
57228369
57257073
57257522
57257866
57258034
57258038
57258145
57266033
57266550
57266845
57082692
57272507
57272720
57273074
57273094
57273346
57273443
57273515
57273523
57273654
57273734
57273744
57273756
57273831
57274272
57274557
57274707
57274784
57274822
52523447
52874561
56732002
57275309
57275458
57275501
57275862
57276037
57272354
57035005
57272213
57271804
57267353
57267644
57267733
57267735
57267849
57267884
57267938
57268599
57268765
57268940
57269030
57269253
57269286
57276054
57269417
57269637
57269638
57269650
57269907
57270149
57270333
57270867
57271107
57271129
57271167
57271239
57271588
57271673
57269588
57707939
57295444
57295712
57319203
57319253
57319352
57293221
57230842
57320099
57128675
57320333
57320464
57294720
57302742
57321303
57321347
57321387
57310200
57269103
57321671
57321705
57321923
57321924
57322164
57322195
57322198
57322375
57270242
57323425
57323479
57318696
57323639
57318692
57318188
57313178
57313204
57313218
57313312
57313313
57313547
57313646
57313876
57313893
57313903
57314003
57314095
57314172
57314189
57314256
57314267
57314526
57314663
57315481
57315576
57315603
57315758
57315902
57317440
57317922
57317933
57317947
57318588
57324207
57324422
57324476
57331338
57331767
57331871
57332189
57332260
57332279
57332556
57332640
57332714
57332759
57332787
57332788
57332832
57332875
57332951
57332995
57333373
57333448
57333540
57333645
56955236
57333939
57334840
57306542
57335415
57335762
57335902
57330692
57330689
57299541
57329428
57324549
57324556
57325014
57325091
57325506
57325565
57325601
57325834
57325877
57325947
57325968
57326144
57326610
57313024
57326979
57327387
57327395
57327651
57327831
57328121
57328274
57328288
57271009
57328411
57130522
57328479
57328884
57329093
57327129
57295488
57312846
57312565
57299742
57300099
57300158
57300533
57300766
57300786
57267752
56789818
57301636
57301649
57301653
55808043
57301683
57301804
57302037
57302048
57302300
57302610
57133445
57303181
57303231
57303232
57303368
57303376
57303461
57303479
57303615
57299303
57303718
57299282
57299048
57295793
57268966
57295987
57296061
57296274
57296379
57296562
57296661
57297110
57194552
57212423
57284999
57297344
57297378
57297448
57297665
57297774
57297889
57297918
57297919
57298141
57298427
57298460
57298545
57298663
54112527
57298969
57299090
57303917
57304110
57304134
57308595
57308783
57308904
57308918
57308956
57309103
57309281
57309471
57309584
57310119
57310145
57310781
57310787
57310862
57311270
57258764
57311489
57311493
57311655
57311692
57312058
57312076
57312126
57312127
57312174
57312210
57312534
57308583
57308457
57308344
57308015
57304360
57305076
57305281
57305306
57305487
57305658
57305882
57305884
56936404
57306253
57296583
57306470
57306762
57312591
57306941
57307090
57307112
57307354
57307361
57307525
57307745
57307748
57307787
57307788
57307789
57307962
57308001
57308014
57307088
57096445
57707995
57708366
57975066
57975086
57916642
57975106
57975113
57975157
57770988
57589054
57245060
57975749
57975759
57975941
57976198
57976336
57976351
57955402
57544968
57919797
57840600
57976906
57976936
57917010
57977070
57919419
57977083
57977145
57977221
57974963
57977332
57616145
57974822
52133585
57972154
57972401
57972410
57972498
57972599
57972639
57972924
57973082
57973262
57973285
57934865
57973580
57973594
57973734
57973789
57832448
57974024
57974028
57771020
57771009
57770908
57532483
57914665
57835959
57974699
57974703
57974855
57971926
57977411
57977651
57981389
57981398
57981470
57981704
57981904
57981910
57982193
57982274
57982289
57982355
57962281
57982439
57982560
57982642
57982672
57982687
57982763
57982783
57982820
57982936
57982987
57983079
57904343
57983120
57983143
57983214
57983216
57981294
57841743
57981246
57981108
57977757
57957389
57977923
57978243
57978394
57978451
57833503
57978472
57978566
57978708
57978718
57841417
57978960
57979053
57979254
57979292
57979550
57979582
57979676
57979863
57979900
57979922
57980082
57980105
57980419
57980572
57411297
57981215
57971912
57971863
57971680
57960138
57960423
57960475
57810079
57960615
57960755
57960942
57960964
57961048
57961131
57961367
57812613
57961463
57961479
57961537
57961681
57928205
57962329
57962392
57962405
57962526
57962559
57962856
57963571
57963726
57963730
57963818
57960067
57963983
57959959
57810395
57957791
57821776
56358095
57958091
57958098
57958133
57958426
57958441
57958521
57958554
57958651
57958653
57958716
57958768
57958785
57779153
57958871
57958958
51555015
57959034
57959102
57959323
57959380
57959485
57959530
57314482
57959668
57959929
57964051
57894332
57964101
57969504
57901806
57969800
57969949
57969965
57970009
57902754
57970042
57970136
57970150
57970155
57970255
57970332
57970349
57970366
57941031
57970646
57970710
57970720
57930502
57970770
57970885
57970950
57970958
57880117
57941714
57885988
57938857
57969419
57969384
57938531
57964535
57964554
57964674
57964752
57965036
57965127
57965137
57933108
57965436
57965468
57965864
57965909
57965927
57983242
57966558
57967021
57967334
57967716
57968159
57863015
57899377
57968416
57968674
57968867
57968971
57968973
57969085
57756172
57966943
57849596
57983516
57983562
57942427
57996158
57932795
57996622
57996740
57996836
57996953
57996990
57997019
57997069
57997077
57997115
57944510
57997280
57997334
57997386
57997456
57997481
57997487
57997507
57997757
57997824
57997972
57998100
57998137
57998224
57998400
57995940
57998461
57995920
57995797
57993512
57993554
57993641
57993676
57993708
57993824
57993876
57993880
57994243
57994244
57994334
57941889
57994446
57994686
57994748
57994762
57994843
57994880
57994902
57994924
57995055
57995138
57995297
57995377
57995709
57995789
57995790
57995856
57998690
57998693
57998698
58000698
58000718
58000729
58000732
58000774
58000846
58000892
58000911
58000913
58000914
58000994
58001118
58001171
58001307
57762923
58001354
58001599
58001682
58002190
58002253
58002262
56783615
58002325
58002337
58002369
58002472
58002474
57973665
58000565
58000424
58000355
57998706
57998791
57998945
57998991
57999000
57999283
57999293
57999398
57999499
57999513
57999537
57999643
57999649
57993501
57999681
57999702
57999754
57999801
57999826
57999858
58000036
58000084
58000173
58000201
58000239
58000253
58000265
58000272
57999691
57957664
57993400
57993295
57713768
57985560
57985563
44553579
57986207
57986210
57986223
57986250
57986254
57986357
57986439
57853439
57986673
57986820
57986830
57986842
57986922
57986963
57987117
57987236
57987302
57987377
57987416
57987466
57987731
57987897
57987906
57985449
57987965
57985426
57985278
57983588
57983601
57983619
57983704
57868629
57983881
57983893
57983972
57984001
57984005
57984006
57984007
57984047
57984104
57301763
57984378
57931667
57984625
57762072
57984759
57984797
57984913
57984937
57984966
57984977
57985133
57985209
57985379
57988067
57935720
57988112
57991071
57991114
57991124
57991135
57991204
57991262
57991339
57991348
57991398
57820203
57991634
57991638
57991704
57991739
57991822
57991894
57992003
57992090
57992233
57992282
57992392
57992575
57992588
57992637
57992753
57992779
57993265
57991046
57990988
57990983
57990815
57988329
57988387
57988486
57988511
57988702
57988836
57988874
57989039
57989203
57989232
57989262
57989338
57989371
57993348
57989402
57936963
57989577
57989668
57989716
57989781
57989876
57989952
57990022
57990047
57990167
57990267
57990744
57990753
57989445
58002492
57957617
57957565
57925520
57888189
57925615
57925616
57925667
57925900
57925917
57925955
57926004
57926140
57888960
57926188
57926255
57926347
57926425
57926476
57926485
57926502
57926553
57926616
57926635
57926642
57926678
57926801
57926856
57927108
57927356
57925480
57927358
57925460
57925110
57921866
57921981
57922083
57922138
57922230
57922351
57922862
57922913
57922954
57923058
57881534
57923128
57771066
57771028
57923432
57923705
57923775
57923913
57923938
57923950
57924063
57924179
57924628
57924690
57853540
57924939
57924963
57925154
57921851
57927377
57927495
57929763
57929826
57930032
57930278
57930374
57930453
57930454
57930474
57930511
57892978
57930546
57930563
57930593
57930885
57931070
57931517
57931620
57931650
57931782
57931785
57931806
57931936
57894408
57932213
57932259
57932360
57932540
57929650
57927425
57929637
57929594
57927568
57927731
57927761
57927826
57927827
57927842
57927913
57928216
57928249
57928275
57928334
57875380
57928436
53669824
57326611
57928624
57928902
57928971
57929033
57929127
56090158
57929187
57929193
57929196
57929226
57929529
57929590
57929627
57921801
57921785
57884817
57914297
57914522
57914557
57845184
57914611
57914674
57914741
57914781
57914797
57874557
57914829
57914833
57914935
57914956
57915024
57915081
57915139
57915214
57915408
57879121
57915651
57915719
57915795
57915852
57833382
57915915
57916010
57914148
57916020
57914078
57748546
57911341
57911352
57911362
57911407
57911623
57911667
57911711
57911807
57911815
57911834
57912026
57912075
57912171
57912403
57912457
57912693
57912731
57912793
57913039
57913049
57913264
57913335
57913478
57913532
57913534
57913880
57913967
57914022
57846487
57916060
57916174
57845267
57919864
57920023
57920130
57920151
57920272
57920445
57920453
57920471
57920529
57920530
57920547
57920599
57920641
57920658
57920705
57920726
57920868
57921018
57921061
57921068
57921082
57921098
57921184
57921221
57921365
57921435
57919710
57919406
57919299
57919081
57916231
57916344
57916364
57916489
57916498
57916683
57916715
57916720
57916906
57916976
57916986
57917400
57917506
57932595
57917627
57917619
57848202
57768571
57917824
57917922
57918209
57918361
57918531
57918581
57918628
57918797
57918855
57918924
57917618
57932622
57932699
57932759
57949400
57949414
57949553
57949596
57871559
57949753
57949853
57950075
57950220
56141143
57950278
57950365
57950514
57950773
57950827
57950974
57951013
57951022
57914037
57951056
57951059
57951325
57951349
57951398
57951421
57520215
57796558
57949373
57951718
57949193
57949131
57946530
57946546
57946689
57946704
57946706
57862944
57935577
57946948
57946958
57947153
57947384
57947414
57947429
57947483
57947553
57947574
57947645
57947814
57947871
57948183
57948226
57948346
57948463
57679954
57948696
57948772
57948799
57949133
57951890
57951949
57952065
57881736
57954880
57955163
57955361
57955371
57955397
57955432
57955573
57955643
57955837
57920181
57955961
57956303
57956326
57956348
57956411
57956662
57956715
57956879
57956916
57957047
57957058
57957299
57957369
57957452
57957494
57957501
57954680
57954645
57954434
57954287
57952085
57915397
57952129
57952158
57952289
57952318
57952353
57915825
57952461
57952605
57952631
57916295
57772520
57946467
57952846
57880066
57952892
57787627
57952983
57953000
57953001
57953173
57953257
57953628
57953972
57803137
57954013
57954211
57952860
57957573
57946174
57946054
57936194
57936264
57936391
57936438
57936496
57936537
57936996
57937063
57937170
57937247
57937428
57937570
57937598
57937724
57937779
57938012
57938164
57938203
57938292
57938365
57938477
57938511
57938668
57938720
57938898
57939081
57939218
57936129
57939243
57784367
57020497
57657890
57932910
57933111
57933132
57711139
57933490
57933492
57933530
57933663
57933773
57933874
57934003
57934194
57934304
57934446
57934454
57934518
57934771
57934806
57934876
57935033
57935471
57935536
57786630
57935642
57935659
57935708
57935922
57939545
57939805
57939807
57943134
57943196
57943379
57943382
57943443
57943556
57943746
57943912
57943915
57869503
57944101
57944282
57944334
57829932
57944665
57944686
57944731
57862877
57944867
57945076
57945112
55010220
57945763
57945799
57945837
57669995
57945893
57943106
57943102
57943077
57942872
57939884
57939972
57940003
57940304
57940624
57940984
57941000
57941147
57941165
57941182
57941192
57941257
57941301
57946049
57941533
57941618
57941642
57941675
57941680
57868811
57941719
57941972
57942082
57942125
57942177
57942204
57942282
57942394
57941602
57911136
57936815
58002545
58052014
58052019
58052211
58052237
58052287
58052308
58052695
58052741
58052760
58052822
58052949
58052968
58053004
58053014
58053145
58053203
58053419
58053497
58053503
58053620
58053684
58053690
58053755
58053819
58053828
58053867
58053895
58051979
58054044
58051977
58051902
58008152
58049826
58049938
58049970
58050174
58050288
58050349
58050373
58050388
58050433
58050443
58050584
58050644
58050820
58050825
58050921
58051225
58009709
58051417
58051439
58051569
58051609
58051627
58051769
58051770
57954896
58051864
58051907
58049395
58054075
58054138
58056483
58056656
58056931
58057212
58057239
57952558
58057297
57976755
58057586
58057705
58057997
58058090
58058193
58058286
58058307
58058336
57980644
58058566
58058776
58058806
58058861
58058939
58059155
58059156
58059184
58059239
58059243
58056404
58054118
57979468
58056199
58054153
58054158
58054476
58054486
58054814
58054815
58054822
58054930
58055013
58055097
58055098
58055120
58055154
58055177
56375927
58055538
58055541
58055651
58055666
58055685
58055954
58055975
58056019
57908400
58056153
58056194
57979311
58056308
58049234
58049094
58049044
58042170
58042175
58042219
58042468
58042532
58042540
58042600
58042608
58042619
58042621
58042831
58042925
58043208
58043298
58043324
58043372
58043553
58043567
58043655
58043723
58043726
58043791
58043829
58043842
58043881
58043935
58044000
58042088
58044018
58042078
58041910
58040499
58040517
58040543
58040547
58040551
58040577
58040642
58040662
58040679
58040773
58040821
58040824
58040856
58040988
58041001
58041029
58041061
58041063
58041154
58041166
58041261
58041299
58041451
58041517
58041582
58041733
58041909
58042068
58044055
58044064
58044294
58046860
58047069
57904981
58047320
58047507
58047519
58047606
58047625
58047635
58047681
58047823
58047904
58047947
58047966
58048039
58048079
58048084
58048305
58048469
58048566
58048602
58048614
58048897
58048901
58048910
57784525
58049022
58046789
58046616
58005637
56975956
58044500
58044525
58044545
58044720
58044742
58044775
58044792
58045114
58045157
58045174
58045278
58045289
58045321
57981099
58045380
58045594
58045690
58045701
58045761
58045810
58045814
58045850
58045851
58045884
58045940
58046087
58046136
58046402
58045505
58059290
58059365
57981219
58072774
58072899
58072966
58072985
58072990
58072991
58073220
58073240
58073300
58073301
58073339
58073395
58073423
58073743
57992601
58073797
58073863
58073980
58074041
58074052
58074122
58074123
58074265
58074281
58074304
58074336
58074415
58072770
58074470
58072504
57882726
58069623
58069649
58069666
58069842
58069861
58069907
58069948
58015978
58070237
58070345
58070353
58070381
58070389
58070455
58070679
57990080
58070992
58071267
58071578
58071683
58071777
58071801
58071913
58072097
58072276
58072340
58072353
57923098
58074588
58074594
58074711
58077962
58078037
58078063
58078086
58078098
58078116
58078140
58078163
57619723
57996724
58078351
58078504
58078662
58078683
58078725
58078793
58078813
58078875
58079004
58079040
58079189
58079199
58079351
58079359
58079545
58079671
58079672
58077948
57996303
58077775
58077738
58074824
58074827
58074867
57938778
58074962
58075350
58075439
58075456
58075676
58075717
58075947
57994596
58076227
58069582
58076272
58076511
57991410
58076591
58076609
58076683
58076802
58076817
58076855
58077013
58006741
58077205
58077472
58035711
58076482
58040441
58069534
58069426
58062172
58062186
58062217
58062296
58062303
58062361
58062381
58020264
58062669
58062694
58062699
58062848
58062959
58063184
58063232
58063245
58063328
58063336
58063352
58063442
58063490
58063506
58063525
58063727
58063740
58063744
58063746
57918703
58063869
58061880
58061803
58059439
58059454
58059515
58059539
58059565
58059701
58059784
58059841
58059858
58059929
58060167
58060425
58060542
58060590
57981881
58060659
58060669
58060793
58061080
57886363
58061210
58061251
58061316
58061326
58061335
58061495
58061603
58061827
58021852
58064200
58064352
58067207
58067259
58067269
58067287
57987227
58067305
58067772
58067941
58067961
58068031
58068032
58068146
58068286
58068426
58068582
58006388
58068726
58068729
58068743
58068847
58068933
58069221
58069237
58069283
58069323
57889376
58069383
58067051
58066801
58066797
58066769
58064446
58064499
58064643
57836096
58064820
57932361
58064962
58064990
58065048
58065362
58065410
58065706
58065738
58069477
58065893
58066054
58066124
58066127
58066162
58066170
58066254
58066264
58066342
58066382
58066458
58066495
58066684
58066687
58065938
58002511
57772083
58040364
58014190
58014230
58014272
58014366
58014401
58014422
58014511
58014523
58014643
58014650
57979354
58014840
58015016
58015150
58015195
58015285
58015648
58015931
58016127
58016179
58016301
58016335
58016379
58016465
58016483
58016515
58016604
58014185
58016616
58014143
58014013
58012073
58012449
58012488
58012511
57850109
58012614
58012775
58012836
58012880
58013000
58013095
58013198
58013221
58013275
58013278
58013285
58013305
58013309
58013345
58013523
58013570
58013577
58013595
58013724
58013830
58013940
58014000
58014031
58011954
58016618
58016691
58019178
58019348
58019627
58019632
58019702
58019775
58019784
58019793
58019804
58019813
58019836
58019855
58019980
58020085
58020087
58020091
58020114
58020159
58020166
58020222
58020295
58020296
58020400
58020409
58020492
58020910
57961330
57720989
58016627
58019101
58019066
58016698
58016963
58016973
58017213
58017286
58017532
58017707
58017757
58017779
58017800
58017845
58017886
58017892
58017951
58018055
58018160
58018161
58018201
58018293
58018440
58018484
58018511
58018802
58018838
58018843
58018972
58019033
58019076
58011952
58011940
58011863
58004713
58004755
58004756
58004793
58004841
58004883
58004888
58004924
58005132
58005152
58005167
58005169
58005306
58005316
58005318
58005327
58005354
58005459
58005488
58005602
58005609
58005655
58005713
58005818
58006023
58006057
58006189
58004683
57798718
58004661
58004633
58002606
58002679
57823871
58002723
58002911
58003029
58003030
58003090
58003373
58003573
58003599
58003745
58003768
58003847
58003884
58003949
58004162
58004279
58004310
58004312
58004314
58004323
58004327
58004346
58004424
58004463
58004479
58004647
58006371
58006456
58006518
58009718
58009811
58009954
58010133
58010171
58010187
58010308
58010337
58010618
58010641
58010677
58010726
58010772
58010963
58011017
58011058
58011221
58011240
58011312
58011330
58011332
58011350
58011555
58011582
58011634
58011666
58011678
58009278
57976116
58009148
58009100
58006523
58006581
58006610
58006661
58007052
58007282
58007447
58007460
58007475
58007688
58007709
58007779
58007826
58021131
58007966
58008143
58008357
58008540
58008557
58008559
58008621
58008738
58008752
58008865
58008911
58008982
58009046
58009095
58008138
58021143
58021190
57957289
58033260
58033404
58033446
58033515
58033533
58033679
58033768
58033940
58033947
58034153
58034171
58034184
58034198
58034218
58034221
58034232
58034234
58034235
58034273
58034312
58034328
57994602
58034558
58034580
58034755
58034840
58034976
58033235
58034992
58033177
58033065
58031150
58031238
58031417
58031485
58031610
58031669
58031717
58031731
58031743
58031779
58031880
57654524
58032136
58032233
58032334
58032398
58032413
58032416
58032491
58032618
58032681
58032783
58032802
58032870
58032914
57777996
58033045
58033100
58035144
58035189
58035287
58038410
58038452
58038568
58038709
58038764
58038828
58038814
58038822
58039079
58039144
58039463
58039577
58039735
58039754
58039838
58039866
58039876
58039885
58039892
58039906
58039908
58039930
58039968
58040031
58040036
58040109
58040158
58038407
58038402
58038379
58038377
57852110
58035361
58035427
58035437
58035527
58035647
58035662
58035696
58035734
58035867
58035941
58035949
58035995
58031082
58036349
58037246
58037324
58037392
58037440
58037862
58037921
58038055
58038150
58038188
58038260
58038272
58038313
58038371
58036551
58040368
58030886
58030714
58023390
58023396
58023406
58023423
57965244
58023929
58023948
58023990
58023995
58023999
58024001
58024055
58024104
58024107
58024185
58024398
58024453
58024463
58024514
58024549
58024559
58024591
58024608
58024611
58024628
58024771
57609297
58023272
58025068
58023171
58022919
58021368
58021391
58021497
58021539
58021616
58021652
58021699
58021712
58021733
58021788
58021824
58021842
58021866
58021939
58021991
58022079
58022112
58022133
58022143
58022165
58022259
58022368
58022416
58022578
58022692
58022724
58022783
58023124
58025219
58025492
58025696
58028130
58028204
58028294
58028332
58028430
58028463
58028612
58028744
58028873
58028959
58029035
57734145
58029453
58029476
58029683
58029750
58029777
58029855
58030069
58030144
58030216
58030226
58030352
58030389
58030429
58030496
58030575
58028056
57889612
58027962
58027948
58025806
58025840
58025841
58025879
58025960
58025976
58026000
58026246
58026278
58026289
58026399
58026501
58026543
58030833
57525029
58026741
58026883
58026904
58026935
57732195
58027181
58027287
58027348
58027604
58027615
58027672
58027703
58027942
58026694
57911132
57910992
57910887
57781924
57781969
57781975
57782339
57782449
57782536
57782542
57782592
57783048
57783173
57783202
57783268
57783271
57783292
57783420
57783429
57783438
57783972
57784121
57784156
57784266
57784396
57784459
57703200
57784624
57784708
57784721
57781787
57784919
57781779
57781713
57778783
57778936
57744703
57779019
57779063
57779067
57779155
57779185
57779331
57779349
57779408
57779464
57779477
57779543
57779661
57779672
57779779
57779788
57779854
57645563
57780196
57780216
57780377
57746131
57746673
57781331
57743639
57781776
57710913
57784982
57785307
57789045
57789373
57789491
57789549
57789914
57789919
57789998
57790109
57790190
57790195
57790223
57790259
57790281
57790915
57791018
57791152
57791156
57791260
57791262
57791283
57791368
57791377
57791450
57791568
57791730
57791736
57791766
57789042
57785164
57788974
57788877
57785338
57785359
57785404
57785648
57785719
57785743
57785791
57786041
57786089
57786091
57653174
57786283
57786857
57787181
57787182
57787184
57211857
57787471
57787689
57788065
57788102
57788180
57788344
57788363
57788498
57788764
57788851
57788912
57778487
57778468
57778309
57767636
57768061
57768163
57768182
57768501
57768641
57768755
57768860
57768919
57735356
57769694
57769895
57770128
57770249
57770271
57770286
57770523
57021661
57770785
57770976
57771003
57771038
57771260
57771422
57771930
57771942
57771972
57600230
57772096
57767603
57639996
57764888
57764891
57765104
57765352
57765365
57765485
57765558
57765600
57765707
57766069
57766277
57766392
57766436
57766641
57766808
57766841
57766870
57766885
57766924
57732903
57767040
57767184
57767234
57767390
57767410
57767489
57767517
57767588
57772287
57772351
57772370
57775587
57775630
57775760
57775818
57775841
57775861
57776168
57776184
57776630
57776765
57776900
57777007
57777053
57777157
57777259
57777260
57777359
57777461
57777569
57777658
57777684
57777779
57777908
57777916
57777998
57778042
57778142
57775511
57775448
57775434
57775263
57772444
57552518
57772545
57772547
57772597
57772632
57772881
57773184
57773187
57423385
57773302
57739566
57773479
57791784
57773494
57774137
57774373
57774417
57774509
57774600
57774723
57774783
57774784
57774855
57774946
57775109
57775163
57775234
57773991
57791840
57791879
57791943
57809931
57809974
57810150
57810191
57810296
57810334
57810372
57810390
57810470
57810530
57810626
57810746
57810980
57811061
57811169
57692989
57811268
57811284
57811764
57811794
57743077
57811824
57811880
57812151
57812265
57812277
57812301
57809905
57812442
57809775
57809005
57805034
57805309
57805730
57805750
57805923
57806150
57806204
57806474
57806479
57806920
57806950
57806970
57806994
57807051
57807104
57807178
57807218
57807236
57807301
57807302
57807515
57807654
57603097
57807989
57808026
57808098
57808943
57809750
57812568
57812716
57812789
57815687
57815798
57815804
57816029
57816060
57816288
57816303
57816306
57816392
57816582
57781970
57816700
57816748
57816773
57816877
57816884
57816910
57816944
57816958
57817122
57817252
57817276
57817371
57817595
57817624
57817626
57817798
57815609
57815531
57815442
57815144
57812795
57812853
57813150
57813219
57813343
57813560
57813646
57813660
57813661
57813686
57779136
57813851
57813965
57804923
57814023
57814150
57462636
57814214
57814314
57814423
57774501
57814498
57814669
57814696
57814735
57814758
57814850
57815011
57814050
57764862
57804774
57770203
57795451
57795491
57795913
57796024
57796050
57796059
57761367
57761560
57796211
57796379
57796427
57796489
57796537
57796609
57796668
57796718
57796734
57796843
57796850
57797196
57797210
57797213
57797229
57797661
57797783
57797802
57797941
57795245
57797942
57795079
57794967
57173745
57792017
57792129
57792187
57792189
57792490
57792498
57793015
57793181
57793235
57689408
57793434
57793716
57793888
57793937
57793951
57794078
57794268
57794285
57794683
57794684
57794686
57794719
57794767
57794780
57794797
57794806
57795014
57797943
57797959
57798119
57801882
57801883
57802015
57802034
57802072
57802074
57802114
57802116
57802327
57802400
57802520
57802807
57802953
57802986
57803319
57803333
57803372
57803383
57803500
57803585
57803649
57730542
57574429
57804110
57804251
57804335
57804577
57801856
57801769
57801558
57801441
57798175
57798259
57798779
57639238
57798862
57798884
57798926
57799128
57730570
57709343
57799640
57799759
57799904
57804628
57799912
57800346
57615650
57800923
57800942
57801014
57801017
57801063
57766619
57801215
57801219
57801230
57801231
57801249
57800314
57817819
57764860
57763912
57724248
57724531
57724639
57692626
57724880
57724916
57724917
57724938
57570063
57725644
57725654
57725705
57725874
57725918
57726557
57726805
57726956
57694571
57726985
57727218
57727439
57727505
57727545
57727582
57727647
57727676
57727822
57724238
57727893
57724182
57723993
57722450
57722495
57722578
57722614
57722616
57722631
57722634
57722862
57722981
57723038
57723055
57723114
57723178
57723238
57723250
57723585
57723612
57723645
57723702
57723716
57723743
57723796
57723804
57723856
57723888
57723971
57723984
57724092
57722420
57727902
57728181
57731739
57731827
57731905
57732077
57732147
57732161
57732241
57665793
57732447
57732460
57732648
57732830
57733173
57733178
57733317
57733383
57733397
57733398
57733422
57733431
57733446
57733447
57733457
57733496
57733565
57733601
57733642
57731704
57727989
57731700
57731206
57728305
57728543
57728701
57728713
57728795
57728821
57728944
57729074
57729394
57729411
57729485
57729538
57729540
57729595
57729725
57729767
57624536
57729924
57729961
57730010
57730013
57730037
57730099
57730544
57730676
57730919
57731035
57731634
57722341
57722089
57722072
57712076
57712171
57712194
57712219
57712405
57682914
57712817
57712818
57698363
57712861
57713143
57713186
57713313
57713583
57713715
57713909
57714215
57714223
57714232
57714384
57714385
57714415
57714419
57714546
57714674
57714751
57714897
57711874
57715007
57711858
57711742
57708459
57708568
57708697
57708772
57709056
57709148
57709258
57709332
57709550
57709652
57709672
57709915
57709942
57709949
57710168
57710246
57710249
57710306
57710307
57710346
57710422
57710453
57710499
57710856
57710891
57711171
57711609
57711743
57715098
57715125
57715275
57719184
57719235
57719285
57719304
57719425
57719430
57719481
57150044
57719577
57719729
57719755
57719818
57719944
57720067
57720452
57361046
57720533
57720543
57721071
57721219
57721298
57721345
57721382
57721463
57721624
57721757
57721884
57718983
57718974
57718749
57718470
57715347
57715360
57715400
57715418
57715512
57715517
57715623
57715682
57715744
57715934
57715947
57715977
57716105
57733830
57716421
57716829
57716840
57716954
57702299
57717222
57717334
57717434
57717556
57717811
57718102
57718125
57718209
57718393
57716774
57733906
57734052
57734100
57752613
57753163
57753207
57753497
57753914
57754025
57754030
57754049
57104629
57721267
57754597
57754635
57754747
57754814
57755182
57755239
57755403
57755504
57755740
57755753
57755879
57755881
57755980
57756042
57756057
57756184
57756197
57752563
57756296
57752359
57752240
57748894
57748902
57748945
57749116
57749214
57749217
57749370
57706152
57670998
57716801
57749958
57749946
57750243
57750299
57750486
57750813
57750878
57714693
57751303
57751322
57751432
57751865
57751954
57752035
57718927
57752113
57752125
57752342
57756357
57756580
57756914
57761306
57761510
57761575
57761699
57761727
57761795
57761878
57762187
57636413
57762304
57762568
57762570
57762582
57762635
57762877
57762893
57762951
57762967
57763035
57697824
57763148
57223964
57763506
57763609
57763673
57763707
57763868
57727595
57633127
57761178
57761171
57757017
57757067
57757367
57757658
57757683
57757700
57757802
57757905
57757950
57758128
57758273
57758538
57758957
57748662
57759375
57759877
57759889
57633944
57760269
57635523
57760448
57760539
57760558
57760785
57760866
57761016
57761037
57761056
57759407
57638366
57748628
57748465
57738513
57738612
57738633
57738637
57738638
57738663
57738677
57738714
57738808
57738848
57738851
57738936
57739044
57739097
57739316
57739317
57739341
57739477
57739489
57739497
57739552
57739604
57739621
57740014
57740310
57740326
57740449
57738355
57740615
57738176
57738006
57734271
57734465
57734654
57734899
57734999
57621157
57735203
57735252
57735585
54402943
57735833
57735930
57735984
57736251
57736404
57736445
57736454
57736838
57737138
57737164
57737219
57737269
57616317
57737515
57737540
57737864
57737878
57738119
57740649
57740740
57707573
57746559
57746682
57746706
57746711
57746720
57746938
57747023
57747047
57747133
57747134
57747337
57747471
57747495
57747653
57747718
57747728
57747745
57714745
57747831
57747842
57747850
57585946
57747998
57748098
57748173
57748219
57748259
57746526
57746029
57745990
57745816
57741348
57741563
57741571
57741665
57741682
57741805
57741903
57742049
57742133
57671734
57742466
57742745
57743094
57748506
57743123
57743336
57743602
57743693
57743696
57743706
56881415
57743908
57743998
57744316
57744619
57745387
57745681
57745799
57743214
57817853
57817899
57817958
57881226
57881234
57881387
57735065
57881564
57881608
57881648
57881746
57881830
57882224
57882258
57882349
57882373
57335704
57633372
57882580
57882596
57882709
57882721
57882787
57882815
57882833
57883241
57883460
57883521
57883837
57883842
57881207
57883998
57881113
57881093
54393394
57878341
57878343
57878827
57878988
57879065
57879083
57879365
57879403
57879429
57879557
57879564
57879631
57879649
57879663
57879677
57733043
57879804
57733427
57880153
57880171
57880411
57880485
57880586
57880587
57880875
57881010
57881096
57878036
57884008
57884025
57887228
57887247
57887337
57887492
57887723
57887724
57741517
57887818
57887908
57887966
57887968
57888019
57888148
57888149
57888183
57888208
57888223
57888240
57888396
57888422
57888490
57888639
57888962
57889025
57889029
57889086
57814455
57887060
57884020
57886917
57886701
57884501
57884673
57884830
57884849
57884853
57884875
57884934
57817459
57884978
57885023
57885061
57885116
57885143
57885251
57885496
57885517
57885631
57885852
57885854
57886217
57886219
57886292
57886354
57886508
57886511
57886518
57886685
57886736
57877968
57877864
57877836
57867737
57366405
57834921
57867949
57867952
57868052
57868054
57868057
57868324
57868408
57868435
57868845
57868860
57869032
57869190
54991392
57869415
57869416
57869490
57869648
57869969
57869971
57870013
57870040
57870147
57871025
57871295
57867473
57871518
57867355
57867105
57864964
57865327
57865367
57865616
57827478
57865758
57865937
57717952
57866042
57866047
57866175
57866276
57866277
57866286
57866312
57866341
57866364
57866490
57866526
57866764
57866771
57866794
57866876
57866944
57867003
57867047
57867073
57713293
57871555
57872037
57872049
57875099
57875156
57875267
57875396
57875501
57875755
57876120
57876122
57876123
57876146
57876389
57876405
57876410
57876631
57876721
57876880
57876901
57876963
57877101
57877103
57877273
57877281
57877677
57877679
57877692
57877825
57877833
57875061
57875044
57875043
57875038
57872174
57872248
57872271
57872360
57872422
57872549
57872775
57872955
57872956
57873047
57840121
57873388
56158522
57889352
57873525
57873932
57874007
57874069
57874216
57874218
57874252
57874267
57874537
57874573
57874750
57505981
57874903
57875032
57873910
57889354
57889381
57889423
57903484
57903650
57903672
57903943
57904000
57904034
57904159
57904220
57904243
57687059
57904328
57904384
57904431
57904545
57904596
57904630
57904708
57904724
57904725
57904865
57904983
57905018
57905126
57905128
57905157
57905297
57905299
57903450
57905356
57903353
57903146
57901247
57901486
57865208
57901525
57901551
57901558
57901677
57866602
57901864
57901883
57901890
57901908
57901920
57902045
57902127
57855701
57902200
57902204
57902210
57902269
57902305
57902501
57902523
57902717
57902846
57867504
57902995
57903331
57905439
57905773
57758115
57908833
57908880
57908924
57908954
57909023
57909160
57909238
57909323
57909474
57909514
57909758
57909899
57909919
57909922
57909946
57910007
57910094
57910229
57910237
57910299
57910408
57910463
57910483
57910602
57910619
57910631
57910704
57908692
57908675
57908540
57908503
57906189
57906233
57906243
57906310
57906342
57906391
57906477
57906703
57906857
57907049
57907064
57907092
57907097
57901011
57907226
57907449
57802495
57907452
57907575
57907586
57907739
57907873
57908000
57908133
57908299
57908463
57908465
57908495
57907416
57864759
57900915
57900714
51371218
57892515
57892544
57892692
57892715
57586318
57892806
57892844
57892879
57893080
57746738
57893149
57893587
57790392
57894033
57894073
57894108
57651922
57894228
57894407
57894443
57859899
57894569
57894694
57894696
57894838
57895559
57892438
57895651
57892336
57892160
57889462
57889484
57889547
57822000
57889718
57889830
57889849
55872416
57889939
57890174
57822662
57890226
57890386
57890461
57890683
57890819
57890964
57891044
57891260
57891369
57891415
57891728
57852722
57891816
57891861
57892072
57892150
57892306
57895977
57896004
57896032
57899035
57899037
57899206
57899371
57899505
57899525
57899533
57899578
57899589
57899748
57899788
57899814
57899819
57899821
57899828
57899835
57788494
57899869
57900013
57900112
57900184
57900406
57900410
57900465
57900587
57900627
57865405
57898979
57898913
57898877
57898854
57896111
57896287
57896310
57896368
57896608
57896667
57896758
57896824
57896857
57896895
57896953
57896973
57897274
57900903
57897378
57897587
57897594
57897658
57897943
57897948
57897961
57898168
57898252
57898269
57898385
57858812
57898529
57898757
57897445
57864666
57864621
57864602
57763750
57833805
57764149
57833861
57833881
57833953
57834253
57834271
57834387
57834412
57834606
57834620
57834630
57834768
57834793
57834846
57835233
57835268
57835337
57835345
57835346
57835384
57835409
57835439
57835440
57835561
57835688
57833381
57835708
57833284
57833234
57830517
57830535
57830553
57830587
57830667
57831018
57831096
57831160
57831163
57831202
57831216
57831235
57831301
57831593
57831712
57831846
57831922
57831946
57832047
57832129
57832233
57832428
57832503
57832530
57832594
56675726
57832771
57833235
57835831
57835883
57835911
57838438
57838514
57838624
57838747
57838898
57839021
57839037
57839068
57839078
57839171
57804205
57839286
57839304
57839362
57839485
57839487
57839498
57839511
57839991
57840069
57840140
57840308
57840379
57840410
57840411
57694735
57840503
57838400
57838077
57837977
57837936
57836035
57836207
57836215
57836327
57836453
57836468
57836496
57836594
57836700
57836762
57836989
57837064
57837085
57830503
57837092
57837252
57837253
57837255
57837256
57837257
57837258
57837259
57837260
57837261
57802609
57837755
57837802
57837807
57837129
57840568
57830461
57830339
57821299
57821407
57821408
57821419
57821510
57821641
57821848
57821868
57822085
57822260
57822275
57822653
57822725
57822886
57822890
57822915
57822916
57823037
57823043
57823221
57823424
57823452
57823501
57823503
57823540
57823560
57823573
57821239
57823602
57821235
57821185
57817969
57818040
57818069
57818551
57818576
57818670
57818717
57818819
57818913
57818968
57073012
57819362
57819502
57819624
57819705
57209712
57819895
57820275
57820280
57820320
57820333
57820512
57820716
57820751
57820920
57820963
57820969
57821221
57823695
57823705
57823919
57827564
57827612
57793194
57827872
57827928
57827930
57827960
57827988
57684539
57828193
57828296
57828377
57828403
57828822
57829003
57829063
57829259
57829343
57829411
57829607
57829669
57829724
57829900
57717401
57830036
57830120
57830147
57827553
57827421
57827369
57827284
57823989
57824297
57824542
57824991
57825117
57825135
57825192
57825220
57825265
57825361
57825485
57825658
57825664
57830454
57825797
57825916
57825933
57825978
57826129
57826218
57826361
57826390
57791940
57826807
57827029
57827119
57827230
57827233
57825876
57708272
57840667
57840807
57855826
57855892
57855894
57855903
57856019
57856089
57856114
57856366
57856520
57856552
57856617
57856618
57856657
57856796
57856851
57782714
57856881
57856973
57857212
57857470
57857580
57857646
57824759
57857882
57857916
57857995
57858147
57855779
57858177
57855778
57855592
57853390
57853481
57853572
57853620
57853639
57853723
57853755
57853843
57853852
56753014
57854059
57854184
57854220
57820675
57854267
57854305
57854476
57854491
57854552
57854744
57854800
57821380
57821521
57855070
57855194
57855546
57855589
57730627
57858376
57858379
57858481
57862543
57862678
57862839
57863024
57863031
57863068
57863213
57863238
57863274
57863287
57863340
57863363
57863572
57863576
57863630
57863656
57863733
57863757
57863761
57863929
57863969
57864059
57864074
57864394
57864479
57864497
57864501
57862528
57862341
57861392
57861360
57858529
57858629
57858741
57858742
57858874
57858930
57859013
57859109
57859161
57859268
57859457
57859468
57859478
57853313
57859525
57859706
57859768
57859809
57859810
57860146
57860485
57860767
57860783
57860817
57860876
57861247
57861335
57861352
57859527
57805770
57853309
57852683
57843493
57843543
57843872
57843932
57844061
57844145
57844168
57844261
57844289
57844303
57844399
57844458
57844572
57844632
57844633
57844634
57844660
57844673
57844704
57844850
57845322
57845420
57811206
57845956
57846015
57846033
57846108
57774140
57777065
57843346
57843020
57840834
57841038
57841057
57841085
57841160
57841183
57841300
57841324
57841354
57841592
57841666
57841765
57806800
57841924
57841938
57842021
57842068
57772939
57842210
57842345
57842383
57842385
57842386
57842707
57842848
57843012
57843015
57843199
57846321
57846515
57777463
57850395
57850403
57850510
57850525
57850891
57850951
57851020
57851066
57851180
57851181
57851183
57851207
57851379
57851416
57851509
57810970
57851667
57851801
57851806
57852055
57852071
57852076
57852113
57852182
57852371
57852500
57852571
57850141
57849747
57849665
57849638
57846628
57846644
57846699
57846831
57847051
57847187
57847239
57847327
57847367
57799087
57847572
57847811
57847894
57852775
57778767
57848067
57848126
57848135
57551577
57848376
57848835
57848895
57848903
57849278
57849363
57849374
57849437
57849615
57847996
58079984
57096250
57095907
662343
662346
662345
662344
662350
662349
662348
624743
662351
662352
662354
662356
662355
662357
662359
662358
662362
662364
662365
662340
662366
662336
662321
662319
662320
662326
662324
654689
662329
662328
662331
662330
662335
469604
662337
662338
662342
662369
662368
662370
662371
58639489
58504286
57969294
58399039
58114509
58374652
634220
637025
661862
58396214
58344575
58639479
58602178
58282267
58639464
58639465
58287232
57983376
58632413
58221601
58594452
58530385
58600669
57558389
58533392
661874
661873
661872
661871
468645
655241
661870
661868
661866
44876
663685
663687
663688
663689
663692
663693
448155
663060
663684
663683
663658
663656
663657
663653
663654
663661
663662
663660
663666
663665
663664
663663
663668
663670
663669
663672
663671
663674
663673
663676
663678
663677
663679
663680
663686
663058
663057
654225
498680
621349
646154
655232
663062
663056
663055
655224
633434
656260
663066
663659
612186
663065
494384
492744
650180
504474
663064
663063
663667
663636
664257
664270
664268
664265
664263
511999
663694
489394
471323
664258
648316
649184
471345
651270
625149
664262
664261
664260
663611
663622
663620
663617
663616
663615
663613
663612
663634
663635
663631
663632
663633
663650
663649
663644
663642
663643
663641
663639
663640
664259
664221
663637
631720
661323
2299
2302
2290
2305
2291
2301
2281
2276
2119
2128
2157
2150
2123
2279
721
1318
1604
1606
1665
1901
1971
1995
2041
2282
2280
2285
2266
2286
2283
2277
2297
2296
2294
2298
2300
2272
2067
1999
1919
1981
2040
2081
2099
2130
1587
2174
2182
2262
1991
2000
2020
2032
2026
2063
2069
2083
2085
2107
2101
2017
2102
2162
2261
2251
2257
2274
1928
1339
1840
1835
964
1471
1555
1851
2149
2254
2232
2238
1631
1632
1669
1719
1761
1838
1338
1575
1709
2153
1221
646
1468
1466
1535
1644
1650
1830
1860
1957
1974
1972
1910
2151
2235
2234
2236
2092
2250
1514
1462
1581
1807
1867
1911
1915
2144
2121
2068
2054
1724
1853
1922
1976
2003
2028
2039
2114
2148
2201
2200
2180
2172
1935
2173
1695
1748
1765
1792
1836
1847
1931
1960
1966
1954
2010
2004
2029
2244
661324
733
2164
661353
661352
661354
661356
661357
661361
661360
661363
661362
661365
661367
661368
661371
661370
661369
661373
661372
661375
661374
661376
661377
661379
661378
661348
661347
661322
661327
661325
652562
661329
661333
661334
661332
661331
661330
661335
661336
661338
661341
661340
661345
44843
44842
44846
44834
44839
44844
44776
44857
2184
2275
2284
1894
2126
2141
494
1355
1425
1450
1550
1463
1609
1701
1878
1876
1885
2073
2152
2237
2061
1308
1377
1528
1717
1893
2079
2127
1268
2027
1916
659507
659509
846
1294
1628
1653
1897
2034
2025
1010
1539
1884
2242
1421
1542
1634
1900
1970
1993
1507
1763
1913
1968
1556
2116
1119
1357
1368
1380
1610
1660
1641
1895
2106
2133
2167
1470
1532
1597
1635
1657
1655
1702
1713
1667
1746
1738
1762
1781
2001
2030
2080
2082
1216
2122
2113
1646
660
1336
1619
1725
1786
1898
1926
2064
2077
2117
1530
1654
1821
2051
1326
1329
1438
1472
1464
1941
1973
2006
2070
2155
2249
1123
1547
1298
2169
659504
659501
660410
660407
660447
660476
660475
660474
660471
660472
660473
660469
660468
660467
660466
660463
660460
660461
660458
660457
660455
660456
660453
660454
660411
660452
660414
660415
660418
660413
660441
660440
660439
660438
660436
660435
660434
660432
660431
633107
660428
660426
660424
660422
660420
660416
660451
659464
659463
659473
659472
659471
659469
659470
659478
659480
659477
659487
659488
659486
659485
659484
659483
659482
659492
659491
659495
659496
659498
659500
659465
659461
504050
656190
660449
659985
660444
44845
44864
493165
659446
659445
659450
659502
659449
659451
622120
659457
659456
659455
632810
659460
659459
659448
667787
667785
667784
667783
667782
667780
667804
667803
667800
667789
480489
638053
667768
488513
667766
667765
667794
667793
666510
667792
667791
667790
666658
506810
667799
667798
666504
666528
666525
666421
477689
660030
666524
666523
666522
666521
666517
666516
666515
666514
666512
666511
666509
666546
666545
666540
666541
666529
666538
666537
666533
666531
666552
666502
667797
666488
666489
647423
667796
667795
666473
666472
666469
656310
666465
666464
666485
666483
666484
666482
666481
666480
666479
666477
666476
666499
666497
666495
658239
666491
666492
666487
661867
612907
491719
482599
618617
628271
494295
519683
667735
442449
498045
665441
642408
492783
498722
503588
509076
637314
665390
664706
479511
492034
483398
493247
486118
643337
494314
476693
492150
648461
655238
665421
667736
667737
659919
659679
659189
526254
494350
667722
667725
667732
667723
494491
490453
468547
486126
491716
651608
663059
659141
638004
491712
486122
659195
659194
488322
418795
470618
667739
667738
489206
480432
624428
664256
667758
667757
667756
642833
667755
667754
667753
667752
494215
667751
667750
512425
494391
667748
667749
667747
515492
667777
506066
494405
667775
667776
660443
667774
667773
667772
667770
650610
667760
481179
667761
488838
493076
628456
659955
485101
659190
489879
653331
503641
442460
508916
489232
667745
666563
490990
652876
643821
637788
465767
624951
665060
660430
667744
490666
495118
667764
667762
666486
638908
666564
666561
666559
666721
666719
666720
666718
666717
499679
666738
666737
663177
640021
666736
666727
666735
666732
666731
666730
666729
513850
666838
650417
650381
659243
666747
666746
666744
467324
666743
666722
659220
666700
538457
666699
658418
657326
656340
664325
420239
666698
492334
494650
666714
494143
482868
666712
666711
666709
666708
616624
624374
506621
666703
666825
666725
624359
651141
666723
625418
666742
660775
482465
666767
659273
666764
666763
627063
660689
666785
666784
658514
666780
666781
666779
666548
666777
666776
666775
666773
666774
666772
666796
655638
666794
665505
666741
666229
666845
666756
666752
666754
666753
666543
656092
496420
481037
666750
476684
666749
492924
636070
666701
666587
666586
666613
666614
666612
666611
666610
666609
666608
666607
666606
666622
666621
491824
442466
666620
666619
666617
666618
666628
666624
658325
666627
666625
666715
666710
666636
666588
666635
666589
666591
666560
666557
666556
666551
666446
666555
666554
666550
666553
666549
666579
666578
666733
666575
666576
666573
664170
666572
666570
666566
666565
666597
666595
666600
666592
666593
666585
666590
666629
490912
666634
491666
486119
666770
666797
627400
666702
654207
616225
666616
470689
666633
634281
658307
666630
666647
666646
666644
666643
666642
666641
666657
666655
497728
666653
666649
666648
666663
666662
666661
666659
666664
666674
666673
666672
666671
666650
666793
418792
665420
667607
657377
666448
659070
664097
463313
469949
660214
665272
639472
642786
620512
491017
653243
667605
665243
470442
652159
657860
665274
659084
665273
616594
650217
654460
510093
495979
618656
497950
525628
667603
491272
667602
667601
667600
660222
667599
638814
667598
638682
517594
667596
667597
657975
656112
493541
667595
667594
490513
421208
400732
657992
667592
667591
491281
656130
667589
667611
667588
660215
658216
496687
659182
656701
654193
494602
489083
667630
667627
667626
667625
667624
667623
667622
663022
477647
660212
477882
479939
667709
667708
481041
667639
488177
489150
662601
667638
654213
658588
667604
496659
666391
468534
658176
666447
492691
634790
660216
496447
638783
665271
659187
488623
665152
511998
632298
667620
490203
667618
555494
667617
667616
658222
491582
492809
667613
496444
666461
667612
655157
638913
500975
656022
625945
667546
657823
667545
662939
495356
667544
658088
513091
657307
667543
623413
526961
624137
661985
657973
521995
521906
547621
613294
667554
667553
658135
625839
658161
665163
617040
667552
667547
515173
499142
667537
667536
667535
667533
658158
667532
486823
646014
667531
664789
651058
659466
658087
667529
667530
667528
649785
665633
658159
667629
665181
633929
491757
490881
667548
645850
653799
494737
655080
667571
667570
667569
656822
667567
667565
667564
667561
424788
619700
653183
657993
667584
667582
667581
667580
657974
667579
657931
665257
667577
638901
660506
653238
667575
667576
492833
667572
661708
658095
490452
654014
613202
646756
666462
624094
620131
667551
665632
633366
624110
492423
524618
527562
641650
495127
493255
511873
631673
481020
646325
659678
667549
652161
666409
667557
667556
663079
505662
527751
667637
667636
667634
667671
483204
508365
494431
667696
659780
667695
653293
667694
647061
667693
667692
661443
667691
667698
627406
667690
616082
470102
442445
442441
665408
534410
612092
400718
651121
656420
624397
494569
667621
611957
667668
667667
667666
645463
477808
494323
494446
657405
666885
472973
663040
667665
667664
667688
533491
667687
667686
667683
495388
667682
667681
667679
667678
667677
667676
667675
667674
510796
479928
650831
418788
666601
490313
666598
667702
667703
666623
491141
661750
660213
491715
481879
467404
493082
667730
646339
490075
508129
659918
667728
665440
659191
665403
442462
667727
493078
661846
667726
659898
494515
661391
667705
494310
470525
511132
472255
493507
658324
494311
618963
667720
547953
667718
667719
667717
667669
491372
667714
667716
485529
667713
660340
667712
667711
492031
664214
655592
667707
661843
667706
667700
477892
492265
667670
667658
468633
493908
478575
485446
491183
667657
635966
655402
667656
667655
667654
658230
470575
494543
543724
404754
483939
465169
667652
635068
474407
652195
667651
471559
478547
639396
477895
655829
667740
491678
667642
667641
666503
486121
475987
667650
494551
667649
494049
660500
481276
478043
459048
655189
494942
630322
662641
667648
667647
451421
479938
667645
667644
662318
667643
493945
418798
667742
639919
472029
447842
665354
661823
666599
539070
472941
478469
493175
472718
635289
488309
489147
659117
482956
648935
667578
656235
474405
660290
665384
492951
653341
614172
620342
493757
635275
665319
665304
652197
640375
489571
665220
493129
667663
631160
663011
474412
626832
480036
657221
647416
667661
624203
667662
515478
665888
667660
524662
494251
653308
667659
493005
665331
651266
478565
649127
665330
611765
666792
666790
666791
665886
665885
491804
666685
482556
660151
488311
659196
666696
499912
659193
666695
666694
631844
666693
665469
651282
493771
624394
666683
666692
652310
647459
666690
666689
666688
666687
666686
665889
665893
665892
656621
664669
664670
664672
664671
664675
664673
664676
649613
664677
664685
664688
494207
664693
664692
664695
664697
664667
664699
665604
660646
661994
618291
647467
665602
665601
655377
660661
649391
492813
652408
645151
665600
664661
664660
664659
664658
664662
664663
664664
664666
664668
486468
620091
664702
485454
664701
479029
664700
664703
481790
664705
664704
665607
418797
665606
652409
665914
665915
665916
665918
665919
665920
504440
665921
665922
665923
665927
629648
665929
665928
665930
44829
44847
44852
44851
44854
665912
44856
665913
665909
665891
665897
665895
665894
485097
665898
665900
665901
665902
665903
665905
665907
665906
489132
665910
665908
44858
44261
44859
655339
461317
665574
494580
490022
665573
665572
496048
665598
655883
661920
665590
665596
665597
665589
665595
529390
513085
665592
486189
494145
640155
653491
481039
647521
665591
502932
510715
665576
496062
665577
44860
665605
653803
665579
44875
666675
659986
666676
495831
666904
618418
666903
493865
460114
666901
666902
666899
470278
481031
665720
617459
504513
491291
663392
666921
661027
655487
487996
494513
655509
666920
666918
666926
666925
666924
666906
666923
666905
666762
485013
666897
666896
664494
666895
666894
664476
666892
666891
666889
666888
492629
666887
487016
666916
666915
666914
666913
666912
513060
654937
666911
490705
656280
666908
653486
620737
500237
666933
666922
666993
658843
666956
666957
496076
666954
505440
666951
653682
666969
661111
666968
666967
442465
659390
473711
656523
666958
666959
666960
666994
666995
666937
666936
666935
666934
666931
666932
666929
666928
666938
666948
666947
666898
666946
666944
442458
620697
442459
663456
442472
666942
666943
666941
666973
654510
666961
655515
666945
663275
666874
666927
495929
509321
486125
666836
666835
497369
660846
666833
666834
663228
654408
514512
662117
492764
666832
666831
492075
666830
664445
666829
666828
666748
665645
469194
488204
646697
666799
666842
666800
666804
666789
666788
666787
666907
666910
662080
666827
666826
663226
666818
658187
515726
666816
634101
666815
666812
666813
666814
620738
666810
662085
534983
666807
666808
666809
666805
666803
666801
666841
658205
486120
666863
666862
666860
666856
653642
666857
666858
469534
660871
666854
666853
521516
666886
660878
666884
666873
666883
666881
489692
666879
666878
620050
653579
666877
491570
666876
666875
505912
666864
666865
666866
666840
480345
494804
645263
666839
515155
638631
666837
517189
653562
650546
666851
663321
666872
666850
666849
666848
649407
666846
666847
517100
666844
666843
666871
666870
666869
666868
666867
665686
44881
44883
44882
44884
44818
44885
44886
44887
44888
666965
666966
666964
491674
666962
661059
666979
442447
652592
666978
666977
659256
666976
666974
666971
625698
44821
44880
44877
667099
667102
496060
667101
667106
667105
667104
667103
667108
667107
664694
667109
667111
665580
44862
44863
43442
44865
44866
44867
44868
44870
44871
44874
44777
44872
44873
44879
512242
656221
499033
502421
482082
478957
664297
666682
498757
661271
509212
491713
666680
482022
495309
635323
492221
666679
666460
618781
483084
660450
666678
501103
666677
469935
615043
666666
666667
666670
494087
667098
667010
482018
666972
667095
667093
667002
667001
661178
653832
667020
667019
664616
667017
667015
667028
666950
667014
667052
667030
661687
642122
667026
653693
667024
667025
667023
667021
661757
667037
639412
667036
638976
667003
667034
648622
667005
666970
666917
666985
666984
666983
666982
666980
667043
667044
667000
666999
666991
666998
666996
666997
666992
495219
666989
666988
666987
667013
667012
667011
667078
652635
666940
667008
667004
667035
667033
651102
489084
667069
489017
490299
667076
489845
667075
667074
667073
667080
667072
667081
667077
659452
667083
666338
663646
667085
667086
667087
667088
495755
654725
667090
667091
664682
667092
489085
489244
634219
667067
540973
667032
667041
667042
667040
667046
667050
667049
667048
442454
667057
667056
667055
667094
667054
667059
667061
667060
658698
667058
664644
667064
667065
489060
476481
492072
472830
489087
667063
57096024
56856048
56856052
56856148
56856281
56764463
56856449
56856897
56856970
56857548
56857883
56865845
56866054
56866210
56866331
56866489
56866525
56866957
56867215
56867339
56839588
56867438
56867929
56868222
56868363
56868373
56869171
56869299
56869387
56869392
56869412
56869467
56869537
56869546
56869648
56725365
56870574
56870831
56865763
56857580
56865099
56864050
56857907
56858544
56858588
56858864
56858889
56859276
56859300
56859346
56859384
56832420
56859740
56859903
56859908
56860386
56861212
56861393
56861661
56785730
56862118
56862364
56862573
56862602
56863084
56765937
56799072
56863720
56863895
56864920
56871077
56871249
56871326
56871402
56904030
56904754
56904925
56905074
56905292
56905396
56905436
56905526
56905708
56905720
56905742
56905871
56905911
56875389
56906146
56906155
56906156
56906157
56906189
56818769
56906473
56821756
56906987
56907050
56907412
56907658
56907979
56904028
56718975
56903980
56903566
56897151
56897168
56898081
56898526
56898599
56898717
56898942
56899028
56899184
56899879
56900368
56900378
56900521
56900734
56870000
56900952
56900965
56900993
56901873
56902114
56902119
56902253
56902303
56902376
56902683
56628539
56903422
56903899
56909508
56909534
56909612
56917528
56917584
56917617
56917703
56917920
56917955
56918097
56918525
56918779
56918905
56919633
56763723
56919791
56920321
56920648
56920762
56921279
56921289
56921358
56921508
56921739
56778250
56921829
56922742
56922928
56922958
56923771
56916995
56916994
56916754
56916637
56909645
56909707
56909745
56909830
56910259
56910442
56910822
56910826
56911354
56911814
56911923
56912619
56912676
56897128
56912678
56912712
56912932
56913176
56913294
56914061
56914570
56914840
56915122
56915138
56915680
56915780
56915809
56916539
56912703
56896765
56896523
56878158
56878389
56878391
56878410
56878419
56878423
56878812
56879295
56879435
56879713
56880023
56880079
56880080
56880084
56880089
56880500
56880514
56880761
56880966
56881233
56881356
56881432
56881482
56881489
56881834
56881945
56882035
56878098
56882174
56877616
56877572
56871739
56871826
56872239
56872583
56872650
56872669
56872918
56872968
56873005
56873184
56702085
56873660
56873973
56874136
56818275
56874208
56874209
56874581
56874641
56874868
56874869
56875194
56875401
56875420
56875567
56875856
56877482
56877578
56882567
56882925
56883099
56889760
56890138
56890226
56890420
56890647
56890662
56890663
56890667
56833545
56891474
56891674
56891716
56892514
56892719
56892752
56892870
56893215
56881117
56894276
56894290
56894487
56894685
56895110
56895217
56895962
56896146
56896475
56889686
56889678
56889445
56889431
56883206
56883228
56883749
56884064
56884156
56884168
56884667
56884687
56884804
56871098
56885235
56885509
56885600
56896601
56886131
56886315
56886548
56886618
56887294
56887495
56887496
56887987
56888672
56888732
56888733
56888736
56888795
56889017
56886261
56923792
56923839
56924213
57042745
57042899
57042900
57042919
57042928
57043001
57043220
57043237
57043462
57043597
57043652
57044028
57044076
57045113
57045350
57045371
57045426
57045665
57046061
57046133
57046162
57046233
57046427
57046494
57046536
57046723
57046736
57042700
57046745
57042588
57042314
57038241
57038242
57038563
57038565
57038597
57038699
57038706
57038864
57011109
57039442
57039480
57039591
57039876
57040039
57040200
57040363
57040437
57040971
57041045
57041253
57041362
57041559
57041716
57041741
57041747
57041920
57041977
57042348
57038227
57046750
57046793
57051639
57051640
57051654
57051862
57022520
57052222
57052226
57052240
57052374
56120580
56994209
57052824
57052858
57052860
57052888
57052897
57053061
56994521
57053298
57053312
57053986
57054162
57054386
57054710
57054716
57054915
57024919
57051638
57046791
57019051
57051294
57046803
57046994
57047109
57047439
57047623
57047645
57047738
57048400
56495623
57048651
57048684
57048951
57048954
57048993
57049416
57049438
57049441
57049509
57049671
57049680
57049714
57050238
57050311
57050785
57050871
57051245
57051249
57051354
57037918
57037867
57037792
57022790
57022898
56871188
57023070
57023094
57023207
57023723
57023727
57023768
57023829
57023867
57023870
57023920
57024318
57024412
57024784
57024819
57024900
57024927
57025169
57025330
57025331
57025532
57025975
57025986
57026011
57026149
57022685
57026654
57022367
57021766
57017631
57017793
57017855
57017863
57017934
57017965
57017969
57018256
57018258
55545069
56988028
57019012
57019094
57019222
57019494
57019622
57020001
57020664
57020891
57020933
57020939
57021256
57021286
57021540
57021568
57021596
57021650
57022350
57026892
57027413
57027435
57033692
57033777
57033788
57034390
57030382
57034533
57034868
57035019
57035096
57035114
57035188
57035424
57007190
57035492
57035493
57035506
57035670
57035692
57036029
57036033
57036889
57036969
57037369
57037385
57037461
57037482
57037621
57032990
57032683
57032306
57031974
57027831
57027833
57027870
57028461
57028467
57028780
57028809
57028819
57029086
57029409
57029449
57029676
57030061
57055507
57030141
57030270
57030367
57018775
57030717
57030722
57030735
57030835
57031030
57031362
57031637
57031696
57031713
57031717
57030267
57055587
57055727
57055871
57080739
57080930
57081008
57081033
57081067
57081191
57081295
57081382
57081597
57081613
57081682
57082026
57082259
57082270
56697731
57082691
57082695
57083033
57083280
57083872
57083980
57084191
57084343
57084352
57084516
57084586
57084659
57080626
57084697
57080487
57080138
57074587
57074817
57075045
57075236
57075702
57076062
57076400
57076417
57076518
57077037
57077206
57077337
57077610
57077616
57078124
57078814
57078833
57078860
57078879
56883516
57079326
57079380
57079420
57079981
57080103
57080119
57080136
57080462
57084794
57084970
57086032
57091669
57092104
57092453
57092800
57092908
57092972
57092974
57093020
57093221
56948138
57093912
56964729
57094021
57094089
57094143
57094347
57094385
57094516
57094960
57094999
57095056
57095074
57095215
57095246
57095313
57095412
57095789
57091648
57091426
57091161
57091152
57086399
57086414
57086693
57086707
57086825
57086898
57086960
57087130
57087139
57087314
57087534
57087594
57087596
57074274
57088325
57088559
57089108
57089112
57029380
57089229
57089552
57089904
57089921
57090126
57090147
57090801
57090816
57091144
57088545
57017399
57010500
57073681
57059202
57059228
57059282
57059510
57059553
57059601
57059632
57059635
57059886
57060119
57060180
57060225
57060754
57060755
57060981
57061107
57061438
57061522
57061629
57061671
57061890
57062413
57062487
57062768
57063697
57063770
57063831
57058952
57064038
57058949
57058526
57056102
57056271
57056297
56997998
57056374
57056375
57056484
57056501
57056602
57056607
57056629
57056657
57056774
57057017
57057420
57057431
57057509
57057613
57057647
57057735
57057737
57057749
57057780
57057825
57058067
57058072
57058187
57058772
57064087
57064148
57064153
57067925
57067931
57067949
57067978
57068019
57068060
57068154
57068296
57068332
57068739
57068863
57068882
57069216
57069410
57069559
57070005
57071308
57071726
57071912
57072267
57072448
57072477
57007704
57072573
57072961
57073394
57073655
57067540
57067449
57067400
57067394
57064199
57064601
57064640
57064643
56894931
57064755
57064864
57064996
57065245
57065323
57065487
57065522
57065654
57073720
57065714
57065883
57066115
57066269
57066489
56924095
57066703
57066757
57066758
57066836
57066902
57067067
57067241
57067389
57065871
56924211
57017393
57017143
56959132
56959620
56959713
56960657
56960969
56961039
56961049
56961055
56961167
56961172
56961620
56962153
56962230
56962366
56962367
56962369
56962953
56962963
56963074
56963166
56963238
56963413
56963569
56963785
56963817
56963942
56963955
56958241
56964673
56958206
56957958
56687135
56951969
56953071
56953121
56953235
56953560
56954045
56954161
56954205
56954583
55719511
56954987
56955163
56955743
56955915
56956040
56956196
56956284
56956491
56956546
56956572
56956650
56957206
56957377
56957424
56957454
56957511
56958153
56950936
56964737
56964926
56970028
56970448
56970577
56970825
56971082
56971169
56971275
56971523
56971531
56971745
56971859
56971901
56971904
56972060
56972087
56972466
56972844
56973184
56973195
56973362
56973377
56890232
56974057
56974140
56974470
56974796
56974921
56969491
56964747
56969471
56969173
56965111
56965138
56965305
56965350
56965586
56965899
56935695
56966490
56966596
56966953
56936563
56967263
56967315
56967425
56967682
56967683
56967684
56967781
56967783
56967800
56968209
56944194
56968409
56968539
56968724
56968871
56927847
56969213
56950906
56950841
56950815
56929061
56929356
56929393
56929394
56929578
56842761
56898900
56931900
56932061
56932112
56932840
56932869
56933347
56933625
56933823
56934115
56841774
56935051
56935204
56935214
56935291
56935305
56935306
56936133
56936161
56936196
56936286
56929043
56936801
56928943
56928717
56924242
56924413
56924419
56913553
56924889
56924970
56925236
56925671
56926086
56926203
56926645
56926839
56927004
56927391
56927422
56927686
56928063
56868963
56928407
56928417
56928438
56928503
56928508
56928574
56928589
56928591
56928602
56928781
56936841
56937386
56937388
56944954
56945052
56945553
56945797
56946115
56946165
56946722
56946765
56946972
56947234
56947426
56948003
56948447
56948525
56948720
56824962
56949181
56825097
56949536
56949567
56949617
56949872
56949913
56949929
56950370
56950480
56950611
56944501
56944455
56944454
56944107
56937505
56937737
56937771
56937784
56938022
56938200
56938521
56939668
56939947
56939999
56940585
56940997
56941000
56975272
56941115
56941147
56941152
56941352
56941646
56941668
56942053
56942238
56942467
56943630
56943665
56943872
56943961
56943983
56941135
56975308
56975322
56975406
57003163
57003183
57003267
57003275
57003386
57003388
57003434
57003706
57003724
57003832
57003834
57003909
57003933
57003961
57004272
57004640
57004934
57005056
57005106
57005664
57006024
57006187
57006387
57006586
57006744
57007078
57007477
57003137
57007539
57002410
57001565
56996632
56996762
56935634
56997258
56997374
56997375
56997392
56997728
56997918
56998160
56998180
56998353
56998354
56998661
56998969
56999217
56999218
56999338
56999339
56999456
56999586
57000418
57000591
57001003
57001528
57001543
57001548
57001951
57007698
57007917
56971572
57012558
57012576
57012740
57012998
57013300
57013310
57013352
57013556
57013574
57013639
56906070
57013922
57013923
57014417
57014634
57014819
57014934
57014993
57015059
57015639
57015694
57015845
57015870
56985406
57016233
56208407
57017006
57012384
57012372
57012115
56906732
57008188
56960050
57008782
57008801
57008892
57009150
57009268
57009278
57009444
57009549
57009608
57009644
57009715
56996263
57009785
57010324
57010416
57010721
57010787
57010970
57010976
57011137
57011239
57011278
57011357
57011430
56981030
57011532
57010146
57017375
56996195
56995083
56980861
56980959
56981185
56981289
56981698
56981799
56981829
56981908
56981913
56982246
56982678
56982818
56982832
56982892
56983649
56983780
56984177
56984250
56984753
56984894
56984979
56985084
56985119
56954347
56985436
56985467
56985612
56980843
56985651
56980663
56980629
56975480
56975771
56975971
56976395
56976606
56977181
56977185
56977297
56977687
56977961
56977963
56978269
56978434
56978604
56978645
56978646
56978832
56978873
56979117
56979189
56979594
56979839
56979843
56979853
56980042
56980308
56980354
56980637
56985888
56985939
56986250
56991317
56991365
56991429
56991833
56991859
56992135
56992258
56992371
56992460
56992579
56992679
56992681
56993010
56993081
56993126
56993423
56993512
56993851
56993890
56994055
56994079
56994082
56994140
56994147
56994236
56994520
56994947
56960054
56990888
56990761
56990016
56986555
56662070
56936817
56987110
56987455
56987683
56987812
56854830
56987992
56988013
56988103
56712198
56988144
56995214
56988171
56988502
56988808
56989197
56989395
56989396
56989409
56989420
56989423
56989685
56989878
56989897
56989912
56989915
56988386
e4541f24
83ff46c7
26427dae
9e337dc6
8233d950
6f3df7de
9396c41c
b11faa02
20d70fc6
e4c3dc94
308a143b
2604bc38
63600d40
85490291
5743436c
ef705813
5479d550
46c77a78
c29f8b39
d4049b1c
501711db
b9a44672
8e6b50bf
77806995
1bdcaff1
e6621d49
7467f8a0
cd77c0cf
809b9746
feb01a8b
c52ee392
35154d04
97b43b3d
80881571
325005bb
781b3f1d
64be9d58
4f8bb9b9
a4563e28
e5b6fd15
0a8e7f2c
86d895f7
54dc95d4
a770e79c
1c6c7caf
6060921a
9db00e11
85a42cb1
708dc3a5
23107b1a
704f431d
e8d6521e
b46609af
e47259bb
3d24805e
9f14db92
b9395732
28ab7bbf
3d80b85a
ec977d78
10424108
10460577
10460656
10422519
10423331
10461084
10461153
10462233
10406454
10417324
10462389
10462477
10458743
10459361
10459772
10460445
10460527
10330958
10375641
10457876
6aaccc47
30cc7ff8
a2f82fa3
d327da8e
5d6e2f66
0171dce4
17cd8de2
97558956
9c76df28
2bddc862
913cd182
2bd709e6
7fe2f57b
4cf9da72
bd1bcb98
2fb7f1d9
a169c673
cc19c974
d5db21f6
7ac96b39
5a46f3f3
5ec627ef
88655910
2e2e5f93
e859b69d
03176261
de8a2aeb
7f41d5e5
342cbea8
4e3c4323
7731
7745
7746
7456
7386
7449
7438
7384
6874
7141
7030
6852
7225
7439
6566
6717
7312
7452
5249
6433
6290
7029
7114
6129
6890
6093
7598
7744
7590
7743
7741
7482
7430
7390
7716
7718
7720
7722
7723
7724
7389
7725
7726
7727
7728
7729
7730
7732
7734
7735
7736
7737
7645
7738
7739
7654
7657
7740
7742
7560
7537
6962
6464
7747
7649
7748
7749
7659
7751
7752
7753
7754
7514
7519
7524
7661
7669
7607
6896
7655
7287
7374
7270
7595
7461
7778
7634
7769
7772
7779
7781
7782
7783
7784
7785
7786
7787
7788
7789
7693
7790
7791
7272
7792
7569
7644
7660
7755
7756
7757
7758
7759
7760
7573
7761
7733
7762
7763
7764
7765
7767
7768
7770
7771
7773
7774
7775
7777
7650
6860
6743
6884
7648
7646
7793
7776
7498
5243
7190
7176
7363
7236
6944
6700
6341
7054
6894
7025
6919
7356
7408
7218
6389
5953
7632
7635
7643
7640
7642
7585
7584
7581
7550
7583
6595
7144
6435
6932
7794
7795
7796
7797
7594
7798
7799
7800
7766
7717
7801
7802
7804
7543
7600
7527
7806
7807
7337
7712
7713
7714
7391
7715
7473
7293
7367
7134
7805
2cf1de65
658738
58079987
58080155
58316875
58316867
58712509
58712516
58712554
58712657
58712689
58712673
57837584
58712745
58712783
58712796
58712810
58712857
58712885
58712900
58543296
58712951
56195714
58713035
56195474
58713091
57342244
58713104
57365424
58713138
58713141
58712436
56212175
58712395
58150897
58711331
58711380
58661555
58711458
58711478
56967714
58711610
58711637
58711677
58711708
58711710
58711718
58711735
58711789
57738906
56584490
58711883
58711887
56917562
56526932
58711939
58711949
58711966
58711978
58712123
58712145
58712291
57486364
58711287
56957816
57458994
58714239
58714242
58714246
58714266
58714292
58714314
58714323
58714396
58714423
58714452
58714476
58714487
58714531
58714550
58714592
58714601
58714625
58714627
58714630
58714632
57384147
58714754
58714792
58714801
58714814
58714824
58714863
58714216
57306161
58714180
58714124
58663211
57553883
58713193
58713216
58713231
58713235
58713255
58713276
58713252
58713288
58713355
58713444
58713478
58713487
58713493
57156085
58713610
58713628
58713606
58713680
58713711
58713763
58713785
58713911
58713919
58714026
58714068
58714195
58711277
58711230
58711229
58708036
58708037
58708116
58708123
58708228
58708230
58708161
58708302
58708392
58708425
58708439
58708444
58708449
58176524
58611938
58708553
53578964
58708613
58708680
58708717
58708760
58708910
58709007
58709074
58709081
58511067
58709107
58707995
58709133
58707960
58707920
58707219
58489305
58707266
58226444
58707314
58682543
58707322
58707339
57678851
58707402
58707420
58707428
58707431
37362132
58707443
58707520
58707531
58707574
58707585
58707618
58585864
58707736
58707737
58707819
58707858
58707859
58707860
58707923
58659013
58709319
58709321
58710470
58660679
58710490
58710498
58710524
58710545
58710550
58710757
58369636
58710812
58710845
58710857
58710872
58710889
58710894
58710930
58711016
58711030
58711064
58711124
58711138
58711160
58711162
58711180
58711194
58711198
58711211
58710459
58710435
58710431
58710395
58709338
58709359
58709440
58525024
58709535
58709552
58709677
58573887
58709781
58709791
58709870
58709871
58709915
58714927
58709991
58710006
58710010
58710034
58710042
58710112
58368466
58710214
58710241
57387687
58710294
58710296
58710338
58710373
58709994
58714950
58715064
58715065
58719188
58719199
58719203
58719243
58719296
58719312
58621078
58719342
58719350
58719437
58719452
58719458
58719486
58719523
58664416
58719572
58719577
58719696
58719734
58719799
58719806
58719816
58719833
58606821
58719898
58719900
58719914
58589322
58720047
58719098
58719015
58718302
58718330
58718332
58718335
58718350
57446708
58353363
58718402
58718433
58718466
58718469
58718492
58718497
58718540
58718583
58718593
58718657
58718663
58718727
58582368
58718750
58718767
58718812
58718824
58718843
58718887
58718957
58719075
58720056
58720061
58720102
58720963
58720966
58721007
58721037
58721043
58721024
58721074
58721121
58721131
58721139
58721151
58721153
58721183
58721211
58721218
58721223
58721244
58721283
58721305
58665459
58721431
58099336
58521326
58721669
58721706
58621381
58721732
58720937
58720913
58720907
58720886
58720130
58720163
58720173
58720233
58720269
58720298
58720328
58297877
57716372
58720375
58347844
58629566
58720457
58718257
58720512
58720586
58398337
58720608
58720665
58720703
58720755
58670170
58720789
58720799
52460187
58720823
58720862
58720871
58720564
58707218
58718230
58718218
58715963
58716011
58716045
58716121
58716180
58716159
58716212
58716233
58716298
58716354
58716387
58716395
58716473
57991626
58716485
45046996
58716497
58170419
58513095
58716548
58470050
57850950
57009594
54676014
58716673
58716715
58716760
58715941
58716773
58715939
58715771
58715073
58715082
58715084
58715177
58715221
58715229
57791560
58715398
58715423
58715462
58215256
58507064
58715515
58715539
58715553
58715559
58715569
58715573
58715592
58715598
58715609
58715636
58715645
58715707
58715743
58715747
58715751
58715888
58529892
58716835
58716836
58717656
58717668
58717674
58717690
58717705
58717709
58620030
58717710
58717749
58717759
58717824
58717826
58717840
58717842
58717854
58717897
58717943
58717948
58147154
57939857
58717986
58718001
58718036
58718078
58718104
58718153
58718179
58717654
58717629
58717628
58717627
57919939
58549108
58716909
58716911
58716930
58716951
58659552
58717008
58717029
58717050
58717061
58717125
58717144
58718223
58717176
58717223
58717280
58717286
58717292
58717298
58717349
58717379
58717388
58717391
58717463
58717470
58717504
58717603
58717212
58721744
58707154
58707111
58695963
58696003
58696018
58696036
58696091
58696097
58696153
58696185
58696188
58597729
58696205
58696231
58696255
58696348
58696456
58696462
58696474
58696527
58696567
58696610
58696626
58696732
58696752
58696790
58696811
58696849
58696854
58695944
58696872
58695921
58695834
58695142
58695150
58695220
58695230
58695234
58695271
58695307
58695315
58695329
58695345
58695354
58695380
58695389
58695417
58695433
58695438
58695446
58695613
58695644
58695654
58695671
58695675
58695685
58695706
58646098
58695825
58695830
58695878
58695106
58696880
58696933
58697802
58697862
57807069
58697884
58697898
58697904
58697908
58697925
58697943
58697965
58697974
58697991
58611116
58698027
58698038
58698071
58698073
58698179
58698207
58698290
58698340
58698345
58698411
58698420
58698454
58698481
57718737
58697734
58696890
58697731
58697675
58697002
58697046
58697048
58697065
58697086
58697102
58697126
58697167
58697172
58697193
58697232
58697235
58697272
58697310
58697315
58697390
58697437
58697461
58697462
58697480
58697488
58697515
57473175
58697596
58697602
58697622
58697650
58697714
58695040
58695037
58535417
58691898
58691901
58691903
58691937
58691947
58692042
58692047
57584570
58629474
58617463
58692103
58692111
58643525
58692275
58692288
58692356
58692397
58692411
58494454
58692459
58692460
58692465
58692477
58313794
58692574
58692599
58692651
58691860
58692668
58691795
57671753
58690174
58690225
58690301
58690585
58690586
58690708
58690714
58690765
58690793
58203295
58690974
58691020
58691051
58691056
58071984
58691206
58691209
58691250
58691278
58691280
58691382
58691421
58691448
58691467
58584402
58691548
58691541
58643614
58692781
58692801
58692877
58694179
58694238
58694245
58694299
58694347
58694350
58694401
58694424
58694465
58645072
58694529
58694536
58694538
58694561
58694607
58694609
58694638
58694680
58694716
58694717
58694773
58694801
58694811
58694820
58694822
58694834
58694869
58694123
58694087
58694083
58694038
58692888
58693020
58693030
58693034
58693070
58693110
58693266
58693296
58693372
58693447
58693488
58693494
58693565
58698543
58693582
58693596
58693598
58693613
58693625
58693652
58693658
58693721
58693745
58693869
58599188
58693983
58644774
58593527
58693584
56795668
58698652
58698653
58703678
58703689
58703844
58703890
58703905
58654693
58703925
58703930
58703932
58703953
58704015
58704175
58704220
58704282
58704313
58704377
58704439
58704450
58704456
58704461
58704634
58704700
58267506
58704803
58704819
58267469
58612734
58703673
58704836
58703665
58703620
58702777
58702829
58702847
58702960
58702978
58702984
58653815
58703040
58703066
58703099
58703145
58703242
58703270
58703341
58703355
58703380
58703381
58703417
58703443
58703452
58703475
58703506
58703540
58703549
58703573
58703578
58703596
58703640
58704861
58704864
58704971
58706198
58706214
58706269
58706294
58706309
58706319
58464464
58706364
58706373
58706450
58706479
58706501
58706510
58706590
58706663
58706695
58706703
58706727
58706737
58706802
58706920
58706935
58706987
58707040
58707055
58707072
58707110
58706170
58706150
58705961
58705937
58704996
58705098
58705123
58705177
58655821
58705246
58705247
58705250
58705262
58508464
58705300
58705315
58705380
58702735
58705383
58705471
58656087
58705521
57348275
58705585
54043769
58705620
55575954
58705673
58705699
58705757
58705816
58705897
58705418
58707115
58702679
58702591
58699468
58699517
58699561
58699624
58699710
58699779
58699854
58699864
58700021
58700031
58700032
58700084
58700115
58700125
58651406
58700212
58700220
58700236
58700258
58700259
58700299
58700309
58700347
58700364
58700456
58700467
58700469
58699411
58700551
58699407
58699295
58698737
58698760
58698773
58698781
58698824
58698884
58698887
58698917
58698931
58698939
57562017
58699039
58699046
58699082
58699087
58699123
58699130
58699139
58455995
58699153
58604000
58699188
58699196
58699200
58699204
58699207
58699269
58699371
58700618
58700664
58700666
58701915
58701920
58701944
58701963
58701970
58701973
58702008
58702011
58702061
58702138
57675395
58702195
58702227
58702280
58702311
58702325
58702381
58702415
58702420
58702426
58702440
58506351
58702485
58653535
58702515
58702569
58702589
58701890
58701884
58701883
58701880
58700681
58700775
58700859
58700902
58700908
58700931
58700964
58701087
58701093
58701145
58701176
58701193
58701205
58702676
58701325
58701465
58701480
58701484
58701513
58701581
58232694
58701655
58701683
58701729
58701786
58606349
58701859
58701870
58701446
58690159
58721774
58721807
58739186
58739207
58739222
58739270
58115400
58739311
58739346
58739350
58739355
58739359
58739360
58739363
58739373
58739390
58739394
58739401
58739476
58739511
58739541
58739546
58739552
58739585
58739617
58739699
58673800
58739756
58739762
58739129
58739783
58739116
58739053
58738283
58738317
58738322
58686858
58548733
58688072
58738402
58738403
58738517
58738557
58738562
58738563
58738586
58738595
58738635
58738640
58738659
58738686
58738713
58687880
58738842
58738895
58738940
58617858
58677792
58738958
58739021
58739081
58286612
58739831
58739861
58740782
58740810
58740833
58740843
58690884
58690780
58740915
58688110
58741010
58741027
58642908
58642576
51619366
51501685
57305189
57087726
58741225
58741247
58741280
58741303
57089055
58741371
58741377
58741382
58518893
58530196
58741423
58269502
58739856
58538618
38466784
58739880
58689690
58739933
58739940
58739946
58739967
58739993
58740008
58740072
58740120
58740143
58740177
58740219
58740232
58740252
58740267
58740343
58740370
58740411
58740429
58740438
58740480
58740483
58740530
58740564
58740640
58740680
58740729
58738236
58738187
58738113
58736005
58736058
58736113
58736225
58736314
58736321
58736371
58736396
58736398
58736431
58736456
58637095
58736458
58736459
58736473
58736489
58736500
58685531
58736594
58736607
57269557
58684435
58736637
58736654
58736667
57381087
58736723
58735990
58736741
58735983
58735963
58735709
58087278
58735722
51044926
58735728
51745979
58735766
57620105
51937204
58685477
58656538
58120044
58735842
58735849
58735853
58735863
56887675
50776711
58735872
58151616
58735880
58735884
58735886
58735905
58735910
58735929
58735930
58735923
58140310
58736774
58499789
58737500
58737512
58737560
58737643
58737665
58737687
58686712
58737760
58737768
58737782
58737787
58737839
58737875
58737902
58027771
58687768
58737967
58737990
58737997
58738042
58738048
58738059
58738070
58738072
58738084
58738089
58738096
58737393
58737367
58737339
58737320
58736860
58685441
58736872
58736892
56327845
58736920
58736921
58736922
58736911
58685334
58736968
58736971
58194513
58357282
58736980
58737010
58737032
58737034
58737088
58737118
58737134
58737154
58737157
58737180
58737221
56141543
58737236
58737282
58736985
58691326
58741466
57864158
58744774
58744868
58744872
58744896
58744899
58744977
58745005
58463989
58232418
58745075
58745087
58745093
58745097
58745159
58745181
58745185
58668356
58745276
58745277
58745293
58543160
58745354
58745356
58745386
58745408
58745443
58745460
58744769
58745478
58744748
58744728
58744198
58744201
58744207
58744210
58744216
58744316
58744348
58744357
58744402
58744445
58744459
58744465
58688183
58744520
58744522
58684511
58744539
58744540
58744546
58744549
58694838
58744587
58744601
58744618
58744638
58744677
58744713
58744743
58745511
58745516
58745522
58746377
58746459
58746467
58746497
58746537
58746552
58746589
58746599
58746600
58746626
58746662
58746668
58746681
58746682
58746684
58746714
58648223
58746772
58746776
58746781
58746789
58746801
58746810
58746827
58746832
58746854
58746858
58746355
58746349
58746331
58746320
58745579
58745609
58745616
58745644
58696029
58745745
58745782
58745792
58745800
58745933
58745942
58745944
58745945
58744189
58745953
58746034
58746064
58746065
58746073
58746093
58746133
58746134
58746158
58746234
58746260
58746283
58746314
58746315
58745984
57933643
58744169
58744121
58742030
58742047
58685902
58742067
58742071
58629993
58742099
58619991
58540171
58585156
58676307
58742185
58742173
58742216
58742220
58742280
58742376
58742383
58742393
58742424
58742431
58742440
58742471
58742488
58742564
58742566
58742644
58742021
58742664
58742013
58742001
56986903
58741484
58741491
58741509
58741514
58741570
58741571
58741613
58741621
58741626
58741651
58741709
58741716
58741746
58741807
58741820
58741821
58741823
58741830
58741843
58741870
58741873
58741879
58741937
58263680
58263663
58741982
58741986
58742673
58742685
57523280
56343402
58743602
57965787
58743623
58743634
57421259
57940988
58743672
58743677
58743698
58743702
58743709
58743727
58743767
58743795
58743806
58743814
58743816
58743819
58743913
58744024
58744056
58744064
58744066
58744074
58744113
58744115
58743512
58743508
58743477
58743459
57765468
58742775
58742776
58742799
58742835
58742880
58742910
58742914
58693199
58742999
58743113
58743150
58743164
58744134
58743167
58743225
58743229
58743262
58743269
58743283
58743306
58743328
57814593
58743373
58743397
58743410
58693320
58743449
58743186
58721800
58073333
58034592
58727168
58646994
58676746
58727340
58727458
58727487
58727506
58727543
58457843
58727561
58727610
58727640
58627223
58727762
58727801
58727811
58727821
58727913
58727997
58189572
58728035
58728077
58728128
58728131
58728178
58677429
58728229
58727121
58728240
58727089
58727066
58726417
58726485
58664740
58625525
58726553
58726574
58726585
57903511
58726594
58726611
58625586
58237910
58726652
58365818
58726674
58726731
58726750
58726763
58726864
58623578
58726935
58572938
58726959
58726960
58726979
58726987
58727001
58727080
58726373
58728289
58728350
58729164
58729171
58729194
58729209
58729227
58729228
58617983
58030959
58729254
58729272
58729308
58632859
58403239
58729368
58729377
57247723
58729422
58729425
58729432
58729450
58729505
58729508
58729530
58729570
58729585
58729586
58729639
58729074
57814099
58729066
58729037
58728361
58728335
58728371
58728386
58728399
55448945
58728417
58162864
58728464
58162875
55701878
58219474
58728510
58728517
58728553
58728564
58728579
58728616
58728705
58728741
58728746
57259195
58728870
58728903
58728998
58729002
58729033
58729043
58726337
58726199
58726136
58723258
58723266
58723336
58723373
58723407
58723423
58723473
58723493
58723507
58723510
58535659
58723646
58723652
58723669
58723763
58723795
58723805
58723909
58723923
58723929
58723948
58523840
58723990
58604454
58523917
58724022
58724069
58723142
58724076
58358494
58722831
58721850
58721863
58721960
58721978
58722090
58722098
58722177
58722180
58722194
58722204
58722242
58722245
58722256
58722280
58722296
58722300
58722310
57991307
58722457
58722527
58722549
58104954
58722582
58722590
58722751
58722784
52153733
58722870
58724089
58724123
58724185
58725192
58725194
58725206
58437793
58725241
58725280
58725327
58725360
58725382
58725433
58725447
58725457
58725520
58725536
58725540
58725605
58725657
58725670
58725685
58725716
58725738
58725801
58725812
58725917
58725939
58725947
58726066
58725188
58725147
58725106
58724982
58724199
58724226
58724244
58724246
58724256
58724303
58724316
58724317
58724390
58724406
58724426
58664735
58664738
58729684
58724519
58724570
58724576
58724597
58724642
58724675
58724692
58724769
56631778
58724834
58724860
58724886
58724935
58724953
58724567
58729685
58629171
58729777
58733600
58733626
58733659
58683082
58733672
58733713
58733752
58733802
58733846
58733856
58733922
58733952
58733970
58733987
58734024
58734030
58734040
58635721
58145437
58228169
58734059
57460947
58734082
58734092
58734107
58734111
58734135
58683026
58734156
58733461
58733422
58732934
58732937
58732956
58732972
58630847
58733011
58733044
58623967
58733066
58733072
58733091
58733125
58733128
58733137
58733149
58733191
58733208
58733221
58733222
58733226
58590345
58733285
58733287
58733306
58733328
58733380
58733409
58733439
55846352
58532758
58734250
58734946
58734962
58734979
58735056
58735105
57587073
58482561
58735177
58735197
58735231
58735240
54200766
58735334
58735363
58735374
58735375
58735417
58735430
58735435
58019511
58735486
57128231
58090828
58735571
58735582
58019005
58735684
58734940
56003680
58734870
58734835
58734260
58734276
58734292
58734301
58734308
58734335
58734369
58532852
58563976
58734418
58734424
58734429
58734490
58732931
58734493
58734548
58677328
58734594
58734599
58734604
58734629
58734632
58734710
58734764
58734767
58625321
53857278
58734833
58734494
58087378
58732918
58732853
58730564
58626257
58623563
58623557
58623558
58730590
58730634
58627704
58623562
58730639
58730643
58730674
58730731
58730761
58630367
58730777
58730786
58630635
58730832
58730872
58730909
58730927
58730930
58730931
58730995
58730996
58731035
58730561
58731051
58623561
58730541
58270656
58629170
58729801
58729811
58729820
58100444
58729858
58729893
58729901
58729916
58729918
58729925
58729929
58729952
58729959
58729967
58729968
58729973
58730040
58730052
58730088
58730123
58730138
58730183
58730197
58730384
58730396
58730550
58731056
58731081
58731142
58732162
58732184
58732222
58732224
58732235
58732245
58732277
58732284
58732292
58732329
58732346
58732463
58732470
58732481
58495658
58732570
58732597
58732631
58732638
58732650
58732670
58732699
58732748
58732775
58732782
58732799
58732836
58732136
58732082
58732008
58731995
58731143
58731152
58731197
58731201
58731221
58731248
58731286
58731319
58731339
58681347
58731404
58499711
58631468
58732890
58731439
58731531
58731542
58731554
58731587
58731596
58731600
58731663
58731724
58731776
58731780
57104748
57247876
58731887
58731506
58690132
58690084
58690063
58632659
58632667
58632670
58632760
58632765
58632793
58632798
58632844
58632927
58632929
58632933
58632953
58632967
58632983
58632984
58633056
58633082
58633198
58633230
58633273
58633377
58633419
58633452
58633468
58633529
58633575
58633708
58632641
58633714
58632640
58632531
58631705
58631711
58631741
58631760
58631858
58631879
58631881
58631912
58631915
58631943
58631991
58632014
58632024
58632055
58632150
58632235
58632260
58632354
58632379
58632389
58632411
58632424
58632433
58541334
58632485
58632490
58632526
58632583
58631691
58633717
58634059
58635077
58635090
58635216
58635272
58635280
58635281
58635343
58635375
58635436
58635455
58635483
58635529
58635531
58635590
58635591
58573884
58635698
58635717
58635726
58635740
58635760
58635764
58446993
58635882
58635908
58635925
58635947
58635056
58633810
58635046
58634963
58634159
58634184
58586722
58634257
58634273
58634310
58634346
58634398
58634427
58634437
58634450
58634466
58634489
58634506
58634517
58634532
58634548
58634553
58634626
58634696
58634701
58634718
58634765
58634799
58634804
58634885
58634949
58635019
58631672
58631668
58631615
58628303
58628306
58628356
58628475
58628497
58628515
58628529
58628549
58540247
58628620
58628626
58299947
58628662
58628666
58628710
58628806
58628827
58628892
58628994
58629016
58629154
58629220
58629332
58629333
58629395
58443181
58629427
58628259
58629476
58628246
58628228
58627148
58627172
58627178
58627182
58627200
58627206
58627209
58627224
58627285
58627297
58627312
58563637
57017627
57538881
58627677
58585332
58627736
58627863
58627866
58627878
58627920
58627924
58627935
58627948
58628055
58628069
58628212
58628244
58629481
58629522
58629564
58630786
58580258
58630841
58630843
58630896
58630916
58630934
58630967
58631014
58631092
58631145
58631146
58631193
58631212
58631222
58631238
58631269
58631290
58631331
58631346
58631348
58631416
58612878
58631501
58631502
58631513
58631567
58630744
58630714
58630711
58630662
56969852
58442480
56565619
57238727
58629614
58629713
58629811
58443806
58629938
58630014
58630125
58630126
58630153
58635981
58493816
58630240
58630256
58630353
58630427
58630499
58630515
58630530
58630559
58630565
58630583
58630623
58630627
58630634
58630192
58635984
58636084
58636099
54010643
58641347
58641379
58641422
58641440
58641515
58641551
58641601
58641727
58641760
55576019
58641927
58642013
58642053
58642166
58642225
58642237
58642286
58642287
58642295
58642361
58642381
58642460
58642469
58642471
58642583
58642606
58641179
58642618
58641159
58641086
58639701
58639774
57880234
58639893
58639903
58084535
57474193
58639983
58639996
58640039
58640152
58595464
58640203
58640354
58640392
58640442
58640467
58640499
58640620
58640626
58640627
58595972
58640690
58640726
58640740
58640799
58453322
54043807
58642639
58642697
58642752
58644482
58412662
58595133
58476268
58644656
58644675
58644721
58644750
58644888
58522038
58644907
58599218
58644955
58644971
58645016
58645134
58599534
57712185
58645237
58645238
58645260
58645265
58645347
58645383
58645386
58645393
58645452
58644464
58644415
58644382
58644128
58642905
58642917
58642944
58643023
58643070
58643141
58643143
58643172
58643190
58643208
58643215
58643242
58643271
58639672
58643346
58643394
58643402
57083975
58643471
58643518
57530441
58643769
58542376
58643803
58455010
58643973
58643979
56178746
58643368
58627135
58639557
58639491
58448646
58439666
58637492
58637493
57848269
58637547
58637559
58637575
58637579
57590591
58637658
58592638
58547256
58637836
58637887
58637889
58637891
58637892
58637894
58637897
58637901
58637902
58637904
58637905
58637906
58637908
58637909
58637401
58637911
58637394
58637365
58636121
58636143
58636192
58636403
58636405
58636489
58636501
58636514
58636543
58636687
58636695
58636727
58636758
58636778
58636790
58636793
58447761
58636804
58636807
58636823
58636835
58636837
58636859
57295815
58637042
57752338
58591562
55685093
58637912
58637918
58637925
58638633
58638655
58638679
58638708
58638719
58638775
58638825
58638833
58638857
58638862
58638881
58638914
58638954
58638963
58638978
58639026
58639105
58639123
58517877
58639208
58639219
58639222
58639244
58639251
58639347
58639432
58639481
58638613
58638521
58638496
56907945
58637928
58637929
58637933
58637937
58637944
58637945
58637948
58637949
58637961
58638038
58638061
58638119
58454397
58639496
58450332
58548184
58453864
58638226
58638273
58638277
57809412
58638298
58638308
58638310
58638327
58638416
58638451
58638479
58534992
58645458
58627102
58627038
58611543
58611597
58611627
58611681
58611732
58611761
58611781
58611782
58611826
58611834
58611837
58611883
58611932
58612119
58612128
58612176
58612209
58424365
58612361
58612393
58612462
58612467
58612554
58612598
58612801
58612928
58612940
58611563
58612947
58611521
58423515
58610263
58610319
58610325
58610352
58610359
58610376
58610378
58610502
58610506
58610582
58610606
58610607
58610613
58610653
58610805
57831432
58610855
58610935
58610942
58611006
58611014
58296009
57099994
58611243
58611298
58611321
58611348
58611377
58610149
58612976
58613161
58614933
58614937
58614939
58614946
58614981
58615007
58239554
58615176
58615246
58522318
58615291
58615314
58615361
58566454
58615406
58615424
58615565
58615594
58615611
58615665
58615711
58615805
58615907
58616038
58570901
58616180
58616224
58614830
58613104
58614805
58614609
58613183
58613220
58613303
58613431
58572611
58613579
58613590
58613608
58613783
58613836
58613853
58613873
58613882
58613937
58613976
58614009
58614053
58614079
58614155
58614157
58614160
58614202
58614272
58614371
58614384
58614385
58614585
58614783
58610094
58610092
58610076
58605782
58605858
58605870
58362800
56986895
58605997
58606063
58606158
58606184
58606211
58606232
58606287
58606294
58606307
58606373
58606378
58606381
58606410
58606482
58606492
58606639
58606677
58606694
58606700
58606701
58606715
56963121
55836816
58606843
58605738
58605650
58604443
58604468
58604486
58604531
58604600
58604798
58604922
58604927
58136763
58604974
58605084
58605109
58605124
58605249
58605254
58605259
58605305
58605310
58605370
58195348
58605394
58605457
58605476
58605518
58605570
58605592
58605646
58605660
58606978
58607078
58607092
58608972
58608994
58609003
58609004
58609097
58609098
58609130
58609164
58609227
58609405
58609423
58609437
58609483
58609488
58609518
58609585
58551284
58609703
58609738
58609742
58609824
58609853
58146089
58609865
58609908
57905304
58564404
58608961
58608947
58608783
58608743
58607117
58607125
58607148
58607199
58607310
58607321
58607379
58607383
58607486
58607487
58607657
58607694
58607765
58571199
58607772
58607855
58607924
58607947
58607995
58608035
58395287
58562430
58608245
58608521
58608548
58608571
58608606
56262051
58562425
58616484
58616492
58616555
58623581
58623583
58623584
58623594
58623623
58623663
58623750
58623778
58623814
58623835
58623890
58623983
58623985
57847059
58624083
58624146
58624162
58624187
58624203
58624232
58624233
58624246
58624251
58624311
58431891
58624502
58624504
58623572
58624507
58623571
58623568
45035424
58219292
58370554
58622621
58241363
58622746
58622752
58622802
58622881
56916139
58534096
58295787
58623168
58623277
58623301
58623362
58623371
58623402
58623442
58623454
58623463
58623465
58623476
58623560
58623564
58623566
58623567
58623569
58624610
58624639
58624647
58440355
58626156
58626177
58626192
58626198
58626225
58626226
58626305
58626324
58626424
58626448
58626468
58626471
58626472
58626477
58626485
58626549
58626575
58626620
58626629
58626640
57656033
58626766
58626954
58627002
58627005
58627022
58626108
58626090
58626029
58626001
58624677
58624688
58624697
58624726
58624801
58624852
58624896
58624914
58625049
58625057
57852042
58625286
58625430
58622091
58625435
58625542
58625551
58625584
58625585
58625644
58625706
58625769
58625810
58625825
58625836
58625840
58625944
58625997
58625500
58627097
47939175
58433721
58617795
58617834
58617944
58617959
58310883
58618021
58618185
58618205
58618291
58618338
58618374
58618403
58618415
58618452
58618454
58618486
58618507
58509010
58618575
58512320
51726842
58618644
58618734
58618745
57943419
58618799
58618885
58617750
58573468
58617697
58617407
58616619
58616630
58616637
58558734
58616650
58616652
58616733
58616907
58616935
58616945
58616977
58616978
58617007
58617024
58617049
58617100
58617153
58617166
58617193
56352979
58571019
58617261
58617336
58617342
58617377
58617381
58617386
58617461
58428444
58127921
58619176
58620699
58620713
58620720
58620772
58620776
58620790
58620848
58620854
58620981
58621104
58621111
58621156
58621333
58621417
58621530
58621537
58621545
58621551
58621555
58621577
58621697
58621727
58621753
58621969
58621981
58622010
58622044
58620690
58620488
58620411
58620387
58619303
58619348
58619384
58619476
58619537
58619590
58619667
58619763
58619790
55487457
58619823
58619855
58619900
50383258
58619921
58620023
58620032
58620056
58620069
58620086
58620162
58620166
58620218
58620279
58620364
58620343
58620371
58620374
58620004
58333313
58645527
58645562
58677105
58677217
58677218
58677238
58677247
58677265
58677293
58570599
58677322
58677381
58677421
58677423
58677434
58677460
58677608
58677653
58677812
58677814
58677838
58677852
58677893
58627563
49698280
58677935
58677979
58677991
58678054
58677097
58678070
58677071
57681527
58676646
58676748
58676749
58676752
58676756
58676757
58676818
58676834
58676839
58676841
58415756
58101146
58316871
58316902
57597567
54604016
57614765
57611406
58316870
58316861
57601634
58539401
55203054
56837199
57597004
57597006
57614800
58677019
58623577
58678120
58678182
58679410
58613131
58593371
58623565
58623570
58679552
58679571
58679575
58679647
58679779
57820718
58679793
58679821
58679964
58679965
58680079
58680086
58680087
58680170
58680247
58680301
58680332
58680350
58629957
58680480
58680498
58680601
58679347
58678179
58679335
58679246
58678191
58678227
58678246
58678339
58678355
58678356
58628130
58628035
58678397
58678436
58678439
58678549
56795537
58678601
58678610
58678645
58453913
58678832
58678952
58678954
58679082
58679094
58679114
58679142
58679149
58679160
58679232
58150314
58676558
58676550
58676535
58671663
58671676
58671685
58625045
58031539
58612654
58671956
58671975
58671980
58672002
58672027
58672063
58672078
58672113
58672151
58672158
58373011
58567122
58480262
58672457
58672535
58672572
58672633
58548072
58672720
58672721
58672796
58671623
58672865
58671609
58671538
58670234
58670317
58670460
57193039
58670481
58670550
58670572
58670600
58670630
58670683
58670699
58670700
58670717
58670741
57917853
58670899
58670906
58670975
58671060
58671116
58671134
57913341
57902106
58671295
58671422
58671453
58139072
58671570
58672995
58673009
58673039
58674603
58674697
58674698
58674715
58674717
58674790
58674823
58674874
58482667
58675010
58675166
58675230
58675252
58675387
58675531
58675576
58572496
58675656
58675693
58676231
58676265
58288638
58676381
58676473
58676475
58676479
58676499
58218092
58674500
58674443
58674358
58673114
58673155
58673280
55724570
58673313
58673437
58673569
58673596
58673608
58673624
58673653
58673736
58580783
58680609
58673750
58673794
58673825
58673838
58673855
58673865
58673889
58673924
58673938
58581243
58674133
58674200
58674279
58674335
58673790
58680639
58680710
58680779
58686845
58686894
58686940
58686978
58687024
58687163
58687171
58687181
58637995
58687267
58493059
58687295
58687410
58687435
58687491
58687521
58572781
58687589
58687640
58638110
58687696
58687728
58075290
58687759
58687869
58687953
58688040
58686807
58688109
58291690
58594705
57939322
58686018
58686041
58686044
58686051
58686068
58686188
58686198
58686284
58686304
58686306
58686307
58686309
58686319
58686338
58686347
58686421
58686436
58686472
58686493
58686507
58686530
58686575
58686588
58686633
58686658
58686697
58686729
58688124
58688164
58688178
58689238
58689239
58689250
58689270
58689272
58689282
58689298
58689355
58689357
58689527
58689581
58689595
58689685
58689716
58689829
58689887
58689937
58689941
58553902
58689948
58637847
58689969
58690015
58690032
58690033
58511425
58690047
58689223
58689162
58689144
58689132
58155997
58688255
58688267
58688298
58688317
58688330
58374737
58688433
58688444
58688488
58688502
58688532
58494331
58685980
58688699
58688825
58688848
58688877
58688882
58688929
58688948
58688950
58688991
58688983
58689044
58689053
58689100
58689125
58688824
58670227
58685938
58685930
58682249
58682294
58682309
58682311
58682349
58682484
58682486
58682497
58682563
58682574
58682598
58589249
58682636
58682649
58682656
58682680
58682686
58682689
58682716
58682762
58682827
58682866
58682901
58682938
58682995
58683046
58683066
58682181
58683080
58682091
58681891
58245147
58680875
58680891
58680937
58681007
58681108
58681123
58681159
58681178
58681214
58681240
58681311
58681325
58681333
58681348
58681378
58681471
58681507
58681532
58681595
58681627
58681660
58681677
58681714
58681792
58147036
58681821
58681900
58683183
58683206
58683219
58684515
51127303
58684575
58684576
58629567
58455621
58581593
58684659
58684731
58684738
58684743
58684748
58684829
58684973
58685140
58685147
58685343
58685420
58685438
58685551
58685596
58685614
58685696
58685720
58685781
58685807
58685869
49886641
48008831
58684446
58684439
58683451
58683463
58683467
58683545
58683584
58683655
58440624
57924543
58683764
58683776
58683818
58683819
58683878
58685931
58683895
58683938
58683977
58684119
58684160
58684241
58684242
58214184
58684265
58684276
58684334
58684352
58684353
58684368
58683920
58225030
58271261
58670109
58653520
58653534
58653566
58653604
58653715
58653730
58653806
58653818
58653827
58653859
58653971
58654004
58654005
58654076
58654092
58561901
58654288
58654289
58654439
58654452
58654506
58654520
58654552
58598463
58654645
58654803
58655042
58653515
58655048
58653457
58653427
58651875
51896235
58652003
58073227
58652081
58652112
58652150
57894832
58019039
57922049
57724005
58652306
58652344
58652359
58652373
58652405
58652450
58652568
58559988
58652644
58652651
58653027
58653059
58606324
58653201
58653214
58653240
58653449
58608343
58655288
58655327
58656533
58656571
58425137
58656651
58656656
58656678
58656890
58656901
58656980
58656983
58657082
58657176
58657188
58657207
58090426
58657331
58657370
58657371
58657452
58657508
58657561
58657604
58657612
58657634
58657635
58657638
58657650
58656517
58656468
58656451
58656393
58655378
58655385
58655410
58655432
58655508
58655534
58655548
58655561
58655619
58655623
58655629
58655630
58655685
58074839
58655759
58655815
58655838
58515060
58655888
58655919
58590240
58656030
58656037
58656133
58656207
58010933
58296700
58656362
58655813
58657824
58651812
58651604
58646525
58646662
58646750
58646754
58646882
58646884
58646982
58647006
58647014
58647033
58647047
58647063
58647161
58647274
58647279
58647293
58647294
58647345
58647367
58647376
58647380
58647412
58647462
58647476
58647498
58647519
58647647
58308584
58647677
58646453
58646408
58645676
58645775
54324488
58645830
58645850
58645868
58645885
58645911
58645923
58645925
58600529
58645945
58646012
58646035
58646054
58646078
58646105
58646116
58646133
58646168
58646180
58646196
58646210
58646370
58646374
58646392
58646394
58646418
58647731
58647840
58647911
58650260
58650291
58650343
58650511
58558323
58650582
58650824
58650850
58604193
58650892
58650988
58651062
58651113
58651139
58651151
58651191
58651196
58651225
58651238
58461728
58651387
58651389
58651449
58651456
58651538
58651559
58651578
58460643
58650089
58650025
58649970
58648001
58601683
58648073
58582080
58648248
58648317
58648329
58648340
58648610
58648616
58648743
58648752
58648927
58651708
58649008
58649121
58649122
58649162
58649367
58649377
58573291
58649553
58649606
58649640
58220828
58649670
58649838
58649862
58649117
58746877
57708886
58657928
58665376
58618319
58665448
58665474
58618337
58665573
58665673
58665740
58665981
58666255
58666280
58618830
58666326
57748267
58587983
54341324
58666581
58666618
58666694
58666721
58666810
58666844
58666894
58666935
58667039
58667107
58667161
58665289
58667169
58665286
58665264
58663928
58663935
58663946
58664007
58664027
58617069
58664225
58664247
58664319
58664324
58664503
58472926
58617475
58664655
45164087
58664755
58664787
57324515
58664907
58664920
58665009
58665059
58665062
58665090
58665097
58665098
58665121
58665272
58667176
58667181
58667219
58668763
58668797
58669063
58669178
58576640
58669251
58669318
58669335
58669389
58669412
58669442
58477443
58669473
58669475
58669574
58563349
58563389
45059666
56114573
58669745
58570195
58669867
58669908
58669935
58670003
58670027
58670100
58668716
58668557
58668489
58668419
58667224
58667256
58667271
58667274
58667306
58667312
58667337
58667354
58667493
58667502
58667508
58667631
58667632
58663926
58667693
58667804
58667807
58185494
58667852
58667964
58667989
58668024
58668102
58620531
58668286
58668294
58668300
58668372
58667776
58565706
58663898
58663750
58659771
58659830
58659902
58659936
58660065
58469414
58660171
58660214
58660235
58310187
58500552
58613098
58660398
58660497
58660528
58660536
58660583
58660629
58660631
58446105
58568218
58660683
58660753
58660862
58660952
58660982
58661191
58659644
58661228
58659469
58659427
58657951
58657953
57598642
58565750
58658024
58658086
58658105
58658150
58565832
58658806
58658831
58658836
58658915
58658988
58659040
58659070
58659110
58659119
58659129
58659226
58659231
58566848
58593174
58659382
58659390
58659391
58659420
58659451
58661236
58661253
58661273
58663013
58663021
58663046
58663064
58663136
58663151
58663160
58663185
58663186
58663207
58663243
58663256
58663258
58663315
58663326
58663366
58663376
58663393
57198497
58663415
58663434
58663555
58663564
57916183
58663624
57810312
58663679
58662992
58084144
58662921
58204766
58661328
57955256
58661358
58661381
58661425
58661470
58661512
58413651
58661722
58661762
58661855
58661929
58661951
58663806
58661977
58662160
58662178
58662209
58662220
58662236
58662237
58662338
58662383
58662539
58662602
58662716
58662742
58662876
58662087
58604422
58746909
58746997
56533706
56533719
56534227
56534304
56534453
56534582
56422639
56535729
56535870
56535982
56514431
56536230
56536648
56537017
56537243
56537286
56537748
56537826
56489856
56538205
56538472
56538842
56539192
55956204
56540068
56540081
56540084
56533613
56540322
56533601
56532890
56529634
56529775
56530005
56530010
56530314
56530392
56530487
56530488
56530612
56530650
56530668
56530675
56530693
56530708
56530735
56531123
56531190
56531599
56531838
56531839
56531969
56531993
56532038
56532691
56532823
56532832
56532869
56533073
56529512
56540337
56540399
56548584
56548679
56548889
56549428
56549458
56549470
56549492
56549538
56549632
56549690
56549863
56550110
56550175
56550237
56550242
56550342
56550435
56551123
56551181
56481014
56551710
56551840
56553148
56554929
56554962
56555429
56555681
56548439
56540356
56548418
56548228
56540686
56540688
56429283
56541003
56541765
56541823
56541845
56392167
56542236
56542809
56543250
56543532
56544016
56545110
56546238
56546251
56546294
56546396
56546464
56546465
56546471
56547060
56547165
56547197
56547783
56547916
56547967
56548412
56529328
56529312
56529308
56509430
56509441
56509547
56509563
56509597
56509612
56509847
56510191
56510561
56510732
56511044
56511199
56511210
56511244
56511337
56511533
56511792
56512161
56512287
56136130
56513077
56513078
56513778
56513980
56514113
56514225
56514452
56508868
56514497
56508821
56507352
56501182
56501471
56501557
56501730
56502127
56502548
56502796
56503239
56503243
56504112
56504334
56504608
56477971
56504916
56504928
56504929
56504933
56505197
56505524
56505891
55848674
56506186
56506522
56506568
56506588
56506735
56506803
56507613
56514787
56514873
56515009
56524017
56524025
56524137
56524173
56524187
56524194
56524262
56524263
56525116
56525284
56525713
56489597
56414586
56527183
56527226
56527547
56527548
56527759
56527958
56528160
56528240
56528408
56528739
56528781
56528782
56528843
56529123
56524008
56523793
56523021
56522290
56515067
56515110
56515428
56489527
56516404
56517328
56464564
56517765
56518165
56518595
56507711
56518881
56519073
56555727
56519149
56519726
56519745
56288312
56519840
56519913
56520036
56520961
56521371
56521413
56511858
56521508
56521664
56521861
56519687
56556238
56556243
56556490
56595199
56595256
56595554
56595667
56595697
56595736
56595737
56596505
56596579
56596799
56598197
56598553
56598560
56598743
56598820
56599068
56599981
56600210
56600260
56601513
56601554
56601964
56603394
56603414
56603456
56603621
56603658
56594612
56603785
56594402
56594191
56588289
56588305
56557476
56588487
56558169
56588751
56589301
56543544
56589412
56590003
56590197
56590224
56590279
56590956
56591102
56591161
56591162
56591541
56591572
56591647
56093458
56559597
56593027
56593178
56593732
56594032
45421604
56594208
56603786
56604624
56605069
56616600
56616896
56617143
56617416
56617657
56618024
56618303
56618306
56618343
56606497
56619353
56619362
56619371
56619380
56619595
56619795
56620161
56620308
56620397
56620418
56558999
56621439
56621792
56621871
56622001
56622239
56622360
56616544
56615974
56615663
56615094
56606123
56606545
56606657
56607364
56608594
56608857
56608859
56609244
56609252
56609273
56609500
56609596
56609846
56587902
56610283
56610535
56610951
56611208
56612077
56612114
56612187
56613224
56613839
56614236
56614395
56614434
56549307
56615038
56581296
56501159
56018351
55983694
56564067
56453222
56537154
56564520
56564918
56564965
56565161
56565279
56565608
56565698
56565883
56565892
56566098
56566111
56566649
56566857
56495054
56567164
56567371
56567372
56568386
56568445
56568489
56568709
56568734
56568791
56568824
56563909
56568871
56563907
56563715
56556650
56556823
56557218
56557477
56557562
56557566
56557707
56558103
56558877
56558911
56559318
56559569
56559609
56559622
56559761
56560530
56533068
56560666
56560718
56560844
56560866
56561176
56561543
56561576
56561709
56562541
56563697
56563841
56569110
56569857
56571324
56580148
56580521
56580680
56580922
56580959
56581646
56582364
56582498
56582781
56582806
56582949
56583257
56584497
56584768
56584950
56585048
56585370
56585746
56585769
56585900
56585953
56585986
56586358
56586584
56586625
56586885
56586898
56579901
56579895
56579894
56285842
56571601
56571811
56571826
56571979
56572365
56573103
56573113
56573212
56574130
56574134
56575155
56575535
56575551
56530112
56576123
56576497
56576873
56577088
56577221
56577546
56578593
56578632
56578693
56579003
56579419
56579555
56579571
56550471
56576486
56622361
56501155
56500131
56432562
56433012
56433386
56433543
56433561
56433626
56232943
56433699
56433787
56433887
56434455
56434456
56434895
56435098
56435145
56435337
56427784
56435517
56435581
56435832
56435910
56436218
56436458
56436488
56436679
56437381
56437463
56431943
56437734
56431809
56418101
56424452
56424490
56424635
56424763
56425166
56426450
56426452
56426501
56310885
56427246
56427831
56428269
56428610
56428629
56428918
56429028
56429047
56429107
56429182
56429207
56429270
56429303
56430175
56430718
56430786
56430797
56430921
56431438
56424392
56437768
56439233
56445250
56445430
56445477
56445694
56389962
56417646
56445919
56446075
56446076
56446154
56446483
56446591
56446666
56446859
56447033
56447153
56447193
56447291
56447714
56447814
56448179
56448232
56448295
56448296
56448355
56448495
56448575
56445234
56438174
56445091
56444592
56439242
56439252
56439463
56440302
56440307
56440747
56440975
56440997
56441062
56441075
56441409
56323378
56441859
56442602
56442694
56442994
56443408
56443819
56443918
56443956
56443969
56444183
56444216
56444364
56444478
56444479
56444562
56416527
56424207
56423776
56423511
56402935
56402990
56403025
56403608
56403609
56403851
53538603
56404587
56404639
56404644
56405415
56405418
56406332
56406401
56406456
56406827
56407330
56407468
56407630
56408193
56355245
56409258
56409480
56409691
56410293
56410467
56410489
56402918
56410675
56348881
56402478
56395163
56395681
56395756
56396024
56396134
56396258
56396307
56396323
56396347
56396394
56396922
56396923
56397092
56397798
56398329
56398583
56398904
56399434
56399438
56400037
56373013
56400645
56401227
56401433
56401434
56401435
56402419
56402778
56410710
56410958
56411127
56418500
56418765
56418829
56418830
56419149
56419150
56419581
56419592
56419677
56419705
56419786
56419846
56420342
56420467
56420469
56420471
56420644
56420730
56420930
56420934
56420976
56421163
56421197
56421517
56421518
56421791
56421927
56418496
56418323
56418130
56417858
56411491
56411807
56412511
56412534
56412897
56413093
56413142
56413326
56413445
56413452
56413615
56414096
56002272
56448578
56415351
56415611
56415651
56415726
56415731
56416009
56416195
56416350
56416361
56416710
56416930
56417569
56417699
56417717
56415418
56449166
56449648
56449760
56481366
56481382
56482072
56482134
56271606
56482813
56482814
56092119
56483606
56483611
56483744
56484018
56484147
56484303
56484354
56484357
56484597
56484769
56484818
56485279
56485280
56485615
56485841
56485974
56485987
56486449
56486481
56481357
56487050
56481282
56481053
56474430
56474611
56474913
56475005
56475382
56475393
56475769
56351020
56475897
56476015
56476023
56476736
56476784
56477008
56477365
56477461
56477591
56477912
56478434
56478510
56478656
54538265
56207963
56480085
56480170
56480631
56480646
56481086
56487193
56487216
56487442
56493261
56493322
56493576
56493855
56494014
56494020
56494817
56495307
56495320
56495842
56496196
56496515
56496602
56497147
56497250
56497412
56497637
56497706
56470816
56498226
56498333
56498359
56498748
56499316
56499317
56499336
56500129
56465866
56492637
56492562
56492556
56487544
56488572
56488692
56158216
56489016
56489049
56489531
56382200
56489857
56489858
56489887
56490033
56490241
56474409
56490337
56490718
56490734
56490899
56490940
56490970
56491111
56491336
56491941
56492049
56492192
56492315
56492460
56492472
56490342
56500891
55927468
56473265
56456383
56444212
56456757
56456888
56457095
56457170
56457235
56457244
56457287
56457398
56457602
56457672
56457686
56457774
56457777
56457786
56458280
56458618
56458867
56458948
56459186
56459337
56429298
56459911
56460324
56460823
56461215
56456378
56461323
56456361
56455666
56450072
56450189
56450195
56450630
56450643
56450676
56451042
56451056
55467092
56451562
56452044
56452047
56452156
56452658
56452718
56424488
56452936
55723140
56453210
56454036
56454080
56378993
56454235
56454575
56454774
56455358
56455540
56456231
56461541
56461714
56461715
56468858
56469124
56469325
56469701
56469727
56469968
56470117
56470583
56470625
56470637
56470866
56471037
56458738
56471046
56471053
56471447
56471580
56471654
56471710
56471937
56472322
56472359
56472579
56472756
56472863
56473042
56473044
56468814
56468776
56468735
56468324
56461886
56461929
56462244
56404313
56462783
56463182
56463192
55769242
56463474
56463785
56463980
56464489
56464502
56473700
56334108
56465837
56465927
56466097
56466117
56466145
56466352
56305025
56466869
56467222
56467687
56467713
56467893
55323827
56465485
56395138
56622762
56622828
56779311
56779379
56780111
56780733
56781267
56781513
56781666
56781729
56782241
56782493
56782553
56782557
56783105
56783182
56783562
56783602
56783950
56783957
56784032
56784366
56784651
56785215
56722236
56785654
56785679
56785715
56785728
56778779
56785839
56778732
56778520
56772149
56773082
56773259
56773435
56760515
56773971
56774301
56774519
56774771
56774873
56775336
56776081
56776232
56763781
56776433
56776771
56776777
56776910
56776967
56776987
56777544
56777569
56777915
56778024
56778189
56778292
56778375
56778522
56772131
56785844
56785963
56792166
56792372
56793245
56793383
56793986
56794266
56794278
56794775
56794805
56794811
56794834
56794957
56795199
56795234
56795343
56795901
56796018
56796431
56796538
56796685
56734104
56796739
56796848
56796852
56796994
56797311
56797357
56792147
56755120
56791774
56790926
56786003
56786017
56786140
56786272
56786449
56786451
56786767
56786810
56786841
56786906
56651262
56781742
56787830
56787831
56787832
56788702
56788909
56789565
56789585
56789598
54490290
56790142
56790205
56759647
56790553
56790709
56790863
56791112
56772057
56771835
56771493
56749226
56749350
56750105
56750261
56750431
56750473
56750913
56751280
56751408
56751745
56752029
56752351
56752832
56740221
56753695
56754269
56754289
56754351
56754484
56754710
56754725
56755266
56755312
56656235
56755990
56756158
56756454
56749139
56743074
56748993
56748481
56673790
56741898
56742215
56742360
56742819
56742860
56743086
56743118
56743249
56743873
56743948
56744143
56744549
56745042
56745865
56678641
56746177
56746364
56746401
56678970
56746602
56746725
56747096
56713880
56747990
56748051
56748475
56748627
56757495
56757529
56757927
56766525
56766661
56766947
56767059
56767070
56767452
56767463
56767573
56767599
56768155
56768221
56768402
56768403
56768404
56768412
56768413
56768460
56768837
56769243
56769299
56617173
56739950
56770832
56771401
56771455
56771489
56771491
56766362
56752734
56765044
56540155
56677956
56758182
56758257
56758313
56758432
56758474
56758478
56758612
56758796
56759242
56728020
56759600
56759663
56797494
56759674
56759820
56760239
56760459
56760506
56760685
56761314
56762211
56762526
56762583
56762723
56762727
56620681
56764197
56759811
56797609
56797666
56797811
56834971
56835090
56835773
56836623
56836829
56837094
56837405
56837675
56837680
56837694
56837769
56838373
56838674
56838682
56838713
56839109
56839664
56839794
52959752
56839949
56840258
56840380
56840461
56840559
56840750
56841403
56841412
56834969
56841584
56834736
56834547
56829008
56829510
56829821
56829952
56830139
56830738
56830752
56830770
56830889
56831178
56831274
56831472
56832110
56832115
56832250
56832344
56832423
56832746
56832852
56832871
56833058
56833271
56833690
56834087
56834091
56834457
56834541
56834673
56842075
56842102
56842628
56850198
56823242
56850380
56851195
56851585
56851644
56851653
56852031
56852222
56852226
56852231
56852400
56686624
56852801
56853566
56853616
56655736
56853821
56853921
56854382
56854412
56854470
56854489
56854824
56787760
56828350
56843875
56850118
56850073
56850068
56849775
56843048
56843206
56843301
56843342
56843356
56843882
56843901
56844278
56845014
56845224
56845435
56845488
56845545
56828940
56845664
56845933
56846266
56846516
56846552
56846984
56847127
56820123
56791754
56847597
56847952
56821111
56848923
56739780
56845769
56741598
56828818
56827779
56807173
56807576
56807583
56807948
56808881
56809078
56809304
56809355
56809415
56809774
56809775
56809776
56809951
56809966
56810427
56810802
56810845
56810871
56810891
56811647
56811659
56811669
56811948
56812076
56813028
56813039
56813233
56807159
56813471
56807158
56805649
56797897
56798574
56799068
56799355
56799367
56799497
56799580
56799704
56554768
56800009
56800398
56800535
56769980
56800983
56801225
56801682
56802464
56802488
56802611
56802614
56803460
56742758
56652513
56804722
56212869
56804975
56805246
56805949
56813765
56677028
56814123
56822074
56822400
56822967
56823069
56823251
56823515
56823516
56823948
56823964
56823978
56824019
56824020
56824779
56824921
56824953
56824954
56824956
56825425
56825625
56825748
56826361
56826704
56827158
56511895
56827534
56827545
56827675
56821668
56821659
56821573
56821500
56814371
56814479
56814630
56814922
56815240
56815303
56815410
56815548
56815830
56816168
56816401
56453770
56816470
56827791
56662640
56817288
56817466
56817564
56818066
56739842
56818998
56819863
56420517
56820518
56820542
56792401
56820732
56821235
56816949
56622772
56741571
56741232
56665555
55845438
56666564
56666721
56666798
56666853
56667359
56667558
56667674
56668040
56668145
56668245
56668742
56668810
56670107
56670141
56670159
56670169
56670264
56670655
56670697
56672117
56672284
56672320
56672506
56672753
56672868
56665548
56673227
56665529
56665199
56658585
56658603
56659180
56659359
56581044
56659607
56625650
56660220
56661171
56661420
56661872
56661924
56662525
56662528
56662664
56662697
56663084
56663145
56663202
56663291
56663323
56663995
56664134
56664464
56664718
56664835
56599931
56665472
56658541
56673285
56674469
56679616
56679719
56680036
56680173
56666791
56680481
56680682
56680685
56646928
56681116
56681490
56681493
56615225
56615660
56682639
56649977
56682733
56682817
56683364
56683371
56683384
56683412
56683422
56683477
56683516
56683531
56652052
56679524
56674452
56679484
56679396
56674471
56674513
56675528
56675550
56675855
56675923
56676207
56676280
56676340
56676689
56676715
56676749
56676997
56677020
56677163
56677368
56677478
56677916
56677955
56677993
56678450
56678474
56678849
56678942
56678962
56678966
56678987
56679418
56658001
56657991
56657965
56628692
56509456
56629264
56630565
56631009
56631501
56631715
56631786
56631935
56632217
56632218
56632298
56632436
56632635
56633166
56633269
56633360
56633425
56633550
56633589
56633770
56634248
56602934
56635325
56635629
56635682
56635699
56628519
56635832
56628454
56628405
56623659
56623726
56623819
56623839
56624340
56624394
56624433
56624447
56625372
56625498
56625634
56626044
56626187
56626367
56626794
56627147
56627237
56627406
56627444
56627833
56627847
56627913
56628023
56628068
56628070
56628309
56508713
56628448
56636129
56616395
56636244
56645306
56645332
56646958
56647036
56647102
56647350
56647987
56648852
56636213
56649937
56650414
56650851
56651053
56356698
56652002
56652336
56652344
56653581
56620160
56653821
56654768
56654838
56654949
56654953
56655136
56655196
56655787
56645108
56644449
56643997
56643973
56636537
56636540
56636573
56573114
56637437
56638097
56638175
56638439
56638662
56638858
56639744
56640071
56625656
56618869
56640328
56609281
56641435
56641694
56641851
56641991
56641996
56642010
56642230
56642320
56642503
56642743
56642981
56643625
56640573
56550161
56685182
56685207
56713791
56714084
56714120
56714295
56714379
56714391
56714499
56714595
56714656
56715085
56701953
56716567
56717117
56717501
56717673
56717684
56717772
56718253
56695357
56720815
56721266
56721590
56722463
56722764
56723239
56723442
56723652
56713767
56723783
56713562
56713006
56707410
56707412
56707608
56708143
56708237
56708640
56708671
56652421
56504900
56709380
56709484
56709920
56709932
56710170
56676697
56710378
56710506
56710951
56711984
56712004
56712381
56712539
56712543
56712552
56712610
56712836
56712838
56713061
56724423
56724549
56724616
56732508
56732542
56733452
56733590
56733594
56734056
56734181
56734269
56734462
56735478
56735927
56736109
56737021
56737062
56737161
56737979
56645076
56738054
56738060
56738568
56738614
56739372
56739696
56739885
56740140
56562702
56740935
56732225
56732128
56731484
56731356
56688493
56725332
56725670
56725846
56726031
56726315
56726887
56727470
56643658
56727812
56728136
56728217
56728276
56707366
56728286
56728321
56728380
56728417
56505274
56728682
56728792
56729018
56729398
56729501
56730245
56730908
56730983
56731292
56728290
56727591
56707348
56707089
56690243
56690337
56690341
56690428
56690689
56691049
56691087
56691156
56691480
56691555
56691818
56691840
56691958
56692029
56619781
56693209
56693395
56669582
56693599
56693881
56694286
55107127
56694611
56694989
56695016
56695080
56695101
56690156
56695180
56690151
56689900
56685582
56685717
56685821
56685936
56685949
56686112
56686197
56686249
56686482
56686785
56686807
56686982
56687034
56687057
56687275
56687357
56687365
56687500
56687562
56688370
56688575
56688704
56688975
56689003
56689362
56689368
56689731
56690104
56695362
56695665
56695763
56703227
56703872
56704122
56704129
56704412
56704416
56704448
56704472
56704526
56704556
56704618
56705003
56705156
56705161
56705164
56705763
56705812
56672408
56706086
56706124
56706283
56706393
56706425
56689604
56706749
56706892
56706961
56703116
56702843
56702838
56702807
56695786
56696046
56696564
56696783
56696938
56697006
56697044
56697194
56697695
56697718
56697833
56697999
56698038
56707217
56698320
56698669
56698995
56699289
56699333
56699516
56699578
56699765
56700517
56700537
56700751
56700930
56701982
56702223
56698489
56395131
56394883
56394775
58266817
58718064
58362334
58607186
58696166
58674674
57359892
58660883
58633510
58752302
58752313
57566231
58752333
57886867
58752413
58752441
58752474
58739437
58752515
58752546
58373962
58752566
58752578
58752611
58752625
58232950
58600603
58752239
58589175
58752231
57743346
58745263
57558334
58636777
58752061
58216885
58304145
58752075
57985155
58739177
58710519
58752132
58575055
57999237
58752142
58752143
58685985
58396253
58752154
58752155
58752162
58057085
58620741
58752175
58752186
58005876
58575123
58752212
58752228
58217007
58685943
58752658
58752913
58725774
58723905
58752935
58752943
58634597
58752957
58752975
58725732
57367442
58072169
58682715
58219670
58753010
58339430
58753013
58443150
51044938
58034738
58075435
58719105
57910178
58167442
58753033
58753040
58753047
58190168
58569193
58589154
58034773
58526322
58752660
58206642
58284605
57107896
58605838
58582357
58732794
58396197
58439028
58674970
58624516
58725352
58307308
58040239
58725603
58696526
58468381
58719211
57748314
57537199
58545557
58752777
58752789
58752816
58752841
58627058
58752870
58630775
58217838
50236513
58724795
55776123
58663854
58208447
58437906
55225388
55739559
57666793
58603380
56257678
58208439
58619608
58136578
54686946
58666886
58744678
58463240
57748292
58658617
58204338
57951298
58751559
58365363
58451620
57609136
53963586
58506134
57709628
58722101
58731392
58724112
58751516
58751354
58229494
58751368
58751379
37866428
56232334
54217408
57917868
58632829
58751415
58738578
58658752
58613238
54219433
58424954
58751469
58208418
58721717
58183977
54403128
58187318
58019022
58623713
58638918
58737943
58242603
58722989
58751517
58027846
57824520
58710073
58751908
58368736
58085622
58751933
58488858
58218471
58751970
58751971
58407877
58751988
58638951
58751998
58402717
58724537
51371627
56175569
58658090
58639458
57857137
58752017
58306734
58710372
56205897
57755136
57139141
58674178
58688955
57884691
57606326
57378096
58751834
58731293
58606024
58724177
58548359
58681488
57170209
58136251
58174179
58659738
58567844
58660241
57944770
58710060
58491374
58567787
58751635
58724410
58731447
58303425
58751672
58751687
58751722
58085022
57576147
58665571
58624405
58751764
56870147
58634676
58679334
57132922
58596822
58612779
57588773
57262653
56384423
58753896
58643503
57460474
57083736
58753912
57926111
58753920
56333801
58617482
57156230
58608928
56512593
58617511
57971775
58715206
58737801
56602940
57156797
58655981
58485525
57052461
57089831
57910320
58753878
58753963
58236467
57040307
58408994
58601817
58736322
57990461
57910120
57912030
58587799
56877954
58724760
58569209
58753809
58316688
58753812
58196015
58643523
58730407
58729274
55965716
58628075
58706665
58574310
46003450
56965110
57418721
58545588
56880982
58656221
57326578
58722074
58753966
58753971
58628928
56735037
44636357
58150764
54019924
57684736
58739058
57340219
57020882
58612830
57957584
58631240
58730772
58754066
56877649
58643457
58287452
58209181
58632188
58595722
57135920
58402645
44942019
57083369
56878307
43742604
57634332
53994816
58314417
54184498
58617668
58617847
58678968
58753983
58162485
57800943
54370411
57042344
57182616
56735483
56391169
58209703
58643447
58639353
44600153
57518324
56936298
51463147
50075856
58210117
53144013
58633520
58617693
57043207
58617573
58617521
58648074
58649401
56878069
58203511
58701391
58753761
58203553
58753297
57003858
58753381
58157152
58141807
57880195
58753400
58177955
57748518
58740922
58400202
58753490
58753512
58596274
58753541
58753586
58753590
58686169
58707494
57885915
58753616
57232459
58101389
58753625
57131293
58753640
58451180
58719187
58753646
58746538
57903024
58689966
56914616
58074408
58753058
58709284
58021113
58753070
58753101
58753108
58753114
58753147
58753192
58753196
58725934
58740208
57493740
58746547
58725996
56933853
58704149
58740213
58746549
58538778
58746576
58753257
58657956
58717889
58406015
58573328
58659157
58753662
58660413
58490316
58369724
55687722
56105206
56994819
58020654
57450406
57450374
58192448
58681591
56105203
57450282
58226825
58203950
58660238
57450417
58670119
58302223
58648257
58681605
58466033
58660234
55833258
58621817
58084098
57783828
58450151
57443608
57450348
57559623
58275288
58732991
58406865
58753674
37362411
39725941
58637506
58622179
58274514
58478219
58468982
58117011
58350997
58030930
55964809
56993424
58734032
58640449
56171836
58635859
57515552
57443601
57450385
57450340
56107199
55589010
55739410
57443590
58670147
57414625
58751340
58751302
58611239
56482784
58742913
58710933
58749518
53662237
50756168
58729447
58749521
58736605
58639372
58749563
58237209
57708307
58232662
58686408
58749585
58749629
58749635
54774377
58749638
58714953
58749659
58318928
58749642
58388478
58749644
58693280
57821231
55833016
58749472
58749137
58572356
58722267
58644315
58722232
57148188
55580305
58714666
50797825
58626287
58579575
57959601
58749267
57690779
58749304
58749338
58749355
51555004
58749375
58749388
58749393
58722629
58749414
58714887
58643483
58749455
58749461
58722560
58671664
58627882
58402833
58671210
58549957
58220788
58749733
58749735
58552256
58617928
58749741
57878220
58617938
58428786
57305081
57865703
58749754
58707928
58726201
52225182
57349327
58618175
58412137
58749771
58559530
57158363
56784578
58464132
58559519
56783611
58525817
58743221
58621305
58686283
58749682
58749646
58749647
58749649
56924397
58749650
58749653
58749655
58749656
58749657
58749658
58324233
54190372
58749699
58749700
58239938
58736543
58592811
58749708
58749714
58531335
50938395
56518503
58722574
58749720
53564362
58518149
57692016
57123472
57883348
57171692
58747895
58747900
58747901
58747904
58747911
58747928
58747956
58747997
57441258
58748086
57610350
58542679
57485008
57523369
57508910
58748155
58748182
58748196
58748235
58281683
58748279
57700639
58676349
58748347
58724774
58748357
58748376
57787466
58748383
58747819
54452483
58747054
58649164
58747137
58747191
58747234
58747251
58747259
58747268
58747312
58747356
58696866
58747362
58747397
58747433
58446732
58503554
58747494
58747542
58747689
58338161
58747696
58747705
56518564
58747715
58747717
57003317
58496612
58747798
58748399
58748412
58748413
58633077
37820956
58749012
58749032
57642562
58085111
56706545
58310172
57216404
54012641
58651632
58749079
54677912
39276044
58702932
57861408
58749107
57825977
58499094
58325691
57209844
58248812
58685968
57505514
58376456
57374068
58598567
58702694
54238861
58748978
58748970
58748417
58490191
58748451
55661082
58748460
58748462
58748490
58748560
58748598
58748599
58748600
58748605
58748625
58559546
58748634
58748678
58748682
58748710
58748739
58748745
58748746
58748764
58748767
58748805
58748813
58748816
58748864
58748886
58748651
58676468
57384136
58749809
57305217
58750762
58750771
58750776
58750795
58376647
58750824
56958088
51298946
58750844
57883059
58271690
58153001
58679882
58750869
50974575
58599862
48430633
56819020
58425374
58750891
56894364
58119036
57560021
57305096
58424875
58750912
57303161
58680426
52876085
58559166
58750573
37820786
58622099
57880138
58715095
57649627
58647758
58715435
58715239
58219129
53865141
58566783
54902639
37360675
58575955
57238904
58599653
58750646
57896893
58016005
58750662
58275963
58016073
37360755
58680595
56473030
58377160
55866084
58750918
58422876
58643591
58723819
57050200
58412656
58302769
58193926
58592999
58714022
58694810
58750054
56472146
58744340
58644794
58303521
58121099
58720831
58660431
58692894
58042916
58751204
58751207
58203731
58751232
58751242
58751269
58203693
58751289
58484910
52656985
58383887
58560513
58751064
58750925
58530092
58723850
57215458
57304830
58568137
58744288
54394846
58630762
58246683
58643555
58750965
58643621
58750567
58523818
58709017
58687864
56700531
52768718
58751028
58751029
56498627
58275439
58751048
58183817
54391809
58751058
58548054
58573821
58738471
58665997
58750562
58554917
58750120
58566507
58482657
58715765
58141266
58750135
54150741
58708004
57494192
56891728
57216393
58147379
56204455
58553860
58068496
57782556
58022348
57882560
57826672
54010716
57347563
58503274
58487150
57301008
58637920
58715971
58175659
58142093
57671785
58485689
55822619
58016953
58729236
58749821
58749835
56912685
58749844
58749857
58749871
57305187
58749882
58618352
58749914
58715577
58749938
57946567
58749977
58482055
58749988
58640631
58750035
56396009
58658171
58217266
57955055
55716114
58618370
57780252
58282977
37362298
57304878
55833027
58670734
57896751
57883464
58750376
58161246
57691509
58224770
58750419
58750423
58750453
58750471
58731101
58750491
58114281
58660869
58162701
58468869
54941562
58750512
58750514
51371122
58211359
58015956
58652291
54096311
58635660
58338163
57971734
58750283
58416927
58327268
58316904
58039165
58637900
58637932
58020812
58482718
58729859
57949151
58686813
58566451
58316882
57598376
58627440
54919778
58679994
55065684
58700708
51623163
57869748
58672261
51658915
56736592
58700787
58665782
58641157
58637899
58658859
58730327
58677330
48383315
58222582
58761882
58761883
56601424
57997258
58092959
58515161
57429232
58717683
52757684
56994815
58692793
31416799
55937415
57773631
58548023
57155161
57531299
58754501
58567754
45338197
58712586
58761897
58425243
58030544
57155004
58761906
58263706
58691106
58133750
58193132
56317807
58133554
58375836
58571373
57908881
57946905
58312618
58577957
57945035
58313084
58326250
57421691
56763860
58757340
57000577
56667006
58616265
58085077
57575088
58013268
58560705
57716773
58043479
58141128
54497202
58677793
57414544
58015287
56780666
58189781
58515721
56349316
57938228
58719445
58362684
58736839
56254641
57883092
58396375
58761963
58347150
58552253
58182405
58684702
58722376
58280012
56731976
58536730
57518670
57415979
58458151
58188716
58414225
58291029
58665460
57820365
58505019
58165075
57037460
58223696
58310725
53271643
58378277
58114478
58571495
58134726
58576837
58387977
58707203
58720676
56732314
58137981
57938515
58728324
58048481
58252130
57912725
58761948
58711765
58571329
58125005
58076098
57885117
57881657
56178798
56824506
58698879
58319553
57022173
57886886
55781225
57387755
58679564
58680361
58687484
58009778
58720170
58715067
58319800
58761625
58565692
57534723
58761629
58187233
58761635
56601931
58168860
55774834
57951463
58761659
58317680
57940708
58761664
57306767
58056858
58761674
58278508
57598831
57128776
58761687
57881994
57951264
58004244
58617439
58754612
58326511
58252327
58761544
58577353
58264184
58506344
58149967
57416032
58210124
58150123
58319045
58032147
58761567
56939895
58617759
58043386
58326084
58263910
56299675
57155631
37361215
58396285
58637947
58542177
58203456
58114861
56856057
58051842
57369252
58319047
58684733
58318988
58093716
57803990
58163399
58691138
58271655
58643181
58761829
58629417
58116390
57554839
56000801
52044582
58030892
57711699
57798564
57593107
58056851
58004181
58273197
58604051
58754394
58311462
57791106
58707449
58205446
58761830
58720318
56993287
57762070
58720391
57549622
57701920
57638308
58761711
58155401
58572832
58761714
57876920
58170522
57635514
58133308
58408717
58761736
58230243
57951414
58223538
58761748
58761759
57908535
55698440
57835271
58684410
56732155
58004548
58761785
58690395
57630630
58312394
57962400
58310051
58044808
58761978
56371669
56371713
56371798
56372071
56372404
56372687
56372739
56372907
56373452
56373547
56374407
56374586
56375051
56375870
56375974
56376138
56376997
56377355
56377462
56377535
56377732
56377733
56377736
56377738
56377784
56377831
56378684
56371628
56378687
56371195
56370880
56365421
56365422
56365647
56365816
56366329
56366349
56367184
56367565
56368097
56368344
56368447
56368761
56368762
56369060
56369184
56369191
56369192
56341270
56369562
56369623
56283383
56369968
56370108
56370406
56370493
56370575
56370877
56371177
56379146
56379569
56379603
56388998
56389207
56389222
56389395
56390143
56390909
56391195
56391882
56391913
56392140
56392141
56392142
56392273
56392315
56392333
56392492
56392511
56392564
56392900
56393016
56393627
56394059
56340017
56394400
56394732
56394761
56394764
56271617
56388851
56388837
56388609
56379749
56380220
56263761
56380314
56381128
56381130
56381167
56381267
56381649
56381683
56381686
56381708
56381773
56365335
56381809
56382316
56383224
56383564
56384323
56384380
56384406
56384970
56385197
56386035
56387266
56387424
56387677
56387789
56382261
58736068
56365187
56364562
57883789
58469024
49512615
56987789
58643463
58762055
58730669
58762074
57820050
58762087
58762088
58038109
58590385
58687701
58762102
58762118
58638921
58692135
58762128
58762133
58762140
58733668
58739579
58762156
58127768
58762160
56699776
58762053
56059875
58762028
57443706
58677730
58496675
58326509
58761310
58670747
58761979
47477661
58492158
57816285
58570255
58065357
56996308
57962174
57553904
58305357
58692095
58707359
58312851
58761995
58761996
58116157
58728441
58762003
58618858
57912036
58584197
58643433
58762026
58722299
58731236
58268957
58669191
58607352
58744324
56359002
56359213
56360177
56360418
56361055
56361069
56361136
56361171
56361230
56361262
54376761
56361498
56362298
56362307
56362835
56351804
56363262
56363263
56363273
56363860
56243022
56363875
56364203
56364255
58616461
58410993
58674115
57789306
57213062
57304972
58302681
58685408
57963663
58681961
58665051
58253480
58558177
58762256
58422210
58698738
58440756
56364905
58692129
58691400
58637408
58473119
57789363
58762270
58762275
58762280
58688851
58440822
58243396
56184557
51786952
58762302
58242783
58694908
58667664
58754991
58622475
57921343
58263960
58735245
58585344
58720928
58754352
58502007
58707301
58619501
56383707
58679963
58132372
57297375
58611874
56383292
58705207
58071740
58043194
58712893
58657172
58673276
58677253
58573831
57306036
57675285
58621890
58637930
58637931
52415443
58722504
58657170
58646407
58058705
57504107
58611728
58726299
58672481
58045725
58656356
58316878
58669944
58725650
58637924
58334546
58718063
58637939
58725651
58706178
57956206
58707510
58336258
58665491
58350914
58235852
58713836
58665458
58357435
58616120
58708723
57049626
58669906
58617672
58627862
58316910
57195732
58623324
57971366
37362105
58632824
58684926
58108142
58628373
58064057
58074522
57855511
58656352
58754414
55550352
58585341
58564074
58617752
58672483
58656900
58577797
58212145
58615913
58585338
58656094
58630598
58351310
58295609
58609091
58448151
58656358
58577518
58691486
57638664
58202816
52300935
52141898
58726810
57581432
58411123
58314401
56851447
58658889
58656353
58410702
44554052
42025840
58659105
58662762
58224508
56780535
58557705
57614763
57969316
56192285
56797812
58316885
57104327
58596963
56032982
58574329
56965101
57415003
58659107
58674538
58351460
58554032
58658883
57890168
58629361
58726578
58720926
58617817
58416407
58128483
57103685
58684405
58616117
57890197
58754169
58622567
58541569
58546115
58726536
57969675
58416209
57387057
57558360
58491422
58754211
58707300
58622373
58609584
58684068
56032077
58727157
57864913
58620691
58736001
58679742
58726727
57480333
58617455
58290242
58643601
57478129
58176595
57297342
57828976
58617713
57577992
57323060
57262633
58754123
57414366
58097373
58648564
57876119
57708594
58627268
58662911
57697349
58741085
58690341
58754286
58713834
57904856
57970241
55933129
58455101
57308283
58236913
58709298
58754291
57711417
58666486
58684574
58398083
58316359
58754299
58658881
58303559
58451243
58720930
58726637
58384984
58623256
58623257
57330050
56837100
58723855
58212636
58628825
58626768
58147031
58696305
58691908
58529152
58714167
58754254
58754256
58684408
58710511
58041797
57384449
58332640
58673053
57725714
57892045
58225031
58713605
58324190
58684577
58658651
58410253
58754281
58214902
58616471
58727474
58218350
58398275
58754282
58663133
58746959
58591401
58627703
58608903
58355307
58418221
58656350
57960152
58408468
58637957
58395041
58466655
58316874
58635484
58388625
57544967
58534031
58388627
58485191
58611124
58593400
58454120
58176755
58534030
58354092
58448142
58360767
58609093
58409453
58441847
58545944
58441632
58434835
58408469
58592379
58466481
58189224
58401675
55833012
58566648
58437073
57046549
58656354
58448155
58401766
57305203
58609103
58571551
58618197
57091908
57330057
58418051
58448139
58451654
58545947
58637915
58435075
58448641
58742249
58307536
58418047
56780515
58358634
58440826
57570269
58599017
58754725
58754759
58754762
58754768
58754780
58032779
58754795
58754815
58754823
58674119
58553853
58316911
58754900
58754904
58754912
57413139
57653950
58754922
57372527
58298992
58754929
58754934
58754936
58211758
58754978
58223507
56790267
58754707
58754705
58754621
58725639
58351461
58353213
50313938
58417948
57416039
58754465
58344014
58066478
58455433
58370365
58754484
58324913
55712563
58754492
58622410
58754512
58754528
58754530
58754532
58754546
58754521
58749092
58645225
58754555
58754560
58754563
58754594
58256435
58637888
58597590
55933063
56844530
58609089
58401600
58665335
58586133
58643510
56171828
58609088
58727536
58637955
58751485
57913620
50307488
56218682
57306237
58663778
58564612
58540687
58436889
58684237
57052390
54767006
58563993
57400393
58493454
58723647
58656899
58046751
58638065
56882979
58754427
58677051
58580442
58671470
37421487
58637922
49134971
58044357
58709950
51385895
58401810
58616118
58597187
58637921
51524324
56598758
58401554
58571553
58636857
58641161
58401520
58590952
50371523
57827406
58535432
58398149
56398879
58691911
58417404
43476928
57174980
58571286
58552085
55940686
58637941
57303134
58232305
58567440
58622476
55778142
57020969
58398118
58078028
58545180
55834011
58206055
58663423
58637935
58456979
58539632
58721222
58722271
58417356
55513116
57908216
37362465
58541713
58637934
58570334
56925845
50812574
58520556
58584892
56869114
53080572
55865989
58533613
58637913
58597851
55781633
58316901
58637927
58637916
58398073
58637903
58610745
58601739
58404253
58350583
55711720
58728032
58637631
58571021
53543278
58662820
58547258
58636858
58754437
58434647
58398136
58563994
55845420
58080036
58604396
58604327
58293590
58293692
58293700
58293707
58293825
58015826
58293955
58293997
58294155
58294190
58294259
58294388
58294487
58294491
58294591
58200771
58294743
58294821
58294874
58294899
58294951
58295081
58295318
58295359
58184838
58295435
58295443
58293582
58295448
58293424
58293290
58290918
58291018
58291074
58098312
58291317
58237973
58291420
58291593
58291606
58291813
58291890
58291926
58292096
58292168
58292193
58292295
58292302
58184915
58292430
58292439
58292611
58242943
58292684
58292804
58292828
58293083
58293084
58293370
58290851
58295563
58246095
58298635
58298776
58298830
58298878
58298989
58299006
58299244
58299261
58299280
58206114
58299592
58299613
58299631
58299641
58206033
58299700
58299716
58299752
58299771
58299772
58299880
58299927
58300107
58300108
58300304
58300341
58300418
58298632
58295576
58298500
58298416
58295809
58295922
58296052
58296199
58296304
58296357
58296403
58296417
58296448
58296573
57401514
58296743
58296834
58296881
58297068
58297210
58297302
58297322
58297403
58297419
58297430
58297742
58063505
58298146
58298225
58298249
58298302
58298495
58290837
58290767
58290676
58284110
58284236
58284251
58284294
58284398
58284525
58078922
58284782
58284803
58285078
58285080
58285148
58285151
58285269
58161395
58285457
58285565
58285604
58285688
58285876
58285959
58285960
57344619
58286015
57535109
56962835
57181940
58090230
58286140
58283956
58283932
58282417
58282544
58282594
58282609
58282616
58282677
58282682
58282743
58282811
58282834
58282837
58282849
58282858
58283048
58283066
58283079
58283093
58283108
58283121
58283125
58283233
58283541
58283638
58283848
58283874
58283883
58283909
58283940
58286205
58286255
58286257
58288941
58239794
58289001
58289004
58289083
58289155
58289177
58289324
58289347
58289352
58289614
58289688
58289718
58289725
58289880
58290017
58290027
58290055
58290113
58290162
58290190
58290311
58290324
58290346
58092524
58290508
58097553
58288917
58288902
58288821
58288765
58286378
58286392
58286443
58286522
58286784
58286819
58286825
58286980
58286992
58287006
58150801
58287231
58287277
58300503
58287573
58287794
58287916
58238974
58288023
58288117
58288151
58288332
58288339
58288458
58288465
58288572
58288596
58288665
58287680
58300551
58300605
58300650
58311664
58311735
58311737
58311801
58311821
58311830
58312017
58312036
58312085
58312146
58312170
58312329
58312418
58312481
58312549
58312645
58312672
58312696
58312727
58312893
58312978
58313004
58313104
58313131
58313185
58313277
58313349
58311636
58313564
58311584
58311407
58309281
58309290
58262779
58309488
58309548
58309658
58309734
58309825
58309835
58309910
57608491
58168437
58114152
58310048
58310081
58310103
58310143
58310314
58096830
58051454
57920025
58310719
58310816
58311056
58311124
58311334
58311398
58311539
58219624
58313593
58313716
58315754
58315808
58315826
58316137
58316157
58316197
58316200
58316226
58316228
58233303
58270067
58224804
58149451
58121444
58316410
58316465
58316497
58316641
58114185
58316880
58316986
58317032
58317140
58317197
58317230
58317303
58317311
58315750
58083074
58315658
58315646
58313824
58313976
58314044
58314093
58314104
58314148
58314185
58314290
58314298
58314423
58314578
58314669
58314696
58309111
58314719
58314787
58314871
58314979
58315015
58315124
58315137
58315305
58315346
58315433
58315471
58315580
58315583
58315585
58314724
58282415
58309109
58308665
58302355
58302356
58302403
58302480
58302651
58302686
58302687
58302760
58302761
58209320
58302949
58303026
58303042
57781189
58303432
58303604
58303612
58303813
58303847
58303850
58303875
58303879
58235478
58303959
58303967
58304056
58304136
58302322
58304123
58302316
58302263
58300658
58300660
58300664
58300681
58300736
58300799
58300809
58300933
58301059
58301141
58301161
57521865
58301190
58301340
58301343
58301353
58301516
58301553
58301574
58301664
58301681
58301706
58301907
58302050
58302094
58302149
58302232
58302281
58304153
58304325
58257280
58307545
58307603
58307612
58307651
58307657
58307661
58307769
58307789
58307933
58307970
58307976
58308064
58308105
58308114
58308127
58308134
58308244
58308251
58308291
58308295
58308302
58308303
58308376
58308394
58308409
58308410
58308432
58307495
58307438
58307374
58307267
58249953
58304662
58305082
58305256
58305319
58305430
58305437
58305546
58305558
58209644
58305733
58232029
58231861
58308910
58305800
58109786
58306482
58306509
58306539
58213013
58306558
58306653
58306657
58306685
58306757
58306914
58307197
58307256
58228931
58317331
58282148
58282031
58253975
58253998
58254038
58254057
58254087
58254143
58254205
58254215
58254266
58254284
58254410
58254636
58254681
58254809
58254965
58255024
58255038
58255465
58255634
58255691
58255681
58255855
58255877
58256048
58256118
58256187
58256253
58253935
58256500
58253862
58253804
58252486
58252502
58252595
58252673
58252876
58252958
58252990
58252997
58253009
58253029
58253135
58253140
58253144
58253195
58253232
57946181
58253294
58253321
58253423
58253436
58253508
58253514
58253553
58253657
58253660
58253674
58253788
58253839
58252452
58256518
58256570
58258797
58259002
58259231
58259331
58259488
58259573
58212966
58259893
58259906
58259938
58260019
58260162
58260373
58260502
58260527
58260677
58260781
58260823
58260865
58260898
58261076
58261106
58261109
58261220
58261259
58261491
58261549
58258755
58256530
58258629
58258469
58256603
58256642
58256697
58256706
58256821
58256927
58256959
58257207
58257287
58257291
58257306
58257590
58257612
58257997
58258005
58258040
58258060
58169693
58258108
58258123
58258159
58258195
58258355
58258357
58258359
58258407
58258448
58258518
58252450
58252426
58252195
58244832
58244876
58244887
58245005
58245019
58245046
58245080
58245090
58245110
58245212
58245271
58245387
58245407
58245452
58245703
58245766
58245835
58246017
58246065
58246123
58246181
58246397
58246406
58246425
58246432
58246505
58246510
58244814
58246511
58244511
58244373
58242597
58242616
58242699
58242750
58242768
58242889
58243145
58243171
58243207
58243258
58243347
58243351
58243429
58243512
58243539
58243542
58243568
58243596
58243606
58243627
58243721
58243866
58243868
58243902
58244030
58244321
58244360
58244430
58246535
58246618
58246658
58249256
58249290
58249374
58249400
58249404
58249660
58249666
58249731
58062214
58005051
58061983
58250233
58250435
58250540
58250630
58250713
58250968
58250987
58251108
58251121
58251171
58251260
58056996
58251624
58252040
58252103
58252192
58249135
58248890
58248855
58248805
58161375
58246682
58246723
58246735
58246892
58246903
58246932
58246936
58247065
58247094
58247109
58247181
58247347
58261550
58247359
58247664
57427684
58247750
58247774
58248099
58248311
58061115
58248340
58248346
58248385
58248414
58248548
58248735
58247497
58261565
58172261
58261624
58276223
57130534
58276306
58276327
58276337
58276357
58276366
58276369
58276374
58276375
58276379
58276443
58276461
58276468
58276547
58276579
58276897
58277011
58277050
57862402
57804339
58277305
58277319
58277344
58185629
58277375
58277427
58276147
58277462
58276122
58276015
58273360
58182871
58273444
58273561
58273900
58273902
58274223
58274292
58274348
58274373
58274392
58274415
58274509
58274796
58274818
58274826
58274883
58274895
58274988
58081957
58275291
58275295
58275559
58275569
58275680
58275766
58275790
58276118
58277481
58180399
58277692
58280567
58280775
58280779
58280784
58280814
58280823
58280829
58280928
58280953
58281061
58281083
58281148
58281181
58281198
58281212
58281237
58281262
58281451
58281472
58281517
58281601
58281604
58190359
58281649
58281779
58281845
58281908
58280503
58280469
58280364
58280348
58277704
58277889
58277979
58278201
58278269
58278348
58278618
58278632
58278696
58278703
58278855
58278960
58278977
58273328
58279230
58085343
58279416
58279573
58279683
58136219
58279827
58085915
58185191
58280120
58280217
58280227
58280253
58280302
58279314
58282091
58273315
58272332
56226523
58264755
58265075
58265250
58265273
58265396
58265550
58265867
58265978
58265986
58266110
58266542
58266550
58266830
58266878
58267010
58267068
58267077
58267115
58267141
58267238
58267261
58267355
57833124
58267444
58267493
58267517
58264473
58267538
58264457
58264177
58261829
58262016
58262092
58262117
58262147
58262155
58262308
58262478
58262505
58262706
58262769
58262802
58262850
58262981
58263108
58263150
58263161
58263168
58263232
58263236
58263323
58263356
58263354
58263504
58263575
58264006
58264041
58264192
58267573
58267590
58267636
58269935
58270014
58270076
58180037
58270162
58270248
58270335
58270360
58270366
58270415
58270430
58180711
58270961
57195730
58271082
58271127
58271328
58271433
58271449
58271608
58271769
58271832
58271946
58272170
58272182
58272232
58272328
58269871
58269864
58269668
58269660
58267696
58267709
58267800
58267830
58267987
58268026
58268262
58268325
58268365
58268454
58268479
58268482
58268507
58272989
58268667
58268818
58268882
58268988
58269067
58269069
58269070
58269207
58269414
58269517
58269582
58269594
58269596
58269635
58268772
58242421
58317416
57913042
58362494
58362621
58362690
58362739
58362743
58362774
58362898
58363018
58363072
58363158
58363213
58363220
58363302
58363342
58363356
58363512
58363569
58363617
58363719
58363813
58363820
58363903
58363945
58363997
58364032
58364037
58364094
58362362
58179585
58362269
58362114
58359992
58360159
58360229
58360287
58360509
58360544
57663422
58360635
58360701
58360707
58360730
58037304
58360950
58360974
52097990
58361035
57231419
58361311
58361324
58361564
58161605
58361722
57876709
58361875
58314113
58362019
58362025
58362160
58359988
58364162
58364254
58366208
58318962
58273134
58366657
58366731
58366784
58366810
58366895
58366956
58366972
58367009
58367047
58367060
58367098
58367136
58367195
58367226
58367246
58367345
58367346
58367348
58367361
58367419
58367511
58367531
58367569
58367600
58366198
58364213
58366190
58365853
58364255
58269370
58364379
58364407
58364467
58364485
58364489
58364548
57867918
56780537
57871917
58364752
58364760
57447343
58364842
58364847
58364861
58364874
58364889
58364915
58365253
58365323
58365542
58365668
58271710
57486398
58365850
58366164
58359950
58164477
58311594
58354641
58354649
58354656
58354691
57948969
58354892
58354906
58354935
58065816
58355204
58355220
58355252
58355268
58355433
58355476
58355506
58355555
57846995
58355570
58355579
58355634
58300478
58355814
58355856
58355915
58356022
58356074
58354532
58356134
58354272
58354071
58353071
58353133
58353151
58353301
58353349
58264223
58353486
58353518
58353558
58353566
58353573
58353574
58258768
58353584
58353627
58353673
58353713
58353777
58305721
58353808
58353813
58353823
58353857
58353936
58353978
58353980
58353982
58354152
58356253
58356261
58356274
58358102
58358128
58358153
58358312
58358336
58358462
58358574
58358633
58299008
58101773
58358698
58358774
58358823
58358828
58358881
58358963
58358980
58358987
58359000
58359213
58359315
58163987
58359505
58359514
58359548
58359552
58359633
58357823
58357732
58357746
58357718
58356374
58356379
58356414
58356471
58356481
58356518
58356521
58199386
58356600
58356611
58356707
58356714
58356858
58367648
58356943
58357010
58357030
58357075
58357128
58357287
58357403
58357492
58357559
58357600
58357616
58357649
58357682
58357698
58357009
58367737
58367782
58367823
58378570
58378596
58333749
58378643
58378674
58378790
58378862
58316086
58379149
58379223
58379272
58379305
58379362
58379438
58379489
58379628
58379637
58379715
58379761
58379823
58379829
58379839
58379905
58380051
58380109
58380111
58380308
58378562
58380624
58378542
58378386
58376925
58376963
58377089
58377117
58377152
58377222
58377282
58182087
58377345
58377431
58377462
58377463
58377644
58377670
58377688
58377711
58377791
58377903
58377905
58286371
58176430
58377945
58182676
58377975
58377998
58378045
58378079
58378502
57130159
58380661
58380935
58382802
58338097
58382852
58382867
58382869
58383090
58383158
58383300
58383351
58383387
58383475
58383567
58292071
58383696
58383959
58383982
58383987
58292305
58384031
58384084
58384250
58384324
58384364
58384431
58384435
58384590
58384650
58382675
58382659
58382656
58382628
58380959
58380966
58381045
58381212
58381374
58381397
50030239
58381594
58381619
58381621
58381649
58381726
58336889
58376844
58381819
57553348
58381992
58382043
58382065
58382097
58382155
58382156
58382372
58382430
58382497
58382534
58382537
58382597
58161582
58352895
58376652
58376400
58369997
58370074
58370094
58370110
58370117
58370191
58370210
58370241
58370437
58370472
56810841
58370553
58370593
58370599
58370600
58370643
58370698
58370725
58146972
58370779
58370771
58370773
58370917
58371011
58371073
58371184
58278850
58369938
58371315
58273861
58369761
58367967
58367994
58367999
58368073
58368170
58368209
58368447
58368515
58368576
58368594
58368619
58368629
58368634
58368704
58368733
58368802
58368822
58368889
58368892
58266008
58369074
58369334
58369415
58369482
58369508
58369558
58369720
58369784
58371381
58371544
58371627
58374401
58374411
58374460
58374519
58179173
58219777
58374834
58374857
58374883
58374907
58374948
58375125
58375423
58375515
58375619
58375729
58279825
58375840
58375911
58375920
58375940
58375967
58376058
58376172
58376271
58376369
58376399
58374399
58068718
58373898
58373782
58371805
58371923
58371936
58371957
58372054
58372425
58372694
58372930
58372938
58372986
58327158
58373063
58373073
58376409
58373118
58177229
58373348
58373404
58373470
58373530
58373550
58373553
58373567
58373597
58373618
58373619
58373758
58281741
58373246
58317436
58352890
58352817
58329046
58329081
58329205
58329265
58205370
58329600
58329625
58329648
58329688
58329778
58329779
58330076
58330084
58330132
58330139
58330200
58330249
58176173
58330399
58330407
58330408
58330486
58330516
58330519
58330532
58330540
58330824
58328918
58330827
50744661
58328578
57349836
58326011
58326042
57977206
58326336
58326433
58326448
58326785
58326853
58326933
58326990
58326991
58327017
57945451
58327210
58327371
58327826
58328190
58328282
58328415
58328476
58328491
58328502
58328505
58328522
58328541
58282016
58328834
58325862
58330851
58235269
58333018
58333059
58333117
57864707
58333211
58333237
58333297
58333335
58333446
58333622
58333623
58333816
58333826
58333977
58334062
58334105
58334176
58334329
58238809
58334429
58334508
58334548
58334574
58334631
58334702
58334801
58334807
58084060
57752517
58332954
58332875
58330912
58331099
58275476
58331248
58331306
58331364
58331390
58331600
58331640
58213149
58331821
58331823
58331832
58332075
58332316
58332369
58332475
58332515
58332524
58332540
58332552
58332607
58332666
58332745
58332746
58332803
58332807
58332916
58325856
58325842
58325707
58319212
58319356
58042366
58319423
58319686
58319694
58319702
58319872
57528825
58320093
58320143
58320157
58320230
58320273
58320447
58320591
57566342
58320689
58320695
58128286
58219324
58320781
58320861
58320932
58321000
58321006
58321068
58319114
58128789
58319065
58318835
58317732
58271446
58317759
58317820
58317829
58317853
58317900
58317926
58317947
57894906
58318125
58318126
58318153
58318179
58123587
58011324
58318254
58318272
58318369
58318469
58318632
58069813
58318740
58093195
58318760
58318772
58318790
58318873
58321302
58321380
58321385
58324095
58324113
58324116
58324132
58324185
58324216
57021374
58278193
58324360
56658960
58324458
58324466
58324483
58324686
58324791
58324845
58266834
58324953
58325051
58104195
58325185
58325327
58325415
58325445
58325514
58325579
58325628
58249722
58323969
58323606
58323495
58321573
58321712
58321761
58321803
58321930
58321990
58322011
58322108
58322123
58322190
58322194
58322281
58322294
58334855
58322382
58322445
58322452
58322520
58322557
58322782
58322839
58322951
58322980
58323010
58323011
57946101
58323041
58323277
58322440
58334870
58334888
58335000
58345612
58345618
58345641
57988422
58345697
58345755
58345815
58346017
58346380
58346443
58346474
58346487
58346583
58346762
58346838
58251056
58346960
58347028
58347079
58347081
58347109
58347160
58347216
58347339
58347814
58348134
58348145
58345531
58348162
58345508
58345436
58343398
58343464
58343551
58343847
58343953
58344075
58344130
58344134
58344176
58344402
58344445
58344578
58344583
58344664
58344669
58344711
58344757
58344754
58344756
58344782
58344814
58344896
58344990
58345025
58345300
58345356
58345389
58345450
58348232
58348380
58348387
58350217
58350220
58350250
58350309
58350573
58350789
58255455
58350923
58350932
58351296
58351344
58351734
58351840
58351893
58351935
58352059
58352144
58352323
58352325
58352329
58352428
58352629
58352653
58352668
58352687
58352714
58352742
58350215
58350172
58301965
58350083
58348541
58348619
58348649
58348659
58348804
58348816
58348829
58077852
58348906
58349081
58349199
58349322
58349349
58343321
58349391
58349545
58349570
58349574
58349610
58349630
58349662
58349720
58349751
58349888
58349933
58349946
58350049
58350060
58349451
58352888
58343316
58343058
58337168
58337245
57141626
58337295
58337337
56907636
58337349
57289587
57689354
57698958
58337407
57340773
57821020
57428912
58337630
58337660
58337724
58337859
58337994
58337997
58338005
58338104
58338178
58338203
58338214
58338365
58338541
57649927
58338600
58336926
58336883
58335024
58335064
57890733
58335138
58335245
58335382
58335635
58335645
58275940
58335703
58335756
58335816
58335862
58336017
56780822
56976022
58336117
58336388
58336399
58336410
58336426
58336462
58336544
58336631
58336702
58336765
58290026
58336900
58338614
58338636
58338649
58340688
58340689
58340692
58340767
58340772
58340809
58340820
58340862
58341057
58341161
58341270
58341275
58341346
58341430
58341765
58341918
58341928
58341942
58341946
58342546
58342554
57419318
58342616
58342663
58342837
58294108
58342925
58340613
58340559
58340543
58340535
58291580
58338783
58338897
58339011
58339058
58339127
58145163
58305887
58339272
58339360
58339375
58339475
58339478
58343273
58339574
58339635
58339676
58339786
58339930
58340020
58340044
58340156
58340167
58340178
58340271
58340275
58228623
58340431
58339614
58242365
58242361
58242332
58136195
58136233
58136336
58136339
58136624
58136625
58136666
58088963
58136772
58136873
58136969
58137106
58137134
58137199
58137258
58137277
58137414
58137416
58137637
58137643
58137683
58137954
58137974
58138331
58091026
58138595
58138676
58136025
58138743
58135968
58135838
58133186
58085290
58133533
58133556
58133832
58133921
58133972
58134279
57860132
58134302
58134313
58134351
58134352
58134442
58134556
58015518
58134807
58134923
58134998
58135134
58135284
58135291
58135295
58135308
58135323
58135726
58135818
58135844
58133075
58138779
58139086
58142447
58142636
58142760
58142772
58142790
58142822
58142838
58142876
58142990
58143051
58143218
58143231
58143235
58096234
58143375
58143457
58143461
56892818
57931617
58143659
58143748
58143820
58144004
58144014
58144090
58144103
58144124
58142369
58138780
58142299
58018040
58139188
58139350
58139497
58139615
58139698
58139814
58139841
58139932
58140077
58140127
58140274
58140280
58140282
58140794
57787082
58141264
58141281
58141313
58141375
58050500
58141466
58141520
58141537
58141763
58141771
58141864
58142064
58142272
58133069
58031948
58132760
58125029
58125068
57312694
58125223
58125426
58125443
58125483
58125589
58125637
58125805
58125808
58125837
58125889
58125914
58125931
58125987
58126197
58126556
58126569
58126719
58126937
58126970
58126979
58126988
58127011
58127017
58127081
58124942
58127333
58124940
58124610
58122411
58122465
58122498
58122526
58122742
58122754
58122866
58122908
58122926
58122994
58000948
57927992
58123165
58123189
58123247
58123328
58123494
58123513
58123684
58123704
57963810
58123843
58123915
58124050
58124235
58124454
58124516
58124725
58127443
58127509
58127666
58082971
58130284
58130391
58130519
58130676
58130873
58131297
58131333
58131415
58131443
58131459
58131566
58131671
58131836
58131963
58131992
58042922
58132054
58132254
58132264
58132412
58132434
58061250
58132488
58132579
58132620
58132716
58130139
58130050
58129997
58129917
58127836
58127875
58128135
58035746
58128542
58128583
58128599
58128627
58128651
58128892
58128900
58128926
58129214
58144146
58129294
58129376
58129446
58129464
58129521
58129551
58129571
58129590
58129697
58129744
58129755
58129825
58129849
58129873
58129336
58144183
58144193
58144200
58157570
58157610
58157613
58157642
58157832
58157934
58157969
58157977
58158035
58158084
58158140
58158176
58158185
58158277
58158313
58158371
58158479
58108533
58096081
58158850
58158908
58158932
58159151
58159200
58159821
58159867
58159879
58157561
58159910
58157490
58157339
58154981
58155086
58155110
57977772
58155507
58155531
58155678
58155681
58155756
58155780
58155802
58156180
58156195
58156207
58156296
58156371
58156614
58156641
58156795
58156950
58157017
58008122
58157056
58157128
58157195
58157210
58157321
58157470
58160175
58160310
58160319
58162687
58162692
58162721
58162802
58162866
58162911
58067490
58163082
58163209
58163438
58163489
58163505
58163575
58163591
58163624
58163708
58163737
58163820
58163939
58163957
58163973
58007708
58164181
58164260
58164329
58164449
58164463
56780685
58162420
58162405
58162277
58160363
58160387
58160451
58160543
58160580
58160589
58160604
58160657
55984889
58160754
58160798
58160822
58160971
58154962
58161104
58161180
58161194
58161260
58161269
58161371
58161374
58161394
58161451
58070567
58161799
58161920
58162088
58162184
58161158
58122221
58154930
58154708
58147230
58147286
58147414
58147450
58147484
58147740
58147741
58147745
58147855
58147882
58147903
58148111
58148146
58148218
58148233
58148296
58148524
58148525
58148619
58148651
58148720
58148777
58148817
58148910
58148919
58148967
58148976
58147197
58149078
58147012
58146785
58054775
58144322
58144439
58144842
58144942
58144947
58145077
58145131
57974141
58056166
58145420
58145436
58145495
58145565
58145568
58145926
58145936
58146000
58146026
58146072
58146163
58146237
58146261
58146577
58146642
58146695
58146736
58146931
58149093
58149278
58149399
58153153
58153186
58153258
58153300
58153384
58153400
58106281
58153645
58153842
58153867
58153909
58153956
58153995
58154015
58154100
57584335
58154158
58154272
58154402
58154414
57877514
58070859
58154610
58154649
58154679
58154681
58154690
58153091
58153029
58062907
58152502
58055119
58149661
58149933
58149934
58150140
58150238
58150336
58150353
58150513
58150542
58150773
58150813
58150833
58154844
58150851
58030312
58151200
58151247
58151266
58151324
58151337
58151398
58151669
58152038
58152121
58152147
58152298
58152454
58150862
58164534
58122191
58121973
58092124
58092306
58092311
58092347
58092354
58092359
58092433
58092672
58092843
58093031
58093063
58093154
58093238
58093423
58093456
58093528
58093613
58093680
58093783
58093789
58093835
58093908
58093924
58093929
58094003
58094015
58094148
58092007
58094160
58091870
58091751
58088495
58088498
58088519
58088601
58088689
58088711
58088806
58089036
58089316
58089449
57922005
58089549
58089848
58090056
58090157
58090259
58090414
58090433
58090459
58090479
58090658
58090840
58090855
58090863
58091176
58091181
58091336
58091828
58088465
58094234
58094319
58097439
58097452
58097459
58097479
58097493
58097529
58097635
58097676
58097784
58097863
58013948
58098036
58098079
58098223
58098214
58098315
58098419
58098574
58098626
58098663
58098688
58098788
58098901
58099129
58099242
58099368
58099391
58097066
58094259
58096842
58096782
58094359
58094365
58094431
58094460
58094501
58094536
58094729
58094758
58095126
58095152
58095158
58095185
58095190
58095267
58095277
58095505
58095517
58095730
58095794
58095847
58096187
58096241
58096440
58096469
58096597
58096602
58096687
58096825
58088432
58088420
58088334
58081927
58081984
58081998
58082018
58082105
58082145
58082337
58082601
58082606
58082629
58082659
58082674
58082724
58082872
58082903
58083041
58083233
58083252
58083272
58083286
58083366
58083487
58083507
58023034
58083793
58083905
58083948
58081913
58084053
57932283
58081789
58080183
58080211
58080249
58080266
58080308
58080349
58080352
58080487
58080595
58080683
58080706
58080724
58080742
58081026
58081166
58081214
58081297
58081339
58081371
58081429
58081571
58081589
58033379
58081623
58081649
58081713
58081768
58081861
58084159
58084331
57926825
58086795
58086883
58087083
58045609
58087101
58087147
58087231
58087268
58087344
58087346
58087386
58087398
58087407
58087516
58087614
58087627
58087628
58087667
58087774
58052708
58087998
58088092
58088099
58088126
58088130
58088159
58088266
58086763
58086582
58086186
58086033
58084468
58084598
58084626
58084758
58084778
58085063
58085158
58085181
57311996
58085221
58085234
58085264
58085292
58099462
58085352
58085377
58085389
58085454
58085498
58085600
58085626
58085653
58085671
58085784
58085843
58085854
58085884
58086020
58085354
58099500
58099605
58099646
58113849
58071320
58114193
58114203
58114368
58114391
57597699
58114844
58114851
58114888
58114920
57393007
58115125
58115296
57545239
57681674
57681675
57614804
56853280
58115469
56881174
57597569
56820596
58115591
58115870
58115917
58115948
58113825
53345712
58070982
58113670
58110345
58110438
58110516
58110528
58110573
58110609
58110613
58110619
58110621
58110819
58110945
58111185
58111233
58111260
58111508
57959855
58111580
58111598
58111669
58111951
58112594
58112652
58112805
58112942
58113451
58113635
58113668
58113761
58116117
58116252
58116657
58119550
58119554
58119656
58119701
58119916
58029960
58120014
58120018
58120050
58120256
58120627
58121088
58121170
58121283
58121334
58034044
58075714
58121442
58121466
57964192
58121519
58121521
58121531
57964270
58121570
58121762
56985477
58119077
58119069
58119039
58118987
58116698
58116784
58117115
58117116
58117117
58117145
58117162
58117301
58117346
58117401
58117441
58117531
58117567
58110335
58031989
58117831
58117854
58117895
58117903
58118019
58118045
58118173
58118335
58118427
58118486
58118666
58118828
58118975
58117643
58122075
58110202
58110163
58102230
58102609
58103050
58103095
58103476
58103478
58103538
58103603
58103726
58103742
58103753
58103871
58104046
58061487
58104090
58104188
58104307
56540361
58104469
58104622
58104625
58104638
58104729
58104754
58104761
58104777
58104779
58102193
57600259
58101917
58101822
58099722
58099749
58099765
58099839
58099994
58100034
58100060
58100100
58100220
58100280
58100314
58100352
58100408
58100556
58100596
58100650
58100790
58100844
58100885
58100925
58100980
58101007
58101297
58101480
58101521
58101530
58101689
58101833
58104931
58105181
58105277
58108123
58108129
58108506
58108508
58108612
58108638
58108646
58108683
58108685
58108731
58108816
58108873
58108876
58108914
58108929
58108938
58108958
58108999
58109008
58109253
58109259
58109344
58109411
58109642
58109648
58109708
58110109
58108078
58107948
58107771
58107717
58105398
58105464
57614805
58105582
58105694
57955787
58105851
58105871
58106024
58106058
58106133
58106147
58106173
58110169
58106183
58106242
58106254
58106304
58106438
58106694
58106801
58106880
58106893
58107184
58107220
58107278
58107392
58107699
58106209
58164567
58164739
58164890
58217894
58217943
58217954
58218057
58169746
58218313
58218406
58218411
58218459
58218502
58218590
58218775
58218805
58032519
58219264
58219334
58219370
58219395
58219501
57963829
58219720
58219723
58219742
57769749
58219779
58219793
58112702
58217826
58219880
58217822
58217513
58214682
58214766
58214773
58214813
58214951
58215026
58215042
58215119
58215457
58215501
58215507
58215566
58215654
56789055
58215872
57418598
58216003
58216138
58216144
58216281
58216536
58216764
58217045
58217262
58217310
58217408
57335543
58217620
58214504
58220112
58220307
58221833
58221842
58221956
58222010
58222034
58222071
58222118
58222125
58222130
58222138
58222142
58222151
58222270
58222315
58222456
58035782
58222601
58222644
58222759
58222764
58222768
58030198
58223070
57908866
58223248
58223381
58223411
58221821
58220137
58221757
58221563
58220379
58220392
58220486
58220634
58220657
58220741
58220754
58220762
58220809
58220811
58220849
58220861
58220904
58220940
58220946
58220955
58220962
58220979
58221001
58221038
58221142
58097648
58221325
58221339
58221362
58221452
58221538
58221721
58214471
58214432
58214415
58205989
58118418
58206251
58206253
58206304
58206322
58021708
58206750
58206827
58206884
58206895
58207059
58120949
58207090
58207126
58207379
58207424
58207463
58022632
58207477
58207511
58207578
58207674
58207682
58207829
58207927
55911361
58118681
58208100
58205876
58205825
58203482
58114623
57472908
58204183
58204391
58204424
58163706
58204456
58204462
58204470
58204479
58204521
58204772
58204801
58204827
58070422
58205083
58205137
58205185
58205411
58165115
58205620
58205651
58205663
58205670
58205793
58205807
57944651
58208237
58208250
58208270
58212138
58212157
58212176
58212220
58212278
58212350
58212532
58212613
58212711
58212967
58213040
58213042
58213082
58213110
58213258
58213268
58213609
58213617
58213677
58213706
58213753
58213914
58214011
58214020
58214140
58214227
58214336
58212059
58211984
58211797
58211730
58208363
58208364
58208378
58208434
58208627
58208974
58209189
58209245
58209694
58209801
58209785
58209871
58209935
58223442
58210148
58210205
58210266
58210403
58210500
58210539
58210674
58210769
58210842
58210986
58211136
58211145
58211195
58147273
58210189
58223531
58223537
58223573
58235281
58235307
58235352
58235353
58235644
58235688
58235715
58235738
58235816
58235942
58235948
58236088
58236117
58236129
58236147
58236471
58236478
58172256
55760554
58236650
58236654
58236737
58236877
58236889
58236948
58237016
58237052
58235137
58237116
58235133
58235061
58232759
58232771
58232801
58232814
58233038
58233065
58233082
58233227
58233248
58233363
58233578
58233604
58233668
58233753
58234119
58234133
58234134
58234173
58234222
58234245
57326799
58234354
58234393
58234395
58234411
58234694
58234892
58235065
58237142
58237414
58237475
58240374
58240380
58240450
58240474
58240560
58240623
58240899
58241059
58241081
58241244
58241255
58241307
58241419
58139544
58241467
58241559
58241614
58241806
58241832
58241842
58241954
58242038
58242059
58242227
58242291
58242295
58242319
58240312
58240297
58240216
58240185
58194150
58237723
58237816
58238036
58238056
58238099
58238282
58238330
58238454
58238608
58238646
58238689
58238737
58232599
58238742
58239045
58239064
58239270
58239398
58239455
58239471
58239650
58239859
58239870
58239991
58240065
58240102
58240165
58239012
58203441
57171755
58232223
58226133
57348176
58226228
58226333
58226334
58226514
58226609
58226937
58226953
58226989
58227020
58227096
58227115
58227149
58227201
58227249
58227271
58227348
58227400
58227420
58227444
58227541
58227584
58227620
58227854
58227911
58227923
58226086
58228122
58226028
58175488
58223653
57119202
58178229
58223752
58128763
58223985
58224004
58224008
58224079
58224276
58224283
58224311
58224337
58224373
58224993
58225074
58225102
53980896
58225127
57853293
58225220
58225283
58225295
58225430
58225500
58225562
58225870
58072053
58143960
58228265
58228428
58230168
58230226
58230396
58230429
58230476
58230552
58230628
58230679
58230734
58230765
58230859
58230900
58230973
58230995
58231000
57356291
58231115
58231230
58231299
58231386
58231490
58231576
58231755
58231806
58231830
58232162
58232216
58230106
57352989
58229989
58229884
58228431
58033501
58228551
58184130
58228650
58228737
58228913
58228914
58228970
58228972
58229032
58229129
58229174
58232323
58229272
58229322
58229374
58229513
58229582
58229586
58229601
58229605
58229630
58139601
58229646
58229654
58229696
57398138
58010537
58203364
58203269
58203254
58177155
58177252
58177313
58177379
58177384
58177533
58177626
58177653
58177661
58177722
58177763
58177836
58177860
58177867
58177918
58177919
58177942
58177972
58178030
58178053
58178082
58178084
58178201
58178225
58178228
58178345
58072594
58177121
58136020
58177118
58177010
58174683
58174726
58132402
58174835
58175046
58175083
58175227
58175241
58175388
58175444
58175559
58175670
58175918
58175953
58176022
58176118
58176128
58176191
58176278
58176280
58176300
58176301
58176422
58176480
58176494
58176634
57992828
58177116
58178490
58178539
58178596
58180812
58181045
58181078
58181163
58181461
58181584
58181616
58181626
58182213
58182241
58182322
58182606
58182650
58182715
58182851
58182880
58182925
58183089
57998626
58183183
58183190
58183204
58183435
57363603
58183587
58183611
58183660
58180774
58180767
58180708
58180570
58178615
58178616
58178804
58178830
58178846
58178874
58178889
58178897
58178910
58179022
58179161
58179194
58179234
57990135
58179508
58179653
58179736
57947889
58081340
58179998
58180014
58180050
58180080
58180085
58180120
58180213
58180293
58180497
58179539
58183680
58174608
58174467
58167270
58167614
58167622
58167716
58167888
58167900
58167917
58167937
58167966
58168194
58168610
58123466
58168776
58168789
58168844
58168873
58169224
58169454
58169469
58169477
58169627
58169708
58169782
58169889
58169913
58169942
57987209
58167249
58079986
58167229
58166775
58165081
58165205
57173735
57117429
58165307
58165350
58165399
58165589
58073762
58165860
58165900
58166063
58166177
58166235
58166243
58166317
58166414
58166441
58166487
58166522
58166564
58166589
58166606
58166626
58166674
58166715
58166749
58167198
58170037
58170078
58170215
58172668
58172775
58172782
58172784
58172910
58172926
58172936
58172940
58172950
58172965
57615958
56864877
57143668
58173015
57272850
56864734
58173020
58173134
58173442
57952918
57869469
58173757
58173758
58173867
58174080
57789627
58174246
58172640
58172522
58172515
58172443
58170467
58170524
58127789
58127850
58170702
57892305
58170714
58127876
58064845
58170753
58170764
58171079
58171192
58174517
58171342
58171397
58171444
58171456
58171773
58171780
57988944
58129456
58172001
58172055
58172167
58172179
58172292
58172308
58171353
58384692
58183717
58183931
58196215
58196229
58196251
58196314
58196318
58196437
58155553
58196507
58196532
58196602
57936501
58196678
58196740
58196822
58196824
58196828
58196840
58196891
58196943
58197027
58197049
58197085
58002103
58197322
58197362
58197372
58197419
58196167
58197551
58196124
58195798
58194390
58194470
58194631
58194842
58194909
57979387
58195035
58195114
58195183
58195184
58195260
58195306
58101972
58195360
57938389
57860222
58009043
58195408
58195416
58195492
58011208
58154207
58195572
58195613
58195676
58195723
58195783
58195861
58197825
58197950
58198273
58201518
57566393
58201574
58201741
58201772
58201774
58201786
58201813
58201859
58201958
58202049
58202144
58202157
58202163
58202212
58202225
58202408
58202467
58202485
58202493
58202526
58202650
58202695
57775178
58202789
58202866
58203187
58201462
58201247
58200693
58200566
58198298
58198359
58198408
58198462
58198705
58015030
58108700
58199073
58199366
58199444
58199546
58199590
58199616
58194371
58199639
58199688
58199716
58125396
58199847
58199993
58200086
58200115
58200123
58200131
58200279
58200399
58200506
58200522
58199680
58183856
58194344
58194194
58185515
58185524
58185784
58185852
58185858
58185894
58186030
58096100
58143650
58096556
58186202
58186307
58186419
58186501
58186535
58186960
58187129
58187170
58187385
58002784
58187471
58187566
58187646
58187767
58187845
58188028
58188082
58185509
58188217
58185503
58185485
58183973
58184060
58184070
58184281
58184342
57999759
58184403
58184439
58184593
58141959
58184637
58184684
58184726
58184737
58184781
58184904
58184921
58184934
58184990
58185051
58185086
58185238
58185256
58185276
58185302
58185333
58136125
58185489
58188303
58188316
58188384
58191984
58192024
58192109
58192136
58192221
58192236
58192259
58192330
58007780
58192390
58192495
58192524
58192665
58192782
58192784
58192803
58192810
58193289
58193295
58193387
58193407
57359411
58193482
58193814
58193859
58193867
58194143
58191954
58191675
58191491
58074623
58188715
58188847
58188976
58189460
58189500
58189541
58142827
57968908
58189835
58189876
58190020
58190039
58190087
58194265
58190126
57969991
57643314
58190346
58190395
58190575
58190674
58190857
58190979
58191144
58191173
58191237
58191241
58191257
57969990
58604366
58384699
58384764
58536196
58445900
58536270
58536276
58536359
58536440
58536497
58536544
58536572
58536584
58536605
58536697
58536698
58536706
58536840
58536956
58536968
58494446
58537062
58537090
58537146
58486591
58537330
58537353
58537413
58537414
58537493
58343971
58537577
58536077
58450887
58534426
58534531
58488009
58534650
58534651
58534692
58534694
58534728
58534816
58534960
58535009
58119239
58535083
58535190
58535192
58535194
58535454
58535469
58440264
58535687
58535710
58535715
58412411
58535855
58535888
58535942
58535965
58450799
58534400
58537637
58537687
58539300
58539403
58539499
58539520
58539574
58539577
58539630
58539759
58539761
58539775
58539856
58539875
58539907
58468435
58539977
58540054
58540109
58540142
58254331
58540212
58540217
58540239
58540253
58540267
58451085
58540304
58391285
58539298
58537643
58539272
58539267
58466321
58537752
58537838
58537891
58537986
58538020
58538089
58538102
58538166
58538202
58538324
58350019
58538369
58538499
58538590
58538593
58538633
58496331
58538669
58538843
58350690
58539019
58539058
58539087
58539107
58539217
58539229
58539270
58534219
58534201
58534200
58529876
58529893
58529938
58530061
58530162
58530165
58530259
58530352
58530384
58530388
58530470
58530588
58530738
58530743
58530747
58530754
58530836
58530861
58530954
58530957
58530960
58531007
58531029
58531036
58531070
58531078
58531097
58529803
58531100
58529758
58529748
58528632
58528637
58528650
58528706
58528743
58487085
58528794
58528815
58528850
58397982
58528889
58528912
58528963
58528970
58529028
58529088
58529213
58529225
58529313
58529343
58529360
58529475
58529505
58529557
58529565
58529574
58529601
58529749
58531149
58531154
58489363
58478919
58532666
58532688
58532785
58532796
58532860
58532883
58532914
58532984
58532990
58532998
58533072
58483643
58533137
58490835
58533168
58446876
58533270
58533301
58533374
58533378
58533409
58533722
58533891
58533994
58534117
58534171
57649625
58532428
58532404
58532336
58531253
58531268
58531398
58531408
58531410
58531430
58531446
58531449
58081409
58531508
58531511
58531532
58531535
58497877
58531546
58531602
58531665
58342557
58531763
58531787
58532045
58532087
58532093
58532105
58532180
58532187
58532224
58532302
58531548
58540400
58540486
58540493
58549462
58549568
58549584
58549678
58549842
58549961
58550021
58550051
58550078
58550099
58550128
58550130
58550135
58550179
58550250
58550288
58550349
58550402
58507559
58550465
58550484
58550537
58550708
58550728
58550783
58550854
58550916
58549416
58550928
58549406
58549348
58278996
58547589
58352450
58547766
58547830
58547851
58547962
58547964
58547970
58547978
58548005
58548067
58548106
58548154
58548348
58361247
58548485
58548605
58548684
58548741
58548830
58463698
58549085
58549157
58549158
58549212
58491983
58505387
58550975
58551180
58551181
58553565
58553610
58553747
58553765
58553767
58553900
58553929
58553970
58511009
58554110
58554182
58554194
58554237
58554391
58554448
58554560
58554770
58554774
58554816
58554839
58554873
58554897
58554966
58554980
58554986
58469330
58555003
58553552
58553511
58553496
58553461
58551201
58551236
58551255
58551379
58551404
58224858
58551435
58551512
58551574
58551620
58551726
58551825
58551963
58547567
57805774
58552484
58552533
58552537
58552590
58552664
58552725
58552759
58552843
58552959
58553067
58366203
58553275
58508233
58246295
58528629
58547554
58547287
58448697
58543072
58543122
58543187
58543362
56377284
58543559
58543575
58543615
58543626
58543654
58543772
58543779
58543816
58543961
58543990
58544006
58544059
58544100
58544126
58544144
58544148
58356639
58544270
58544326
58544338
58544382
58543004
58544396
58542990
58452839
58540559
58540633
58491373
58540686
58540704
58540778
58540793
58540909
58541018
58541117
58541161
58541367
58541532
58541567
58541622
58541650
58541809
58541898
58541927
58541940
58542035
58542052
55833738
58542201
58542339
56145016
58354726
58542915
58544513
58544514
58544522
58545992
58546002
58546099
58546230
58546255
58129061
58546333
58359408
58546432
58546449
58546462
58426211
58264299
58546490
58546607
58546641
58546756
58546794
58546861
58546905
58546912
58546964
58547062
58547118
58547175
58547176
58547220
58545862
58545742
58545606
58545594
58544605
58544629
58544752
58544758
58544772
58544778
58459815
58544788
58544865
58544951
58544963
58544984
58545005
58547425
58545009
58545055
58545099
58545160
58545264
58545279
58545325
58545331
58545371
58545423
58545445
58545474
58427428
58429545
58545038
58555125
58528575
58528503
57601196
58052870
58509173
58509216
58509221
58509375
58509421
58509483
58509489
58509581
58509583
58509649
58509650
58509687
58509740
58509752
58509762
58509771
58509787
58509840
58430337
58510023
58510026
58510047
58510064
58510130
58510220
58509083
58510346
58509026
58304437
58507877
58507889
58507905
58507919
58507988
58465393
58508038
58508055
58508168
58508191
58508226
58508237
58508428
58508452
58508485
58508533
58508568
58508572
58508688
58508754
58508772
58310437
58508822
58508826
58508840
58508848
58508910
58509001
58507709
58510388
58510501
58512233
58512235
58512251
58438901
58512347
58512432
58512455
58512463
58512474
58512566
58512630
58512675
58512885
58512891
58512921
58512929
58513108
58513168
58513210
58513269
58513420
58513567
58513583
58513587
58513669
58513856
58513962
58512131
58510442
58512109
58512051
58510520
57950857
58510649
58510665
58510716
58510733
58510775
58510790
58510848
58510925
58511075
58511092
58511099
58511104
58511162
58511247
57736863
58511581
58511595
58511629
58511688
58511709
58511900
58511973
58312852
58512038
58512048
58512054
58507700
58315642
58507553
58502847
58502869
58502904
58502965
58502991
58503046
58503079
58503082
58503150
58503165
58503235
58503301
58503367
58503384
57441826
58503557
58503604
58503621
58503681
58503708
58389218
58503978
58504079
58504148
58504242
58504385
58504713
58502845
58504731
58502798
58502753
58500743
58500779
58412953
58500897
58501001
58501009
58501020
58122413
58501079
58501143
58501185
58501233
58501261
58501264
58501614
58501777
58501825
58159585
58501932
58501985
58501990
58502151
58502284
58502481
58502606
58502708
58502746
58502795
58504817
58504842
58504864
58506184
58506205
58506274
58506282
58506426
58506539
58506692
58506695
58506722
58506773
58506776
58506839
58506861
58463938
58506960
58506976
58507033
58507061
58507098
58507107
58507178
58507191
58507193
58507205
58507254
58507305
58507321
58506119
58506090
58506053
58506038
58504884
58504892
58504910
58504922
58504937
58504949
58504998
58505006
58505099
58505174
58505214
58505215
58505308
58514036
58505364
58505504
58505508
58505526
58505661
58505667
58505677
58462924
58505876
58505926
58505960
58505974
58505981
58505984
58505371
58514072
58514130
58514145
58523653
57867712
58523836
58481120
58523945
58523953
58524073
58524085
58524192
58524325
58437773
58437551
58524476
58524493
58524524
58524572
58524592
58524695
58524753
58524883
58438407
58524996
58525014
58525045
58525087
58525111
58525151
58523649
58525173
58369157
58523437
58521671
58521714
58521767
58521816
58256541
58521846
58521857
58521871
58521983
58521984
58522037
58522053
58522168
58522263
58522271
58522284
58522359
58522376
58522485
58522546
58522749
58522761
58522894
58523046
58523047
58480395
58523293
58523513
58525288
58525294
58525297
58527614
58527621
58527669
58479077
58527762
58527823
58527849
58527901
58527917
58527969
58527977
58527988
58528051
58528071
58528104
58528108
58346684
58528142
58528155
58528158
58528173
58528200
58528312
58528379
58528406
58528422
58528460
58527582
58527565
58527531
58527513
58525321
58525327
58525331
58525456
58525472
58525605
58525650
58525657
58525791
58525954
58525979
58526098
58526145
58521662
58526208
58526276
58526377
58526860
58526931
58526946
58527053
58527076
58527191
58527347
58527356
58527368
58527375
58441637
58526260
58528573
58521604
58521591
58516078
58516184
58516248
58516593
58516599
58516662
58516673
58516711
58516734
58516746
58516775
58326491
58516885
58516922
58517015
58517107
58517149
58424358
58517353
58517603
58517624
58517628
58517639
58517697
58517737
56878037
58517780
58516042
56757905
58515983
58515887
58514177
58514313
56761007
58514445
58514486
58514522
58514550
58514552
58514574
58514688
58514735
58514759
57574019
58514903
58514932
58514971
58515053
58515082
58515139
58515513
58515535
58515560
58515595
58515603
58515614
58515679
58515816
58515953
58517797
58517853
58517935
58519806
58519930
58520066
58520145
58520174
58520186
58520191
58520201
58520212
58520310
58520344
58229835
58520518
58520539
57658341
58520659
58520800
58520928
58521002
58521136
58521166
58521171
58521200
58521203
58521214
58521392
58521583
58519769
58519709
58519679
58519589
58517955
58518104
58518198
58518206
58518268
58518344
58518357
58518456
58328348
58518530
58518607
58518661
58518665
58521600
58518667
58518719
58518744
58518814
58518865
58518917
58518984
58519133
58519153
58519220
58309528
58519309
58519364
58519372
58518670
58500736
58555147
58555233
58588149
58588218
58588235
58588299
58588354
58588365
58588378
58588386
58588393
58588411
58588457
58588481
58588491
58588515
58588531
58588568
58348730
58588607
58588613
58588655
58588725
58475902
58588779
58588940
58588984
58589014
58589015
58588123
58589029
58587884
58587825
58586772
58586817
58586898
58586900
58587016
58587023
57290335
56167032
57161935
56969383
58587198
58587274
58587319
58587371
58587386
58587399
58587434
58587487
58587493
58587499
58587528
58587538
58352719
58587641
58587660
58587702
58587761
58074042
58586733
58589035
58589068
58590858
58590882
58590903
58590909
58590930
58590941
58590956
58590995
58591111
58591250
58591255
58591354
58591416
58591479
58591534
58591741
58591768
58591804
58591873
58591906
58592048
58592079
58592083
58592098
58592104
58592136
58592189
58590761
58589040
58590715
58590471
58589109
58589156
58589220
58589246
58589248
58589263
58589343
58589373
58589394
58589453
58589469
58589536
58589555
58304386
58589608
58589623
58589640
58589656
58589704
58589782
58589903
58589963
58590028
58590029
58590120
58590396
58590407
58590707
58586688
58586687
58586674
58495340
58184619
58582454
58582491
58582510
58582526
58582540
58582551
58582559
58582571
58582597
58582681
58582786
58582798
58582802
58582864
58582875
58582928
58582933
58582935
58582944
58582955
58583006
58583058
58583110
58583173
58583260
58582338
58583277
58582270
58582242
58580891
58580933
58580995
58581024
58581133
58581235
58536347
58581373
58581392
58581472
58581555
58581561
58581596
58581643
58581644
58581663
58581666
58581689
58581787
58581889
58581902
58581909
58581921
58581990
58582092
58582193
58582240
58582248
58583354
58583357
58583482
58585346
58585405
58585409
58585422
58585424
58585425
58585475
58585501
58585568
58585607
58181997
58585710
58585725
58585774
58585778
58585810
58585900
58585920
58585924
58586025
58586076
58586255
58586460
58586487
57438898
58586592
58586662
58585302
58585294
58585211
58585097
58583522
56531767
58393685
58583729
58583732
58583877
58584097
58584133
58584143
58584257
58584286
58584314
58584383
58592190
58584394
58508666
58584543
58584591
58584623
58584700
58496773
58584783
58584886
58584944
58585001
58585042
58585072
58585093
58584452
58592266
58543741
58592382
58600236
58600249
58600351
58600392
58600483
58600497
58600583
58600648
58600684
58600691
58600743
58600749
58600785
58600795
58600802
58600874
58600898
58600982
56950924
58601013
58601027
58512652
57605728
58601075
58601105
58601114
56638610
58600205
57512787
58600184
58599853
58598755
58598760
58598789
58598846
58598871
58598905
58598911
58598937
58598948
58599258
58599273
58599285
58552108
58510253
58599449
58599461
58599464
58599472
58599573
58599609
58509995
58599728
58599731
58599789
58408684
58411610
58599827
58553938
58601187
58601223
58601255
58602988
58603152
58603167
58603180
58603216
58603339
58603403
58603416
58603494
58603529
58603591
58603665
58603740
58603847
58603879
58603881
58603896
58603970
58604010
58604062
58604066
58604082
58604147
58604211
58604246
58604261
58604263
58602811
58602734
58602699
58602645
58601258
58601292
58601368
58601453
58601466
58601523
58601529
58601540
58601554
58601591
58601673
58601691
58601707
58598737
58601722
58601866
58601924
58601932
58601943
58601991
58602131
58602143
58602196
58602529
58602555
58602568
58602582
58602628
58601778
58580880
58598726
58598474
58594172
58594198
58594235
58594320
58594321
58594347
58594378
58594397
58403753
58594407
58594433
58505908
58594524
58594527
58594620
58594645
58594650
58594701
58594734
58594737
58594741
58594758
58594799
58594810
58594831
58594867
58594935
58594139
58595012
58594138
58593988
58592486
58592488
58592605
58592640
58592647
58592797
58592798
58592975
58592981
58593000
58593003
58593019
58593112
58593297
58593318
58593437
58547612
58593459
58593677
58539090
58593763
58593771
58593782
58593841
58593890
58593945
58593981
58594102
58595043
58595178
58595191
58181503
58597266
58597348
58597424
58408668
58597481
58597509
58597518
57593452
58597626
58597676
58597700
58597759
58597999
58598005
58598095
58598104
58598132
58598170
58506279
58598269
58598280
58598350
58401531
58598444
58598457
58598467
58597182
57900034
58596951
58596903
58595194
58595293
58595323
58595336
58595357
58595401
58595498
58595515
58595576
58595637
58595642
58595712
58595737
58598559
58595810
58596055
58596076
58596081
58596127
58596155
58596187
58596190
58596391
58596435
58596485
58596739
58596767
58596845
58595922
58555185
58493579
58580821
58564112
58564166
58564188
58376134
58564317
58564363
58564385
58564398
58564444
58564447
58564515
58564523
58376480
58564603
58376462
58564627
58564826
58564928
58565000
58565053
58565087
58565263
58565504
58565684
58565818
58565970
58566008
58563954
58566042
58563879
58563751
58561789
58561816
58561819
58561828
58561857
58561881
58561886
58561907
58561987
58562065
58562311
58562380
58562582
58562632
58562643
58562669
58562819
58562835
58562952
58562957
58563085
58563424
58563469
58563520
58563541
58563583
58563600
58105227
58561754
58566081
58566087
58567523
58567525
58567624
58567726
58567784
58567786
58567822
58567866
58567888
58567893
58567903
58567912
58568004
58568140
58568155
58568178
58568183
58568209
58568232
58568239
58568288
58568327
58568425
58568455
58525023
58568512
58568615
58567519
58566083
58567514
58567474
58566096
58566218
58566231
58566307
58566311
58566439
58566492
58566870
58566879
58566880
58378547
57806900
57557633
58378530
58567083
58567103
58567106
58567163
58567179
58567183
58567195
58567222
58567252
58481091
58567307
58567327
58567444
58567487
58561738
58561696
58561654
58556797
58556803
58557045
58557298
58557363
58557404
58557421
58557456
58557493
58557589
58557626
58557639
58557685
58557710
58557778
58557808
58557835
58557932
54331552
58334564
58558092
58558096
58558122
58558125
58558132
58558228
58558311
58556794
58558356
58556649
58556574
58555235
58555258
58555268
58555333
58555465
58555479
58555635
58555646
58555667
58555729
58555813
58555823
58555859
58555879
58555891
58555908
58555917
58555918
58555965
58556076
58556121
58556262
58556364
58556388
58556410
58556475
58556478
58556622
58558357
58558402
58558421
58560435
58560501
58560580
58560623
58560633
58560660
58560772
58560823
58560891
58560935
58560963
58560997
58561021
58561080
58561129
58561138
58561175
58561215
58561241
58561265
58561330
57610948
58561468
58561577
58561585
58561602
58561650
58127974
58560409
58560299
58560272
58558526
58558563
58558662
58558724
58558755
58558760
58558949
58559057
58415387
58559134
58559307
58559478
58559491
58568617
58559569
58559627
58559700
58559706
58559730
58559745
58559822
58559841
58559905
58541505
58559965
58560040
58560084
58560253
58559603
58568648
58250009
58569028
58577062
58577088
58577163
58577185
58577190
58577210
58577226
58526376
58258546
58577284
58577351
58577574
58577585
58365198
58484506
58577624
58577718
58577741
58478164
58578032
58578039
58578116
58578132
58578133
58578139
58533549
58578184
58577048
58578185
58577035
58576995
58575431
58575438
58575468
58575526
58575564
58386231
58575688
58575738
58575748
58575752
58386509
58575967
58576023
58576026
58576206
58531559
58576228
58576236
58576481
58576593
58576713
58576739
58576764
58576809
58576810
58576893
58576977
58576997
58578216
58578240
58578271
58579948
58579968
57136123
58579977
58493117
58390763
58191767
58580160
58580192
58580275
58390920
58580365
58580375
58391032
58580439
58580480
58580496
58580590
58580652
58580656
58580658
58580668
58580678
58580699
58580733
58580742
58580788
58579919
58579845
58579788
58579753
58578293
58578328
58578329
58578360
58578398
58578401
58578414
57759352
58578477
58578490
58578508
58578521
58578561
58575358
58578609
58578818
58579036
58579155
58579208
58579256
58579257
58579258
58579404
58579629
58579638
58579663
58579704
58579728
58578765
58580828
58575347
58575274
58570333
58570406
58570415
58570484
58570570
58570621
58526497
58570695
58570729
58570903
58570963
58571000
58460280
58571181
58571190
58571319
58571374
58571410
58571490
58571530
58571559
58382110
58571563
58571564
58571661
58571678
58571848
58570348
58571849
58570322
58570280
58569081
58569119
58569143
58569206
58569253
58483127
58569319
58525630
58569387
58569469
58483427
58569531
58569538
58569542
58483371
58569614
58569643
58569660
58569691
58569737
58569743
58519986
58569906
58569935
58570053
58570108
58570253
58570290
58571877
58571997
58572030
58574138
58574164
58574184
58574213
58574223
58574228
58574280
58574303
58444633
58574432
58574440
55019943
58574521
58574652
58574664
58574672
58574766
58526499
58574854
58574903
58574910
58574951
56933602
58574976
58574997
58575068
58575094
58574122
58574041
58573879
58573860
58527792
58572245
58572381
58572403
58572533
58572578
58572615
58572694
58572804
58572806
58572842
57484680
58572883
58575331
58527910
58573150
58573187
58573276
58573279
58573281
58573286
58573399
58573403
58573411
58573561
58573673
58573736
58573777
58572933
58500696
58500604
58500598
58422670
58422737
58422763
58423004
58423019
58423046
58423065
58423076
58423080
58423148
58423256
58423265
58423360
58423446
58423495
58423597
58423650
58423679
58423777
58423839
58424010
58424025
58218513
58424122
58424487
58424737
58424898
58422661
58424955
58422638
58422604
58420863
58420869
58420878
58421068
58421145
58421192
58292969
58421320
58421356
58421394
58421395
58421466
58421747
58421930
58422022
58177334
58422060
58059786
57907116
58422353
58422432
58422446
58422451
58422471
58422472
58422539
57920134
58422612
58420753
58425034
58425052
58426608
58426664
58426912
58426953
58427016
58427051
58427194
58427223
58427237
58427300
58427310
58427327
57960391
58427633
58427642
58427688
58427697
58427705
58427762
58427771
58427792
58427802
58228820
58427935
57856442
58428053
58428133
58426547
58425045
58426517
58426392
58425091
58425098
58425116
58425239
58425262
58425272
58425358
58425379
58425392
58425409
58425413
58425438
58425444
58145486
58425579
58425608
58425612
58425708
58425802
58425889
58425942
58425989
58335264
58426184
58426266
58426333
58426379
58426401
58329850
58420623
58420524
57652935
57608240
58241288
56780619
57803996
57271453
57469885
57689238
57811535
56780549
58416028
58416191
58416254
58416317
58416364
58416546
58416806
58416836
58416932
58416935
58417048
58417174
57597568
58417302
58316869
57545118
56796851
58415972
56820622
58415971
58415967
58415118
58415240
58415250
58415252
58415277
58415288
58415359
58324352
58415500
58415527
58415538
58415620
58415735
58415761
58415753
58415806
57835292
56965319
57355659
57865734
58415960
57454257
57872800
56108779
57324944
57372107
57839729
58415969
57614728
58417447
58417452
58419250
58373711
58419310
58419316
58419320
58419350
58419361
58419473
58419535
58419578
58419635
58419683
58419755
58419773
58419832
58419895
58419911
58419923
58419925
58419953
58419969
58419983
58323582
58420191
58369707
58420276
58420448
58419222
58419215
58419103
58419091
58417516
58417562
58417580
58417733
58417849
58417880
58417882
58417914
58417958
58418067
58418138
58418186
58418216
58428143
58418228
58418603
58418671
58418697
58418757
58418775
58373379
58418828
58418913
58418916
57844083
58419025
58419054
58419060
58418511
58428163
56590879
58428309
58437695
58437768
58437885
58437938
58438008
58438064
58438101
58438161
58438251
58438252
58438318
58438342
58438375
58438492
58438507
58438544
58438649
58438655
58238884
58438736
58438849
58438916
58438988
58439002
58439076
58439078
58439235
58437648
58439290
58437630
58437565
58436070
58436122
58436182
58436233
58436326
58436327
58436395
58436422
56532693
58436676
58436733
58436773
58436864
57833447
58343330
58437024
58437025
57797816
58437230
58437275
58437373
58437402
58437405
58151986
58437458
58437491
58391633
58437591
58439357
58439390
58439397
58441091
58441118
58441287
58441374
58441460
58441552
58441573
58441594
58441616
58441685
58441709
58441724
58441845
58441877
58441970
58442190
58081760
58352620
58442398
58442479
58442553
58442566
58442619
58442631
58442643
58442728
58442733
58440983
58440923
58440862
58440802
58439401
58439441
58439486
58439492
58439560
58439578
58439602
58439719
58439757
58439765
58439855
58439985
58439986
58435970
58440098
58346198
58240867
58440334
58440353
58440375
58440430
58440437
58440485
58440494
58440607
58440619
57915587
58440667
58440100
58415114
58435851
58435563
58430331
58430387
58430521
58430781
58430786
58430896
58431006
58431023
58431069
58431110
58431161
58431179
58344105
58431354
58431434
58431447
58431458
58431582
58431620
58431769
58431986
58431989
58431998
58432020
58432023
58317551
58432205
58430314
58432293
58430310
58430049
58428405
58428438
58428460
58428515
58428535
58428542
58428675
58191721
58428771
58428882
58428905
58429018
58429140
58429184
58429201
58429210
58429220
58429242
58429374
58429520
58429578
58429582
58429728
58429778
58429866
58429933
58429959
58430171
58432344
58432347
58432520
58434191
58434370
58434371
58434562
58434608
58434636
58434766
58434816
58434834
58434838
58434839
58434915
58434921
58434971
58434986
58434987
58435025
58435116
58435137
58435177
58435259
58435309
58344998
58435494
58435537
58435548
58435555
58434176
58434122
58433951
58319333
58432526
58432634
58432672
58432790
58432883
58432885
58432892
58432898
58433047
58433080
58433090
58433135
58342806
58236631
58433220
58433248
58433294
58433346
58433351
58433453
58433592
57671112
57116267
58433675
58433706
58433793
58433810
53619388
58433235
58442876
56716495
58414804
58394863
58395006
58395021
58395082
58395145
58395208
58395211
58395240
58395259
58395273
58395302
58395304
58395308
58395352
58395463
58395498
58395523
58103872
57971357
58116279
58395698
58395794
58395880
58396104
58396159
58396189
58396200
58394830
58396265
58394826
58348021
58392816
58392823
58392867
58392910
58392955
58392996
58393161
58301473
58195915
58393406
58393484
58393645
58393738
53989961
58393875
58393936
58394009
58394063
58394123
58394134
58394217
58394221
58394226
58394364
58394504
58394584
58394675
58351059
58392790
58396346
58396514
58397892
58397909
58398005
58398032
58398214
58398347
58398375
58398390
58398407
58398426
58398469
58398523
58398524
58398533
58398539
58398590
58398616
58398620
58398625
58398658
58398680
58398762
58398917
58398969
58398989
58399014
58399024
58397837
58396474
58397785
57678793
58396526
58396557
58396609
58243015
58396693
58396703
58396708
58396939
58397020
58397023
58397046
58397066
58397104
58397164
58397210
58397277
58397290
58397391
58397445
58397482
58397493
58397503
58397511
57689028
58397570
58397575
58397585
58397634
58392762
58392713
58392698
58386466
58386496
58386561
58386594
58386690
58386751
58386783
58386852
58386862
58386925
58294959
58387017
58387178
58387242
58387428
58387476
58387483
58387596
58387607
58387609
58387679
58192409
58388042
58388052
58388043
58388149
57961004
58386454
58388305
58386444
58386398
58384825
58384927
58384966
58384978
58385037
58385089
58385095
58385279
58385316
58385385
58385474
58385528
58385569
58385603
58291531
58385675
58385680
58385701
58385703
58385726
58385827
58385961
58385985
58386056
58386284
58386299
58386352
58386443
58388324
58192805
58388463
58390338
58390349
58390496
58390534
58390601
58390891
58391161
58391211
58391265
58391335
58391363
58391377
58391611
58391755
58391765
58391804
58391944
58392120
58392138
58392241
58392378
58392436
58392458
58392484
58392509
58392634
58392663
58390132
58390117
58390116
58389988
58388583
58388589
58388857
58388887
58389019
58389129
58389223
58389224
58389225
58389271
58389281
58389292
58389307
58399077
58389319
58389339
58389362
58389368
58389369
58389408
58389409
58389480
58389497
58389511
58389647
58389657
58389706
58389795
58389326
58399101
58399186
58399267
58409311
58409357
58409426
58257259
58409652
58409668
58409687
58409816
58409876
58409970
58410036
58365708
58410091
58410098
58410176
58410353
58410414
58410426
58410710
58410806
58410861
57028821
58410878
55858579
58410995
58411022
58411049
58409309
58411061
58409142
58408655
58406836
58406848
58406898
58406973
58407173
58407300
58407321
58407393
58407443
58407780
58407817
58208733
58407868
58407883
58407891
58408046
57400394
58302230
57024296
56780661
58408304
58408406
58408477
58408494
58408522
58408641
58408647
57323847
58411066
58411133
58411170
58413612
58413634
58413697
58413713
58413819
58413833
58413872
58413899
58413908
58413931
58414015
58414062
58414122
58414174
58414175
58414323
58414325
58414495
58414511
58414638
57638922
58414718
58414721
58414735
58414765
58414776
58414802
58413570
58413566
58413540
58413523
58411211
58411348
58411798
58412043
58412191
51411477
58412273
58412297
58212898
58412348
58412461
58412503
58209535
58406821
58412627
58412765
58412786
58412838
58412890
58213996
58412899
58412916
58412923
58413309
57910156
58413463
58413474
58413514
58412718
58414878
58406740
58406435
58401096
58401243
58401245
58401271
58401356
57297606
58356275
58309916
58401452
55945204
57302106
57114674
58401506
58401528
58401551
58178793
58401595
58401776
58401814
58401869
58401884
58401946
58280883
58401998
58188987
58402197
58402200
58401077
58402264
58401019
58400815
58399335
58399487
58399593
58399605
58399607
58399617
58399635
58399637
58399646
58399648
58399651
58399667
58399691
58399819
58399914
58399927
58399994
58400246
58400373
58400464
58356910
58400510
58400525
58400539
58400541
58400754
58400782
58400835
58402296
58402335
58358818
58404444
58404458
58404523
58404630
58404707
58404711
58404767
58313413
58405202
58405304
58405337
58405396
58405408
58405417
58405561
58405693
58405710
58405767
58405831
58405870
58405886
58406150
58406168
58406297
58406300
58406410
58406427
58404418
58404295
58404220
58404205
58402408
58402412
58402459
58402481
58402569
58402611
58402662
58402721
58402818
58402850
58402946
58402948
58403012
58406610
58403082
58403175
58296221
58403502
58403538
58403726
58403737
58403830
58403947
58403988
58404062
58404079
58404112
58404132
58403172
58443184
58443231
58443247
58481741
58481838
58481853
58481890
58481903
58481905
58481918
58481933
58481946
58482047
58482162
58482191
58482207
58482283
58482375
58482498
58482547
58482697
58482701
58482785
58482862
58482907
58482917
58482921
58482926
58482996
58483045
58481729
58483125
58481608
58481477
58435805
58480134
58480163
58386670
58480239
58480244
58480346
58480402
58480575
58480741
58480773
58480832
58480838
58480905
58480923
58410530
58481000
58287093
58357531
58481077
58481116
58481130
58481171
58481301
58481328
58481338
58481403
58481563
58479999
58483194
58483288
58486187
58486204
58374125
58486248
58486249
58486283
58486288
58486316
58486435
58486537
58486602
58486650
58486704
58486843
58486863
58487077
58487175
58487191
58487197
58487216
58487334
58487395
57721368
58487446
58487511
58487514
57566398
58486088
58483231
58486079
58486032
58483352
58483364
58483412
58483553
58483583
58483751
57918474
58483924
58483953
58484129
58484233
58484408
58484548
58484574
58290319
58484969
58440954
58485165
58485207
58485428
58485584
58485621
58485632
58485681
58485808
58441636
58485915
58486078
58479853
58479718
58479462
58474647
58474649
58474678
58474745
58474906
58474907
58474951
58474987
58475011
58475043
58475047
58475081
58475106
58475121
58475134
58173143
58475150
58475314
58475323
58475436
58475542
58475614
58475627
58475666
58475681
58475709
58475725
58474604
58475772
58280923
58474416
58473407
58473408
58473453
58473479
58473656
58473701
58473745
58473785
58473789
58473809
58473826
58473837
58473974
58474007
58474061
58474107
58474124
58474134
58474151
58474183
58474215
58474223
58474261
56800074
58364928
58474361
58474366
56382904
58475842
58475852
58475858
58433707
58477689
58477774
58477900
58477964
58477986
58478087
58478197
58478218
58478230
58478253
58478521
58478536
58478543
58478558
57866354
58478613
58478677
58478720
58478776
58478974
58479169
58479252
58479381
58479386
58479416
58479440
58433672
58477600
58477537
58477369
58475874
58475916
58475980
58476029
58476147
58476175
58476229
58476289
58476297
58476318
58476410
58476428
58032716
58487552
58476481
58476521
58476639
58476707
58218066
58476882
58476914
58477018
58477028
58477039
58477092
58477142
58477222
58477279
58282969
58287695
58487582
58487627
58495457
58495518
58495582
58495616
58495785
58495804
58495805
58495819
58495913
58495915
58495949
58495955
58495989
58495990
58495995
58496144
58496224
58402203
58496540
58496591
58496606
58302830
58496713
58496904
58496966
58497005
58497041
58495384
58497114
58495311
58494972
58493751
58493773
58493792
58493875
58493889
58451113
58431804
58494068
58494124
58494150
58494152
58494159
58494175
58494244
58494376
58494619
58494723
58494772
58494783
58494823
58494850
58494858
58494902
58494911
58494919
58494942
58494945
58495201
58497240
58497252
58497306
58499387
58499420
58129817
58499495
58499500
58499587
56759175
58499655
58499688
58131466
58499742
58499843
58499849
58499908
58499931
58499984
58500004
58500010
58500140
58500254
58500315
58500429
56705770
58500450
58500461
58500548
58500554
58499354
58499301
58499274
58499263
58497346
56454085
58497387
58497421
58497447
58497729
58497806
58497971
58497999
58498067
58498080
58498106
58498213
58493708
58498298
58498331
58498339
58498379
58498507
58498528
58498743
58498795
58037312
58498805
58498913
58498938
58499068
58499209
58498310
58473373
58493700
58398278
58489252
58489288
58489382
58489403
58489411
58489458
58489478
58489479
58489528
58489540
58489548
58489580
58489725
58489748
58489847
58489878
58489897
58489915
57878016
58490160
58398291
58490382
57693190
58490469
58490486
58490556
58490595
58489234
58490658
58489215
58489138
58487850
58487960
58488102
58488113
58488208
58488211
58488212
58488252
58488297
58488341
58488436
58488484
58488486
58488539
58488582
58488590
58488638
58488651
58488714
58488829
58488866
58488918
58489015
58489063
58489091
58489102
58489124
58489147
58490748
58490754
58490841
58492570
58492591
58492622
58492690
56324718
58492817
58492822
58492846
58492934
58492935
58492982
58492999
58493052
58493122
58493134
58493142
58493162
58493163
58493214
58493225
58493231
58493365
58493372
58493374
58493399
58493402
58493420
58492559
58492530
58492505
58492490
58490906
58401223
58491202
58491333
56107106
58433034
57450291
57443572
57450352
56107175
58491471
57450389
58491562
57684451
57443557
58491588
58491665
58491672
58491684
58491908
58492001
58492107
58492138
58492163
58492281
58492404
58492412
58492473
58491583
58473333
58473246
58473240
58452395
58452400
58452427
58452474
58275329
58452600
58452732
58452750
58452822
58452926
58452955
58391065
58453028
58453042
58453175
58453433
58453530
58453534
58453558
58453613
58453632
58453743
58453776
58453835
58453886
58453948
58453995
58452385
58454001
58452328
58452125
58450903
58450904
58243072
58450990
58451033
58451087
58451094
58451131
58451188
58451192
58451211
58451285
58451332
58451371
58451468
58451484
58361726
58451729
58451770
58451779
58451859
58451922
58451939
58451969
58452044
58452111
58452118
58452256
58092926
58454068
58454131
58456100
58456159
58456163
58456174
58456336
58456343
58456433
58456517
58456750
58456756
58457147
58457162
58457284
58457338
58457420
58457492
58457805
58457824
58457955
58458037
58458113
58458160
58458268
58458279
58458317
58458362
58458409
58456088
58456044
57003904
58365751
58454135
58454219
58454330
58454383
58454398
58454399
58454511
55941788
58454681
58454675
58454763
58454774
57804503
58450803
58454853
58254994
58455040
58455100
58455116
58455142
58455215
58455261
58455267
58455309
58455310
58455521
58455540
58455726
58454881
58458422
58172120
58450578
58444930
58444953
58444989
58445046
58445159
58445180
57839574
58445258
58445309
58445387
58445418
58445449
58445455
58445636
58445638
58445698
58445700
58445706
58445724
58445777
58350098
58445943
58445979
58446065
58446167
58446245
58446292
58444908
58446371
58444805
58444755
58443308
58443361
58443617
58443691
58443846
58443865
58443916
58443931
58444124
58444160
58444197
58444253
58444257
58444281
58444282
58444296
58444361
58444380
58444400
58444404
58444484
58444488
58444537
58444599
58444624
58444630
58444665
58444802
58446472
58446597
58446809
58448854
58449075
58449130
58449186
58449193
58449206
58449287
58449339
58449364
58449377
58449436
58449457
58449511
58449563
58449678
58449717
58449768
58449816
58449833
58449961
58450060
58360618
58450230
58450321
58450356
58450358
58450408
58448660
58448582
58448578
58448538
58446889
58446899
58446921
58446980
58447032
58260302
58447360
58137635
58447564
58447610
58447625
58447642
58447665
58450764
58447745
58386028
58447865
58247962
58447884
58447906
58447919
58448031
58448149
58448188
58448277
58448348
58448399
58391582
58447755
58384725
58458487
58458585
58468105
58468190
58468224
58468246
58468249
58468256
58418477
58468324
58468326
58468419
58468439
58468705
58468753
58468923
58468995
58469041
58469184
58469197
58469300
58469383
58469395
58469615
58469639
58469662
58469707
58469712
58469748
58468050
58469789
58467935
58467757
58465777
58465833
58466134
58466146
58466319
58466340
58265275
58466354
57655402
58466454
58466463
58264813
58466498
58466579
58466869
58466871
58466986
58466998
58422647
58422616
58467128
58467207
58467233
58467264
58467304
58467307
58467377
58467880
58469823
58469841
58275164
58471858
58471934
58049952
58471973
57123238
58472025
58472131
58472149
58472205
58472229
58242894
58472267
58193557
58472395
58472441
58382056
58472506
58472571
58472713
58428699
58472824
58472846
58472885
58472946
58279311
58473118
58473201
58471841
58471833
58471701
58471677
58469891
58469896
58470038
58470058
56465567
58470116
58470321
58470344
58470376
58470422
58470577
58470636
58470642
58465642
58470651
58470775
58470932
58470968
58471099
58471113
58471159
58471168
58471390
58471516
58471522
58471558
58471588
58272735
58470686
58412911
58465554
58465532
58460824
58460899
58460902
58460917
58460924
58461051
58461071
58461159
58461194
58461204
58461351
58461467
58227151
58461485
58265178
58461622
58461623
58461702
58461847
57544966
58316891
58461923
58461964
58316879
58462029
57597003
57614766
58460640
58462122
58460583
58460465
58458587
58458841
58458857
58360339
58458904
58458922
58459144
58459183
58459193
58459214
58266256
58459236
58459544
58459611
58459628
57653631
58459805
58460015
58460036
58460103
58460111
58460128
58460309
58460343
58460372
58460425
58460452
58460553
58462208
58462229
58462334
58463652
58370155
58463704
58105711
58463798
58463845
58464010
58464118
58464138
58464174
58464193
58464218
58268440
58464284
58464425
58464468
58464511
58464624
58464744
58464854
58464863
58464930
58465155
58465220
58465343
58465353
58465416
58463636
58463620
58463589
58463541
58462375
58462381
58462391
58462417
58462453
58462593
58462604
58462615
58462623
58462627
58462652
58462721
58462809
58269876
58462847
58462949
58462958
58463087
58463182
58463205
58463247
58463374
58463394
58463424
58463426
58463452
58463453
58463479
58266777
660437
