listing_id,url,source,date_posted,date_scraped,title_raw,brand,model,trim,year,mileage_km,fuel_type,transmission,fiscal_power_cv,customs_status,condition,owners_count,doors_count,seller_type,seller_phone,seller_phone_hash,city,region,price_mad,photos_count,description_raw
6130540,https://www.marocannonces.com/categorie/314/Voitures-occasion/annonce/6130540/Mercedes-class-E-presque-neuve.html,marocannonces,2026-10-02,2026-10-02 02:33:36,Mercedes class E presque neuve,Mercedes-Benz,Classe E,,2012.0,52000.0,Diesel,,08-10 chevaux,,Neuf,,,Particulier,,,Tanger,Tanger-Tétouan-Al Hoceïma,360000.0,1.0,360 000 DH Mercedes class E presque neuve Tanger Vue: 13 Annonce N°: 6130540 Marque: Mercedes-Benz Modèle: Classe E Année : 2012 Kilométrage : 52000 Carburant  : Diesel Puissance : 08-10 chevaux Ville : Tanger Detail de l'annonce : Je met en vente une mercedes class E modèle 2012 52000 km en très bon état. Occasion à ne pas manquée. . . . . . . . . . . . Annonceur : Lotfi Répondre l'annonceur Imprimer Signaler cette annonce Envoyer à un ami Partager sur Facebook Twitter LinkedIn Retour à la page précédente
6130524,https://www.marocannonces.com/categorie/314/Voitures-occasion/annonce/6130524/BMW-X3-Diesel-2009.html,marocannonces,2026-10-02,2026-10-02 02:33:37,BMW X3 Diesel -2009,BMW,X3,,2009.0,100.0,Diesel,,,,Neuf,,,Particulier,,,Rabat,Rabat-Salé-Kénitra,235000.0,8.0,"235 000 DH BMW X3 Diesel -2009 Rabat Vue: 79 Annonce N°: 6130524 Marque: BMW Modèle: X3 Année : 2009 Kilométrage : 100.000Km Carburant  : Diesel Ville : Rabat Detail de l'annonce : A vendre à Rabat BMW X3.xDrive 3.0D : A vendre à Rabat BMW X3.xDrive 3.0D : - Boite mécanique ,Bois Noble,Sellerie Cuir,Marche pieds... - 4Pneus et Batterie neufs(BMW) -Visite Technique effectuée (Nov2015) -Entretien (Voir Factures) -Vignette 2016 Payée . . . . . . . . . . . Annonceur : Abdesalam Répondre l'annonceur Imprimer Signaler cette annonce Envoyer à un ami Partager sur Facebook Twitter LinkedIn Retour à la page précédente"
7588457,https://www.marocannonces.com/categorie/314/Voitures-occasion/annonce/7588457/Ford-C-max.html,marocannonces,2026-10-02,2026-10-02 02:33:38,Ford C max,Ford,FOCUS C-MAX,,2009.0,133000.0,Diesel,Automatique,05-07 chevaux,,Occasion,,,Particulier,,,Casablanca,Casablanca-Settat,99000.0,6.0,99 000 DH Ford C max Casablanca Vue: 41 Annonce N°: 7588457 Marque: Ford Modèle: FOCUS C-MAX Année : 2009 Kilométrage : 133000 Carburant  : Diesel Puissance : 05-07 chevaux Ville : Casablanca Detail de l'annonce : Je mets en vente ma voiture ford CMax ghia modele 08/2009 . 1ere main conduite par medecin femme bien entretenue révision régulière à la maison ford. trés bon état et aucune réparation à prévoir. Toutes options Clim automatique ABS limitateur de vitesse essuie glace automatique et détecteur de pluie les 4vitres életriques allumage des feux automatique salon en velour et bois commandes au volant les 4roues changées récement.... Annonceur : Fatima Répondre l'annonceur Imprimer Signaler cette annonce Envoyer à un ami Partager sur Facebook Twitter LinkedIn Retour à la page précédente
7588372,https://www.marocannonces.com/categorie/314/Voitures-occasion/annonce/7588372/Ford-fiesta.html,marocannonces,2026-10-02,2026-10-02 02:33:39,Ford fiesta,Ford,Fiesta,,2012.0,140000.0,Essence,,05-07 chevaux,,Occasion,,,Particulier,,,El jadida,Casablanca-Settat,84000.0,6.0,"84 000 DH Ford fiesta El jadida Vue: 65 Annonce N°: 7588372 Marque: Ford Modèle: Fiesta Année : 2012 Kilométrage : 140000 Carburant  : Essence Puissance : 05-07 chevaux Ville : El jadida Detail de l'annonce : Je met en vente ford fiesta faible consommation zvec clim,abs... Pour plus d'information veuillez m'appeler merci Annonceur : Amal Répondre l'annonceur Imprimer Signaler cette annonce Envoyer à un ami Partager sur Facebook Twitter LinkedIn Retour à la page précédente"
5178047,https://www.marocannonces.com/categorie/314/Voitures-occasion/annonce/5178047/Golf-6-modele-2011.html,marocannonces,2026-10-02,2026-10-02 02:33:40,Golf 6 modele 2011,Volkswagen,Golf,,2011.0,102080.0,Diesel,,08-10 chevaux,,Occasion,,,Particulier,,,Casablanca,Casablanca-Settat,,4.0,"Prix : N/A Golf 6 modele 2011 Casablanca Vue: 14 Annonce N°: 5178047 Marque: Volkswagen Modèle: Golf Année : 2011 Kilométrage : 102080 Carburant  : Diesel Puissance : 08-10 chevaux Ville : Casablanca Detail de l'annonce : VW Golf 6 Mod 2011 - Diesel 2.0 140Cv B.V  Full Option :Siege  Chauffant Navigation, Ar led,, Regulateur Vitesse, Radar Recul Av-Ar  . . . . . . . . . . . . . . Annonceur : .... Répondre l'annonceur Imprimer Signaler cette annonce Envoyer à un ami Partager sur Facebook Twitter LinkedIn Retour à la page précédente"
7587606,https://www.marocannonces.com/categorie/314/Voitures-occasion/annonce/7587606/Ford-focus-berline-version-sport.html,marocannonces,2026-10-02,2026-10-02 02:33:41,Ford focus berline version sport,Ford,Focus,,2015.0,58000.0,Diesel,,08-10 chevaux,,Occasion,,,Particulier,,,Rabat,Rabat-Salé-Kénitra,173000.0,6.0,173 000 DH Ford focus berline version sport Rabat Vue: 39 Annonce N°: 7587606 Marque: Ford Modèle: Focus Année : 2015 Kilométrage : 58000 Carburant  : Diesel Puissance : 08-10 chevaux Ville : Rabat Detail de l'annonce : Ford focus berline version sport modèle 2015 58000 Km toues options Annonceur : Mouad Tijani Répondre l'annonceur Imprimer Signaler cette annonce Envoyer à un ami Partager sur Facebook Twitter LinkedIn Retour à la page précédente
7587990,https://www.marocannonces.com/categorie/314/Voitures-occasion/annonce/7587990/Hyundai-accent-diesel.html,marocannonces,2026-10-02,2026-10-02 02:33:41,Hyundai accent diesel,Hyundai,Accent,,2008.0,160000.0,Diesel,,05-07 chevaux,,Occasion,,,Particulier,,,Fès,Fès-Meknès,68000.0,5.0,68 000 DH Hyundai accent diesel Fès Vue: 77 Annonce N°: 7587990 Marque: Hyundai Modèle: Accent Année : 2008 Kilométrage : 160000 Carburant  : Diesel Puissance : 05-07 chevaux Ville : Fès Detail de l'annonce : Je mets ma voiture diesel en tres bon état. Annonceur : Aziz Répondre l'annonceur Imprimer Signaler cette annonce Envoyer à un ami Partager sur Facebook Twitter LinkedIn Retour à la page précédente
7587975,https://www.marocannonces.com/categorie/314/Voitures-occasion/annonce/7587975/DACIA-DOCKER-2014.html,marocannonces,2026-10-02,2026-10-02 02:33:42,DACIA DOCKER 2014,Dacia,Dokker,,2014.0,100000.0,Diesel,,05-07 chevaux,,Occasion,,,Particulier,,,Marrakech,Marrakech-Safi,90000.0,4.0,90 000 DH DACIA DOCKER 2014 Marrakech Vue: 118 Annonce N°: 7587975 Marque: Dacia Modèle: Dokker Année : 2014 Kilométrage : 100000 Carburant  : Diesel Puissance : 05-07 chevaux Ville : Marrakech Detail de l'annonce : je mets en vente ma voiture DACIA DOCKER 2014 CLIMATISE AVEC 6 PORTES Annonceur : JAMAL Répondre l'annonceur Imprimer Signaler cette annonce Envoyer à un ami Partager sur Facebook Twitter LinkedIn Retour à la page précédente
7587957,https://www.marocannonces.com/categorie/314/Voitures-occasion/annonce/7587957/Citroen-c-4.html,marocannonces,2026-10-02,2026-10-02 02:33:43,Citroen c 4,Citroën,C4,,2007.0,180000.0,Diesel,,,,Occasion,,,Particulier,,,Casablanca,Casablanca-Settat,69000.0,3.0,69 000 DH Citroen c 4 Casablanca Vue: 41 Annonce N°: 7587957 Marque: Citroen Modèle: C4 Année : 2007 Kilométrage : 180 000 Carburant  : Diesel Ville : Casablanca Detail de l'annonce : Citroën C4 a vendre 69000 6 chv jamais accidenté tt option Annonceur : HAMZA Répondre l'annonceur Imprimer Signaler cette annonce Envoyer à un ami Partager sur Facebook Twitter LinkedIn Retour à la page précédente
7587804,https://www.marocannonces.com/categorie/314/Voitures-occasion/annonce/7587804/Skoda-rapid-16-TDI-full-option.html,marocannonces,2026-10-02,2026-10-02 02:33:44,Skoda rapid 1.6 TDI full option,Skoda,RAPID,,2015.0,50000.0,Diesel,,05-07 chevaux,WW au Maroc,Occasion,,,Particulier,,,Rabat,Rabat-Salé-Kénitra,142000.0,4.0,"142 000 DH Skoda rapid 1.6 TDI full option Rabat Vue: 52 Annonce N°: 7587804 Marque: Skoda Modèle: RAPID Année : 2015 Kilométrage : 50000 Carburant  : Diesel Puissance : 05-07 chevaux Ville : Rabat Detail de l'annonce : Skoda rapid full option ww maroc, moteur 1.6 tdi puissant 110ch et conso faible. voiture en excellent état coté moteur et carrosserie. à voir vignette 700 dh jante alu 16, bluetooth, intérieur tissu noir élégance.. l3amra véhicule jamais accidentée. Pas d'intermediaire. envoie sms avant d'appeler. Annonceur : AMINE Répondre l'annonceur Imprimer Signaler cette annonce Envoyer à un ami Partager sur Facebook Twitter LinkedIn Retour à la page précédente"
7587700,https://www.marocannonces.com/categorie/314/Voitures-occasion/annonce/7587700/Volkswagen-Passat.html,marocannonces,2026-10-02,2026-10-02 02:33:45,Volkswagen Passat,Volkswagen,Passat,,2013.0,136000.0,Diesel,Automatique,08-10 chevaux,,Occasion,,,Particulier,,,Casablanca,Casablanca-Settat,145000.0,6.0,"145 000 DH Volkswagen Passat Casablanca Vue: 34 Annonce N°: 7587700 Marque: Volkswagen Modèle: Passat Année : 2013 Kilométrage : 136000 Carburant  : Diesel Puissance : 08-10 chevaux Ville : Casablanca Detail de l'annonce : Volkswagen Passat 2.0 TDi en excellent état ! Modèle 2013 Kilométrage 136 000 Km Options : Clim Automatique, 4 Vitres électriques, Jante Aluminium, Régulateur de vitesse, Phares Antibrouillard.. Annonceur : hicham Répondre l'annonceur Imprimer Signaler cette annonce Envoyer à un ami Partager sur Facebook Twitter LinkedIn Retour à la page précédente"
7587420,https://www.marocannonces.com/categorie/314/Voitures-occasion/annonce/7587420/Fiat-Albea-Essence-2009.html,marocannonces,2026-10-02,2026-10-02 02:33:46,Fiat Albea Essence 2009,Fiat,Albea,,2009.0,140000.0,Essence,,08-10 chevaux,,Occasion,,,Particulier,,,Casablanca,Casablanca-Settat,42000.0,6.0,"42 000 DH Fiat Albea Essence 2009 Casablanca Vue: 63 Annonce N°: 7587420 Marque: Fiat Modèle: Albea Année : 2009 Kilométrage : 140 000 Carburant  : Essence Puissance : 08-10 chevaux Ville : Casablanca Detail de l'annonce : Bonjour, je mets en vente ma voiture Fiat Albea Essence modèle 20/07/2009 en très bonne état général...outes options : clim, air bag, vitres électriques..Moteur 1.2l faible consommation Annonceur : rachid atmai Répondre l'annonceur Imprimer Signaler cette annonce Envoyer à un ami Partager sur Facebook Twitter LinkedIn Retour à la page précédente"
7587415,https://www.marocannonces.com/categorie/314/Voitures-occasion/annonce/7587415/Peugeot-504-à-vendre.html,marocannonces,2026-10-02,2026-10-02 02:33:47,Peugeot 504 à vendre,Peugeot,504,,1982.0,,Diesel,,08-10 chevaux,,Occasion,,,Particulier,,,Marrakech,Marrakech-Safi,22000.0,3.0,22 000 DH Peugeot 504 à vendre Marrakech Vue: 129 Annonce N°: 7587415 Marque: Peugeot Modèle: 504 Année : 1982 Carburant  : Diesel Puissance : 08-10 chevaux Ville : Marrakech Detail de l'annonce : Peugeot 504 à vendre bonne état et bon prix Annonceur : Boubker Répondre l'annonceur Imprimer Signaler cette annonce Envoyer à un ami Partager sur Facebook Twitter LinkedIn Retour à la page précédente
7587103,https://www.marocannonces.com/categorie/314/Voitures-occasion/annonce/7587103/Toyota-Corolla.html,marocannonces,2026-10-02,2026-10-02 02:33:48,Toyota Corolla,Toyota,Corolla,,2005.0,300000.0,Diesel,,08-10 chevaux,,Occasion,,,Particulier,,,Taroudant,Souss-Massa,65000.0,7.0,"65 000 DH Toyota Corolla Taroudant Vue: 36 Annonce N°: 7587103 Marque: Toyota Modèle: Corolla Année : 2005 Kilométrage : 300000 Carburant  : Diesel Puissance : 08-10 chevaux Ville : Taroudant Detail de l'annonce : Je met en vente ma voiture Toyota corolla diesel , Voiture économique en excellent état Annonceur : Lhabib Répondre l'annonceur Imprimer Signaler cette annonce Envoyer à un ami Partager sur Facebook Twitter LinkedIn Retour à la page précédente"
7586720,https://www.marocannonces.com/categorie/314/Voitures-occasion/annonce/7586720/Super-5.html,marocannonces,2026-10-02,2026-10-02 02:33:49,Super 5,Renault,Super 5,,1989.0,,Diesel,,05-07 chevaux,,Neuf,,,Particulier,,,Mohammedia,Casablanca-Settat,23000.0,3.0,"23 000 DH Super 5 Mohammedia Vue: 66 Annonce N°: 7586720 Marque: Renault Modèle: Super 5 Année : 1989 Carburant  : Diesel Puissance : 05-07 chevaux Ville : Mohammedia Detail de l'annonce : Bonjour je mets en vente ma voiture renault super 5 avec un moteur neuff,merci de me contacter Annonceur : Bouchaib Répondre l'annonceur Imprimer Signaler cette annonce Envoyer à un ami Partager sur Facebook Twitter LinkedIn Retour à la page précédente"
7586567,https://www.marocannonces.com/categorie/314/Voitures-occasion/annonce/7586567/Peugeot-307-SW.html,marocannonces,2026-10-02,2026-10-02 02:33:49,Peugeot 307 SW,Peugeot,307,,2003.0,174000.0,Diesel,,08-10 chevaux,,Occasion,,,Particulier,,,Casablanca,Casablanca-Settat,55000.0,1.0,"55 000 DH Peugeot 307 SW Casablanca Vue: 103 Annonce N°: 7586567 Marque: Peugeot Modèle: 307 Année : 2003 Kilométrage : 174000 Carburant  : Diesel Puissance : 08-10 chevaux Ville : Casablanca Detail de l'annonce : Particulier vend 307 SW Diesel 8 chevaux dariba 1500dhs, moteur puissant et economoque, en bon etat (moteur, carrosserie et interieur) kilometrage reel 174000km, vitres et retro electrique, jantes alu, clim digital, boite a gant climatisé, toit panoramique. intermediaire s'abstenir svp. NB:PRIX FIXE Annonceur : Particulier Répondre l'annonceur Imprimer Signaler cette annonce Envoyer à un ami Partager sur Facebook Twitter LinkedIn Retour à la page précédente"
7586463,https://www.marocannonces.com/categorie/314/Voitures-occasion/annonce/7586463/Skoda-très-bonne-état.html,marocannonces,2026-10-02,2026-10-02 02:33:50,Skoda très bonne état,Skoda,Superb,,2012.0,130000.0,Diesel,Automatique,08-10 chevaux,,Occasion,1,,Particulier,,,Marrakech,Marrakech-Safi,140000.0,5.0,140 000 DH Skoda très bonne état Marrakech Vue: 43 Annonce N°: 7586463 Marque: Skoda Modèle: Superb Année : 2012 Kilométrage : 130 000km Carburant  : Diesel Puissance : 08-10 chevaux Ville : Marrakech Detail de l'annonce : Skoda superb automatique premiere main bien entretenue avec 2 cles   toutes options  chevaux 8 Pour plus d'informations  contactez  moi Annonceur : Mohamed Répondre l'annonceur Imprimer Signaler cette annonce Envoyer à un ami Partager sur Facebook Twitter LinkedIn Retour à la page précédente
7586438,https://www.marocannonces.com/categorie/314/Voitures-occasion/annonce/7586438/Hyundai-i30.html,marocannonces,2026-10-02,2026-10-02 02:33:51,Hyundai i30,Hyundai,I30,,2014.0,144000.0,Diesel,Automatique,05-07 chevaux,,Occasion,,,Particulier,,,Tanger,Tanger-Tétouan-Al Hoceïma,137000.0,5.0,137 000 DH Hyundai i30 Tanger Vue: 60 Annonce N°: 7586438 Marque: Hyundai Modèle: I30 Année : 2014 Kilométrage : 144000 Carburant  : Diesel Puissance : 05-07 chevaux Ville : Tanger Detail de l'annonce : Je met en vente une hyundai i30 de 2014 en tres bonne etat boite auto toute options bien entretenue Annonceur : Amine Répondre l'annonceur Imprimer Signaler cette annonce Envoyer à un ami Partager sur Facebook Twitter LinkedIn Retour à la page précédente
7586436,https://www.marocannonces.com/categorie/314/Voitures-occasion/annonce/7586436/c4-bon-état-a-vendre.html,marocannonces,2026-10-02,2026-10-02 02:33:52,c4 bon état a vendre,Citroën,C4,,2012.0,190000.0,Diesel,,05-07 chevaux,,Occasion,,,Particulier,,,Marrakech,Marrakech-Safi,97000.0,3.0,97 000 DH c4 bon état a vendre Marrakech Vue: 31 Annonce N°: 7586436 Marque: Citroen Modèle: C4 Année : 2012 Kilométrage : 190000 Carburant  : Diesel Puissance : 05-07 chevaux Ville : Marrakech Detail de l'annonce : Voiture à vendre Citroën C4 modèle 2012 en très bon état Pour toutes informations merci de me contacter sur mon numéro Annonceur : ismail ismail Répondre l'annonceur Imprimer Signaler cette annonce Envoyer à un ami Partager sur Facebook Twitter LinkedIn Retour à la page précédente
7586405,https://www.marocannonces.com/categorie/314/Voitures-occasion/annonce/7586405/Chevrolet-aveo.html,marocannonces,2026-10-02,2026-10-02 02:33:53,Chevrolet aveo,Chevrolet,Aveo,,2008.0,101000.0,Essence,,05-07 chevaux,,Occasion,,,Particulier,,,Casablanca,Casablanca-Settat,42000.0,4.0,42 000 DH Chevrolet aveo Casablanca Vue: 63 Annonce N°: 7586405 Marque: Chevrolet Modèle: Aveo Année : 2008 Kilométrage : 101000 Carburant  : Essence Puissance : 05-07 chevaux Ville : Casablanca Detail de l'annonce : Je met en vente ma chevrolet tret bon. Etat avec clim volant assister Annonceur : Abdo Répondre l'annonceur Imprimer Signaler cette annonce Envoyer à un ami Partager sur Facebook Twitter LinkedIn Retour à la page précédente
7586192,https://www.marocannonces.com/categorie/314/Voitures-occasion/annonce/7586192/Polo-a-vendre.html,marocannonces,2026-10-02,2026-10-02 02:33:54,Polo a vendre,Volkswagen,Polo,,2001.0,700000.0,Diesel,,08-10 chevaux,,Occasion,,,Particulier,,,Rabat,Rabat-Salé-Kénitra,41000.0,3.0,41 000 DH Polo a vendre Rabat Vue: 50 Annonce N°: 7586192 Marque: Volkswagen Modèle: Polo Année : 2001 Kilométrage : 700000 Carburant  : Diesel Puissance : 08-10 chevaux Ville : Rabat Detail de l'annonce : Polo en bon etat 2eme main Annonceur : Mustafa Répondre l'annonceur Imprimer Signaler cette annonce Envoyer à un ami Partager sur Facebook Twitter LinkedIn Retour à la page précédente
7586189,https://www.marocannonces.com/categorie/314/Voitures-occasion/annonce/7586189/Golf-5.html,marocannonces,2026-10-02,2026-10-02 02:33:55,Golf 5,Audi,A5,,2014.0,20000.0,Diesel,,08-10 chevaux,,Occasion,,,Particulier,,,Agadir,Souss-Massa,,2.0,Prix : N/A Golf 5 Agadir Vue: 25 Annonce N°: 7586189 Marque: Audi Modèle: A5 Année : 2014 Kilométrage : 20000 Carburant  : Diesel Puissance : 08-10 chevaux Ville : Agadir Detail de l'annonce : Golf5 hmza haja n9iya mrhba Annonceur : Yassime Répondre l'annonceur Imprimer Signaler cette annonce Envoyer à un ami Partager sur Facebook Twitter LinkedIn Retour à la page précédente
7586126,https://www.marocannonces.com/categorie/314/Voitures-occasion/annonce/7586126/Luxueux-a-vendre.html,marocannonces,2026-10-02,2026-10-02 02:33:56,Luxueux  a vendre,Chrysler,Sebring,,2005.0,165000.0,Essence,Automatique,11-13 chevaux,,Occasion,,,Particulier,,,Bouznika,,49900.0,6.0,"49 900 DH Luxueux  a vendre Bouznika Vue: 41 Annonce N°: 7586126 Marque: Chrysler Modèle: Sebring Année : 2005 Kilométrage : 165000 Carburant  : Essence Puissance : 11-13 chevaux Ville : Bouznika Detail de l'annonce : MÉCANIQUE EXCELLENTE TRANSMISSION AUTOMATIQUE VÉHICULE MIS EN CIRCULATION AU MAROC EN 2005 BELLE CARROSSERIE , TOUT ÉQUIPÉ TOUT ÉLECTRIQUE MOTEUR DOHC 4 CYL , 2.4 LITRES . FAIT 7.5 KM / LITRE prix légèrement négociable , merci Annonceur : marwan Répondre l'annonceur Imprimer Signaler cette annonce Envoyer à un ami Partager sur Facebook Twitter LinkedIn Retour à la page précédente"
7586077,https://www.marocannonces.com/categorie/314/Voitures-occasion/annonce/7586077/Fiat-uno.html,marocannonces,2026-10-02,2026-10-02 02:33:57,Fiat uno,Fiat,Uno,,1995.0,,Diesel,,05-07 chevaux,,Occasion,,,Particulier,,,Fès,Fès-Meknès,26000.0,2.0,26 000 DH Fiat uno Fès Vue: 61 Annonce N°: 7586077 Marque: Fiat Modèle: Uno Année : 1995 Carburant  : Diesel Puissance : 05-07 chevaux Ville : Fès Detail de l'annonce : سيارى اونو في حالة جيذة جدا وبثمن مناسب Annonceur : Abdelaziz Répondre l'annonceur Imprimer Signaler cette annonce Envoyer à un ami Partager sur Facebook Twitter LinkedIn Retour à la page précédente
7586066,https://www.marocannonces.com/categorie/314/Voitures-occasion/annonce/7586066/Peugeot-307.html,marocannonces,2026-10-02,2026-10-02 02:33:58,Peugeot 307,Peugeot,307,,2008.0,200000.0,Diesel,,05-07 chevaux,,Occasion,,,Particulier,,,Taza,Fès-Meknès,80000.0,5.0,80 000 DH Peugeot 307 Taza Vue: 63 Annonce N°: 7586066 Marque: Peugeot Modèle: 307 Année : 2008 Kilométrage : 200000 Carburant  : Diesel Puissance : 05-07 chevaux Ville : Taza Detail de l'annonce : Peugeot 307.modele 10/2007 7 cheveaux 700.dh vignet et 2800 dh assurance annuelle tres propres toutes options climat centralisé Annonceur : Utilisateur Répondre l'annonceur Imprimer Signaler cette annonce Envoyer à un ami Partager sur Facebook Twitter LinkedIn Retour à la page précédente
7586044,https://www.marocannonces.com/categorie/314/Voitures-occasion/annonce/7586044/Voiture-luxueux.html,marocannonces,2026-10-02,2026-10-02 02:33:59,Voiture luxueux,Chrysler,Sebring,,2005.0,160000.0,Essence,Automatique,11-13 chevaux,,Occasion,,,Particulier,,,Bouznika,,49900.0,6.0,"49 900 DH Voiture luxueux Bouznika Vue: 48 Annonce N°: 7586044 Marque: Chrysler Modèle: Sebring Année : 2005 Kilométrage : 160000 Carburant  : Essence Puissance : 11-13 chevaux Ville : Bouznika Detail de l'annonce : EXCELLENTE MÉCANIQUE BELLE CARROSSERIE TRANSMISSION AUTOMATIQUE & TOUT ÉQUIPÉ VITRES TEINTÉES & TOUT ÉLECTRIQUE MOTEUR DOHC 4 CYL , 2.4 LITRES . FAIT 7.5 KM / LITRE prix légèrement négociable , merci . Annonceur : marwan Répondre l'annonceur Imprimer Signaler cette annonce Envoyer à un ami Partager sur Facebook Twitter LinkedIn Retour à la page précédente"
7586040,https://www.marocannonces.com/categorie/314/Voitures-occasion/annonce/7586040/Polo-diesel.html,marocannonces,2026-10-02,2026-10-02 02:33:59,Polo diesel,Volkswagen,Polo,,2002.0,250000.0,Diesel,,08-10 chevaux,,Occasion,,,Particulier,,,Casablanca,Casablanca-Settat,52000.0,5.0,52 000 DH Polo diesel Casablanca Vue: 123 Annonce N°: 7586040 Marque: Volkswagen Modèle: Polo Année : 2002 Kilométrage : 250000 Carburant  : Diesel Puissance : 08-10 chevaux Ville : Casablanca Detail de l'annonce : Je pets en vente pa voiture polo diesel 8 cv avec clim en parfait etat Annonceur : Hamada Répondre l'annonceur Imprimer Signaler cette annonce Envoyer à un ami Partager sur Facebook Twitter LinkedIn Retour à la page précédente
7585839,https://www.marocannonces.com/categorie/314/Voitures-occasion/annonce/7585839/Golf-5-diwana-2L.html,marocannonces,2026-10-02,2026-10-02 02:34:00,Golf 5 diwana 2L,Volkswagen,Golf,,2007.0,150000.0,Diesel,Automatique,05-07 chevaux,,Occasion,,,Particulier,,,Salé,Rabat-Salé-Kénitra,90000.0,6.0,"90 000 DH Golf 5 diwana 2L Salé Vue: 37 Annonce N°: 7585839 Marque: Volkswagen Modèle: Golf Année : 2007 Kilométrage : 150000 Carburant  : Diesel Puissance : 05-07 chevaux Ville : Salé Detail de l'annonce : Je mets en vente ma golf 5 2007 diwana 2007 2l automatique tt options ,Pr plus d’info veuillez me contacter Annonceur : Particulier Répondre l'annonceur Imprimer Signaler cette annonce Envoyer à un ami Partager sur Facebook Twitter LinkedIn Retour à la page précédente"
7567821,https://www.marocannonces.com/categorie/314/Voitures-occasion/annonce/7567821/R4-a-vendre-modèle-1982.html,marocannonces,2026-10-02,2026-10-02 02:34:01,R4 a vendre modèle 1982,Renault,R4,,1982.0,,,,,,Occasion,,,Particulier,0660035491,4ccf959dd3af358ed4b3cbc0d79fa56d71f0b54fd5825968b30d9d2d4d9ec59d,Tanger,Tanger-Tétouan-Al Hoceïma,15000.0,8.0,"15 000 DH R4 a vendre modèle 1982 Tanger Vue: 123 Annonce N°: 7567821 Marque: Renault Modèle: R4 Detail de l'annonce : JE met en vente  une belle voiture R4 modèle 1982. Pour les amoureux de la mythique  très bon état général .voiture pour loisir seulement .prix 15000 dh prix pas  négociable,MON NUMERO 0660035491 Annonceur : MOHAMMED Répondre l'annonceur Imprimer Signaler cette annonce Envoyer à un ami Partager sur Facebook Twitter LinkedIn Retour à la page précédente"
7585654,https://www.marocannonces.com/categorie/314/Voitures-occasion/annonce/7585654/Fiat-Grande-Punto.html,marocannonces,2026-10-02,2026-10-02 02:34:02,Fiat Grande Punto,Fiat,Punto,,2013.0,130000.0,Diesel,,05-07 chevaux,,Neuf,,,Particulier,0632573048,59b6d3a000e1545c6d2d23d0a9a544ca52d1f2cdcfca74d275306ff47610ae08,Casablanca,Casablanca-Settat,70000.0,8.0,"70 000 DH Fiat Grande Punto Casablanca Vue: 90 Annonce N°: 7585654 Marque: Fiat Modèle: Punto Année : 2013 Kilométrage : 130000 Carburant  : Diesel Puissance : 05-07 chevaux Ville : Casablanca Detail de l'annonce : Bonjour : fiat grand punto Modèl 2013, diesel, direction Assistée, vitré électrique,clime, pneus neufs,bref très bonne état , si vous êtes intéressé par cette offre veuillez me contacter au :Faycal 06 32 57 30 48 SVP pas de SAMSARA Annonceur : Faycal Kabili Répondre l'annonceur Imprimer Signaler cette annonce Envoyer à un ami Partager sur Facebook Twitter LinkedIn Retour à la page précédente"
7585636,https://www.marocannonces.com/categorie/314/Voitures-occasion/annonce/7585636/Dacia-logan-diesel.html,marocannonces,2026-10-02,2026-10-02 02:34:03,Dacia logan diesel,Dacia,Logan,,2007.0,184000.0,Diesel,,05-07 chevaux,,Occasion,,,Particulier,,,Casablanca,Casablanca-Settat,58000.0,7.0,"58 000 DH Dacia logan diesel Casablanca Vue: 72 Annonce N°: 7585636 Marque: Dacia Modèle: Logan Année : 2007 Kilométrage : 184000 Carburant  : Diesel Puissance : 05-07 chevaux Ville : Casablanca Detail de l'annonce : je met en vente mon véhicule dacia logan diesel Mod 10/2007, toute options, jamais accidenté, aucune réparation à prévoir... Annonceur : IDRISS Répondre l'annonceur Imprimer Signaler cette annonce Envoyer à un ami Partager sur Facebook Twitter LinkedIn Retour à la page précédente"
7585492,"https://www.marocannonces.com/categorie/314/Voitures-occasion/annonce/7585492/Renault,-Megane-coupe-2013.html",marocannonces,2026-10-02,2026-10-02 02:34:04,"Renault, Megane coupe - 2013 -",Renault,Megane,,2013.0,190000.0,Diesel,Manuelle,05-07 chevaux,,Occasion,,,Particulier,0665183180,3107f9cbc991ed429a74a9166cd0baf0792a1a328d24e8a859c15c299029a1a6,Casablanca,Casablanca-Settat,119000.0,8.0,"119 000 DH Renault, Megane coupe - 2013 - Casablanca Vue: 50 Annonce N°: 7585492 Marque: Renault Modèle: Megane Année : 2013 Kilométrage : 190000 Carburant  : Diesel Puissance : 05-07 chevaux Ville : Casablanca Detail de l'annonce : une magnifique Megane 1ér main bien entretenu, avec une faible consommation de carburant ( Diesel ), boite Manuel, mise en service en septembre 2013 jamais accidenté. Si vous êtes intéressé par cette offre veuillez me contacter au : 0665183180 ( youssef ) Annonceur : youssef Répondre l'annonceur Imprimer Signaler cette annonce Envoyer à un ami Partager sur Facebook Twitter LinkedIn Retour à la page précédente"
7585433,https://www.marocannonces.com/categorie/314/Voitures-occasion/annonce/7585433/Volkswagen-GOLF-6-Pack-GTD.html,marocannonces,2026-10-02,2026-10-02 02:34:05,Volkswagen GOLF 6 Pack GTD,Volkswagen,Golf,,2011.0,,Diesel,Manuelle,,Dédouanée,Occasion,,,Particulier,,,Casablanca,Casablanca-Settat,155000.0,5.0,"155 000 DH Volkswagen GOLF 6 Pack GTD Casablanca Vue: 114 Annonce N°: 7585433 Marque: Volkswagen Modèle: Golf Année : 2011 Carburant  : Diesel Ville : Casablanca Detail de l'annonce : je mets en vente ma GOLF 6 Diesel Pack GTD, Modèle fin 2010, dédouanée en mars 2014, 2.0L, 170 CV, boîte à vitesses manuelle, full options, volant multifonctions, climat digital bi-zone, radar de recule Av et Ar, écran original tactile, régulateur de vitesse, siège chauffants, phare av led xenon et bi-xenon, jantes aluminiums 18"", sièges cuir daim, bluetooth, radar contrôle distance de sécurité, 3 modes de conduite, jamais accidenté . Pour plus d’infos contactez moi. Annonceur : Kamal Répondre l'annonceur Imprimer Signaler cette annonce Envoyer à un ami Partager sur Facebook Twitter LinkedIn Retour à la page précédente"
7585404,https://www.marocannonces.com/categorie/314/Voitures-occasion/annonce/7585404/Volkswagen-EOS.html,marocannonces,2026-10-02,2026-10-02 02:34:06,Volkswagen  EOS,Volkswagen,EOS,,2008.0,103000.0,Essence,,11-13 chevaux,,Occasion,,,Particulier,,,Rabat,Rabat-Salé-Kénitra,85000.0,6.0,85 000 DH Volkswagen  EOS Rabat Vue: 103 Annonce N°: 7585404 Marque: Volkswagen Modèle: EOS Année : 2008 Kilométrage : 103000 Carburant  : Essence Puissance : 11-13 chevaux Ville : Rabat Detail de l'annonce : Je mets en vente un coupé cabriolet en parfaite état quelque retouche sinon le mécanise tout est en excellent état  le prix est légèrement négociable Annonceur : Anas Répondre l'annonceur Imprimer Signaler cette annonce Envoyer à un ami Partager sur Facebook Twitter LinkedIn Retour à la page précédente
7585263,https://www.marocannonces.com/categorie/314/Voitures-occasion/annonce/7585263/Kia-picanto-a-vendre.html,marocannonces,2026-10-02,2026-10-02 02:34:07,Kia picanto  a vendre,Kia,Picanto,,2007.0,109900.0,Essence,,05-07 chevaux,,Occasion,,,Particulier,,,El jadida,Casablanca-Settat,48000.0,8.0,48 000 DH Kia picanto  a vendre El jadida Vue: 74 Annonce N°: 7585263 Marque: Kia Modèle: Picanto Année : 2007 Kilométrage : 109900 Carburant  : Essence Puissance : 05-07 chevaux Ville : El jadida Detail de l'annonce : KIA picanto en bon etat à vendre pieces de la maison non accidenté clean ness 3maraa 2 main. Annonceur : ALAE Répondre l'annonceur Imprimer Signaler cette annonce Envoyer à un ami Partager sur Facebook Twitter LinkedIn Retour à la page précédente
7585321,https://www.marocannonces.com/categorie/314/Voitures-occasion/annonce/7585321/Peugeot-207-essence.html,marocannonces,2026-10-02,2026-10-02 02:34:08,Peugeot 207 essence,Peugeot,207,,2008.0,,Essence,,,,Occasion,,,Particulier,,,Casablanca,Casablanca-Settat,55000.0,6.0,55 000 DH Peugeot 207 essence Casablanca Vue: 74 Annonce N°: 7585321 Marque: Peugeot Modèle: 207 Année : 2008 Carburant  : Essence Ville : Casablanca Detail de l'annonce : Salam je met en vente Peugeot 207 essence toutes options avec clim si vous êtes intéressé contactez moi merci à bientôt Annonceur : Mohamad Répondre l'annonceur Imprimer Signaler cette annonce Envoyer à un ami Partager sur Facebook Twitter LinkedIn Retour à la page précédente
7585278,https://www.marocannonces.com/categorie/314/Voitures-occasion/annonce/7585278/Renault-Latitude-Hamza.html,marocannonces,2026-10-02,2026-10-02 02:34:09,Renault Latitude Hamza,Renault,Latitude,,2014.0,80000.0,Diesel,,05-07 chevaux,,Occasion,,,Particulier,,,Casablanca,Casablanca-Settat,125000.0,3.0,125 000 DH Renault Latitude Hamza Casablanca Vue: 50 Annonce N°: 7585278 Marque: Renault Modèle: Latitude Année : 2014 Kilométrage : 80 000 Carburant  : Diesel Puissance : 05-07 chevaux Ville : Casablanca Detail de l'annonce : Belle Voiture Nkia Annonceur : Aziz Répondre l'annonceur Imprimer Signaler cette annonce Envoyer à un ami Partager sur Facebook Twitter LinkedIn Retour à la page précédente
7585246,https://www.marocannonces.com/categorie/314/Voitures-occasion/annonce/7585246/kangoo-dci-2011.html,marocannonces,2026-10-02,2026-10-02 02:34:10,kangoo dci 2011,Renault,Kangoo,,2011.0,180000.0,Diesel,,05-07 chevaux,,Occasion,,,Particulier,,,Agadir,Souss-Massa,82000.0,6.0,82 000 DH kangoo dci 2011 Agadir Vue: 35 Annonce N°: 7585246 Marque: Renault Modèle: Kangoo Année : 2011 Kilométrage : 180000 Carburant  : Diesel Puissance : 05-07 chevaux Ville : Agadir Detail de l'annonce : kangoo dci ba9a n9iya entretien dima 3and la maison kolchi dorijine 4 pneuwate dunlop jdad 4 montisseur jdad les courois jdad jamais accident Annonceur : abdeltif Répondre l'annonceur Imprimer Signaler cette annonce Envoyer à un ami Partager sur Facebook Twitter LinkedIn Retour à la page précédente
7584757,https://www.marocannonces.com/categorie/314/Voitures-occasion/annonce/7584757/Mercedes-E200.html,marocannonces,2026-10-02,2026-10-02 02:34:11,Mercedes E200,Mercedes-Benz,200,,1989.0,400000.0,Diesel,,08-10 chevaux,,Occasion,,,Particulier,,,Tetouan,Tanger-Tétouan-Al Hoceïma,38000.0,2.0,"38 000 DH Mercedes E200 Tetouan Vue: 45 Annonce N°: 7584757 Marque: Mercedes-Benz Modèle: 200 Année : 1989 Kilométrage : 400000 Carburant  : Diesel Puissance : 08-10 chevaux Ville : Tetouan Detail de l'annonce : Je mets en vente une mercedes E200, économique,dédouanement 1999, 1ér main. Annonceur : Mohamed Répondre l'annonceur Imprimer Signaler cette annonce Envoyer à un ami Partager sur Facebook Twitter LinkedIn Retour à la page précédente"
7584854,https://www.marocannonces.com/categorie/314/Voitures-occasion/annonce/7584854/Golf-7-2014.html,marocannonces,2026-10-02,2026-10-02 02:34:11,Golf 7 2014,Volkswagen,Golf,,2014.0,67000.0,Diesel,Automatique,08-10 chevaux,,Occasion,,,Particulier,,,Tetouan,Tanger-Tétouan-Al Hoceïma,185000.0,7.0,185 000 DH Golf 7 2014 Tetouan Vue: 51 Annonce N°: 7584854 Marque: Volkswagen Modèle: Golf Année : 2014 Kilométrage : 67000 Carburant  : Diesel Puissance : 08-10 chevaux Ville : Tetouan Detail de l'annonce : Golf 7 toute option AUTOMATIQUE Annonceur : Ali Répondre l'annonceur Imprimer Signaler cette annonce Envoyer à un ami Partager sur Facebook Twitter LinkedIn Retour à la page précédente
7584778,https://www.marocannonces.com/categorie/314/Voitures-occasion/annonce/7584778/Fiat-albea-2011.html,marocannonces,2026-10-02,2026-10-02 02:34:13,Fiat albea 2011,Fiat,Albea,,2011.0,,Essence,,08-10 chevaux,,Occasion,,,Particulier,,,Marrakech,Marrakech-Safi,43000.0,4.0,"43 000 DH Fiat albea 2011 Marrakech Vue: 73 Annonce N°: 7584778 Marque: Fiat Modèle: Albea Année : 2011 Carburant  : Essence Puissance : 08-10 chevaux Ville : Marrakech Detail de l'annonce : Fiat albea sole essence model 2011/  tres bon etat a vendre.tout option,familiale. Annonceur : Noureddine Répondre l'annonceur Imprimer Signaler cette annonce Envoyer à un ami Partager sur Facebook Twitter LinkedIn Retour à la page précédente"
7584724,https://www.marocannonces.com/categorie/314/Voitures-occasion/annonce/7584724/Daihatsu-Sirion.html,marocannonces,2026-10-02,2026-10-02 02:34:14,Daihatsu Sirion,Daihatsu,Sirion,,2009.0,100000.0,Essence,,05-07 chevaux,,Occasion,,,Particulier,,,Casablanca,Casablanca-Settat,48000.0,6.0,48 000 DH Daihatsu Sirion Casablanca Vue: 82 Annonce N°: 7584724 Marque: Daihatsu Modèle: Sirion Année : 2009 Kilométrage : 100000 Carburant  : Essence Puissance : 05-07 chevaux Ville : Casablanca Detail de l'annonce : Daihatsu Sirion 5cv très bon état 3 cylindres. Faible consommation. Vitre électriques. Rétroviseurs électriques Annonceur : Halima Répondre l'annonceur Imprimer Signaler cette annonce Envoyer à un ami Partager sur Facebook Twitter LinkedIn Retour à la page précédente
7584697,https://www.marocannonces.com/categorie/314/Voitures-occasion/annonce/7584697/Mk2-Golf-2-Gtd.html,marocannonces,2026-10-02,2026-10-02 02:34:14,Mk2 Golf 2 Gtd,Volkswagen,Golf,,1989.0,120000.0,Diesel,,05-07 chevaux,,Occasion,,,Particulier,,,Casablanca,Casablanca-Settat,35000.0,4.0,35 000 DH Mk2 Golf 2 Gtd Casablanca Vue: 65 Annonce N°: 7584697 Marque: Volkswagen Modèle: Golf Année : 1989 Kilométrage : 120000 Carburant  : Diesel Puissance : 05-07 chevaux Ville : Casablanca Detail de l'annonce : Salam je mets en vente Ma propre voiture ..golf 2 sport en très bon état moteur golf 3 na7la jante aluminium diwana 1999 Tout sa marche très très bien et bien entretenu id wa7da ........mouhim n9iyya kolchi fiha n9i les 4 pneus aussi new moteur kolchi N9i ..... mouhim 7ta tchouf . Annonceur : mehdi mehdi Répondre l'annonceur Imprimer Signaler cette annonce Envoyer à un ami Partager sur Facebook Twitter LinkedIn Retour à la page précédente
7584629,https://www.marocannonces.com/categorie/314/Voitures-occasion/annonce/7584629/RENAULT-Mégane-3-19-dCi-130-ch-(Diesel)-2011-En.html,marocannonces,2026-10-02,2026-10-02 02:34:15,RENAULT Mégane 3 1.9 dCi 130 ch (Diesel) -2011 En,Renault,Megane,,2011.0,52000.0,Diesel,Automatique,05-07 chevaux,,Occasion,,,Particulier,,,Nador,Oriental,116000.0,8.0,116 000 DH RENAULT Mégane 3 1.9 dCi 130 ch (Diesel) -2011 En Nador Vue: 52 Annonce N°: 7584629 Marque: Renault Modèle: Megane Année : 2011 Kilométrage : 52000 Carburant  : Diesel Puissance : 05-07 chevaux Ville : Nador Detail de l'annonce : Je mets en vente ma voiture Renault Mégane dont les caractéristiques sont les suivantes RENAULT Mégane 3 1.9 dCi 130 ch modèle 2011 Diesel toutes options et très économique MODEL 12 07 2011 Mise en circulation le 12 07 2011 Moteur 1.9 dCi Diesel Puissance 130 Ch 7 chevaux fiscaux (vignette 700 Dh) 5 portes Boîte de Vitesse Manuelle 6 rapports (6 ème) Bluetooth Mains libres Radio CD MP3 Régulateur/limiteur de vitesse Climatisation automatique Vitres électriques Kilométrages (50 000 Km) Peinture de carrosserie d'origine Entretien Renault (révision chez le concessionnaire Renault) 2 cartes d'origine de démarrage (Clefs main libre Rlink avec bluetooth) Start stop Faible Consommation Réservoir 60 L Consommation urbaine 6.2 L / 100 km Consommation mixte 5.1 L / 100 km N.B La voiture est située à la ville de NADOR Reprise n'est pas souhaité Annonceur : TALBI MOHAMED Répondre l'annonceur Imprimer Signaler cette annonce Envoyer à un ami Partager sur Facebook Twitter LinkedIn Retour à la page précédente
7584619,https://www.marocannonces.com/categorie/314/Voitures-occasion/annonce/7584619/Toyota-Aventis-Diesel.html,marocannonces,2026-10-02,2026-10-02 02:34:16,Toyota Aventis Diesel,Toyota,Avensis,,2005.0,154000.0,Diesel,Automatique,08-10 chevaux,,Occasion,,,Particulier,,,Casablanca,Casablanca-Settat,99000.0,1.0,"99 000 DH Toyota Aventis Diesel Casablanca Vue: 40 Annonce N°: 7584619 Marque: Toyota Modèle: Avensis Année : 2005 Kilométrage : 154000 Carburant  : Diesel Puissance : 08-10 chevaux Ville : Casablanca Detail de l'annonce : Je mets en vente une excellente berline toutes option: Climatisation automatique Bizone - 9 airbags - Régulateur de vitesse - Système de freinage : ABS, EBD,… - Rétroviseurs extérieurs électriques – Vitres électriques - Détecteur de pluie - Sièges avants électriques Annonceur : KARIM Répondre l'annonceur Imprimer Signaler cette annonce Envoyer à un ami Partager sur Facebook Twitter LinkedIn Retour à la page précédente"
6124977,https://www.marocannonces.com/categorie/314/Voitures-occasion/annonce/6124977/DODGE-AVENGER.html,marocannonces,2026-10-02,2026-10-02 02:34:17,DODGE AVENGER,Dodge,Avenger,,2011.0,,Diesel,,08-10 chevaux,,Occasion,,,Particulier,,,El jadida,Casablanca-Settat,115000.0,5.0,"115 000 DH DODGE AVENGER El jadida Vue: 44 Annonce N°: 6124977 Marque: Dodge Modèle: Avenger Année : 2011 Carburant  : Diesel Puissance : 08-10 chevaux Ville : El jadida Detail de l'annonce : Je mets en vente ma voiture DODGE AVENGER 2.0 DIESEL 8cv model 2011 (moteur passat) en ttes options : Juntes aluminium 17, clim digital, sieges electriques, sieges chauffants, 4 vitres electriques, retroviseurs electriques a degivrage auto, 6 SRS AIRBAGS, Commande vocal, bluetooth, mp3, DVD, AUX, Regulateur de vitesse, commande au volant, volant cuire, salon cuire, detecteut de pression pneux... Etc Reprise possible ! . . . . . . . . . . . Annonceur : Utilisateur Répondre l'annonceur Imprimer Signaler cette annonce Envoyer à un ami Partager sur Facebook Twitter LinkedIn Retour à la page précédente"
6124970,https://www.marocannonces.com/categorie/314/Voitures-occasion/annonce/6124970/Citroen-c4-diesel-cv6-2012.html,marocannonces,2026-10-02,2026-10-02 02:34:18,Citroen c4 diesel cv6 2012,Citroën,C4,,2012.0,150.0,Diesel,,05-07 chevaux,,Occasion,,,Particulier,,,Tanger,Tanger-Tétouan-Al Hoceïma,125000.0,5.0,125 000 DH Citroen c4 diesel cv6 2012 Tanger Vue: 12 Annonce N°: 6124970 Marque: Citroen Modèle: C4 Année : 2012 Kilométrage : 150 Carburant  : Diesel Puissance : 05-07 chevaux Ville : Tanger Detail de l'annonce : Je me en vente ma voiture c4 nouveau an 2012 toute option.  . . . . . . . . . . . Annonceur : HICHAM Répondre l'annonceur Imprimer Signaler cette annonce Envoyer à un ami Partager sur Facebook Twitter LinkedIn Retour à la page précédente
6124956,https://www.marocannonces.com/categorie/314/Voitures-occasion/annonce/6124956/Citroen-c4-picasso-diesel-2011.html,marocannonces,2026-10-02,2026-10-02 02:34:19,Citroen c4 picasso diesel 2011,Citroën,C4 Picasso,,2011.0,100.0,Diesel,,05-07 chevaux,,Occasion,,,Particulier,,,Tanger,Tanger-Tétouan-Al Hoceïma,125000.0,5.0,"125 000 DH Citroen c4 picasso diesel 2011 Tanger Vue: 22 Annonce N°: 6124956 Marque: Citroen Modèle: C4 Picasso Année : 2011 Kilométrage : 100 Carburant  : Diesel Puissance : 05-07 chevaux Ville : Tanger Detail de l'annonce : A vendre C4 Picasso 6 CV fiscaux,très bon état,intérieur spacieux,siège arrière rabbatable,grand volume de chargement,très confortable pour long voyage. Lève-vitres avant et arrière électriques Volant réglable en hauteur et profondeur Rétroviseurs électriques Ordinateur de bord Tablette tactile 7"" commande des fonctionnalités Kit mains libres Bluetooth et prise USB Caméra de recul, frein a main électrique. Prix négociable . . . . . . . . . . . Annonceur : hicham Répondre l'annonceur Imprimer Signaler cette annonce Envoyer à un ami Partager sur Facebook Twitter LinkedIn Retour à la page précédente"
6124950,https://www.marocannonces.com/categorie/314/Voitures-occasion/annonce/6124950/Citroen-Berlingo-Diesel-ch-6.html,marocannonces,2026-10-02,2026-10-02 02:34:20,Citroen Berlingo Diesel ch 6,Citroën,Berlingo,,2012.0,90.0,Diesel,,05-07 chevaux,,Occasion,,,Particulier,,,Tanger,Tanger-Tétouan-Al Hoceïma,80000.0,2.0,80 000 DH Citroen Berlingo Diesel ch 6 Tanger Vue: 14 Annonce N°: 6124950 Marque: Citroen Modèle: Berlingo Année : 2012 Kilométrage : 90 Carburant  : Diesel Puissance : 05-07 chevaux Ville : Tanger Detail de l'annonce : Citroen Berlingo Diesel ch 6 druba 700 dh  . . . . . . . . . . . Annonceur : hicham Répondre l'annonceur Imprimer Signaler cette annonce Envoyer à un ami Partager sur Facebook Twitter LinkedIn Retour à la page précédente
7584516,https://www.marocannonces.com/categorie/314/Voitures-occasion/annonce/7584516/Toyota-à-vendre.html,marocannonces,2026-10-02,2026-10-02 02:34:21,Toyota à vendre,Toyota,Starlet,,1997.0,1000.0,Diesel,,05-07 chevaux,,Occasion,,,Particulier,,,Marrakech,Marrakech-Safi,33000.0,4.0,33 000 DH Toyota à vendre Marrakech Vue: 91 Annonce N°: 7584516 Marque: Toyota Modèle: Starlet Année : 1997 Kilométrage : 1000 Carburant  : Diesel Puissance : 05-07 chevaux Ville : Marrakech Detail de l'annonce : Toyota n9iya li bgha iksab mrehba Annonceur : Tahani abd latif Répondre l'annonceur Imprimer Signaler cette annonce Envoyer à un ami Partager sur Facebook Twitter LinkedIn Retour à la page précédente
7584443,https://www.marocannonces.com/categorie/314/Voitures-occasion/annonce/7584443/Mégane-4-à-vendre.html,marocannonces,2026-10-02,2026-10-02 02:34:22,Mégane 4 à vendre,Renault,Megane,,2016.0,40.0,Diesel,,05-07 chevaux,,Neuf,,,Particulier,,,Casablanca,Casablanca-Settat,173000.0,6.0,173 000 DH Mégane 4 à vendre Casablanca Vue: 34 Annonce N°: 7584443 Marque: Renault Modèle: Megane Année : 2016 Kilométrage : 40.600 Carburant  : Diesel Puissance : 05-07 chevaux Ville : Casablanca Detail de l'annonce : Voiture mégane explore à la propriété d'une dame 1ere main model 07/2016. Voiture encore Neuf et tjrs sous garantie de Renault Annonceur : Yassine Répondre l'annonceur Imprimer Signaler cette annonce Envoyer à un ami Partager sur Facebook Twitter LinkedIn Retour à la page précédente
7584434,https://www.marocannonces.com/categorie/314/Voitures-occasion/annonce/7584434/Berlingot-silver.html,marocannonces,2026-10-02,2026-10-02 02:34:23,Berlingot silver,Citroën,Berlingo,,2018.0,37000.0,Diesel,,,,Neuf,,,Particulier,,,Casablanca,Casablanca-Settat,157000.0,1.0,157 000 DH Berlingot silver Casablanca Vue: 31 Annonce N°: 7584434 Marque: Citroen Modèle: Berlingo Année : 2018 Kilométrage : 37000 Carburant  : Diesel Ville : Casablanca Detail de l'annonce : Je met en vente berlingot silver presque neuf Annonceur : Mehdi Répondre l'annonceur Imprimer Signaler cette annonce Envoyer à un ami Partager sur Facebook Twitter LinkedIn Retour à la page précédente
7584389,https://www.marocannonces.com/categorie/314/Voitures-occasion/annonce/7584389/Dacia-Pk-UP.html,marocannonces,2026-10-02,2026-10-02 02:34:25,Dacia Pk-UP,Dacia,Logan,,2001.0,200000.0,Diesel,,05-07 chevaux,,Occasion,,,Particulier,,,Beni Mellal,Béni Mellal-Khénifra,36000.0,6.0,"36 000 DH Dacia Pk-UP Beni Mellal Vue: 53 Annonce N°: 7584389 Marque: Dacia Modèle: Logan Année : 2001 Kilométrage : 200000 Carburant  : Diesel Puissance : 05-07 chevaux Ville : Beni Mellal Detail de l'annonce : SALAM, dacia Pk up li bghaha merhba, w hta li bgha reprise la region de beni mellal Annonceur : Hamid Répondre l'annonceur Imprimer Signaler cette annonce Envoyer à un ami Partager sur Facebook Twitter LinkedIn Retour à la page précédente"
7584174,https://www.marocannonces.com/categorie/314/Voitures-occasion/annonce/7584174/Iveco-model-2000.html,marocannonces,2026-10-02,2026-10-02 02:34:26,Iveco model 2000,Fiat,126,,2000.0,,Diesel,,11-13 chevaux,,Occasion,,,Particulier,,,Rabat,Rabat-Salé-Kénitra,120000.0,2.0,120 000 DH Iveco model 2000 Rabat Vue: 161 Annonce N°: 7584174 Marque: Fiat Modèle: 126 Année : 2000 Carburant  : Diesel Puissance : 11-13 chevaux Ville : Rabat Detail de l'annonce : Iveco model 2000 dédouaner en 2010 avec siège          iveco en bon état Annonceur : Achraf Répondre l'annonceur Imprimer Signaler cette annonce Envoyer à un ami Partager sur Facebook Twitter LinkedIn Retour à la page précédente
7583639,https://www.marocannonces.com/categorie/314/Voitures-occasion/annonce/7583639/Vend-série-418-grand-coupe.html,marocannonces,2026-10-02,2026-10-02 02:34:27,Vend série 4.18 grand coupe,BMW,SERIE 4,,2016.0,95000.0,Diesel,Automatique,08-10 chevaux,,Occasion,,,Particulier,,,Rabat,Rabat-Salé-Kénitra,380000.0,4.0,380 000 DH Vend série 4.18 grand coupe Rabat Vue: 56 Annonce N°: 7583639 Marque: BMW Modèle: SERIE 4 Année : 2016 Kilométrage : 95000 Carburant  : Diesel Puissance : 08-10 chevaux Ville : Rabat Detail de l'annonce : Excellent état boîte automatique pack sport grand coupe 5 portes intérieur cuir rouge peinture gris métallisé Annonceur : Bennani mouna Répondre l'annonceur Imprimer Signaler cette annonce Envoyer à un ami Partager sur Facebook Twitter LinkedIn Retour à la page précédente
7583801,https://www.marocannonces.com/categorie/314/Voitures-occasion/annonce/7583801/Vendre-voiture-peugeot.html,marocannonces,2026-10-02,2026-10-02 02:34:27,Vendre voiture  peugeot,Peugeot,301,,2014.0,104000.0,Diesel,,05-07 chevaux,,Occasion,1,,Particulier,,,Casablanca,Casablanca-Settat,85000.0,4.0,85 000 DH Vendre voiture  peugeot Casablanca Vue: 42 Annonce N°: 7583801 Marque: Peugeot Modèle: 301 Année : 2014 Kilométrage : 104000 Carburant  : Diesel Puissance : 05-07 chevaux Ville : Casablanca Detail de l'annonce : Je mets en vente ma voiture en bon état première main Annonceur : Tarik Répondre l'annonceur Imprimer Signaler cette annonce Envoyer à un ami Partager sur Facebook Twitter LinkedIn Retour à la page précédente
7583463,https://www.marocannonces.com/categorie/314/Voitures-occasion/annonce/7583463/KIA-SOUL.html,marocannonces,2026-10-02,2026-10-02 02:34:29,KIA SOUL,Kia,Soul,,2011.0,160000.0,Diesel,,05-07 chevaux,,Occasion,,,Particulier,,,El jadida,Casablanca-Settat,90000.0,1.0,90 000 DH KIA SOUL El jadida Vue: 53 Annonce N°: 7583463 Marque: Kia Modèle: Soul Année : 2011 Kilométrage : 160000 Carburant  : Diesel Puissance : 05-07 chevaux Ville : El jadida Detail de l'annonce : Diesel model 2011 faible consommation Annonceur : Benhfid ilham Répondre l'annonceur Imprimer Signaler cette annonce Envoyer à un ami Partager sur Facebook Twitter LinkedIn Retour à la page précédente
5013072,https://www.marocannonces.com/categorie/314/Voitures-occasion/annonce/5013072/Vw-golf-5-a-vendre.html,marocannonces,2026-10-02,2026-10-02 02:34:29,Vw golf 5 a vendre,Volkswagen,Golf,,2007.0,129000.0,Diesel,Manuelle,08-10 chevaux,,Occasion,,,Particulier,,,Rabat,Rabat-Salé-Kénitra,162000.0,4.0,"162 000 DH Vw golf 5 a vendre Rabat Vue: 15 Annonce N°: 5013072 Marque: Volkswagen Modèle: Golf Année : 2007 Kilométrage : 129000 Carburant  : Diesel Puissance : 08-10 chevaux Ville : Rabat Detail de l'annonce : Model 10/2007, ded. 07/2012, 10 airbag, 1.9 TDI 6éme, 129000 km, clim manuel, 4 vitres electrique,ECRAN TACTILE jantes 17,PEINTURE DORIGINE KILOMETRAGE DORIGINE VOITURE EN TRES TRES BONNE ETAT PRIX RESONABLE VUE LETAT DE LA VOITURE . . . . . . . . . . . . . . Annonceur : zakaria Répondre l'annonceur Imprimer Signaler cette annonce Envoyer à un ami Partager sur Facebook Twitter LinkedIn Retour à la page précédente"
5355263,https://www.marocannonces.com/categorie/314/Voitures-occasion/annonce/5355263/Volkswagen-jetta.html,marocannonces,2026-10-02,2026-10-02 02:34:30,Volkswagen jetta,Volkswagen,Jetta,,2006.0,139000.0,Diesel,,08-10 chevaux,,Occasion,,,Particulier,,,Casablanca,Casablanca-Settat,116000.0,2.0,116 000 DH Volkswagen jetta Casablanca Vue: 16 Annonce N°: 5355263 Marque: Volkswagen Modèle: Jetta Année : 2006 Kilométrage : 139000 Carburant  : Diesel Puissance : 08-10 chevaux Ville : Casablanca Detail de l'annonce : Volkswagen Jetta diesel model août 2006 en bon état et bien entretenue. . Régulateur de vitesse.vitres électriques avec sécurités enfants.accoudoir central avec coffre de rangement.ABS. Anti patinage.Esp .Faible consommation.Radar de recul et caméra en arrière.hayon arrière à télécommande. Peinture d'origine. 2 clés télécommande . . . . . . . . . . . . . . Annonceur : Said Répondre l'annonceur Imprimer Signaler cette annonce Envoyer à un ami Partager sur Facebook Twitter LinkedIn Retour à la page précédente
7583530,https://www.marocannonces.com/categorie/314/Voitures-occasion/annonce/7583530/Clio-III-2006.html,marocannonces,2026-10-02,2026-10-02 02:34:31,Clio III 2006,Renault,Clio,,2006.0,,Diesel,,05-07 chevaux,,Occasion,,,Particulier,,,Casablanca,Casablanca-Settat,65000.0,5.0,65 000 DH Clio III 2006 Casablanca Vue: 80 Annonce N°: 7583530 Marque: Renault Modèle: Clio Année : 2006 Carburant  : Diesel Puissance : 05-07 chevaux Ville : Casablanca Detail de l'annonce : Propre .clim . Jamntes allu . Salon impecable tres faible consommassion Annonceur : Khalil Répondre l'annonceur Imprimer Signaler cette annonce Envoyer à un ami Partager sur Facebook Twitter LinkedIn Retour à la page précédente
7583477,https://www.marocannonces.com/categorie/314/Voitures-occasion/annonce/7583477/Kangoo-dci-2009.html,marocannonces,2026-10-02,2026-10-02 02:34:33,Kangoo dci -2009,Renault,Kangoo,,2009.0,200000.0,Diesel,,05-07 chevaux,,Occasion,,,Particulier,,,Tanger,Tanger-Tétouan-Al Hoceïma,72000.0,1.0,72 000 DH Kangoo dci -2009 Tanger Vue: 71 Annonce N°: 7583477 Marque: Renault Modèle: Kangoo Année : 2009 Kilométrage : 200000 - 250000 Carburant  : Diesel Puissance : 05-07 chevaux Ville : Tanger Detail de l'annonce : سيارة رونو كنجو موديل 2009 بمحرك dci بمدينة القصر الكبير Annonceur : mohsin Répondre l'annonceur Imprimer Signaler cette annonce Envoyer à un ami Partager sur Facebook Twitter LinkedIn Retour à la page précédente
7583208,https://www.marocannonces.com/categorie/314/Voitures-occasion/annonce/7583208/Peugeot-206-en-bonne-etat.html,marocannonces,2026-10-02,2026-10-02 02:34:34,Peugeot 206+ en bonne etat,Peugeot,206+,,2010.0,,Diesel,,05-07 chevaux,,Occasion,,,Particulier,,,Casablanca,Casablanca-Settat,70000.0,1.0,70 000 DH Peugeot 206+ en bonne etat Casablanca Vue: 60 Annonce N°: 7583208 Marque: Peugeot Modèle: 206+ Année : 2010 Carburant  : Diesel Puissance : 05-07 chevaux Ville : Casablanca Detail de l'annonce : Bonjour Je mets en vente ma voiture Peugeot 206+ modèle fin 2010. Annonceur : Nabil Répondre l'annonceur Imprimer Signaler cette annonce Envoyer à un ami Partager sur Facebook Twitter LinkedIn Retour à la page précédente
6122801,https://www.marocannonces.com/categorie/314/Voitures-occasion/annonce/6122801/Vw-golf-6-pack-gtd.html,marocannonces,2026-10-02,2026-10-02 02:34:35,Vw golf 6 pack gtd,Volkswagen,Golf,,2009.0,150000.0,Diesel,,08-10 chevaux,,Occasion,,,Particulier,,,Tetouan,Tanger-Tétouan-Al Hoceïma,158000.0,5.0,158 000 DH Vw golf 6 pack gtd Tetouan Vue: 335 Annonce N°: 6122801 Marque: Volkswagen Modèle: Golf Année : 2009 Kilométrage : 150000 Carburant  : Diesel Puissance : 08-10 chevaux Ville : Tetouan Detail de l'annonce : Golf 6 dédouane 06-2011 moteur 2L Parabole xinon avant et arrier volant multifonction clim digitale écran tactile parque radar avant et arrier stationnement automatic. . . . . . . . . . . . Annonceur : Utilisateur Répondre l'annonceur Imprimer Signaler cette annonce Envoyer à un ami Partager sur Facebook Twitter LinkedIn Retour à la page précédente
6122772,https://www.marocannonces.com/categorie/314/Voitures-occasion/annonce/6122772/A-vendre-peugeot-308-2008.html,marocannonces,2026-10-02,2026-10-02 02:34:36,A vendre peugeot 308 2008,Peugeot,308,,2008.0,160000.0,Diesel,,05-07 chevaux,,Occasion,,,Particulier,,,Casablanca,Casablanca-Settat,89000.0,1.0,89 000 DH A vendre peugeot 308 2008 Casablanca Vue: 11 Annonce N°: 6122772 Marque: Peugeot Modèle: 308 Année : 2008 Kilométrage : 160000 Carburant  : Diesel Puissance : 05-07 chevaux Ville : Casablanca Detail de l'annonce : voiture a vendre puegeut 308 diesel 6cv toute op  . . . . . . . . . . . Annonceur : ahmed Répondre l'annonceur Imprimer Signaler cette annonce Envoyer à un ami Partager sur Facebook Twitter LinkedIn Retour à la page précédente
6122736,https://www.marocannonces.com/categorie/314/Voitures-occasion/annonce/6122736/Vw-golf-2.html,marocannonces,2026-10-02,2026-10-02 02:34:37,Vw golf 2,Volkswagen,Golf,,1986.0,135656.0,Diesel,,05-07 chevaux,,Occasion,,,Particulier,,,Casablanca,Casablanca-Settat,35000.0,1.0,35 000 DH Vw golf 2 Casablanca Vue: 10 Annonce N°: 6122736 Marque: Volkswagen Modèle: Golf Année : 1986 Kilométrage : 135656 Carburant  : Diesel Puissance : 05-07 chevaux Ville : Casablanca Detail de l'annonce : Golf bon vitre électrique moteur carrosserie bn etat 2 port  6 ch diesel . . . . . . . . . . . Annonceur : saad Répondre l'annonceur Imprimer Signaler cette annonce Envoyer à un ami Partager sur Facebook Twitter LinkedIn Retour à la page précédente
7582959,https://www.marocannonces.com/categorie/314/Voitures-occasion/annonce/7582959/Golf-5-2l.html,marocannonces,2026-10-02,2026-10-02 02:34:37,Golf 5 2l,Volkswagen,Golf,,2007.0,150000.0,Diesel,,05-07 chevaux,,Occasion,,,Particulier,,,Salé,Rabat-Salé-Kénitra,,5.0,"Prix : N/A Golf 5 2l Salé Vue: 31 Annonce N°: 7582959 Marque: Volkswagen Modèle: Golf Année : 2007 Kilométrage : 150000 Carburant  : Diesel Puissance : 05-07 chevaux Ville : Salé Detail de l'annonce : Je mets en vente ma golf 5 model 2007 diwana 2007 propre tt options , Pr plus d’info contacter moi Annonceur : Utilisateur Répondre l'annonceur Imprimer Signaler cette annonce Envoyer à un ami Partager sur Facebook Twitter LinkedIn Retour à la page précédente"
7582509,https://www.marocannonces.com/categorie/314/Voitures-occasion/annonce/7582509/Kango-2011.html,marocannonces,2026-10-02,2026-10-02 02:34:38,Kango 2011,Renault,Kangoo,,2011.0,,Diesel,,,,Occasion,,,Particulier,,,Casablanca,Casablanca-Settat,60000.0,5.0,60 000 DH Kango 2011 Casablanca Vue: 45 Annonce N°: 7582509 Marque: Renault Modèle: Kangoo Année : 2011 Carburant  : Diesel Ville : Casablanca Detail de l'annonce : Je mets en vente kangoo diesel modèle 2011 Prix: 60000 Annonceur : Utilisateur Répondre l'annonceur Imprimer Signaler cette annonce Envoyer à un ami Partager sur Facebook Twitter LinkedIn Retour à la page précédente
7582491,https://www.marocannonces.com/categorie/314/Voitures-occasion/annonce/7582491/Vw-passat-2004-2010.html,marocannonces,2026-10-02,2026-10-02 02:34:39,Vw passat 2004   2010,Volkswagen,Passat,,2004.0,160000.0,Diesel,,08-10 chevaux,Dédouanée,Occasion,,,Particulier,,,Casablanca,Casablanca-Settat,89000.0,6.0,89 000 DH Vw passat 2004   2010 Casablanca Vue: 28 Annonce N°: 7582491 Marque: Volkswagen Modèle: Passat Année : 2004 Kilométrage : 160000 Carburant  : Diesel Puissance : 08-10 chevaux Ville : Casablanca Detail de l'annonce : je mets en vente une belle voiture passat modèle 2004 dédouanée en 2010 en très bonne état. Annonceur : KHALID Répondre l'annonceur Imprimer Signaler cette annonce Envoyer à un ami Partager sur Facebook Twitter LinkedIn Retour à la page précédente
7582268,https://www.marocannonces.com/categorie/314/Voitures-occasion/annonce/7582268/Volkswagen-Touareg-Baroudeur.html,marocannonces,2026-10-02,2026-10-02 02:34:40,Volkswagen Touareg Baroudeur,Volkswagen,Touareg,,2016.0,30000.0,Diesel,Automatique,08-10 chevaux,,Occasion,,,Particulier,0660547543,e51ee1a78767261ed903e28c3e53fe4a67bf965e3e997a6817fc8a2fa8ca1ad1,Casablanca,Casablanca-Settat,320000.0,7.0,"320 000 DH Volkswagen Touareg Baroudeur Casablanca Vue: 46 Annonce N°: 7582268 Marque: Volkswagen Modèle: Touareg Année : 2016 Kilométrage : 30000 Carburant  : Diesel Puissance : 08-10 chevaux Ville : Casablanca Detail de l'annonce : Je met en vente une volkswagen Touareg Baroudeur, tout option, automatique en excellente état - modèle novembre 2016 me contacter au 0660547543, intermédiaires s’abstenir. merci d'avance de votre intérêt. Annonceur : Driss Répondre l'annonceur Imprimer Signaler cette annonce Envoyer à un ami Partager sur Facebook Twitter LinkedIn Retour à la page précédente"
7582261,https://www.marocannonces.com/categorie/314/Voitures-occasion/annonce/7582261/Mercedes-c-220-avantgarde-blue-efficiency.html,marocannonces,2026-10-02,2026-10-02 02:34:41,Mercedes c 220 avantgarde blue efficiency,Mercedes-Benz,Classe C,,2010.0,246000.0,Diesel,,08-10 chevaux,,Occasion,,,Particulier,,,Tanger,Tanger-Tétouan-Al Hoceïma,,3.0,"Prix : N/A Mercedes c 220 avantgarde blue efficiency Tanger Vue: 40 Annonce N°: 7582261 Marque: Mercedes-Benz Modèle: Classe C Année : 2010 Kilométrage : 246000 Carburant  : Diesel Puissance : 08-10 chevaux Ville : Tanger Detail de l'annonce : Je mets en vente ma mercedes c 220 avantgarde blue efficiency model 2010 dedouanement 07/2017 ( c'est moi qui l'a dédouanier) , trés bonne état.toute options clim dégital  bizone moteur 170 cv, salon semicuir,aucune réparation a prévoire. si vous étes intéressé contacter moi. Annonceur : Souhail Répondre l'annonceur Imprimer Signaler cette annonce Envoyer à un ami Partager sur Facebook Twitter LinkedIn Retour à la page précédente"
7581976,https://www.marocannonces.com/categorie/314/Voitures-occasion/annonce/7581976/peugeot-301-a-vendre.html,marocannonces,2026-10-02,2026-10-02 02:34:42,peugeot 301 a vendre,Peugeot,301,,2014.0,120000.0,Diesel,,05-07 chevaux,,Occasion,,,Particulier,,,Mohammedia,Casablanca-Settat,85000.0,1.0,85 000 DH peugeot 301 a vendre Mohammedia Vue: 23 Annonce N°: 7581976 Marque: Peugeot Modèle: 301 Année : 2014 Kilométrage : 120000 Carburant  : Diesel Puissance : 05-07 chevaux Ville : Mohammedia Detail de l'annonce : peugeot 301 model 2014 climatisee bien entretenu moteur et carrosserie Annonceur : abdelkrim Répondre l'annonceur Imprimer Signaler cette annonce Envoyer à un ami Partager sur Facebook Twitter LinkedIn Retour à la page précédente
7581716,https://www.marocannonces.com/categorie/314/Voitures-occasion/annonce/7581716/mercedes-benz-classe-V.html,marocannonces,2026-10-02,2026-10-02 02:34:43,mercedes benz classe V,Mercedes-Benz,Autre,,,,,,,,Occasion,,,Particulier,,,Safi,Marrakech-Safi,100000.0,5.0,100 000 DH mercedes benz classe V Safi Vue: 44 Annonce N°: 7581716 Ville : Safi Detail de l'annonce : je mets en vente ma voiture Mercedes benz classe V modèle 2018 toute options Annonceur : kaoutar Répondre l'annonceur Imprimer Signaler cette annonce Envoyer à un ami Partager sur Facebook Twitter LinkedIn Retour à la page précédente
7581918,https://www.marocannonces.com/categorie/314/Voitures-occasion/annonce/7581918/Ford-focus-a-vendre.html,marocannonces,2026-10-02,2026-10-02 02:34:44,Ford focus a vendre,Ford,Focus,,2007.0,200000.0,Diesel,,05-07 chevaux,,Occasion,,,Particulier,,,Casablanca,Casablanca-Settat,82000.0,2.0,82 000 DH Ford focus a vendre Casablanca Vue: 32 Annonce N°: 7581918 Marque: Ford Modèle: Focus Année : 2007 Kilométrage : 200000 Carburant  : Diesel Puissance : 05-07 chevaux Ville : Casablanca Detail de l'annonce : Je met en vendre ma voiture ford focus. Annonceur : Mehdi Répondre l'annonceur Imprimer Signaler cette annonce Envoyer à un ami Partager sur Facebook Twitter LinkedIn Retour à la page précédente
7581839,https://www.marocannonces.com/categorie/314/Voitures-occasion/annonce/7581839/Ford-Focus-fin-2013-à-vendre.html,marocannonces,2026-10-02,2026-10-02 02:34:45,Ford Focus fin 2013 à vendre.,Ford,Focus,,2013.0,110000.0,Diesel,,05-07 chevaux,,Occasion,,,Particulier,,,El jadida,Casablanca-Settat,132000.0,5.0,"132 000 DH Ford Focus fin 2013 à vendre. El jadida Vue: 40 Annonce N°: 7581839 Marque: Ford Modèle: Focus Année : 2013 Kilométrage : 110000,00 Carburant  : Diesel Puissance : 05-07 chevaux Ville : El jadida Detail de l'annonce : Je mets en vente ma ford focus diesel , modèle le 09/2013 , en très bon état jamais accidente ,… Annonceur : Reda Répondre l'annonceur Imprimer Signaler cette annonce Envoyer à un ami Partager sur Facebook Twitter LinkedIn Retour à la page précédente"
5931760,https://www.marocannonces.com/categorie/314/Voitures-occasion/annonce/5931760/Renault-megane.html,marocannonces,2026-10-02,2026-10-02 02:34:45,Renault megane,Renault,Megane,,2005.0,180000.0,Diesel,,05-07 chevaux,,Occasion,,,Particulier,,,Casablanca,Casablanca-Settat,85000.0,6.0,85 000 DH Renault megane Casablanca Vue: 11 Annonce N°: 5931760 Marque: Renault Modèle: Megane Année : 2005 Kilométrage : 180000 Carburant  : Diesel Puissance : 05-07 chevaux Ville : Casablanca Detail de l'annonce : Bonjour je met ma voiture Mégane a vendre très bonne état . . . . . . . . . . . . Annonceur : Mstafa Répondre l'annonceur Imprimer Signaler cette annonce Envoyer à un ami Partager sur Facebook Twitter LinkedIn Retour à la page précédente
7581496,https://www.marocannonces.com/categorie/314/Voitures-occasion/annonce/7581496/Volkswagen-Polo-SDI-19.html,marocannonces,2026-10-02,2026-10-02 02:34:46,Volkswagen Polo SDI 1.9,Volkswagen,Polo,,2005.0,195000.0,Diesel,Manuelle,,,Occasion,,,Particulier,,,Rabat,Rabat-Salé-Kénitra,50000.0,6.0,50 000 DH Volkswagen Polo SDI 1.9 Rabat Vue: 129 Annonce N°: 7581496 Marque: Volkswagen Modèle: Polo Année : 2005 Kilométrage : 195000 Carburant  : Diesel Ville : Rabat Detail de l'annonce : Pour plus d'informations contactez l'annonce et laissez votre numéro what'sup. Volkswagen Polo SDI 1.9 Année-modèle: 2005 Carburant:Diesel Nombre de portes: 5 Boîte de vitesse:Manuelle Kilomètres : 195000 Annonceur : Car sales Répondre l'annonceur Imprimer Signaler cette annonce Envoyer à un ami Partager sur Facebook Twitter LinkedIn Retour à la page précédente
7581417,https://www.marocannonces.com/categorie/314/Voitures-occasion/annonce/7581417/duster-24.html,marocannonces,2026-10-02,2026-10-02 02:34:47,duster 2*4,Dacia,DUSTER,,2011.0,125000.0,Diesel,,05-07 chevaux,,Occasion,1,,Particulier,,,Rabat,Rabat-Salé-Kénitra,110000.0,1.0,"110 000 DH duster 2*4 Rabat Vue: 21 Annonce N°: 7581417 Marque: Dacia Modèle: DUSTER Année : 2011 Kilométrage : 125000 Carburant  : Diesel Puissance : 05-07 chevaux Ville : Rabat Detail de l'annonce : Je mets en vente ma duster modèle 12/2011, première main Annonceur : abdou Répondre l'annonceur Imprimer Signaler cette annonce Envoyer à un ami Partager sur Facebook Twitter LinkedIn Retour à la page précédente"
7581394,https://www.marocannonces.com/categorie/314/Voitures-occasion/annonce/7581394/TOYOTA-RAV4-A-VENDRE.html,marocannonces,2026-10-02,2026-10-02 02:34:48,TOYOTA RAV4 A VENDRE,Toyota,RAV 4,,2005.0,195000.0,Diesel,,08-10 chevaux,,Occasion,,,Particulier,,,Marrakech,Marrakech-Safi,105000.0,3.0,105 000 DH TOYOTA RAV4 A VENDRE Marrakech Vue: 60 Annonce N°: 7581394 Marque: Toyota Modèle: RAV 4 Année : 2005 Kilométrage : 195000 Carburant  : Diesel Puissance : 08-10 chevaux Ville : Marrakech Detail de l'annonce : A VENDRE TOYOTA RAV4 DIESEL 8CV MODEL FIN 2005     2 EME MAIN TTES OPTIONS BON ETAT CAROSSERIE ET MOTEUR Annonceur : LHAJJA Répondre l'annonceur Imprimer Signaler cette annonce Envoyer à un ami Partager sur Facebook Twitter LinkedIn Retour à la page précédente
7581188,https://www.marocannonces.com/categorie/314/Voitures-occasion/annonce/7581188/Dacia-essence.html,marocannonces,2026-10-02,2026-10-02 02:34:49,Dacia essence,Dacia,Logan,,2014.0,,Essence,,05-07 chevaux,,Occasion,,,Particulier,,,Agadir,Souss-Massa,40000.0,1.0,40 000 DH Dacia essence Agadir Vue: 35 Annonce N°: 7581188 Marque: Dacia Modèle: Logan Année : 2014 Carburant  : Essence Puissance : 05-07 chevaux Ville : Agadir Detail de l'annonce : Bghit nbi3 tonobila Dacia essence chi haja mzyana. Libghaha itasl bya lah irhm walidin. Annonceur : Amina chout Répondre l'annonceur Imprimer Signaler cette annonce Envoyer à un ami Partager sur Facebook Twitter LinkedIn Retour à la page précédente
7581147,https://www.marocannonces.com/categorie/314/Voitures-occasion/annonce/7581147/mini-cooper-s.html,marocannonces,2026-10-02,2026-10-02 02:34:49,mini cooper s,Mini,Cooper S,,2003.0,130000.0,Essence,,05-07 chevaux,,Occasion,,,Particulier,,,Fès,Fès-Meknès,65000.0,8.0,65 000 DH mini cooper s Fès Vue: 142 Annonce N°: 7581147 Marque: Mini Modèle: Cooper S Année : 2003 Kilométrage : 130000 Carburant  : Essence Puissance : 05-07 chevaux Ville : Fès Detail de l'annonce : mini cooper s model 2003 douane 2005 tres bon etat toit ouvrant centralisé clim pneux jdad vignètte 650dh retreviseurs electrique air bags avant l'interieur semi-cuir Annonceur : abdeladim Répondre l'annonceur Imprimer Signaler cette annonce Envoyer à un ami Partager sur Facebook Twitter LinkedIn Retour à la page précédente
7581012,https://www.marocannonces.com/categorie/314/Voitures-occasion/annonce/7581012/Kango-à-vendre.html,marocannonces,2026-10-02,2026-10-02 02:34:51,Kango à vendre,Renault,Kangoo,,2001.0,,Diesel,,,,Occasion,,,Particulier,,,El jadida,Casablanca-Settat,55000.0,3.0,55 000 DH Kango à vendre El jadida Vue: 44 Annonce N°: 7581012 Marque: Renault Modèle: Kangoo Année : 2001 Carburant  : Diesel Ville : El jadida Detail de l'annonce : Je met en vendre ma voiture kango diesel 7ch model 2001 j'accepte repris avec une dacia Annonceur : Simo Répondre l'annonceur Imprimer Signaler cette annonce Envoyer à un ami Partager sur Facebook Twitter LinkedIn Retour à la page précédente
6022376,https://www.marocannonces.com/categorie/314/Voitures-occasion/annonce/6022376/Pick-up-à-vendre.html,marocannonces,2026-10-02,2026-10-02 02:34:52,Pick-up à  vendre,Isuzu,D_MAX,,1998.0,,Diesel,,,,Occasion,,,Particulier,,,Casablanca,Casablanca-Settat,110000.0,2.0,"110 000 DH Pick-up à  vendre Casablanca Vue: 27 Annonce N°: 6022376 Marque: Isuzu Modèle: D_MAX Année : 1998 Kilométrage : Carburant  : Diesel Puissance : Ville : Casablanca Detail de l'annonce : vends pick-up diesel ,2 porte, modéle 1998. . . . . . . . . Annonceur : mohamed Répondre l'annonceur Imprimer Signaler cette annonce Envoyer à un ami Partager sur Facebook Twitter LinkedIn Retour à la page précédente"
7580815,https://www.marocannonces.com/categorie/314/Voitures-occasion/annonce/7580815/Peugeot-partner-a-vendre.html,marocannonces,2026-10-02,2026-10-02 02:34:52,Peugeot partner a vendre,Peugeot,PARTNER TEPEE,,2006.0,245300.0,Diesel,,05-07 chevaux,,Occasion,,,Particulier,,,Casablanca,Casablanca-Settat,49000.0,5.0,49 000 DH Peugeot partner a vendre Casablanca Vue: 42 Annonce N°: 7580815 Marque: Peugeot Modèle: PARTNER TEPEE Année : 2006 Kilométrage : 245300 Carburant  : Diesel Puissance : 05-07 chevaux Ville : Casablanca Detail de l'annonce : Partner 2006  7ch 4 portes Annonceur : Miloud laabab Répondre l'annonceur Imprimer Signaler cette annonce Envoyer à un ami Partager sur Facebook Twitter LinkedIn Retour à la page précédente
7580710,https://www.marocannonces.com/categorie/314/Voitures-occasion/annonce/7580710/Audi-a6.html,marocannonces,2026-10-02,2026-10-02 02:34:53,Audi a6,Audi,A6,,2000.0,350000.0,Diesel,,08-10 chevaux,,Occasion,,,Particulier,,,Tetouan,Tanger-Tétouan-Al Hoceïma,67000.0,2.0,"67 000 DH Audi a6 Tetouan Vue: 43 Annonce N°: 7580710 Marque: Audi Modèle: A6 Année : 2000 Kilométrage : 350 000 Carburant  : Diesel Puissance : 08-10 chevaux Ville : Tetouan Detail de l'annonce : Audi A6 model 2000 douanier 2010 motor 1,9 dariba 1500dh.prix 67000DH Annonceur : Abdo Répondre l'annonceur Imprimer Signaler cette annonce Envoyer à un ami Partager sur Facebook Twitter LinkedIn Retour à la page précédente"
7580698,https://www.marocannonces.com/categorie/314/Voitures-occasion/annonce/7580698/508-20L-(D-1).html,marocannonces,2026-10-02,2026-10-02 02:34:54,508 2.0L (D-1),Peugeot,508,,2011.0,200000.0,Diesel,Manuelle,08-10 chevaux,,Occasion,,,Particulier,,,Rabat,Rabat-Salé-Kénitra,110000.0,4.0,"110 000 DH 508 2.0L (D-1) Rabat Vue: 54 Annonce N°: 7580698 Marque: Peugeot Modèle: 508 Année : 2011 Kilométrage : 200000 Carburant  : Diesel Puissance : 08-10 chevaux Ville : Rabat Detail de l'annonce : Bonjour En vente ma voiture en urgence. Diesel, couleur bleu foncé, vitesse manuel 6eme, jantes alu, detecteur pluie et nuit, clim auto, sieges auto, modele fin 2011. Prix sacrifié Annonceur : Alae Répondre l'annonceur Imprimer Signaler cette annonce Envoyer à un ami Partager sur Facebook Twitter LinkedIn Retour à la page précédente"
7580378,https://www.marocannonces.com/categorie/314/Voitures-occasion/annonce/7580378/Volkswagen-passat-diesel.html,marocannonces,2026-10-02,2026-10-02 02:34:56,Volkswagen passat diesel,Volkswagen,Passat,,2010.0,141300.0,Diesel,Automatique,08-10 chevaux,,Neuf,,,Particulier,,,Rabat,Rabat-Salé-Kénitra,132500.0,8.0,"132 500 DH Volkswagen passat diesel Rabat Vue: 49 Annonce N°: 7580378 Marque: Volkswagen Modèle: Passat Année : 2010 Kilométrage : 141300 Carburant  : Diesel Puissance : 08-10 chevaux Ville : Rabat Detail de l'annonce : Je vent ma voiture volkswagen passat diesel model fin 2009, 8 chevaux / 4 cylindres 2.0 litre moteur neuf, moteur version passât cc 2 litres le meilleur moteur du volkswagen. boit à vitesse manuel 6emm vitesses aussi neuve, carrosserie parfait état la suspension les amortisseurs les rutiles tous et comme neuf même le cache moteur inferieure et les caches pneus c comme neuf, toutes les pièces changées à la maison. le mois 7 /2018 j ais changé le kit de distribution (couroi + 4 tendeurs) + couroi d alternateur +4 pneus bridgestone + huile moteur 5w30 avec 4 filtres, le salon les cousins et le tableau de bord comme neufs. le parcoure c139890 km c le vrais parcours et aussi la grande parti de ce parcoure fait à l’auto route. cette passât a 8 air bagues, avec siège électrique, clime automatique. came de recule .écran tactile.   radar de recul. fermeture et ouverture des portes et les vitres à distance, le coffre par commande de la clé .4 vitres électrique. système abs et anti patinage. régulateur et limiteur de vitesse. anti brouillard. frein à main automatique…….. la voiture est tors gâtée. Annonceur : lhaj Répondre l'annonceur Imprimer Signaler cette annonce Envoyer à un ami Partager sur Facebook Twitter LinkedIn Retour à la page précédente"
7580603,https://www.marocannonces.com/categorie/314/Voitures-occasion/annonce/7580603/Peugeot-405.html,marocannonces,2026-10-02,2026-10-02 02:34:56,Peugeot 405,Peugeot,405,,1989.0,,Diesel,,08-10 chevaux,Dédouanée,Occasion,,,Particulier,,,Casablanca,Casablanca-Settat,25000.0,2.0,"25 000 DH Peugeot 405 Casablanca Vue: 74 Annonce N°: 7580603 Marque: Peugeot Modèle: 405 Année : 1989 Carburant  : Diesel Puissance : 08-10 chevaux Ville : Casablanca Detail de l'annonce : Bonjour , je mets en vente ma voiture 405 signature , bon etat , diesel , modéle 89 dédouanée en 1994 ; voiture bon état. Annonceur : Kamal Répondre l'annonceur Imprimer Signaler cette annonce Envoyer à un ami Partager sur Facebook Twitter LinkedIn Retour à la page précédente"
7580622,https://www.marocannonces.com/categorie/314/Voitures-occasion/annonce/7580622/HONDA-JAZZ.html,marocannonces,2026-10-02,2026-10-02 02:34:57,HONDA JAZZ,Honda,JAZZ,,2007.0,80660.0,Essence,,08-10 chevaux,,Occasion,,,Particulier,,,Settat,Casablanca-Settat,58000.0,8.0,58 000 DH HONDA JAZZ Settat Vue: 45 Annonce N°: 7580622 Marque: Honda Modèle: JAZZ Année : 2007 Kilométrage : 80660 Carburant  : Essence Puissance : 08-10 chevaux Ville : Settat Detail de l'annonce : VOITURE TRES BON ETAT Annonceur : MOUTALIBI Répondre l'annonceur Imprimer Signaler cette annonce Envoyer à un ami Partager sur Facebook Twitter LinkedIn Retour à la page précédente
7579940,https://www.marocannonces.com/categorie/314/Voitures-occasion/annonce/7579940/Peugeot-308-a-vendre.html,marocannonces,2026-10-02,2026-10-02 02:34:58,Peugeot 308 a vendre,Peugeot,308,,2014.0,120000.0,Diesel,,05-07 chevaux,,Occasion,,,Particulier,,,Casablanca,Casablanca-Settat,140000.0,5.0,"140 000 DH Peugeot 308 a vendre Casablanca Vue: 37 Annonce N°: 7579940 Marque: Peugeot Modèle: 308 Année : 2014 Kilométrage : 120000 Carburant  : Diesel Puissance : 05-07 chevaux Ville : Casablanca Detail de l'annonce : Je mets en vente voiture peugeot 308 tt option annee 08/2014 clim auto, gps, radar de recul, vitre electrique ..... Annonceur : Othman Répondre l'annonceur Imprimer Signaler cette annonce Envoyer à un ami Partager sur Facebook Twitter LinkedIn Retour à la page précédente"
7580043,https://www.marocannonces.com/categorie/314/Voitures-occasion/annonce/7580043/megane-2-diesel-2006.html,marocannonces,2026-10-02,2026-10-02 02:35:00,megane 2 diesel 2006,Renault,Megane,,2006.0,200000.0,Diesel,,05-07 chevaux,,Occasion,,,Particulier,,,Casablanca,Casablanca-Settat,75000.0,1.0,75 000 DH megane 2 diesel 2006 Casablanca Vue: 72 Annonce N°: 7580043 Marque: Renault Modèle: Megane Année : 2006 Kilométrage : 200000 Carburant  : Diesel Puissance : 05-07 chevaux Ville : Casablanca Detail de l'annonce : renault megane 2 diesel 1.5 en bon etat Annonceur : reda Répondre l'annonceur Imprimer Signaler cette annonce Envoyer à un ami Partager sur Facebook Twitter LinkedIn Retour à la page précédente
7574064,https://www.marocannonces.com/categorie/314/Voitures-occasion/annonce/7574064/Peugeot-206-CC-Diesel.html,marocannonces,2026-10-02,2026-10-02 02:35:01,Peugeot 206 CC Diesel,Peugeot,206,,,,,,,,Occasion,,,Particulier,,,Agadir,Souss-Massa,58000.0,3.0,58 000 DH Peugeot 206 CC Diesel Agadir Vue: 31 Annonce N°: 7574064 Marque: Peugeot Modèle: 206 Detail de l'annonce : Je met en vente ma voiture Peugeot 206 Diesel Model 2002 en trés bon état. Annonceur : mohammed Répondre l'annonceur Imprimer Signaler cette annonce Envoyer à un ami Partager sur Facebook Twitter LinkedIn Retour à la page précédente
7579276,https://www.marocannonces.com/categorie/314/Voitures-occasion/annonce/7579276/Hyundai-accent-a-vendre.html,marocannonces,2026-10-02,2026-10-02 02:35:02,Hyundai accent a vendre,Hyundai,Accent,,2017.0,21000.0,Diesel,,05-07 chevaux,,Occasion,1,,Particulier,,,Casablanca,Casablanca-Settat,150000.0,5.0,150 000 DH Hyundai accent a vendre Casablanca Vue: 38 Annonce N°: 7579276 Marque: Hyundai Modèle: Accent Année : 2017 Kilométrage : 21000 Carburant  : Diesel Puissance : 05-07 chevaux Ville : Casablanca Detail de l'annonce : je met ma voiture Hyundai accent en bonne état toute option première main Annonceur : RAJAE Répondre l'annonceur Imprimer Signaler cette annonce Envoyer à un ami Partager sur Facebook Twitter LinkedIn Retour à la page précédente
7579202,https://www.marocannonces.com/categorie/314/Voitures-occasion/annonce/7579202/HYUNDAI-I10.html,marocannonces,2026-10-02,2026-10-02 02:35:03,HYUNDAI I10,Hyundai,I10,,2016.0,5800.0,Essence,Automatique,05-07 chevaux,,Occasion,,,Particulier,,,Casablanca,Casablanca-Settat,75000.0,1.0,75 000 DH HYUNDAI I10 Casablanca Vue: 110 Annonce N°: 7579202 Marque: Hyundai Modèle: I10 Année : 2016 Kilométrage : 5800 Carburant  : Essence Puissance : 05-07 chevaux Ville : Casablanca Detail de l'annonce : للبيع Année 2016 Boite de vitesses Automatique Carburant Essence Puissance fiscale 6 Nombre de portes 4 Couleur Orange Annonceur : fatimadokala Répondre l'annonceur Imprimer Signaler cette annonce Envoyer à un ami Partager sur Facebook Twitter LinkedIn Retour à la page précédente
7574375,https://www.marocannonces.com/categorie/314/Voitures-occasion/annonce/7574375/Fiat-panda.html,marocannonces,2026-10-02,2026-10-02 02:35:03,Fiat panda,Fiat,PANDA,,,,,,,,Occasion,,,Particulier,,,Fès,Fès-Meknès,45000.0,4.0,45 000 DH Fiat panda Fès Vue: 67 Annonce N°: 7574375 Marque: Fiat Modèle: PANDA Detail de l'annonce : Je mets en vente ma voiture fiat panda modèle 2009 essence.5cv. 123000 km Annonceur : Omar Répondre l'annonceur Imprimer Signaler cette annonce Envoyer à un ami Partager sur Facebook Twitter LinkedIn Retour à la page précédente
7579065,https://www.marocannonces.com/categorie/314/Voitures-occasion/annonce/7579065/Sandero-essence-a-vendre.html,marocannonces,2026-10-02,2026-10-02 02:35:04,Sandero essence a vendre,Dacia,Sandero,,2010.0,102000.0,Essence,,05-07 chevaux,,Occasion,,,Particulier,,,Casablanca,Casablanca-Settat,53000.0,1.0,"53 000 DH Sandero essence a vendre Casablanca Vue: 30 Annonce N°: 7579065 Marque: Dacia Modèle: Sandero Année : 2010 Kilométrage : 102000 Carburant  : Essence Puissance : 05-07 chevaux Ville : Casablanca Detail de l'annonce : Bonjour je mets ma voiture sandero essence module 2010 jamais accidente, très bonne état , contactez moi pour plus d'information Annonceur : khalid Répondre l'annonceur Imprimer Signaler cette annonce Envoyer à un ami Partager sur Facebook Twitter LinkedIn Retour à la page précédente"
7578795,https://www.marocannonces.com/categorie/314/Voitures-occasion/annonce/7578795/HONDA-JAZZ.html,marocannonces,2026-10-02,2026-10-02 02:35:05,HONDA JAZZ,Honda,JAZZ,,2007.0,80275.0,Essence,,08-10 chevaux,,Occasion,,,Particulier,,,Settat,Casablanca-Settat,57000.0,7.0,57 000 DH HONDA JAZZ Settat Vue: 69 Annonce N°: 7578795 Marque: Honda Modèle: JAZZ Année : 2007 Kilométrage : 80275 Carburant  : Essence Puissance : 08-10 chevaux Ville : Settat Detail de l'annonce : VOITURE HONDA JAZZ MODELE 2007.TRES BON ETAT.BIEN ENTRETENU. Annonceur : MOUTALIBI Répondre l'annonceur Imprimer Signaler cette annonce Envoyer à un ami Partager sur Facebook Twitter LinkedIn Retour à la page précédente
7578506,https://www.marocannonces.com/categorie/314/Voitures-occasion/annonce/7578506/Voiture-ford-focus-sport.html,marocannonces,2026-10-02,2026-10-02 02:35:06,Voiture ford focus sport,Ford,Focus,,2013.0,90000.0,Diesel,,05-07 chevaux,,Occasion,,,Particulier,,,Salé,Rabat-Salé-Kénitra,135000.0,1.0,135 000 DH Voiture ford focus sport Salé Vue: 16 Annonce N°: 7578506 Marque: Ford Modèle: Focus Année : 2013 Kilométrage : 90000 Carburant  : Diesel Puissance : 05-07 chevaux Ville : Salé Detail de l'annonce : Je mets en vente une ford focus sport en très bonne état toutes options fin 2013 Annonceur : lamrani yazid Répondre l'annonceur Imprimer Signaler cette annonce Envoyer à un ami Partager sur Facebook Twitter LinkedIn Retour à la page précédente
7578919,https://www.marocannonces.com/categorie/314/Voitures-occasion/annonce/7578919/Peugeot-Diesel-en-bonne-état.html,marocannonces,2026-10-02,2026-10-02 02:35:07,Peugeot Diesel en bonne état,Peugeot,206,,2003.0,,Diesel,,05-07 chevaux,,Neuf,,,Particulier,,,Agadir,Souss-Massa,57000.0,4.0,"57 000 DH Peugeot Diesel en bonne état Agadir Vue: 80 Annonce N°: 7578919 Marque: Peugeot Modèle: 206 Année : 2003 Carburant  : Diesel Puissance : 05-07 chevaux Ville : Agadir Detail de l'annonce : Bonjour, Je vend Peugeot 206+ Diesel mod 2003 toute option jamais accidentée, fermeture centralisée, airbag, Direction assistée, pneus comme neufs, aucune réparation à prévoir, ji o rkab, disponible à Agadir. NB : Le prix est fiix svp en 57000 dh pas de négociations. Smassria bla mataslo. Annonceur : FAHIM AZEDINE Répondre l'annonceur Imprimer Signaler cette annonce Envoyer à un ami Partager sur Facebook Twitter LinkedIn Retour à la page précédente"
7578728,https://www.marocannonces.com/categorie/314/Voitures-occasion/annonce/7578728/Vente-ford-focus.html,marocannonces,2026-10-02,2026-10-02 02:35:08,Vente ford focus,Ford,Focus,,2013.0,99000.0,Diesel,,05-07 chevaux,,Occasion,,,Particulier,,,Casablanca,Casablanca-Settat,133000.0,6.0,133 000 DH Vente ford focus Casablanca Vue: 34 Annonce N°: 7578728 Marque: Ford Modèle: Focus Année : 2013 Kilométrage : 99000 Carburant  : Diesel Puissance : 05-07 chevaux Ville : Casablanca Detail de l'annonce : Je met en vente ford focus model 7/2013.toute option.bonne etat.prix raisonable Annonceur : Mourad Répondre l'annonceur Imprimer Signaler cette annonce Envoyer à un ami Partager sur Facebook Twitter LinkedIn Retour à la page précédente
7578710,https://www.marocannonces.com/categorie/314/Voitures-occasion/annonce/7578710/GOLF-4-A-VENDREREPRISE.html,marocannonces,2026-10-02,2026-10-02 02:35:09,GOLF 4 A VENDRE/REPRISE,Volkswagen,Golf,,1999.0,260000.0,Diesel,,08-10 chevaux,,Occasion,,,Particulier,,,Marrakech,Marrakech-Safi,70000.0,4.0,"70 000 DH GOLF 4 A VENDRE/REPRISE Marrakech Vue: 35 Annonce N°: 7578710 Marque: Volkswagen Modèle: Golf Année : 1999 Kilométrage : 260000 Carburant  : Diesel Puissance : 08-10 chevaux Ville : Marrakech Detail de l'annonce : Je mets en vente ma voiture GOLF 4  modèle 1999, dédouanement 2010 en bonne état avec possibilité de reprise. - 5eme vitesse 110 HP , - 4 vitres électriques - 4 airbags, ; - direction assistée réglable, - ABS ,alarme d'origine VW, - jantes aluminium 16 pouces, Pour plus d'information contactez moi! Annonceur : Mohamed Répondre l'annonceur Imprimer Signaler cette annonce Envoyer à un ami Partager sur Facebook Twitter LinkedIn Retour à la page précédente"
7578669,https://www.marocannonces.com/categorie/314/Voitures-occasion/annonce/7578669/Audi-q7-tdi-v-12-diesel.html,marocannonces,2026-10-02,2026-10-02 02:35:10,Audi q7 tdi v 12 diesel,Audi,Q7,,2009.0,130000.0,Diesel,,13 chevaux,,Occasion,,,Particulier,,,Casablanca,Casablanca-Settat,440000.0,5.0,440 000 DH Audi q7 tdi v 12 diesel Casablanca Vue: 162 Annonce N°: 7578669 Marque: Audi Modèle: Q7 Année : 2009 Kilométrage : 130000 Carburant  : Diesel Puissance : 13 chevaux Ville : Casablanca Detail de l'annonce : Je mets en vente ma voiture de Marque AUDI Q7 TDI V 12 Diesel en très bonne état toute Option avec un prix raisonnable Annonceur : BENMEZIANE Chaib Répondre l'annonceur Imprimer Signaler cette annonce Envoyer à un ami Partager sur Facebook Twitter LinkedIn Retour à la page précédente
7578554,https://www.marocannonces.com/categorie/314/Voitures-occasion/annonce/7578554/Renault-25-BakaRa.html,marocannonces,2026-10-02,2026-10-02 02:35:11,Renault 25 BakaRa,Renault,R25,,1990.0,333000.0,Diesel,,08-10 chevaux,,Occasion,,,Particulier,,,Casablanca,Casablanca-Settat,32000.0,6.0,32 000 DH Renault 25 BakaRa Casablanca Vue: 235 Annonce N°: 7578554 Marque: Renault Modèle: R25 Année : 1990 Kilométrage : 333000 Carburant  : Diesel Puissance : 08-10 chevaux Ville : Casablanca Detail de l'annonce : Renault 25 mazala ne9ia bzff salon couir électrice jaje électrice centralisées ABS ...... motour turbo gerinat. Wera9 kolechi khalass Chihaja ketar numéro fiha whatsapp o téléphone Annonceur : Omar Répondre l'annonceur Imprimer Signaler cette annonce Envoyer à un ami Partager sur Facebook Twitter LinkedIn Retour à la page précédente
7543665,https://www.marocannonces.com/categorie/314/Voitures-occasion/annonce/7543665/BMW-318-SPORT-LINE.html,marocannonces,2026-10-02,2026-10-02 02:35:12,BMW 318 SPORT LINE,BMW,Serie 3,,2014.0,150000.0,Diesel,Automatique,,,Neuf,,,Particulier,,,Casablanca,Casablanca-Settat,255000.0,6.0,"255 000 DH BMW 318 SPORT LINE Casablanca Vue: 68 Annonce N°: 7543665 Marque: BMW Modèle: Serie 3 Année : 2014 Kilométrage : 150000 Carburant  : Diesel Ville : Casablanca Detail de l'annonce : Je mets en vente ma voiture BMW 318 SPORT LINE, très bon état, entretenu exclusivement chez SMEIA Equipements: Boite de vitesse automatique ""steptronic"" à 8 rapports Jantes en Aluminium 17"" Climatisation automatique bizones y compris diffuseurs à l'arrière Phares Bi Xénon Détecteur d'obstacle à l'arrière Détecteur de pluie et feux automatiques Sièges Sport conducteur et passager avant Badge ""Sport"" sur les côtés Seuils des portes Av. Aluminium, inscription ""BMW SPORT"" Encadrement des vitres latérales en chrome brillant Coutures rouges sur volant cuir et sièges ABS, contrôle de freinage en courbe, système anti-patinage, Anti démarrage électronique) 8 airbags 2 télécommandes état neuf Véhicules acheté neuf à 430.000 DH TTC Annonceur : EL ALAOUI Répondre l'annonceur Imprimer Signaler cette annonce Envoyer à un ami Partager sur Facebook Twitter LinkedIn Retour à la page précédente"
7578325,https://www.marocannonces.com/categorie/314/Voitures-occasion/annonce/7578325/vente-de-406-essence.html,marocannonces,2026-10-02,2026-10-02 02:35:13,vente de 406 essence,Peugeot,406,,2001.0,230000.0,Essence,,08-10 chevaux,,Occasion,,,Particulier,,,Laayoune,Laâyoune-Sakia El Hamra,39000.0,5.0,39 000 DH vente de 406 essence Laayoune Vue: 40 Annonce N°: 7578325 Marque: Peugeot Modèle: 406 Année : 2001 Kilométrage : 230000 Carburant  : Essence Puissance : 08-10 chevaux Ville : Laayoune Detail de l'annonce : je met en vente 406 essence en bonne etat toute option vignette 650 dhs Annonceur : rachid Répondre l'annonceur Imprimer Signaler cette annonce Envoyer à un ami Partager sur Facebook Twitter LinkedIn Retour à la page précédente
7578240,https://www.marocannonces.com/categorie/314/Voitures-occasion/annonce/7578240/Ford-Fiesta-Essence.html,marocannonces,2026-10-02,2026-10-02 02:35:13,Ford Fiesta Essence,Ford,Fiesta,,2008.0,120000.0,Essence,,05-07 chevaux,,Neuf,,,Particulier,,,Agadir,Souss-Massa,49000.0,4.0,"49 000 DH Ford Fiesta Essence Agadir Vue: 104 Annonce N°: 7578240 Marque: Ford Modèle: Fiesta Année : 2008 Kilométrage : 120000 Carburant  : Essence Puissance : 05-07 chevaux Ville : Agadir Detail de l'annonce : Bonjour je met en vente ma propre Ford Fiesta 2008, 2eme main, très bonne état, faible consommation, airbag, clim, Pneu neufs, Annonceur : Redouan Répondre l'annonceur Imprimer Signaler cette annonce Envoyer à un ami Partager sur Facebook Twitter LinkedIn Retour à la page précédente"
7577925,https://www.marocannonces.com/categorie/314/Voitures-occasion/annonce/7577925/Renault-Kangoo-dci-Diesel-2011.html,marocannonces,2026-10-02,2026-10-02 02:35:15,Renault Kangoo dci Diesel -2011,Renault,Kangoo,,2011.0,198000.0,Diesel,,05-07 chevaux,,Occasion,,,Particulier,,,Casablanca,Casablanca-Settat,68000.0,5.0,"68 000 DH Renault Kangoo dci Diesel -2011 Casablanca Vue: 47 Annonce N°: 7577925 Marque: Renault Modèle: Kangoo Année : 2011 Kilométrage : 198000 Carburant  : Diesel Puissance : 05-07 chevaux Ville : Casablanca Detail de l'annonce : Salamo3alakom, Kouty hadi l'Auto dyali lbi3, ya3ni makayn la samsar la walo, mar7ba bikom. L'auto est en bon état, ma3amerha dart ksida (Allah i7fad), et le prix est négociable. Annonceur : Ayoub Répondre l'annonceur Imprimer Signaler cette annonce Envoyer à un ami Partager sur Facebook Twitter LinkedIn Retour à la page précédente"
7549465,https://www.marocannonces.com/categorie/314/Voitures-occasion/annonce/7549465/Palio-2000-a-vendre.html,marocannonces,2026-10-02,2026-10-02 02:35:16,Palio 2000 a vendre,Fiat,Palio,,2000.0,,,,,,Occasion,,,Particulier,,,Casablanca,Casablanca-Settat,37000.0,3.0,"37 000 DH Palio 2000 a vendre Casablanca Vue: 41 Annonce N°: 7549465 Marque: Fiat Modèle: Palio Detail de l'annonce : Palio diesel, 2000 ,poretes centralises,bonne etat.samsar s absente Annonceur : idrissi Répondre l'annonceur Imprimer Signaler cette annonce Envoyer à un ami Partager sur Facebook Twitter LinkedIn Retour à la page précédente"
7577351,https://www.marocannonces.com/categorie/314/Voitures-occasion/annonce/7577351/Audi-a3-s-tronic-tdi-diesel-full-option.html,marocannonces,2026-10-02,2026-10-02 02:35:17,Audi a3- s- tronic tdi diesel full option,Audi,A3,,2014.0,89000.0,Diesel,Automatique,05-07 chevaux,,Occasion,1,,Particulier,0626810842,162e8f3595700f2985034556689f16f38fec17c25f2f130f0b9d023e404a1874,Tanger,Tanger-Tétouan-Al Hoceïma,255000.0,8.0,"255 000 DH Audi a3- s- tronic tdi diesel full option Tanger Vue: 48 Annonce N°: 7577351 Marque: Audi Modèle: A3 Année : 2014 Kilométrage : 89000 Carburant  : Diesel Puissance : 05-07 chevaux Ville : Tanger Detail de l'annonce : Je mets en vente ma voiture audi A3- S- tronic TDI diesel full option d'origine Allemande dedouaner 2018  en excellent etat 1ER main entretien maison   model fin 2014 * vitesse automatique . * Ecrant GPS cacher avec caméra de recul . * . . tois panoramique ouvrant * Distronik de distance avec régalisateur de vitéss . * Siége cuire éléctrik chauffont klim digital bizon avant et arriére . * Tableu de bord digital . * Reconnaissance de fatigue . * LED avant arrirére MATRIX éclairage auto bi-éxenon . * Démarage avec boutton start et stop . * Emprinte ouverture avec 2 clés originale . * Aide de stastionement automatique . * regelateur de vetesse automatique •	Pour de plus d'informations, n'hésitez pas a nous contacter 0626810842 . Annonceur : alomamplaza Répondre l'annonceur Imprimer Signaler cette annonce Envoyer à un ami Partager sur Facebook Twitter LinkedIn Retour à la page précédente"
7577267,https://www.marocannonces.com/categorie/314/Voitures-occasion/annonce/7577267/Dacia-Logan-Diesel-2015.html,marocannonces,2026-10-02,2026-10-02 02:35:17,Dacia Logan Diesel 2015,Dacia,Logan,,2015.0,90000.0,Diesel,,05-07 chevaux,,Occasion,1,,Particulier,,,Casablanca,Casablanca-Settat,90000.0,3.0,"90 000 DH Dacia Logan Diesel 2015 Casablanca Vue: 68 Annonce N°: 7577267 Marque: Dacia Modèle: Logan Année : 2015 Kilométrage : 90000 Carburant  : Diesel Puissance : 05-07 chevaux Ville : Casablanca Detail de l'annonce : Je mets en vente ma belle voiture Dacia Logan Modèle 2015 , première main , toute option . - Climatisation - Jantes Aluminium - Vitres électriques - Commandes Radio , CD , Clé USB - Bluethouth par téléphone - Anti-brouillage AVEC UN BON PRIX ET RAISONNABLE . Annonceur : SEFRIWI Répondre l'annonceur Imprimer Signaler cette annonce Envoyer à un ami Partager sur Facebook Twitter LinkedIn Retour à la page précédente"
7577127,https://www.marocannonces.com/categorie/314/Voitures-occasion/annonce/7577127/Fiat-punto.html,marocannonces,2026-10-02,2026-10-02 02:35:18,Fiat punto,Fiat,Punto,,2011.0,70000.0,Essence,,05-07 chevaux,,Occasion,,,Particulier,,,Casablanca,Casablanca-Settat,,3.0,"Prix : N/A Fiat punto Casablanca Vue: 40 Annonce N°: 7577127 Marque: Fiat Modèle: Punto Année : 2011 Kilométrage : 70000 Carburant  : Essence Puissance : 05-07 chevaux Ville : Casablanca Detail de l'annonce : FIAT PUNTO D'OCCASIONS À NE PAS RATER ,MOTEUR EN TRÈS BON ÉTAT, COULEUR D'ORIGINE ET JAMAIS ACCIDENTÉ. wts +33632024348 ESSENCE,7 CH Annonceur : mostafa legter Répondre l'annonceur Imprimer Signaler cette annonce Envoyer à un ami Partager sur Facebook Twitter LinkedIn Retour à la page précédente"
7455009,https://www.marocannonces.com/categorie/314/Voitures-occasion/annonce/7455009/Mercedes-250-turbo.html,marocannonces,2026-10-02,2026-10-02 02:35:19,Mercedes 250 turbo,Mercedes-Benz,250 D,,1992.0,350000.0,Diesel,,08-10 chevaux,Dédouanée,Occasion,,,Particulier,,,Casablanca,Casablanca-Settat,55000.0,1.0,"55 000 DH Mercedes 250 turbo Casablanca Vue: 25 Annonce N°: 7455009 Marque: Mercedes-Benz Modèle: 250 D Année : 1992 Kilométrage : 350000 Carburant  : Diesel Puissance : 08-10 chevaux Ville : Casablanca Detail de l'annonce : je met en vente une Mercedes 250 turbo diesel en très bon état, dédouanée en 2000, très bonne voiture moteur impeccable Annonceur : Utilisateur Répondre l'annonceur Imprimer Signaler cette annonce Envoyer à un ami Partager sur Facebook Twitter LinkedIn Retour à la page précédente"
7576761,https://www.marocannonces.com/categorie/314/Voitures-occasion/annonce/7576761/peugeot-206.html,marocannonces,2026-10-02,2026-10-02 02:35:20,peugeot 206,Peugeot,206,,2001.0,77000.0,Essence,,05-07 chevaux,,Occasion,,,Particulier,,,Casablanca,Casablanca-Settat,46000.0,3.0,46 000 DH peugeot 206 Casablanca Vue: 115 Annonce N°: 7576761 Marque: Peugeot Modèle: 206 Année : 2001 Kilométrage : 77000 Carburant  : Essence Puissance : 05-07 chevaux Ville : Casablanca Detail de l'annonce : mazala n9iya bzaaaf Annonceur : abdo abdou Répondre l'annonceur Imprimer Signaler cette annonce Envoyer à un ami Partager sur Facebook Twitter LinkedIn Retour à la page précédente
5387076,https://www.marocannonces.com/categorie/314/Voitures-occasion/annonce/5387076/mercedes-turbo-diesel.html,marocannonces,2026-10-02,2026-10-02 02:35:21,mercedes turbo diesel,Mercedes-Benz,190,,,,,,,,Occasion,1,,Particulier,,,Mohammedia,Casablanca-Settat,60000.0,1.0,60 000 DH mercedes turbo diesel Mohammedia Vue: 41 Annonce N°: 5387076 Marque: Mercedes-Benz Modèle: 190 Detail de l'annonce : a vendre mercedes 190 2.5 turbo diesel model 1991 ded 12/2007.1er main au maroc . . . . . . . . . . . . . Annonceur : jamal boussar Répondre l'annonceur Imprimer Signaler cette annonce Envoyer à un ami Partager sur Facebook Twitter LinkedIn Retour à la page précédente
7576882,https://www.marocannonces.com/categorie/314/Voitures-occasion/annonce/7576882/vente-de-voiture-BMW.html,marocannonces,2026-10-02,2026-10-02 02:35:22,vente de voiture BMW,BMW,Serie 1,,2013.0,14000.0,Diesel,Automatique,08-10 chevaux,,Occasion,,,Particulier,,,Mohammedia,Casablanca-Settat,190000.0,1.0,"190 000 DH vente de voiture BMW Mohammedia Vue: 21 Annonce N°: 7576882 Marque: BMW Modèle: Serie 1 Année : 2013 Kilométrage : 140 00 Carburant  : Diesel Puissance : 08-10 chevaux Ville : Mohammedia Detail de l'annonce : Je mets en vente ma voiture BMW série 2L, toutes options, jantes aluminium,avec un intérieur rouge vif. limiteur de vitesse, Mode Economique, confort et mode sport. détecteur de pluie, climatiseur bi zone, allumage automatique En savoir plus sur Annonceur : issam EL MALKI Répondre l'annonceur Imprimer Signaler cette annonce Envoyer à un ami Partager sur Facebook Twitter LinkedIn Retour à la page précédente"
7576678,https://www.marocannonces.com/categorie/314/Voitures-occasion/annonce/7576678/Hondaaccorde-diesel.html,marocannonces,2026-10-02,2026-10-02 02:35:22,Hondaaccorde diesel,Honda,Accord,,2005.0,159000.0,Diesel,,08-10 chevaux,,Occasion,,,Particulier,,,Casablanca,Casablanca-Settat,80000.0,4.0,80 000 DH Hondaaccorde diesel Casablanca Vue: 59 Annonce N°: 7576678 Marque: Honda Modèle: Accord Année : 2005 Kilométrage : 159000 Carburant  : Diesel Puissance : 08-10 chevaux Ville : Casablanca Detail de l'annonce : Hondaaccorde diesel toute option Annonceur : Mehdi berrada Répondre l'annonceur Imprimer Signaler cette annonce Envoyer à un ami Partager sur Facebook Twitter LinkedIn Retour à la page précédente
7576676,https://www.marocannonces.com/categorie/314/Voitures-occasion/annonce/7576676/Dodge-Avenger-2012.html,marocannonces,2026-10-02,2026-10-02 02:35:23,Dodge Avenger 2012,Dodge,Avenger,,2012.0,111000.0,Diesel,,08-10 chevaux,,Occasion,,,Particulier,,,Marrakech,Marrakech-Safi,96000.0,6.0,"96 000 DH Dodge Avenger 2012 Marrakech Vue: 51 Annonce N°: 7576676 Marque: Dodge Modèle: Avenger Année : 2012 Kilométrage : 111000 Carburant  : Diesel Puissance : 08-10 chevaux Ville : Marrakech Detail de l'annonce : Bonjour je mets en vente ma voiture de luxe, en parfaite état de moteur et carrosserie.voiture tt option et robuste Annonceur : Noureddine Répondre l'annonceur Imprimer Signaler cette annonce Envoyer à un ami Partager sur Facebook Twitter LinkedIn Retour à la page précédente"
7576673,https://www.marocannonces.com/categorie/314/Voitures-occasion/annonce/7576673/Citroen-C3-2018-Diesel-WW-Neuve.html,marocannonces,2026-10-02,2026-10-02 02:35:24,Citroen C3 2018 Diesel WW Neuve,Citroën,C3,,2018.0,33.0,Diesel,,05-07 chevaux,WW au Maroc,Neuf,,,Particulier,,,Casablanca,Casablanca-Settat,135000.0,8.0,135 000 DH Citroen C3 2018 Diesel WW Neuve Casablanca Vue: 121 Annonce N°: 7576673 Marque: Citroen Modèle: C3 Année : 2018 Kilométrage : 33 Carburant  : Diesel Puissance : 05-07 chevaux Ville : Casablanca Detail de l'annonce : Je met en vente ma voiture C3 ww neuve Prix non négociable Annonceur : Mostafa Samih Répondre l'annonceur Imprimer Signaler cette annonce Envoyer à un ami Partager sur Facebook Twitter LinkedIn Retour à la page précédente
7576472,https://www.marocannonces.com/categorie/314/Voitures-occasion/annonce/7576472/Volvo-S80-diesel-automatique-toutes-options.html,marocannonces,2026-10-02,2026-10-02 02:35:25,Volvo S80 diesel automatique toutes options,Volvo,S80,,2004.0,190000.0,Diesel,Automatique,08-10 chevaux,,Neuf,,,Particulier,,,Casablanca,Casablanca-Settat,70000.0,5.0,70 000 DH Volvo S80 diesel automatique toutes options Casablanca Vue: 66 Annonce N°: 7576472 Marque: Volvo Modèle: S80 Année : 2004 Kilométrage : 190000 Carburant  : Diesel Puissance : 08-10 chevaux Ville : Casablanca Detail de l'annonce : Particulier met en vente Volvo S80 diesel automatique tres bon état intérieur et extérieur bleu nuit avec toutes options: Centralisé à distance avec système d'alarme clima bi-zone automatique radio cd cassettes d'origine Volvo jantes aluminium sièges chauffants et électriques salon cuire rétroviseurs aussi dégivrants batterie neuve vidange et filtres à jour. Moteur reconnu puissant et économique 6% sur ordinateur de bord. Annonceur : Karim Répondre l'annonceur Imprimer Signaler cette annonce Envoyer à un ami Partager sur Facebook Twitter LinkedIn Retour à la page précédente
7576121,https://www.marocannonces.com/categorie/314/Voitures-occasion/annonce/7576121/Honda-accord.html,marocannonces,2026-10-02,2026-10-02 02:35:26,Honda accord,Honda,Accord,,2006.0,160000.0,Essence,Automatique,11-13 chevaux,,Neuf,,,Particulier,,,Salé,Rabat-Salé-Kénitra,58000.0,5.0,"58 000 DH Honda accord Salé Vue: 81 Annonce N°: 7576121 Marque: Honda Modèle: Accord Année : 2006 Kilométrage : 160000 Carburant  : Essence Puissance : 11-13 chevaux Ville : Salé Detail de l'annonce : Honda accord essence à vendre modèle 2006 toutes options avec vitesse automatique , toit ouvrant , sièges cuir et chauffants, jantes alu...jamais accidentée et pneus neufs Annonceur : Karim Répondre l'annonceur Imprimer Signaler cette annonce Envoyer à un ami Partager sur Facebook Twitter LinkedIn Retour à la page précédente"
7576010,https://www.marocannonces.com/categorie/314/Voitures-occasion/annonce/7576010/Mercedes-250-1990.html,marocannonces,2026-10-02,2026-10-02 02:35:27,Mercedes 250 1990,Mercedes-Benz,250,,1990.0,475000.0,Diesel,,08-10 chevaux,Dédouanée,Occasion,,,Particulier,,,Rabat,Rabat-Salé-Kénitra,50000.0,8.0,"50 000 DH Mercedes 250 1990 Rabat Vue: 201 Annonce N°: 7576010 Marque: Mercedes-Benz Modèle: 250 Année : 1990 Kilométrage : 475000 Carburant  : Diesel Puissance : 08-10 chevaux Ville : Rabat Detail de l'annonce : Très bon état dédouané en 97, jantes alu, radio CD ... Annonceur : Mustapha Répondre l'annonceur Imprimer Signaler cette annonce Envoyer à un ami Partager sur Facebook Twitter LinkedIn Retour à la page précédente"
7575929,https://www.marocannonces.com/categorie/314/Voitures-occasion/annonce/7575929/AUDIT-Q5-SLINE.html,marocannonces,2026-10-02,2026-10-02 02:35:28,AUDIT Q5 SLINE,Audi,Q5,,2014.0,113000.0,Diesel,Automatique,08-10 chevaux,,Occasion,,,Particulier,,,Mohammedia,Casablanca-Settat,446000.0,4.0,446 000 DH AUDIT Q5 SLINE Mohammedia Vue: 67 Annonce N°: 7575929 Marque: Audi Modèle: Q5 Année : 2014 Kilométrage : 113000 Carburant  : Diesel Puissance : 08-10 chevaux Ville : Mohammedia Detail de l'annonce : Une Audi Q5 diesel full option modèle  2014  Deewana 2018 peinture d'origine jamais accidenté boîte vitesse automatique double toit panoramique démarrage star siège semi cuir volant multifonction caméra de recul Plus GPS régulateur de vitesse les vitres électriques clim bizone doblo xénon xénon LED avant et arrière parc radar pour plus d'informations merci de m’ appeler. Annonceur : RIZKI Répondre l'annonceur Imprimer Signaler cette annonce Envoyer à un ami Partager sur Facebook Twitter LinkedIn Retour à la page précédente
7575712,https://www.marocannonces.com/categorie/314/Voitures-occasion/annonce/7575712/Peugeot-208-hdi-pack-édition.html,marocannonces,2026-10-02,2026-10-02 02:35:29,Peugeot 208 hdi pack édition,Peugeot,208,,2016.0,22000.0,Diesel,,05-07 chevaux,,Occasion,1,,Particulier,,,Rabat,Rabat-Salé-Kénitra,135000.0,5.0,"135 000 DH Peugeot 208 hdi pack édition Rabat Vue: 40 Annonce N°: 7575712 Marque: Peugeot Modèle: 208 Année : 2016 Kilométrage : 22000 Carburant  : Diesel Puissance : 05-07 chevaux Ville : Rabat Detail de l'annonce : Je mets en vente ma voiture 208 , très propre ,1ère main jamais accidentée,en très bon état Annonceur : Laila Répondre l'annonceur Imprimer Signaler cette annonce Envoyer à un ami Partager sur Facebook Twitter LinkedIn Retour à la page précédente"
7575572,https://www.marocannonces.com/categorie/314/Voitures-occasion/annonce/7575572/Peugeot-307.html,marocannonces,2026-10-02,2026-10-02 02:35:30,Peugeot 307,Peugeot,307,,2003.0,460000.0,Diesel,,08-10 chevaux,,Occasion,,,Particulier,,,Casablanca,Casablanca-Settat,48000.0,5.0,48 000 DH Peugeot 307 Casablanca Vue: 105 Annonce N°: 7575572 Marque: Peugeot Modèle: 307 Année : 2003 Kilométrage : 460000 Carburant  : Diesel Puissance : 08-10 chevaux Ville : Casablanca Detail de l'annonce : Tt option clime digital jante poste sony air bag centralisé..... Ect Annonceur : Imadedine Répondre l'annonceur Imprimer Signaler cette annonce Envoyer à un ami Partager sur Facebook Twitter LinkedIn Retour à la page précédente
7575537,https://www.marocannonces.com/categorie/314/Voitures-occasion/annonce/7575537/Ford-focus.html,marocannonces,2026-10-02,2026-10-02 02:35:31,Ford focus,Ford,Focus,,2011.0,130000.0,Diesel,,05-07 chevaux,,Occasion,,,Particulier,,,Casablanca,Casablanca-Settat,110000.0,4.0,110 000 DH Ford focus Casablanca Vue: 41 Annonce N°: 7575537 Marque: Ford Modèle: Focus Année : 2011 Kilométrage : 130000 klm Carburant  : Diesel Puissance : 05-07 chevaux Ville : Casablanca Detail de l'annonce : Je met en vente ma ford focus ghia plus en parfait etat Annonceur : Youssef Répondre l'annonceur Imprimer Signaler cette annonce Envoyer à un ami Partager sur Facebook Twitter LinkedIn Retour à la page précédente
5014756,https://www.marocannonces.com/categorie/314/Voitures-occasion/annonce/5014756/Hyndai-i10-modéle-2013.html,marocannonces,2026-10-02,2026-10-02 02:35:32,Hyndai i10 modéle  2013,Hyundai,I10,,2013.0,26000.0,Essence,,05-07 chevaux,,Occasion,,,Particulier,,,Casablanca,Casablanca-Settat,78000.0,1.0,78 000 DH Hyndai i10 modéle  2013 Casablanca Vue: 20 Annonce N°: 5014756 Marque: Hyundai Modèle: I10 Année : 2013 Kilométrage : 26000 Carburant  : Essence Puissance : 05-07 chevaux Ville : Casablanca Detail de l'annonce : Je mets en vente une voiture i10 en très bon état et économique. Merci de me contacter pour plus d informations . . . . . . . . . . . . . . Annonceur : Bouchaib Répondre l'annonceur Imprimer Signaler cette annonce Envoyer à un ami Partager sur Facebook Twitter LinkedIn Retour à la page précédente
5014749,https://www.marocannonces.com/categorie/314/Voitures-occasion/annonce/5014749/Peugeot-Partner-2001-AMANAV.html,marocannonces,2026-10-02,2026-10-02 02:35:32,Peugeot Partner 2001_AMANAV,Peugeot,Partner,,2001.0,170000.0,Diesel,,05-07 chevaux,,Occasion,,,Particulier,,,Salé,Rabat-Salé-Kénitra,80000.0,1.0,"80 000 DH Peugeot Partner 2001_AMANAV Salé Vue: 15 Annonce N°: 5014749 Marque: Peugeot Modèle: Partner Année : 2001 Kilométrage : 170 000 km Carburant  : Diesel Puissance : 05-07 chevaux Ville : Salé Detail de l'annonce : la voiture est colorée en gris, avec un compartiment de deux portes vitrées. elle renferme également un porte baguage pour toutes services. . . . . . . . . . . . . . . Annonceur : AMZARGO Ali Répondre l'annonceur Imprimer Signaler cette annonce Envoyer à un ami Partager sur Facebook Twitter LinkedIn Retour à la page précédente"
5339749,https://www.marocannonces.com/categorie/314/Voitures-occasion/annonce/5339749/R19-alizé-model-1994.html,marocannonces,2026-10-02,2026-10-02 02:35:33,R19 alizé model 1994,Renault,19,,1994.0,230000.0,Diesel,,05-07 chevaux,Dédouanée,Occasion,,,Particulier,,,Rabat,Rabat-Salé-Kénitra,60000.0,3.0,60 000 DH R19 alizé model 1994 Rabat Vue: 15 Annonce N°: 5339749 Marque: Renault Modèle: 19 Année : 1994 Kilométrage : 230000 Carburant  : Diesel Puissance : 05-07 chevaux Ville : Rabat Detail de l'annonce : JE VEND MA VOITURE R19 DIESEL 7 CH MODEL 11/1994 DÉDOUANÉ 12/2004 EN TRÈS BONNE ETAT MOTEUR ET CARROSSERIE. . . . . . . . . . . . . . . Annonceur : benmzouz rachid Répondre l'annonceur Imprimer Signaler cette annonce Envoyer à un ami Partager sur Facebook Twitter LinkedIn Retour à la page précédente
7575212,https://www.marocannonces.com/categorie/314/Voitures-occasion/annonce/7575212/Audi-a6.html,marocannonces,2026-10-02,2026-10-02 02:35:34,Audi a6,Audi,A6,,2000.0,350000.0,Diesel,,08-10 chevaux,,Occasion,,,Particulier,,,Tout le Maroc,,67000.0,3.0,"67 000 DH Audi a6 Tout le Maroc Vue: 62 Annonce N°: 7575212 Marque: Audi Modèle: A6 Année : 2000 Kilométrage : 350 000 Carburant  : Diesel Puissance : 08-10 chevaux Ville : Tout le Maroc Detail de l'annonce : Audi A6 model 2000 douanie 2010 motor 1,9 dariba 1500dh.prix 67000DH Annonceur : Abdo Répondre l'annonceur Imprimer Signaler cette annonce Envoyer à un ami Partager sur Facebook Twitter LinkedIn Retour à la page précédente"
7575186,https://www.marocannonces.com/categorie/314/Voitures-occasion/annonce/7575186/Renault-megane-3.html,marocannonces,2026-10-02,2026-10-02 02:35:35,Renault megane 3,Renault,Megane,,2014.0,57000.0,Diesel,,05-07 chevaux,,Occasion,,,Particulier,,,Tanger,Tanger-Tétouan-Al Hoceïma,139000.0,5.0,139 000 DH Renault megane 3 Tanger Vue: 105 Annonce N°: 7575186 Marque: Renault Modèle: Megane Année : 2014 Kilométrage : 57000 Carburant  : Diesel Puissance : 05-07 chevaux Ville : Tanger Detail de l'annonce : Renault Megane 3 version limite model 2014 tout option tomobil 3amra dariba 700 dh taman 139000 dh kayna mofahama Annonceur : omar Répondre l'annonceur Imprimer Signaler cette annonce Envoyer à un ami Partager sur Facebook Twitter LinkedIn Retour à la page précédente
7574980,https://www.marocannonces.com/categorie/314/Voitures-occasion/annonce/7574980/Fiat-Panda-2017.html,marocannonces,2026-10-02,2026-10-02 02:35:36,Fiat Panda 2017,Fiat,PANDA,,2017.0,27980.0,Essence,,05-07 chevaux,,Neuf,,,Particulier,,,Agadir,Souss-Massa,84000.0,5.0,84 000 DH Fiat Panda 2017 Agadir Vue: 148 Annonce N°: 7574980 Marque: Fiat Modèle: PANDA Année : 2017 Kilométrage : 27980 Carburant  : Essence Puissance : 05-07 chevaux Ville : Agadir Detail de l'annonce : Excellente état mécanique et esthétique. Voiture neuve a peine 28000 . vidange et filtres fait cette semaine. Prix négociable Annonceur : Yassin Répondre l'annonceur Imprimer Signaler cette annonce Envoyer à un ami Partager sur Facebook Twitter LinkedIn Retour à la page précédente
7574702,https://www.marocannonces.com/categorie/314/Voitures-occasion/annonce/7574702/Audi-A6-model-2000.html,marocannonces,2026-10-02,2026-10-02 02:35:37,Audi A6 model 2000,Audi,A6,,2000.0,,Diesel,,,,Occasion,,,Particulier,,,Tetouan,Tanger-Tétouan-Al Hoceïma,67000.0,8.0,"67 000 DH Audi A6 model 2000 Tetouan Vue: 89 Annonce N°: 7574702 Marque: Audi Modèle: A6 Année : 2000 Carburant  : Diesel Ville : Tetouan Detail de l'annonce : Audi A6 model 2000 douanier 2010 motor 1,9 dariba 1500dh.prix 67000DH Annonceur : Abdo Répondre l'annonceur Imprimer Signaler cette annonce Envoyer à un ami Partager sur Facebook Twitter LinkedIn Retour à la page précédente"
7574665,https://www.marocannonces.com/categorie/314/Voitures-occasion/annonce/7574665/Ford-Focus-2013.html,marocannonces,2026-10-02,2026-10-02 02:35:38,Ford Focus 2013,Ford,Focus,,2013.0,124000.0,Diesel,,05-07 chevaux,,Occasion,,,Particulier,,,Kénitra,Rabat-Salé-Kénitra,120000.0,4.0,"120 000 DH Ford Focus 2013 Kénitra Vue: 29 Annonce N°: 7574665 Marque: Ford Modèle: Focus Année : 2013 Kilométrage : 124000 Carburant  : Diesel Puissance : 05-07 chevaux Ville : Kénitra Detail de l'annonce : je mets en vente ma voiture Ford Focus en excellent état mécanique très bon moteur salon propre, climat digital, toute option, modèle 2013 Annonceur : Hafid Répondre l'annonceur Imprimer Signaler cette annonce Envoyer à un ami Partager sur Facebook Twitter LinkedIn Retour à la page précédente"
6115091,https://www.marocannonces.com/categorie/314/Voitures-occasion/annonce/6115091/ford-transit-2012.html,marocannonces,2026-10-02,2026-10-02 02:35:39,ford transit 2012,Ford,Autre,,2013.0,100000.0,Diesel,,05-07 chevaux,,Occasion,,,Particulier,,,Casablanca,Casablanca-Settat,149000.0,1.0,149 000 DH ford transit 2012 Casablanca Vue: 142 Annonce N°: 6115091 Année : 2013 Kilométrage : 100000 Carburant  : Diesel Puissance : 05-07 chevaux Ville : Casablanca Detail de l'annonce : tres bonne etat bonne prix modele 12/2012 . . . . . . . . . . . Annonceur : salam Répondre l'annonceur Imprimer Signaler cette annonce Envoyer à un ami Partager sur Facebook Twitter LinkedIn Retour à la page précédente
7574609,https://www.marocannonces.com/categorie/314/Voitures-occasion/annonce/7574609/Palio-diesel.html,marocannonces,2026-10-02,2026-10-02 02:35:40,Palio diesel,Fiat,Palio,,1999.0,300000.0,Diesel,,05-07 chevaux,,Occasion,,,Particulier,,,Casablanca,Casablanca-Settat,36000.0,3.0,36 000 DH Palio diesel Casablanca Vue: 44 Annonce N°: 7574609 Marque: Fiat Modèle: Palio Année : 1999 Kilométrage : 300000 Carburant  : Diesel Puissance : 05-07 chevaux Ville : Casablanca Detail de l'annonce : Palio a vendre diesel merci de me contacter Annonceur : Reda Répondre l'annonceur Imprimer Signaler cette annonce Envoyer à un ami Partager sur Facebook Twitter LinkedIn Retour à la page précédente
7574557,https://www.marocannonces.com/categorie/314/Voitures-occasion/annonce/7574557/Mercedes-class-B-180-cdi.html,marocannonces,2026-10-02,2026-10-02 02:35:41,Mercedes class B 180 cdi,Mercedes-Benz,Classe B,,2007.0,120000.0,Diesel,,,,Occasion,,,Particulier,,,Casablanca,Casablanca-Settat,120000.0,3.0,120 000 DH Mercedes class B 180 cdi Casablanca Vue: 85 Annonce N°: 7574557 Marque: Mercedes-Benz Modèle: Classe B Année : 2007 Kilométrage : 120000 Carburant  : Diesel Ville : Casablanca Detail de l'annonce : Je met en vente mercedes benz class B 180 cdi system automatic tt options diesel bon etat et bon prix Annonceur : Simohamed Répondre l'annonceur Imprimer Signaler cette annonce Envoyer à un ami Partager sur Facebook Twitter LinkedIn Retour à la page précédente
7574489,https://www.marocannonces.com/categorie/314/Voitures-occasion/annonce/7574489/Renault-trafic-á-vendre.html,marocannonces,2026-10-02,2026-10-02 02:35:42,Renault trafic á vendre,Renault,Trafic,,2006.0,,Diesel,,,,Occasion,,,Particulier,,,Safi,Marrakech-Safi,45000.0,4.0,45 000 DH Renault trafic á vendre Safi Vue: 49 Annonce N°: 7574489 Marque: Renault Modèle: Trafic Année : 2006 Carburant  : Diesel Ville : Safi Detail de l'annonce : Renault trafic bonne etat á vendre Annonceur : Abdelkrim lamzaouak Répondre l'annonceur Imprimer Signaler cette annonce Envoyer à un ami Partager sur Facebook Twitter LinkedIn Retour à la page précédente
7574485,https://www.marocannonces.com/categorie/314/Voitures-occasion/annonce/7574485/Mercedes-Benz-250D-diesel.html,marocannonces,2026-10-02,2026-10-02 02:35:42,Mercedes Benz 250D diesel,Mercedes-Benz,250 D,,1989.0,,Diesel,,08-10 chevaux,Dédouanée,Occasion,,,Particulier,,,Marrakech,Marrakech-Safi,40000.0,6.0,"40 000 DH Mercedes Benz 250D diesel Marrakech Vue: 63 Annonce N°: 7574485 Marque: Mercedes-Benz Modèle: 250 D Année : 1989 Carburant  : Diesel Puissance : 08-10 chevaux Ville : Marrakech Detail de l'annonce : je mets en vente une Mercedess Benz 250 D,dédouané en 1994  , Vitres électriques Verrouillage centralisé. Pour plus d'information merci de me contacter; Annonceur : Ahmed EL BAHMANI Répondre l'annonceur Imprimer Signaler cette annonce Envoyer à un ami Partager sur Facebook Twitter LinkedIn Retour à la page précédente"
7574440,https://www.marocannonces.com/categorie/314/Voitures-occasion/annonce/7574440/Dacia-sandero-diesel-impecable.html,marocannonces,2026-10-02,2026-10-02 02:35:43,Dacia sandero diesel impecable,Dacia,Sandero,,2015.0,50000.0,Diesel,,05-07 chevaux,,Occasion,1,,Particulier,,,Agadir,Souss-Massa,80000.0,2.0,80 000 DH Dacia sandero diesel impecable Agadir Vue: 98 Annonce N°: 7574440 Marque: Dacia Modèle: Sandero Année : 2015 Kilométrage : 50000 Carburant  : Diesel Puissance : 05-07 chevaux Ville : Agadir Detail de l'annonce : Sandero diesel blanche diesel premiere main aucune réparation est a prevoir Annonceur : Kamal ox Répondre l'annonceur Imprimer Signaler cette annonce Envoyer à un ami Partager sur Facebook Twitter LinkedIn Retour à la page précédente
7574304,https://www.marocannonces.com/categorie/314/Voitures-occasion/annonce/7574304/Peugeot-307-Diesel-Oxygo.html,marocannonces,2026-10-02,2026-10-02 02:35:44,Peugeot 307 Diesel Oxygo,Peugeot,307,,2008.0,105000.0,Diesel,Automatique,05-07 chevaux,,Occasion,,,Particulier,,,Mohammedia,Casablanca-Settat,50000.0,4.0,"50 000 DH Peugeot 307 Diesel Oxygo Mohammedia Vue: 212 Annonce N°: 7574304 Marque: Peugeot Modèle: 307 Année : 2008 Kilométrage : 105000 Carburant  : Diesel Puissance : 05-07 chevaux Ville : Mohammedia Detail de l'annonce : Peugeot 307 diesel 1.6 hdi,toutes options, climatisation automatique biozone, commande radio au volant, fermeture centralisée, vitre électrique, voiture bien entretenue. Annonceur : patricia Répondre l'annonceur Imprimer Signaler cette annonce Envoyer à un ami Partager sur Facebook Twitter LinkedIn Retour à la page précédente"
7574260,https://www.marocannonces.com/categorie/314/Voitures-occasion/annonce/7574260/Voiture-gol-2007.html,marocannonces,2026-10-02,2026-10-02 02:35:46,Voiture gol 2007,Volkswagen,Gol,,2007.0,130000.0,Essence,,05-07 chevaux,,Occasion,,,Particulier,,,Casablanca,Casablanca-Settat,45000.0,5.0,45 000 DH Voiture gol 2007 Casablanca Vue: 61 Annonce N°: 7574260 Marque: Volkswagen Modèle: Gol Année : 2007 Kilométrage : 130000 Carburant  : Essence Puissance : 05-07 chevaux Ville : Casablanca Detail de l'annonce : Voiture gol 2007 6 chevaux Bon etat Annonceur : Fatima Répondre l'annonceur Imprimer Signaler cette annonce Envoyer à un ami Partager sur Facebook Twitter LinkedIn Retour à la page précédente
7574150,https://www.marocannonces.com/categorie/314/Voitures-occasion/annonce/7574150/Ford-Transit.html,marocannonces,2026-10-02,2026-10-02 02:35:47,Ford Transit,Ford,Transit,,2014.0,0.0,Diesel,,05-07 chevaux,,Occasion,,,Particulier,0706188154,fb798808f89aef85cfb206bdbc67a50bf415a518e17974a89440c5d083e820aa,Casablanca,Casablanca-Settat,150000.0,3.0,150 000 DH Ford Transit Casablanca Vue: 47 Annonce N°: 7574150 Marque: Ford Modèle: Transit Année : 2014 Kilométrage : 00000 Carburant  : Diesel Puissance : 05-07 chevaux Ville : Casablanca Detail de l'annonce : Société Budjet Vende des Ford Transit à bon prix model 2014 vitesse 5em pour plus d'informatios contacter mm sakina 0706188154 Annonceur : Sakina Répondre l'annonceur Imprimer Signaler cette annonce Envoyer à un ami Partager sur Facebook Twitter LinkedIn Retour à la page précédente
7574068,https://www.marocannonces.com/categorie/314/Voitures-occasion/annonce/7574068/Peugeot-308-active-diesel.html,marocannonces,2026-10-02,2026-10-02 02:35:48,Peugeot 308 active diesel,Peugeot,308,,2015.0,93300.0,Diesel,,05-07 chevaux,,Neuf,,,Particulier,,,Casablanca,Casablanca-Settat,145000.0,6.0,145 000 DH Peugeot 308 active diesel Casablanca Vue: 53 Annonce N°: 7574068 Marque: Peugeot Modèle: 308 Année : 2015 Kilométrage : 93300 Carburant  : Diesel Puissance : 05-07 chevaux Ville : Casablanca Detail de l'annonce : Je mets en vente ma voiture Peugeot 308 toute options. Modèle 2015 Jantes alu Régulateur et limiteur de vitesse Allumage auto Pneu neuf Ecran multifonction Volant multifonction Isofix Plus d'information n'esitez pas de me contacter Annonceur : Yassine Répondre l'annonceur Imprimer Signaler cette annonce Envoyer à un ami Partager sur Facebook Twitter LinkedIn Retour à la page précédente
6113391,https://www.marocannonces.com/categorie/314/Voitures-occasion/annonce/6113391/Peugeot-206-essence.html,marocannonces,2026-10-02,2026-10-02 02:35:49,Peugeot 206+ essence,Peugeot,206,,2012.0,90000.0,Essence,,05-07 chevaux,,Neuf,,,Particulier,,,Casablanca,Casablanca-Settat,75000.0,2.0,"75 000 DH Peugeot 206+ essence Casablanca Vue: 15 Annonce N°: 6113391 Marque: Peugeot Modèle: 206 Année : 2012 Kilométrage : 90000 Carburant  : Essence Puissance : 05-07 chevaux Ville : Casablanca Detail de l'annonce : Bonjour, je mets en vente ma voiture de marque peugeot 206 + , 6 cv, essence, model 09/2012, 1 ère main , de couleur gris dirham. voiture en parfaite état et jamais accidentée, très bien entretenue, faible consommation, en toutes options: climatisation - 2 airbags - système de freinage abs -esp - tableau de bord - antibrouillard - vitres avant électriques - rétroviseurs réglables - verrouillage centralisée - 2 clé d'origine - antidémarrage - condamnation des portes en roulant - salon propre non fumeur - peinture métallisée d'origine - poste radio cd- mp3 pionner - porte usb - pneu neuf. voiture en excellente état et aucune réparation à prévoir. prix raisonnable et légèrement négociable. veuillez me contacter pour toute information complémentaire. . . . . . . . . . . . Annonceur : Rabii Répondre l'annonceur Imprimer Signaler cette annonce Envoyer à un ami Partager sur Facebook Twitter LinkedIn Retour à la page précédente"
7573631,https://www.marocannonces.com/categorie/314/Voitures-occasion/annonce/7573631/BMW-serie-1.html,marocannonces,2026-10-02,2026-10-02 02:35:50,BMW serie 1,BMW,Serie 1,,2012.0,100000.0,Diesel,Automatique,08-10 chevaux,,Occasion,,,Particulier,,,Rabat,Rabat-Salé-Kénitra,90000.0,3.0,90 000 DH BMW serie 1 Rabat Vue: 317 Annonce N°: 7573631 Marque: BMW Modèle: Serie 1 Année : 2012 Kilométrage : 100000 Carburant  : Diesel Puissance : 08-10 chevaux Ville : Rabat Detail de l'annonce : BMW Série 1 Année : 2012 Mise en circulation : 12/6/2012 Kilomètres : 100000km Carburant : diésel Boîte à vitesse : automatique Carrosserie : coupés Nombre de porte : 2 Couleur : bleu foncé Cylindre : 4 Puissance fiscale : 8 Prix : 90.000dh Annonceur : Ouidad Répondre l'annonceur Imprimer Signaler cette annonce Envoyer à un ami Partager sur Facebook Twitter LinkedIn Retour à la page précédente
7573368,https://www.marocannonces.com/categorie/314/Voitures-occasion/annonce/7573368/308-a-vendre.html,marocannonces,2026-10-02,2026-10-02 02:35:51,308 a vendre,Peugeot,308,,2008.0,67930.0,Diesel,,05-07 chevaux,,Occasion,,,Particulier,,,Casablanca,Casablanca-Settat,95000.0,1.0,95 000 DH 308 a vendre Casablanca Vue: 41 Annonce N°: 7573368 Marque: Peugeot Modèle: 308 Année : 2008 Kilométrage : 67930 Carburant  : Diesel Puissance : 05-07 chevaux Ville : Casablanca Detail de l'annonce : Vente de 308 véhicule en bon état quelques réparations minimes à prévoir. nombre de kilométrages très réduit. Annonceur : NASSOR AMAL Répondre l'annonceur Imprimer Signaler cette annonce Envoyer à un ami Partager sur Facebook Twitter LinkedIn Retour à la page précédente
7573165,https://www.marocannonces.com/categorie/314/Voitures-occasion/annonce/7573165/Dacia-Logan-Diesel-2013.html,marocannonces,2026-10-02,2026-10-02 02:35:52,Dacia Logan Diesel 2013,Dacia,Logan,,2013.0,,,,,,Neuf,,,Particulier,,,Casablanca,Casablanca-Settat,77000.0,6.0,"77 000 DH Dacia Logan Diesel 2013 Casablanca Vue: 40 Annonce N°: 7573165 Marque: Dacia Modèle: Logan Detail de l'annonce : Voiture en très bon état, Moteur comme neuf et puissant (assurez-vous par vous-mêmes), clime et 4 vitres électriques et volant assisté, Commandes radio/bluetooth au volant, Prix légèrement négociable Annonceur : Simohamed Répondre l'annonceur Imprimer Signaler cette annonce Envoyer à un ami Partager sur Facebook Twitter LinkedIn Retour à la page précédente"
7573211,https://www.marocannonces.com/categorie/314/Voitures-occasion/annonce/7573211/kia-sportage-disel.html,marocannonces,2026-10-02,2026-10-02 02:35:52,kia sportage disel,Kia,Sportage,,2005.0,300000.0,Diesel,,08-10 chevaux,,Occasion,,,Particulier,,,Mohammedia,Casablanca-Settat,65000.0,1.0,"65 000 DH kia sportage disel Mohammedia Vue: 26 Annonce N°: 7573211 Marque: Kia Modèle: Sportage Année : 2005 Kilométrage : 300000 Carburant  : Diesel Puissance : 08-10 chevaux Ville : Mohammedia Detail de l'annonce : salam, je mets en vente une superbe kia sportage diésel 8cv consommation normal toute option clim en marche jante en aluminium les pneus en très bonne état .voiture familiale et économique ; pour plus d'information veillez m’appeler; Intermédiaire et curieux s’abstenir. Prix négociable. Annonceur : mohamed Répondre l'annonceur Imprimer Signaler cette annonce Envoyer à un ami Partager sur Facebook Twitter LinkedIn Retour à la page précédente"
7573125,https://www.marocannonces.com/categorie/314/Voitures-occasion/annonce/7573125/308-diesel-2011.html,marocannonces,2026-10-02,2026-10-02 02:35:53,308 diesel 2011,Peugeot,308,,2011.0,159000.0,Diesel,,05-07 chevaux,,Occasion,,,Particulier,,,Casablanca,Casablanca-Settat,95000.0,4.0,95 000 DH 308 diesel 2011 Casablanca Vue: 36 Annonce N°: 7573125 Marque: Peugeot Modèle: 308 Année : 2011 Kilométrage : 159000 Carburant  : Diesel Puissance : 05-07 chevaux Ville : Casablanca Detail de l'annonce : Peugeot 308 a vendre 2011 diesel tt option Annonceur : moutaouaj nabil Répondre l'annonceur Imprimer Signaler cette annonce Envoyer à un ami Partager sur Facebook Twitter LinkedIn Retour à la page précédente
7572953,https://www.marocannonces.com/categorie/314/Voitures-occasion/annonce/7572953/AVENDRE-HONDA-CRV-ESSENCE.html,marocannonces,2026-10-02,2026-10-02 02:35:54,AVENDRE HONDA CRV ESSENCE,Honda,CR-V,,2003.0,87000.0,Essence,Automatique,11-13 chevaux,,Occasion,,,Particulier,,,Casablanca,Casablanca-Settat,47000.0,1.0,47 000 DH AVENDRE HONDA CRV ESSENCE Casablanca Vue: 26 Annonce N°: 7572953 Marque: Honda Modèle: CR-V Année : 2003 Kilométrage : 87000 Carburant  : Essence Puissance : 11-13 chevaux Ville : Casablanca Detail de l'annonce : AVENDRE .HONDA .CRV. ESSENCE .AUTOMATIQUE Annonceur : AMINEE Répondre l'annonceur Imprimer Signaler cette annonce Envoyer à un ami Partager sur Facebook Twitter LinkedIn Retour à la page précédente
6108473,https://www.marocannonces.com/categorie/314/Voitures-occasion/annonce/6108473/Ford-mondéo-2005.html,marocannonces,2026-10-02,2026-10-02 02:35:55,Ford mondéo 2005,Ford,Mondeo,,2005.0,182000.0,Essence,,11-13 chevaux,,Occasion,,,Particulier,0600393032,75186ebe5cce8296933c9c9133a487e098aef56543a20e542c55ccfa13c44c49,Casablanca,Casablanca-Settat,40000.0,1.0,"40 000 DH Ford mondéo 2005 Casablanca Vue: 10 Annonce N°: 6108473 Marque: Ford Modèle: Mondeo Année : 2005 Kilométrage : 182000 Carburant  : Essence Puissance : 11-13 chevaux Ville : Casablanca Detail de l'annonce : Ford mondeo année 2005, essence 11cv, 182.000 km, puissance130 cv, climatisée, air bags, vitres électriques, rétros électriques, abs, srs, fermeture centralisée télécommandée, ouverture coffre à distance, radio cd usb.... très bien entretenue, consommation correcte (7-8%) prix : 40.000dh appelez moi au 06 00 39 30 32 . . . . . . . . . . Annonceur : Hicham Répondre l'annonceur Imprimer Signaler cette annonce Envoyer à un ami Partager sur Facebook Twitter LinkedIn Retour à la page précédente"
7572990,https://www.marocannonces.com/categorie/314/Voitures-occasion/annonce/7572990/Opel-adam-essence-2016-neuve.html,marocannonces,2026-10-02,2026-10-02 02:35:55,Opel adam essence 2016 neuve,Opel,ADAM,,2016.0,20000.0,Essence,,08-10 chevaux,,Neuf,,,Particulier,,,Casablanca,Casablanca-Settat,132000.0,7.0,132 000 DH Opel adam essence 2016 neuve Casablanca Vue: 58 Annonce N°: 7572990 Marque: Opel Modèle: ADAM Année : 2016 Kilométrage : 20000 Carburant  : Essence Puissance : 08-10 chevaux Ville : Casablanca Detail de l'annonce : vend opel adam 2016 essence neuve. Toujours au garage. 20 000 kms. 8 chevaux fiscaux = 150 chevaux jantes alu noires de 18 pouces toit panoramique limitateur de vitesse régulateur de vitesse radio DVD android Annonceur : Hicham alami Répondre l'annonceur Imprimer Signaler cette annonce Envoyer à un ami Partager sur Facebook Twitter LinkedIn Retour à la page précédente
7572897,https://www.marocannonces.com/categorie/314/Voitures-occasion/annonce/7572897/Fiat-Uno-Essence-2000.html,marocannonces,2026-10-02,2026-10-02 02:35:56,Fiat Uno Essence -2000,Fiat,Uno,,2000.0,,Essence,,,,Neuf,,,Particulier,,,Rabat,Rabat-Salé-Kénitra,30000.0,6.0,"30 000 DH Fiat Uno Essence -2000 Rabat Vue: 47 Annonce N°: 7572897 Marque: Fiat Modèle: Uno Année : 2000 Carburant  : Essence Ville : Rabat Detail de l'annonce : Fiat uno model 2000 (mois 7) avec peinture et salon d'origine. à très faible consommation (130DH de Rabat à Tanger), pneus neufs. mécanique de très bon état, démarrage rapide et sans bruit, amortisseurs neufs. prix négociable. Annonceur : Haytam Répondre l'annonceur Imprimer Signaler cette annonce Envoyer à un ami Partager sur Facebook Twitter LinkedIn Retour à la page précédente"
7572100,https://www.marocannonces.com/categorie/314/Voitures-occasion/annonce/7572100/peugeot-205-diesel.html,marocannonces,2026-10-02,2026-10-02 02:35:57,peugeot 205 diesel,Peugeot,205,,1989.0,249000.0,Diesel,,05-07 chevaux,,Occasion,,,Particulier,,,Kénitra,Rabat-Salé-Kénitra,28000.0,1.0,28 000 DH peugeot 205 diesel Kénitra Vue: 177 Annonce N°: 7572100 Marque: Peugeot Modèle: 205 Année : 1989 Kilométrage : 249000 Carburant  : Diesel Puissance : 05-07 chevaux Ville : Kénitra Detail de l'annonce : je met en vente peugeot 205 sport 2 port Diésel 6 cv en bon etat. model 1989 douane 1992 moteur 306 en parfait etat Annonceur : issam Répondre l'annonceur Imprimer Signaler cette annonce Envoyer à un ami Partager sur Facebook Twitter LinkedIn Retour à la page précédente
7565771,https://www.marocannonces.com/categorie/314/Voitures-occasion/annonce/7565771/Peugeot-1007.html,marocannonces,2026-10-02,2026-10-02 02:35:57,Peugeot 1007,Peugeot,1007,,,,,,,,Occasion,,,Particulier,,,Casablanca,Casablanca-Settat,45000.0,6.0,"45 000 DH Peugeot 1007 Casablanca Vue: 49 Annonce N°: 7565771 Marque: Peugeot Modèle: 1007 Detail de l'annonce : Je vend ma Peugeot 1007 annee 2006, dédouaner en 2013 . Avec un léger pet à l'avant droit . Prix à débattre. Car départ à l'étranger. Annonceur : Touzi Lyamani Répondre l'annonceur Imprimer Signaler cette annonce Envoyer à un ami Partager sur Facebook Twitter LinkedIn Retour à la page précédente"
7571768,https://www.marocannonces.com/categorie/314/Voitures-occasion/annonce/7571768/Vente-voiure-toyota-yaris.html,marocannonces,2026-10-02,2026-10-02 02:35:58,Vente voiure toyota yaris,Toyota,Yaris,,2005.0,84000.0,Essence,,05-07 chevaux,,Occasion,,,Particulier,,,Casablanca,Casablanca-Settat,50000.0,1.0,"50 000 DH Vente voiure toyota yaris Casablanca Vue: 35 Annonce N°: 7571768 Marque: Toyota Modèle: Yaris Année : 2005 Kilométrage : 84000 Carburant  : Essence Puissance : 05-07 chevaux Ville : Casablanca Detail de l'annonce : casa ,vente voiture toyota en tres bon état.essence .5ch.tt option couleur vert bouteille.mod:2005 tres bon prix .4port. Annonceur : jamal Répondre l'annonceur Imprimer Signaler cette annonce Envoyer à un ami Partager sur Facebook Twitter LinkedIn Retour à la page précédente"
6110326,https://www.marocannonces.com/categorie/314/Voitures-occasion/annonce/6110326/Dacia-logan-diesel.html,marocannonces,2026-10-02,2026-10-02 02:35:59,Dacia logan diesel,Dacia,Logan,,2011.0,86500.0,Diesel,,05-07 chevaux,,Occasion,,,Particulier,,,Casablanca,Casablanca-Settat,78000.0,1.0,78 000 DH Dacia logan diesel Casablanca Vue: 9 Annonce N°: 6110326 Marque: Dacia Modèle: Logan Année : 2011 Kilométrage : 86500 Carburant  : Diesel Puissance : 05-07 chevaux Ville : Casablanca Detail de l'annonce : Logan diesel tt options.CLIM.4 vitres electr.retroviseur electri.2 airbags.antibrouillards.ferlmeture centralisee.alarme. . . . . . . . . . . . Annonceur : alami hadi Répondre l'annonceur Imprimer Signaler cette annonce Envoyer à un ami Partager sur Facebook Twitter LinkedIn Retour à la page précédente
6098919,https://www.marocannonces.com/categorie/314/Voitures-occasion/annonce/6098919/Renault-clio-3-modele-2011.html,marocannonces,2026-10-02,2026-10-02 02:36:00,Renault clio 3 modele 2011,Renault,Clio,,2011.0,26500.0,Essence,,05-07 chevaux,,Occasion,1,,Particulier,,,Marrakech,Marrakech-Safi,82000.0,1.0,"82 000 DH Renault clio 3 modele 2011 Marrakech Vue: 27 Annonce N°: 6098919 Marque: Renault Modèle: Clio Année : 2011 Kilométrage : 26500 Carburant  : Essence Puissance : 05-07 chevaux Ville : Marrakech Detail de l'annonce : clio 3 essence model octobre 2011 Blanche 7CV 26000 KM, Bonne état, toute option, Première main. prix:82000 DH . . . . . . . . . . . Annonceur : NADA BEKKARI Répondre l'annonceur Imprimer Signaler cette annonce Envoyer à un ami Partager sur Facebook Twitter LinkedIn Retour à la page précédente"
6110162,https://www.marocannonces.com/categorie/314/Voitures-occasion/annonce/6110162/Fiat-punto-diesel.html,marocannonces,2026-10-02,2026-10-02 02:36:01,Fiat punto diesel,Fiat,Punto,,2014.0,30000.0,Diesel,,05-07 chevaux,,Occasion,,,Particulier,,,Casablanca,Casablanca-Settat,108000.0,2.0,108 000 DH Fiat punto diesel Casablanca Vue: 11 Annonce N°: 6110162 Marque: Fiat Modèle: Punto Année : 2014 Kilométrage : 30000 Carburant  : Diesel Puissance : 05-07 chevaux Ville : Casablanca Detail de l'annonce : CLIM DOUBLE AIR BAG  VITRE AVANT ELECTRIQUE .CENTRALISEE . RETROVISEUR ELECTIQUE ;  . . . . . . . . . . . Annonceur : ameurmed Répondre l'annonceur Imprimer Signaler cette annonce Envoyer à un ami Partager sur Facebook Twitter LinkedIn Retour à la page précédente
7571558,https://www.marocannonces.com/categorie/314/Voitures-occasion/annonce/7571558/kia-sportage-a-vendre.html,marocannonces,2026-10-02,2026-10-02 02:36:02,kia sportage a vendre,Kia,Sportage,,2005.0,300000.0,Diesel,,08-10 chevaux,,Occasion,,,Particulier,,,Mohammedia,Casablanca-Settat,65000.0,1.0,"65 000 DH kia sportage a vendre Mohammedia Vue: 20 Annonce N°: 7571558 Marque: Kia Modèle: Sportage Année : 2005 Kilométrage : 300000 Carburant  : Diesel Puissance : 08-10 chevaux Ville : Mohammedia Detail de l'annonce : salam, je mets en vente une superbe kia sportage diésel 8cv consommation normal toute option clim en marche jante en aluminium les pneus en très bonne état .voiture familiale et économique ; pour plus d'information veillez m’appeler; Intermédiaire et curieux s’abstenir. Prix négociable Annonceur : mohamed Répondre l'annonceur Imprimer Signaler cette annonce Envoyer à un ami Partager sur Facebook Twitter LinkedIn Retour à la page précédente"
7571409,https://www.marocannonces.com/categorie/314/Voitures-occasion/annonce/7571409/Passat-2004-dédouané-2010.html,marocannonces,2026-10-02,2026-10-02 02:36:03,Passat 2004 dédouané 2010,Volkswagen,Passat,,2010.0,160000.0,Diesel,,08-10 chevaux,Dédouanée,Occasion,,,Particulier,,,Casablanca,Casablanca-Settat,98000.0,6.0,98 000 DH Passat 2004 dédouané 2010 Casablanca Vue: 21 Annonce N°: 7571409 Marque: Volkswagen Modèle: Passat Année : 2010 Kilométrage : 160000 Carburant  : Diesel Puissance : 08-10 chevaux Ville : Casablanca Detail de l'annonce : je vents ma voiture passat modèle 2004 dédouanée en 2010 Annonceur : redouane Répondre l'annonceur Imprimer Signaler cette annonce Envoyer à un ami Partager sur Facebook Twitter LinkedIn Retour à la page précédente
7571314,https://www.marocannonces.com/categorie/314/Voitures-occasion/annonce/7571314/Opel-corsa.html,marocannonces,2026-10-02,2026-10-02 02:36:04,Opel corsa,Opel,Corsa,,2008.0,200000.0,Diesel,,,,Occasion,,,Particulier,,,Marrakech,Marrakech-Safi,78000.0,8.0,78 000 DH Opel corsa Marrakech Vue: 56 Annonce N°: 7571314 Marque: Opel Modèle: Corsa Année : 2008 Kilométrage : 200000 Carburant  : Diesel Ville : Marrakech Detail de l'annonce : Opel corsa w008 diwana fin 2012...diesel 5 chevau toute option Annonceur : Khalid Répondre l'annonceur Imprimer Signaler cette annonce Envoyer à un ami Partager sur Facebook Twitter LinkedIn Retour à la page précédente
7571329,https://www.marocannonces.com/categorie/314/Voitures-occasion/annonce/7571329/Seat-cordoba-diesel.html,marocannonces,2026-10-02,2026-10-02 02:36:05,Seat cordoba diesel,Seat,Cordoba,,2007.0,150000.0,Diesel,,,,Occasion,,,Particulier,,,Rabat,Rabat-Salé-Kénitra,61000.0,2.0,61 000 DH Seat cordoba diesel Rabat Vue: 72 Annonce N°: 7571329 Marque: Seat Modèle: Cordoba Année : 2007 Kilométrage : 150000 Carburant  : Diesel Ville : Rabat Detail de l'annonce : Je mets en vente ma voiture seat cordoba diesel model 2007 toute option en  bon état Annonceur : Mohamed Répondre l'annonceur Imprimer Signaler cette annonce Envoyer à un ami Partager sur Facebook Twitter LinkedIn Retour à la page précédente
7571241,https://www.marocannonces.com/categorie/314/Voitures-occasion/annonce/7571241/Seat-Leon.html,marocannonces,2026-10-02,2026-10-02 02:36:07,Seat Leon,Seat,Leon,,2007.0,129000.0,Essence,,08-10 chevaux,,Occasion,,,Particulier,,,Casablanca,Casablanca-Settat,74000.0,8.0,74 000 DH Seat Leon Casablanca Vue: 129 Annonce N°: 7571241 Marque: Seat Modèle: Leon Année : 2007 Kilométrage : 129000 Carburant  : Essence Puissance : 08-10 chevaux Ville : Casablanca Detail de l'annonce : Seat Leon essence 1.6 9ch model 18/05/2007 dariba 650dh/ans darba 129000km  consommation faible tomobila tt option ( régulateur vitesse - commands volant-jouant aluminium d’origine la maison...) ana 3ad rakabt liha 4 pneus Goodyear jdad et 4 plaquettes hadi 17j merci Annonceur : Yassine Répondre l'annonceur Imprimer Signaler cette annonce Envoyer à un ami Partager sur Facebook Twitter LinkedIn Retour à la page précédente
7570704,https://www.marocannonces.com/categorie/314/Voitures-occasion/annonce/7570704/Honda-jazz.html,marocannonces,2026-10-02,2026-10-02 02:36:07,Honda jazz,Honda,Jazz,,2016.0,65000.0,Essence,,,,Occasion,,,Particulier,,,Rabat,Rabat-Salé-Kénitra,115000.0,2.0,115 000 DH Honda jazz Rabat Vue: 51 Annonce N°: 7570704 Marque: Honda Modèle: Jazz (2001) Année : 2016 Kilométrage : 65000 Carburant  : Essence Ville : Rabat Detail de l'annonce : Vent ou reprise Ford Bmw vw opel autre Sur garanti de la maison 3 ans 2 clé pintur de la maison Annonceur : Adam Répondre l'annonceur Imprimer Signaler cette annonce Envoyer à un ami Partager sur Facebook Twitter LinkedIn Retour à la page précédente
7571182,https://www.marocannonces.com/categorie/314/Voitures-occasion/annonce/7571182/Peugeot-206.html,marocannonces,2026-10-02,2026-10-02 02:36:08,Peugeot 206,Peugeot,206,,2006.0,20000.0,Essence,,05-07 chevaux,,Occasion,,,Particulier,,,Casablanca,Casablanca-Settat,48500.0,6.0,48 500 DH Peugeot 206 Casablanca Vue: 89 Annonce N°: 7571182 Marque: Peugeot Modèle: 206 Année : 2006 Kilométrage : 20 000 Carburant  : Essence Puissance : 05-07 chevaux Ville : Casablanca Detail de l'annonce : Peugeot 206 essence climatisé Annonceur : ahmed Répondre l'annonceur Imprimer Signaler cette annonce Envoyer à un ami Partager sur Facebook Twitter LinkedIn Retour à la page précédente
7570742,https://www.marocannonces.com/categorie/314/Voitures-occasion/annonce/7570742/Peugeot-206-à-vendre.html,marocannonces,2026-10-02,2026-10-02 02:36:09,Peugeot 206 à vendre,Peugeot,206,,2013.0,70000.0,Essence,,05-07 chevaux,,Occasion,,,Particulier,,,Rabat,Rabat-Salé-Kénitra,60000.0,3.0,60 000 DH Peugeot 206 à vendre Rabat Vue: 91 Annonce N°: 7570742 Marque: Peugeot Modèle: 206 Année : 2013 Kilométrage : 70000 Carburant  : Essence Puissance : 05-07 chevaux Ville : Rabat Detail de l'annonce : une Peugeot 206 model 2013 en très bon état à un prix intéressant et négociable Annonceur : Moad Répondre l'annonceur Imprimer Signaler cette annonce Envoyer à un ami Partager sur Facebook Twitter LinkedIn Retour à la page précédente
7570983,https://www.marocannonces.com/categorie/314/Voitures-occasion/annonce/7570983/mini-cooper.html,marocannonces,2026-10-02,2026-10-02 02:36:10,mini cooper,Mini,Cooper,,2003.0,,Essence,Automatique,05-07 chevaux,,Occasion,,,Particulier,,,Fès,Fès-Meknès,70000.0,3.0,70 000 DH mini cooper Fès Vue: 83 Annonce N°: 7570983 Marque: Mini Modèle: Cooper Année : 2003 Carburant  : Essence Puissance : 05-07 chevaux Ville : Fès Detail de l'annonce : model 2003 douane 2004 toit ouvert imitateur vitesse clim automatique 6 cheveaux Annonceur : mohamed Répondre l'annonceur Imprimer Signaler cette annonce Envoyer à un ami Partager sur Facebook Twitter LinkedIn Retour à la page précédente
7570970,https://www.marocannonces.com/categorie/314/Voitures-occasion/annonce/7570970/PEUGEOT-307-ESSANCE.html,marocannonces,2026-10-02,2026-10-02 02:36:11,PEUGEOT 307 ESSANCE,Peugeot,307,,2007.0,100000.0,Essence,,08-10 chevaux,,Occasion,,,Particulier,,,Oujda,Oriental,64000.0,5.0,64 000 DH PEUGEOT 307 ESSANCE Oujda Vue: 30 Annonce N°: 7570970 Marque: Peugeot Modèle: 307 Année : 2007 Kilométrage : 100000 Carburant  : Essence Puissance : 08-10 chevaux Ville : Oujda Detail de l'annonce : PEUGEOT 307 TOUT OPTIONS . CLIM ABS JANTES ALUMINIUM CENTRALISE VITRE ÉLECTRIQUE RÉTROVISEUR ÉLECTRIQUES AIRBAG FAIBLE CONSOMMATION jamais accidenté motuer n9i bezeef pour plus d info merci de me contacte Annonceur : taha Répondre l'annonceur Imprimer Signaler cette annonce Envoyer à un ami Partager sur Facebook Twitter LinkedIn Retour à la page précédente
7564644,https://www.marocannonces.com/categorie/314/Voitures-occasion/annonce/7564644/Peugeot-207-en-bon-etat.html,marocannonces,2026-10-02,2026-10-02 02:36:12,Peugeot 207 en bon etat,Peugeot,207,,2013.0,100000.0,Essence,,08-10 chevaux,,Occasion,,,Particulier,,,Rabat,Rabat-Salé-Kénitra,65000.0,3.0,65 000 DH Peugeot 207 en bon etat Rabat Vue: 83 Annonce N°: 7564644 Marque: Peugeot Modèle: 207 Année : 2013 Kilométrage : 100 000 Carburant  : Essence Puissance : 08-10 chevaux Ville : Rabat Detail de l'annonce : Je met en vente ma voiture en bon etat 2 eme main model e 2013 Annonceur : Nadya Répondre l'annonceur Imprimer Signaler cette annonce Envoyer à un ami Partager sur Facebook Twitter LinkedIn Retour à la page précédente
7570216,https://www.marocannonces.com/categorie/314/Voitures-occasion/annonce/7570216/Peugeut-Partner-2009.html,marocannonces,2026-10-02,2026-10-02 02:36:13,Peugeut Partner 2009,Peugeot,Partner,,2009.0,180000.0,Diesel,,05-07 chevaux,,Occasion,,,Particulier,,,Tanger,Tanger-Tétouan-Al Hoceïma,55000.0,3.0,"55 000 DH Peugeut Partner 2009 Tanger Vue: 44 Annonce N°: 7570216 Marque: Peugeot Modèle: Partner Année : 2009 Kilométrage : 180000 Carburant  : Diesel Puissance : 05-07 chevaux Ville : Tanger Detail de l'annonce : Je met en vente ma voiture Peugeot Partner, Matriculation Tanger, Diesel, Mod 2009, bon état, volant assisté, centralisé, vitre électrique, jamais accidenté, peinture originale, toutes options... Plus d'informations contactez-moi, merci . Annonceur : Mohamed Répondre l'annonceur Imprimer Signaler cette annonce Envoyer à un ami Partager sur Facebook Twitter LinkedIn Retour à la page précédente"
7570181,https://www.marocannonces.com/categorie/314/Voitures-occasion/annonce/7570181/peugeot-308.html,marocannonces,2026-10-02,2026-10-02 02:36:14,peugeot 308,Peugeot,308,,2008.0,94000.0,Diesel,,05-07 chevaux,Dédouanée,Occasion,,,Particulier,,,Fès,Fès-Meknès,91000.0,3.0,"91 000 DH peugeot 308 Fès Vue: 48 Annonce N°: 7570181 Marque: Peugeot Modèle: 308 Année : 2008 Kilométrage : 94000 Carburant  : Diesel Puissance : 05-07 chevaux Ville : Fès Detail de l'annonce : Peugeot 308 gris 1ére M c fin 2008 dédouanée fin 2011 clim centraliser , vitre électrique , Bluetooth , commande au volant peinture d'origine... Annonceur : abdel Répondre l'annonceur Imprimer Signaler cette annonce Envoyer à un ami Partager sur Facebook Twitter LinkedIn Retour à la page précédente"
7557819,https://www.marocannonces.com/categorie/314/Voitures-occasion/annonce/7557819/Fiat-Uno.html,marocannonces,2026-10-02,2026-10-02 02:36:15,Fiat Uno,Fiat,Uno,,,,,,,Dédouanée,Occasion,,,Particulier,,,Casablanca,Casablanca-Settat,27000.0,5.0,"27 000 DH Fiat Uno Casablanca Vue: 61 Annonce N°: 7557819 Marque: Fiat Modèle: Uno Detail de l'annonce : Salamo Alaykom, je mets en vente une Fiat Uno Diesel, 5 CV année 1985, dédouané en 10/02/1995, jamais accidenté, bien tenue. Annonceur : abdel Répondre l'annonceur Imprimer Signaler cette annonce Envoyer à un ami Partager sur Facebook Twitter LinkedIn Retour à la page précédente"
7570149,https://www.marocannonces.com/categorie/314/Voitures-occasion/annonce/7570149/Ford-fiesta-diesel.html,marocannonces,2026-10-02,2026-10-02 02:36:16,Ford fiesta diesel,Ford,Fiesta,,,,,,,,Occasion,,,Particulier,,,Marrakech,Marrakech-Safi,120000.0,5.0,120 000 DH Ford fiesta diesel Marrakech Vue: 41 Annonce N°: 7570149 Marque: Ford Modèle: Fiesta Detail de l'annonce : Je mets en vente une ford fiesta mise en circulation le 20 juillet 2016 avec un vidange régulier à la maison pour les 40000 km.option: climatisation et radar de recul.prix négociable Annonceur : Mustpha Répondre l'annonceur Imprimer Signaler cette annonce Envoyer à un ami Partager sur Facebook Twitter LinkedIn Retour à la page précédente
7570068,https://www.marocannonces.com/categorie/314/Voitures-occasion/annonce/7570068/Hyundai-i10.html,marocannonces,2026-10-02,2026-10-02 02:36:17,Hyundai i10,Hyundai,I10,,2010.0,74000.0,Essence,,05-07 chevaux,,Occasion,,,Particulier,,,Marrakech,Marrakech-Safi,63000.0,6.0,"63 000 DH Hyundai i10 Marrakech Vue: 75 Annonce N°: 7570068 Marque: Hyundai Modèle: I10 Année : 2010 Kilométrage : 74000 Carburant  : Essence Puissance : 05-07 chevaux Ville : Marrakech Detail de l'annonce : Je met en vente ma voiture,na9ia ,moteur mzyan...deuxième main . Prix fix Samsara s abstenir !!! Annonceur : Sofia Répondre l'annonceur Imprimer Signaler cette annonce Envoyer à un ami Partager sur Facebook Twitter LinkedIn Retour à la page précédente"
7570022,https://www.marocannonces.com/categorie/314/Voitures-occasion/annonce/7570022/Skoda-superb-diesel-2012.html,marocannonces,2026-10-02,2026-10-02 02:36:18,Skoda superb diesel 2012,Skoda,Superb,,2012.0,138000.0,Diesel,,08-10 chevaux,,Occasion,1,,Particulier,,,Casablanca,Casablanca-Settat,129000.0,8.0,"129 000 DH Skoda superb diesel 2012 Casablanca Vue: 36 Annonce N°: 7570022 Marque: Skoda Modèle: Superb Année : 2012 Kilométrage : 138000 Carburant  : Diesel Puissance : 08-10 chevaux Ville : Casablanca Detail de l'annonce : Skoda superb, première main, en très bon état,Modèle juin 2012, Toutes options,jamais accidentée, prix négociable Annonceur : Malki abdelwahad Répondre l'annonceur Imprimer Signaler cette annonce Envoyer à un ami Partager sur Facebook Twitter LinkedIn Retour à la page précédente"
7569961,https://www.marocannonces.com/categorie/314/Voitures-occasion/annonce/7569961/clio-campus.html,marocannonces,2026-10-02,2026-10-02 02:36:19,clio campus,Renault,Clio,,2014.0,151000.0,Essence,,,,Occasion,,,Particulier,,,Marrakech,Marrakech-Safi,65000.0,2.0,"65 000 DH clio campus Marrakech Vue: 70 Annonce N°: 7569961 Marque: Renault Modèle: Clio Année : 2014 Kilométrage : 151000 Carburant  : Essence Ville : Marrakech Detail de l'annonce : clio canpus en très bonne état. 2ème main femme, clim centralisé vitre av electique airbag... bref voiture à ne pas rater Annonceur : Utilisateur Répondre l'annonceur Imprimer Signaler cette annonce Envoyer à un ami Partager sur Facebook Twitter LinkedIn Retour à la page précédente"
7569880,https://www.marocannonces.com/categorie/314/Voitures-occasion/annonce/7569880/Toyota-celica.html,marocannonces,2026-10-02,2026-10-02 02:36:20,Toyota celica,Toyota,Celica,,1994.0,200000.0,Essence,,11-13 chevaux,,Occasion,,,Particulier,,,Fès,Fès-Meknès,30000.0,5.0,30 000 DH Toyota celica Fès Vue: 187 Annonce N°: 7569880 Marque: Toyota Modèle: Celica Année : 1994 Kilométrage : 200000 Carburant  : Essence Puissance : 11-13 chevaux Ville : Fès Detail de l'annonce : Toyota celica modelle 1994 11 cheveux 2 portes Annonceur : Younes Répondre l'annonceur Imprimer Signaler cette annonce Envoyer à un ami Partager sur Facebook Twitter LinkedIn Retour à la page précédente
7569279,https://www.marocannonces.com/categorie/314/Voitures-occasion/annonce/7569279/Kongo-a-vendre.html,marocannonces,2026-10-02,2026-10-02 02:36:21,Kongo a vendre,Renault,Kangoo,,2005.0,500021.0,Diesel,,05-07 chevaux,,Neuf,,,Particulier,0662442423,744cce54917a60ec255b3b38bc7169a87ac2c95eeb63de6b29a25bd8db0b0fd2,Marrakech,Marrakech-Safi,65000.0,5.0,"65 000 DH Kongo a vendre Marrakech Vue: 57 Annonce N°: 7569279 Marque: Renault Modèle: Kangoo Année : 2005 Kilométrage : 500021 Carburant  : Diesel Puissance : 05-07 chevaux Ville : Marrakech Detail de l'annonce : Kango toute neuve  ,1ére main, modele 2005/9 mon n° téléfon 0662442423 Annonceur : omarou Répondre l'annonceur Imprimer Signaler cette annonce Envoyer à un ami Partager sur Facebook Twitter LinkedIn Retour à la page précédente"
7569568,https://www.marocannonces.com/categorie/314/Voitures-occasion/annonce/7569568/شيرى-تيكو.html,marocannonces,2026-10-02,2026-10-02 02:36:21,شيرى تيكو,Chery,Tiggo,,2009.0,,Essence,,,,Occasion,,,Particulier,,,Berkane,Oriental,35000.0,3.0,35 000 DH شيرى تيكو Berkane Vue: 75 Annonce N°: 7569568 Marque: Chery Modèle: Tiggo Année : 2009 Carburant  : Essence Ville : Berkane Detail de l'annonce : شيرى تيكو 11 خيل Annonceur : Law Répondre l'annonceur Imprimer Signaler cette annonce Envoyer à un ami Partager sur Facebook Twitter LinkedIn Retour à la page précédente
7569550,https://www.marocannonces.com/categorie/314/Voitures-occasion/annonce/7569550/VW-new-beetle.html,marocannonces,2026-10-02,2026-10-02 02:36:22,VW new beetle,Volkswagen,Beetle,,2000.0,167000.0,Diesel,,08-10 chevaux,,Occasion,,,Particulier,,,Casablanca,Casablanca-Settat,75000.0,5.0,"75 000 DH VW new beetle Casablanca Vue: 90 Annonce N°: 7569550 Marque: Volkswagen Modèle: Beetle Année : 2000 Kilométrage : 167000 Carburant  : Diesel Puissance : 08-10 chevaux Ville : Casablanca Detail de l'annonce : je mets en vente ma coccinelle en très bonne état ne roule pas beaucoup , un petit bijou pour les amateurs de ce type de voiture . Annonceur : said Répondre l'annonceur Imprimer Signaler cette annonce Envoyer à un ami Partager sur Facebook Twitter LinkedIn Retour à la page précédente"
7569520,https://www.marocannonces.com/categorie/314/Voitures-occasion/annonce/7569520/Volkswagen-jetta-à-vendre.html,marocannonces,2026-10-02,2026-10-02 02:36:23,Volkswagen jetta à vendre,Volkswagen,Jetta,,2008.0,237000.0,Diesel,,,,Occasion,,,Particulier,,,Casablanca,Casablanca-Settat,,7.0,Prix : N/A Volkswagen jetta à vendre Casablanca Vue: 49 Annonce N°: 7569520 Marque: Volkswagen Modèle: Jetta Année : 2008 Kilométrage : 237000 Carburant  : Diesel Ville : Casablanca Detail de l'annonce : Volkswagen Jetta année 2008 en très bonne état. Moteur 1.9 diesel 105 Ch SMSAR S'ABSTENIR SVP! Annonceur : Alaoui Répondre l'annonceur Imprimer Signaler cette annonce Envoyer à un ami Partager sur Facebook Twitter LinkedIn Retour à la page précédente
7569475,https://www.marocannonces.com/categorie/314/Voitures-occasion/annonce/7569475/Fiat-punto.html,marocannonces,2026-10-02,2026-10-02 02:36:24,Fiat punto,Fiat,Punto,,2015.0,110000.0,Diesel,,05-07 chevaux,,Occasion,1,,Particulier,,,Casablanca,Casablanca-Settat,85000.0,2.0,85 000 DH Fiat punto Casablanca Vue: 44 Annonce N°: 7569475 Marque: Fiat Modèle: Punto Année : 2015 Kilométrage : 110000 Carburant  : Diesel Puissance : 05-07 chevaux Ville : Casablanca Detail de l'annonce : Bonjour fiat punto 1ère main tout option jamais acsident Annonceur : Aziz Répondre l'annonceur Imprimer Signaler cette annonce Envoyer à un ami Partager sur Facebook Twitter LinkedIn Retour à la page précédente
7569391,https://www.marocannonces.com/categorie/314/Voitures-occasion/annonce/7569391/Bmw-118D.html,marocannonces,2026-10-02,2026-10-02 02:36:25,Bmw 118D,BMW,Serie 1,,2012.0,120.0,Diesel,,08-10 chevaux,,Occasion,,,Particulier,,,Autre ville,,,4.0,"Prix : N/A Bmw 118D Autre ville Vue: 54 Annonce N°: 7569391 Marque: BMW Modèle: Serie 1 Année : 2012 Kilométrage : 120 Carburant  : Diesel Puissance : 08-10 chevaux Ville : Autre ville Detail de l'annonce : Je met en vente Bmw serie 118D, tres bonne ètat, 1ere main Annonceur : Yassine Répondre l'annonceur Imprimer Signaler cette annonce Envoyer à un ami Partager sur Facebook Twitter LinkedIn Retour à la page précédente"
7569354,https://www.marocannonces.com/categorie/314/Voitures-occasion/annonce/7569354/Polo-a-vendre.html,marocannonces,2026-10-02,2026-10-02 02:36:26,Polo a vendre,Volkswagen,Polo,,2004.0,224000.0,Diesel,,05-07 chevaux,,Occasion,,,Particulier,,,Rabat,Rabat-Salé-Kénitra,62000.0,5.0,62 000 DH Polo a vendre Rabat Vue: 53 Annonce N°: 7569354 Marque: Volkswagen Modèle: Polo Année : 2004 Kilométrage : 224000km Carburant  : Diesel Puissance : 05-07 chevaux Ville : Rabat Detail de l'annonce : Voiture propre Volkswagen polo tdi de faible consommation tt options Annonceur : Mohamed Répondre l'annonceur Imprimer Signaler cette annonce Envoyer à un ami Partager sur Facebook Twitter LinkedIn Retour à la page précédente
7569268,https://www.marocannonces.com/categorie/314/Voitures-occasion/annonce/7569268/SUZUKI-CARRY.html,marocannonces,2026-10-02,2026-10-02 02:36:27,SUZUKI CARRY,Suzuki,Carry,,1989.0,,Essence,,05-07 chevaux,,Neuf,,,Particulier,,,Kénitra,Rabat-Salé-Kénitra,47000.0,5.0,"47 000 DH SUZUKI CARRY Kénitra Vue: 103 Annonce N°: 7569268 Marque: Suzuki Modèle: Carry Année : 1989 Carburant  : Essence Puissance : 05-07 chevaux Ville : Kénitra Detail de l'annonce : Je cède ma super Carry à contre-gré après l'avoir si bien entretenue... Le moteur est refait à neuf au mois de Juillet 2018, facture à l'appui, toujours en rodage. Pièces neuves: Pompe à frein, pompe à Essence, carburateur, radiateur, tableau de bord, 4 roues Fermeture centralisée portières avant Équipée d'une planche habillée en cuir à l'arrière pour dormir Très faible consommation NB: Curieux et intermédiaires s'abstenir, Merci d'avance. Annonceur : Imad drissi el bouzaidi Répondre l'annonceur Imprimer Signaler cette annonce Envoyer à un ami Partager sur Facebook Twitter LinkedIn Retour à la page précédente"
7569031,https://www.marocannonces.com/categorie/314/Voitures-occasion/annonce/7569031/seat-leon.html,marocannonces,2026-10-02,2026-10-02 02:36:28,seat leon,Seat,Leon,,2010.0,105430.0,Essence,,08-10 chevaux,,Occasion,,,Particulier,,,Meknès,Fès-Meknès,85000.0,8.0,"85 000 DH seat leon Meknès Vue: 86 Annonce N°: 7569031 Marque: Seat Modèle: Leon Année : 2010 Kilométrage : 105430 Carburant  : Essence Puissance : 08-10 chevaux Ville : Meknès Detail de l'annonce : essence 1.4l clim gantes allum,epc,volant reglable,8airbags,voiture tres propre aucune reparation smsara blache Annonceur : abdelali Répondre l'annonceur Imprimer Signaler cette annonce Envoyer à un ami Partager sur Facebook Twitter LinkedIn Retour à la page précédente"
7569024,https://www.marocannonces.com/categorie/314/Voitures-occasion/annonce/7569024/POLO-SEEDAN-2014-PREMIERE-MAIN.html,marocannonces,2026-10-02,2026-10-02 02:36:28,POLO SEEDAN 2014 PREMIERE MAIN,Volkswagen,Polo,,2014.0,90000.0,Diesel,,05-07 chevaux,,Neuf,1,,Particulier,,,Casablanca,Casablanca-Settat,129000.0,1.0,"129 000 DH POLO SEEDAN 2014 PREMIERE MAIN Casablanca Vue: 15 Annonce N°: 7569024 Marque: Volkswagen Modèle: Polo Année : 2014 Kilométrage : 90000 Carburant  : Diesel Puissance : 05-07 chevaux Ville : Casablanca Detail de l'annonce : JE METS EN VENTE MA POLO SEDAN DIEZEL  PRESQUE NEUVE 90000KM.1.6 TDI 105 TRENDLINE,6 CHV,TOUTE OPTION AVEC SON CAHIER D'ENTRETIEN DE CHEZ VOLSWAGEN. Annonceur : K BLQ Répondre l'annonceur Imprimer Signaler cette annonce Envoyer à un ami Partager sur Facebook Twitter LinkedIn Retour à la page précédente"
7568988,https://www.marocannonces.com/categorie/314/Voitures-occasion/annonce/7568988/vente-i10-automatique-2013.html,marocannonces,2026-10-02,2026-10-02 02:36:29,vente i10 automatique 2013,Hyundai,I10,,2013.0,90000.0,Essence,Automatique,05-07 chevaux,,Occasion,,,Particulier,,,Rabat,Rabat-Salé-Kénitra,73000.0,3.0,"73 000 DH vente i10 automatique 2013 Rabat Vue: 66 Annonce N°: 7568988 Marque: Hyundai Modèle: I10 Année : 2013 Kilométrage : 90000 Carburant  : Essence Puissance : 05-07 chevaux Ville : Rabat Detail de l'annonce : je mets en vente ma voiture i10 en bonne état, automatique et jamais accidentée. Annonceur : khalid Répondre l'annonceur Imprimer Signaler cette annonce Envoyer à un ami Partager sur Facebook Twitter LinkedIn Retour à la page précédente"
7568816,https://www.marocannonces.com/categorie/314/Voitures-occasion/annonce/7568816/Voiture-peugot-301.html,marocannonces,2026-10-02,2026-10-02 02:36:30,Voiture peugot 301,Peugeot,301,,2014.0,100.0,Diesel,,05-07 chevaux,,Occasion,,,Particulier,,,Salé,Rabat-Salé-Kénitra,90000.0,1.0,90 000 DH Voiture peugot 301 Salé Vue: 36 Annonce N°: 7568816 Marque: Peugeot Modèle: 301 Année : 2014 Kilométrage : 100.000000 Carburant  : Diesel Puissance : 05-07 chevaux Ville : Salé Detail de l'annonce : Voiture peugot 301 en bon état Annonceur : Hassan Répondre l'annonceur Imprimer Signaler cette annonce Envoyer à un ami Partager sur Facebook Twitter LinkedIn Retour à la page précédente
7568709,https://www.marocannonces.com/categorie/314/Voitures-occasion/annonce/7568709/renault-clio-III-DCI-2007.html,marocannonces,2026-10-02,2026-10-02 02:36:31,renault clio III DCI 2007,Renault,Clio,,2007.0,132700.0,Diesel,,05-07 chevaux,,Occasion,,,Particulier,,,Marrakech,Marrakech-Safi,48000.0,3.0,48 000 DH renault clio III DCI 2007 Marrakech Vue: 268 Annonce N°: 7568709 Marque: Renault Modèle: Clio Année : 2007 Kilométrage : 132700 Carburant  : Diesel Puissance : 05-07 chevaux Ville : Marrakech Detail de l'annonce : vends renault clio 3 1.5 dci 70 cv -annee 20/09/2007 -132700 kms -vitres électriques -rétros électriques -fermeture centralisée -direction assistée -reglage du volant -climatisation -poste cd + commande au volant Annonceur : bousquet Répondre l'annonceur Imprimer Signaler cette annonce Envoyer à un ami Partager sur Facebook Twitter LinkedIn Retour à la page précédente
7568688,https://www.marocannonces.com/categorie/314/Voitures-occasion/annonce/7568688/Fiat-uno-diesel.html,marocannonces,2026-10-02,2026-10-02 02:36:32,Fiat uno diesel,Fiat,Uno,,1999.0,160000.0,Diesel,,05-07 chevaux,,Occasion,,,Particulier,,,Taza,Fès-Meknès,37000.0,3.0,37 000 DH Fiat uno diesel Taza Vue: 31 Annonce N°: 7568688 Marque: Fiat Modèle: Uno Année : 1999 Kilométrage : 160000 Carburant  : Diesel Puissance : 05-07 chevaux Ville : Taza Detail de l'annonce : Je mets en vente une voiture Fiat uno diesel modèle 99 madayzach taxi 7cv bon état Annonceur : El mejjati mohammed Répondre l'annonceur Imprimer Signaler cette annonce Envoyer à un ami Partager sur Facebook Twitter LinkedIn Retour à la page précédente
7568596,https://www.marocannonces.com/categorie/314/Voitures-occasion/annonce/7568596/Citroen-berlingo.html,marocannonces,2026-10-02,2026-10-02 02:36:33,Citroen berlingo,Citroën,Berlingo,,2002.0,0.0,Diesel,,05-07 chevaux,,Occasion,,,Particulier,,,Marrakech,Marrakech-Safi,63000.0,6.0,63 000 DH Citroen berlingo Marrakech Vue: 25 Annonce N°: 7568596 Marque: Citroen Modèle: Berlingo Année : 2002 Kilométrage : 0 Carburant  : Diesel Puissance : 05-07 chevaux Ville : Marrakech Detail de l'annonce : motor n9i fiha kolchi fiha mz1n Annonceur : SAID Répondre l'annonceur Imprimer Signaler cette annonce Envoyer à un ami Partager sur Facebook Twitter LinkedIn Retour à la page précédente
5531392,https://www.marocannonces.com/categorie/314/Voitures-occasion/annonce/5531392/Bmw-x1-diesel.html,marocannonces,2026-10-02,2026-10-02 02:36:34,Bmw x1 diesel,BMW,Autre,,,,,Automatique,,,Occasion,,,Particulier,,,,,245000.0,1.0,245 000 DH Bmw x1 diesel Vue: 12 Annonce N°: 5531392 Detail de l'annonce : je mets en vente BMW X1 Mod23/07/2010. 1.8S drive cuir boite auto a 50000Klm entretenu a la maison clim auto odinateur de bord regulateur limiteur de vitesse xenon alarme radar de recule AR... . . . . . . . . . . . . . . Annonceur : laakoud1 Répondre l'annonceur Imprimer Signaler cette annonce Envoyer à un ami Partager sur Facebook Twitter LinkedIn Retour à la page précédente
7568173,https://www.marocannonces.com/categorie/314/Voitures-occasion/annonce/7568173/Citroen-c5.html,marocannonces,2026-10-02,2026-10-02 02:36:34,Citroen c5,Citroën,C5,,2011.0,136000.0,Diesel,Manuelle,08-10 chevaux,,Occasion,,,Particulier,,,Casablanca,Casablanca-Settat,110000.0,3.0,"110 000 DH Citroen c5 Casablanca Vue: 31 Annonce N°: 7568173 Marque: Citroen Modèle: C5 Année : 2011 Kilométrage : 136000 Carburant  : Diesel Puissance : 08-10 chevaux Ville : Casablanca Detail de l'annonce : Je met en vente citroen c5 modele 2011 2L 8ch toute options avec 2 clefs ,Boite à 6 vitesse manuelle, détecteur de pluies, radar recul avant arrière, antibrouillard directionnels, rétroviseur électrique, vitre électrique avec système verrouillage pour enfants, limiteur et Regulateur de vitesse, Siege bacquet très confortable et bcp d'autre option. Annonceur : Particulier Répondre l'annonceur Imprimer Signaler cette annonce Envoyer à un ami Partager sur Facebook Twitter LinkedIn Retour à la page précédente"
7568147,https://www.marocannonces.com/categorie/314/Voitures-occasion/annonce/7568147/renault-megane-2.html,marocannonces,2026-10-02,2026-10-02 02:36:35,renault megane 2,Renault,Megane,,2006.0,160000.0,Diesel,,05-07 chevaux,,Occasion,,,Particulier,,,Casablanca,Casablanca-Settat,93000.0,6.0,"93 000 DH renault megane 2 Casablanca Vue: 45 Annonce N°: 7568147 Marque: Renault Modèle: Megane Année : 2006 Kilométrage : 160000 Carburant  : Diesel Puissance : 05-07 chevaux Ville : Casablanca Detail de l'annonce : Renault Megane 2 modèle 2006 moteur 1,5 dci tout options.jointe aluminium.signal d'alarme .climat digital .4 vitre électrique.poste radio dvd avec écran usb mp3...ABS. assisté. 6 airbags. 2 carte de démarrage original . faible consommation 4,5L/100KM.. confort . stable sur la route.jamais accidenté .6 cv. dariba 700 DH assurance 2600DH . aucune préparation à prévoir En savoir.Pour plus d'informations sur la voiture veuillez me contacter.Intermédiaire et samsara s'abstenir. Annonceur : griouani said Répondre l'annonceur Imprimer Signaler cette annonce Envoyer à un ami Partager sur Facebook Twitter LinkedIn Retour à la page précédente"
7568140,https://www.marocannonces.com/categorie/314/Voitures-occasion/annonce/7568140/Mini-cooper-one.html,marocannonces,2026-10-02,2026-10-02 02:36:36,Mini cooper one,Mini,Cooper Coupé,,2008.0,96000.0,Essence,,08-10 chevaux,,Occasion,,,Particulier,,,Casablanca,Casablanca-Settat,80000.0,5.0,80 000 DH Mini cooper one Casablanca Vue: 82 Annonce N°: 7568140 Marque: Mini Modèle: Cooper Coupé Année : 2008 Kilométrage : 96000 Carburant  : Essence Puissance : 08-10 chevaux Ville : Casablanca Detail de l'annonce : Je mets une voiture mini cooper one a vendre jamais accidenté Annonceur : Fatima zhra Répondre l'annonceur Imprimer Signaler cette annonce Envoyer à un ami Partager sur Facebook Twitter LinkedIn Retour à la page précédente
7568131,https://www.marocannonces.com/categorie/314/Voitures-occasion/annonce/7568131/Partner-a-vendre.html,marocannonces,2026-10-02,2026-10-02 02:36:37,Partner a vendre,Peugeot,Partner,,2006.0,245153.0,Diesel,,05-07 chevaux,,Occasion,,,Particulier,,,Casablanca,Casablanca-Settat,49000.0,6.0,49 000 DH Partner a vendre Casablanca Vue: 43 Annonce N°: 7568131 Marque: Peugeot Modèle: Partner Année : 2006 Kilométrage : 245153 Carburant  : Diesel Puissance : 05-07 chevaux Ville : Casablanca Detail de l'annonce : Peugeot patner coleur blanc Model 2006 Annonceur : Miloud laabab Répondre l'annonceur Imprimer Signaler cette annonce Envoyer à un ami Partager sur Facebook Twitter LinkedIn Retour à la page précédente
7568042,https://www.marocannonces.com/categorie/314/Voitures-occasion/annonce/7568042/Berlingo-2ème-main.html,marocannonces,2026-10-02,2026-10-02 02:36:38,Berlingo 2ème main,Citroën,Berlingo,,2007.0,184980.0,Diesel,Automatique,,,Occasion,,,Particulier,,,Casablanca,Casablanca-Settat,56000.0,6.0,56 000 DH Berlingo 2ème main Casablanca Vue: 33 Annonce N°: 7568042 Marque: Citroen Modèle: Berlingo Année : 2007 Kilométrage : 184980 Carburant  : Diesel Ville : Casablanca Detail de l'annonce : Salam bghite nbi3e berlingo 99/2007 2eme main kasbha ba9a bsbaghtha orihine salon origine motore origin 3amer t3awed consomation normale centraluse vitre electrique vroillage automatique 6 bibane mhm li bghaha marhba Annonceur : Taleb brahim Répondre l'annonceur Imprimer Signaler cette annonce Envoyer à un ami Partager sur Facebook Twitter LinkedIn Retour à la page précédente
7568023,https://www.marocannonces.com/categorie/314/Voitures-occasion/annonce/7568023/Dacia-logan-deisel.html,marocannonces,2026-10-02,2026-10-02 02:36:39,Dacia logan deisel,Dacia,Logan,,2010.0,107000.0,Diesel,,05-07 chevaux,,Occasion,,,Particulier,,,Tanger,Tanger-Tétouan-Al Hoceïma,70000.0,8.0,70 000 DH Dacia logan deisel Tanger Vue: 52 Annonce N°: 7568023 Marque: Dacia Modèle: Logan Année : 2010 Kilométrage : 107000 Carburant  : Diesel Puissance : 05-07 chevaux Ville : Tanger Detail de l'annonce : dacia logan model 2010 deisel tout option sans clim jaj fume electrique consomation tres faible 5% radio cd usb aux bleuthoot marque keenwood alarm de recul tomobil n9iya mn dakhl w bara li 3ando lgharad yetasal wi ji ydi siyara dyalo llah i3amra sel3a.. Annonceur : عبد العظيم Répondre l'annonceur Imprimer Signaler cette annonce Envoyer à un ami Partager sur Facebook Twitter LinkedIn Retour à la page précédente
7567793,https://www.marocannonces.com/categorie/314/Voitures-occasion/annonce/7567793/MERCEDES-C220-A-VENDRE.html,marocannonces,2026-10-02,2026-10-02 02:36:40,MERCEDES C220 A VENDRE,Mercedes-Benz,C220,,2010.0,,Diesel,,,,Occasion,,,Particulier,0662103247,9828a54adda406e4deb48f1e940dad21b4850783aba0fc33a64916853ff0aaf1,Casablanca,Casablanca-Settat,,3.0,Prix : N/A MERCEDES C220 A VENDRE Casablanca Vue: 26 Annonce N°: 7567793 Marque: Mercedes-Benz Modèle: C220 Année : 2010 Carburant  : Diesel Ville : Casablanca Detail de l'annonce : BELLE MERCEDES C220  BIEN ENTRETENUE A VENDRE A NOUS CONTACTER SUR 0662103247 Annonceur : ASSIMI KARIM Répondre l'annonceur Imprimer Signaler cette annonce Envoyer à un ami Partager sur Facebook Twitter LinkedIn Retour à la page précédente
7567771,https://www.marocannonces.com/categorie/314/Voitures-occasion/annonce/7567771/renault-laguna.html,marocannonces,2026-10-02,2026-10-02 02:36:41,renault laguna,Renault,Laguna,,1995.0,120000.0,Diesel,,08-10 chevaux,,Occasion,,,Particulier,,,Casablanca,Casablanca-Settat,45000.0,1.0,45 000 DH renault laguna Casablanca Vue: 70 Annonce N°: 7567771 Marque: Renault Modèle: Laguna Année : 1995 Kilométrage : 120000 Carburant  : Diesel Puissance : 08-10 chevaux Ville : Casablanca Detail de l'annonce : je met en vente renault laguna bon etat Annonceur : simohamed Répondre l'annonceur Imprimer Signaler cette annonce Envoyer à un ami Partager sur Facebook Twitter LinkedIn Retour à la page précédente
7567483,https://www.marocannonces.com/categorie/314/Voitures-occasion/annonce/7567483/Voiture-a-vendre.html,marocannonces,2026-10-02,2026-10-02 02:36:41,Voiture a vendre,Peugeot,Partner,,2008.0,170000.0,Diesel,,05-07 chevaux,,Occasion,,,Particulier,,,Safi,Marrakech-Safi,68000.0,2.0,68 000 DH Voiture a vendre Safi Vue: 18 Annonce N°: 7567483 Marque: Peugeot Modèle: Partner Année : 2008 Kilométrage : 170000 Carburant  : Diesel Puissance : 05-07 chevaux Ville : Safi Detail de l'annonce : Voiture très bien entretenu Annonceur : Abdel Répondre l'annonceur Imprimer Signaler cette annonce Envoyer à un ami Partager sur Facebook Twitter LinkedIn Retour à la page précédente
7565998,https://www.marocannonces.com/categorie/314/Voitures-occasion/annonce/7565998/Vente-voiture-toyota-yaris.html,marocannonces,2026-10-02,2026-10-02 02:36:42,Vente voiture  toyota yaris,Toyota,Yaris,,2017.0,6072.0,Essence,,05-07 chevaux,,Occasion,1,,Particulier,,,Casablanca,Casablanca-Settat,105000.0,4.0,105 000 DH Vente voiture  toyota yaris Casablanca Vue: 67 Annonce N°: 7565998 Marque: Toyota Modèle: Yaris Année : 2017 Kilométrage : 6072 Carburant  : Essence Puissance : 05-07 chevaux Ville : Casablanca Detail de l'annonce : Je met en vente ma voiture Toyota yaris en très bon état première main modèle 2017 kilométrage 6072 Annonceur : Ifri sanaa Répondre l'annonceur Imprimer Signaler cette annonce Envoyer à un ami Partager sur Facebook Twitter LinkedIn Retour à la page précédente
7566787,https://www.marocannonces.com/categorie/314/Voitures-occasion/annonce/7566787/DACIA-LOGAN-2015.html,marocannonces,2026-10-02,2026-10-02 02:36:43,DACIA LOGAN 2015,Dacia,Logan,,2015.0,,,,,,Occasion,,,Particulier,,,Agadir,Souss-Massa,75000.0,1.0,75 000 DH DACIA LOGAN 2015 Agadir Vue: 51 Annonce N°: 7566787 Marque: Dacia Modèle: Logan Detail de l'annonce : je mets en vente ma voiture Dacia Logan model 2015 Annonceur : HAMID Répondre l'annonceur Imprimer Signaler cette annonce Envoyer à un ami Partager sur Facebook Twitter LinkedIn Retour à la page précédente
5625704,https://www.marocannonces.com/categorie/314/Voitures-occasion/annonce/5625704/Toyota-Avensis-2005.html,marocannonces,2026-10-02,2026-10-02 02:36:44,Toyota Avensis 2005,Toyota,Avensis,,2005.0,,,,,,Occasion,,,Particulier,,,Rabat,Rabat-Salé-Kénitra,105000.0,7.0,"105 000 DH Toyota Avensis 2005 Rabat Vue: 22 Annonce N°: 5625704 Marque: Toyota Modèle: Avensis Detail de l'annonce : A vendre Toyota Avensis modèle 2005, toutes options, climatisée, jantes aluminium, salon cuir...Non sérieux s'abstenir . . . . . . . . . . . Annonceur : Abdou Répondre l'annonceur Imprimer Signaler cette annonce Envoyer à un ami Partager sur Facebook Twitter LinkedIn Retour à la page précédente"
7567947,https://www.marocannonces.com/categorie/314/Voitures-occasion/annonce/7567947/Peugeot-308.html,marocannonces,2026-10-02,2026-10-02 02:36:45,Peugeot 308,Peugeot,308,,2013.0,70000.0,Diesel,,05-07 chevaux,,Occasion,1,,Particulier,,,Mohammedia,Casablanca-Settat,140000.0,6.0,140 000 DH Peugeot 308 Mohammedia Vue: 26 Annonce N°: 7567947 Marque: Peugeot Modèle: 308 Année : 2013 Kilométrage : 70000 Carburant  : Diesel Puissance : 05-07 chevaux Ville : Mohammedia Detail de l'annonce : Je met en vent ma 308 en  très bon état première main Annonceur : Hamid Répondre l'annonceur Imprimer Signaler cette annonce Envoyer à un ami Partager sur Facebook Twitter LinkedIn Retour à la page précédente
7567886,https://www.marocannonces.com/categorie/314/Voitures-occasion/annonce/7567886/PASSAT-CC-20-170-CV-BUSINESS.html,marocannonces,2026-10-02,2026-10-02 02:36:46,PASSAT CC 2.0 170 CV BUSINESS,Volkswagen,PASSAT CC,,2014.0,140000.0,Diesel,Automatique,08-10 chevaux,,Occasion,,,Particulier,,,Casablanca,Casablanca-Settat,230000.0,5.0,"230 000 DH PASSAT CC 2.0 170 CV BUSINESS Casablanca Vue: 46 Annonce N°: 7567886 Marque: Volkswagen Modèle: PASSAT CC Année : 2014 Kilométrage : 140000 Carburant  : Diesel Puissance : 08-10 chevaux Ville : Casablanca Detail de l'annonce : Bonjour, Je vends ma voiture Passat cc automatique, 1ere main, automatique, immatriculée à casablanca. Annonceur : Ibrahimi Répondre l'annonceur Imprimer Signaler cette annonce Envoyer à un ami Partager sur Facebook Twitter LinkedIn Retour à la page précédente"
4854038,https://www.marocannonces.com/categorie/314/Voitures-occasion/annonce/4854038/Renault-Symbol-2009.html,marocannonces,2026-10-02,2026-10-02 02:36:46,Renault Symbol 2009,Renault,Symbol,,2009.0,77000.0,Essence,,05-07 chevaux,,Occasion,,,Particulier,,,Casablanca,Casablanca-Settat,55000.0,5.0,"55 000 DH Renault Symbol 2009 Casablanca Vue: 10 Annonce N°: 4854038 Marque: Renault Modèle: Symbol Année : 2009 Kilométrage : 77000 Carburant  : Essence Puissance : 05-07 chevaux Ville : Casablanca Detail de l'annonce : Je mets en vente ma voiture renault symbol modèle 2009 kilométrage : 77000 tès bon état, propre . . . . . . . . . . . . . . Annonceur : meriem ib Répondre l'annonceur Imprimer Signaler cette annonce Envoyer à un ami Partager sur Facebook Twitter LinkedIn Retour à la page précédente"
7567844,https://www.marocannonces.com/categorie/314/Voitures-occasion/annonce/7567844/205.html,marocannonces,2026-10-02,2026-10-02 02:36:47,205,Peugeot,205,,1995.0,250000.0,Diesel,,05-07 chevaux,,Occasion,,,Particulier,,,Casablanca,Casablanca-Settat,32000.0,4.0,32 000 DH 205 Casablanca Vue: 47 Annonce N°: 7567844 Marque: Peugeot Modèle: 205 Année : 1995 Kilométrage : 250000 Carburant  : Diesel Puissance : 05-07 chevaux Ville : Casablanca Detail de l'annonce : Tnbil n9ya moteur jdid model 86 dwana 95 pnwat 4 jdad Annonceur : Abderrahim Répondre l'annonceur Imprimer Signaler cette annonce Envoyer à un ami Partager sur Facebook Twitter LinkedIn Retour à la page précédente
7567623,https://www.marocannonces.com/categorie/314/Voitures-occasion/annonce/7567623/HONDA-CIVIC.html,marocannonces,2026-10-02,2026-10-02 02:36:48,HONDA CIVIC,Honda,Civic,,2003.0,200000.0,Essence,Automatique,08-10 chevaux,,Occasion,,,Particulier,,,Casablanca,Casablanca-Settat,52000.0,6.0,52 000 DH HONDA CIVIC Casablanca Vue: 45 Annonce N°: 7567623 Marque: Honda Modèle: Civic Année : 2003 Kilométrage : 200000 Carburant  : Essence Puissance : 08-10 chevaux Ville : Casablanca Detail de l'annonce : JE MIS EN VENT MA VOITURE HONDA CIVIC AUTOMATIQUE  EN 2003 TOUTES OPTIONS TRES BIEN ENTRETENUE Annonceur : YASSINE Répondre l'annonceur Imprimer Signaler cette annonce Envoyer à un ami Partager sur Facebook Twitter LinkedIn Retour à la page précédente
7567263,https://www.marocannonces.com/categorie/314/Voitures-occasion/annonce/7567263/Focus-ghia-062008-diesel-1ère-main-a-vendre-95000.html,marocannonces,2026-10-02,2026-10-02 02:36:49,Focus ghia 06/2008 diesel 1ère main a vendre 95000,Ford,Focus,,2008.0,214260.0,Diesel,Automatique,05-07 chevaux,,Occasion,1,,Particulier,,,Mohammedia,Casablanca-Settat,95000.0,5.0,"95 000 DH Focus ghia 06/2008 diesel 1ère main a vendre 95000 Mohammedia Vue: 39 Annonce N°: 7567263 Marque: Ford Modèle: Focus Année : 2008 Kilométrage : 214260 Carburant  : Diesel Puissance : 05-07 chevaux Ville : Mohammedia Detail de l'annonce : Focus ghia 06/2008 diesel 1ère main a vendre (pour cause doublon suite remise de voiture de service) Visible sur Mohammedia et Casablanca/Hay hassani Moteur 1,8 L TDCi 7cv, toutes options : Double Clé - détecteur de pluie + Cache Rideaux intérieur arrière - allumage automatique des feux - jantes aluminium 16p - phares antibrouillard + phares Secours - régulateur et limiteur de vitesse - vitre av arr électrique centralisé avec la fermeture au commande  +Tableau de Bord Finition en bois Annonceur : Aziz Répondre l'annonceur Imprimer Signaler cette annonce Envoyer à un ami Partager sur Facebook Twitter LinkedIn Retour à la page précédente"
7567343,https://www.marocannonces.com/categorie/314/Voitures-occasion/annonce/7567343/Citroen-c3-essence.html,marocannonces,2026-10-02,2026-10-02 02:36:50,Citroen c3 essence,Citroën,C3,,2012.0,83000.0,Essence,,05-07 chevaux,,Occasion,,,Particulier,,,Rabat,Rabat-Salé-Kénitra,74000.0,6.0,74 000 DH Citroen c3 essence Rabat Vue: 49 Annonce N°: 7567343 Marque: Citroen Modèle: C3 Année : 2012 Kilométrage : 83000 Carburant  : Essence Puissance : 05-07 chevaux Ville : Rabat Detail de l'annonce : Salam je met en vente ma voiture citroen c3 model 2012/12/27 avec un kilométrage de 83000  bien entretenu jamais accidenté avec clim je vient de changer la chaine de distribution et les pneus et batterie rien a prévoir comme réparation visible a hay riad et sala al jadida NB: intermédiaire s'abstenir Annonceur : mehdi abderrazak Répondre l'annonceur Imprimer Signaler cette annonce Envoyer à un ami Partager sur Facebook Twitter LinkedIn Retour à la page précédente
7566897,https://www.marocannonces.com/categorie/314/Voitures-occasion/annonce/7566897/Peugeot-207-Diesel.html,marocannonces,2026-10-02,2026-10-02 02:36:51,Peugeot 207 Diesel,Peugeot,207,,2008.0,124800.0,Diesel,,05-07 chevaux,,Occasion,,,Particulier,,,Meknès,Fès-Meknès,48000.0,4.0,"48 000 DH Peugeot 207 Diesel Meknès Vue: 197 Annonce N°: 7566897 Marque: Peugeot Modèle: 207 Année : 2008 Kilométrage : 124800 Carburant  : Diesel Puissance : 05-07 chevaux Ville : Meknès Detail de l'annonce : Prix spécial et raisonnable d'une voiture peugeot 207 en très bon état,diesel, très propre à l'intérieur comme à l'extérieur tt options (clim, vitre électrique, jantes alu, lecteur cd mp3,....). Annonceur : cathy Répondre l'annonceur Imprimer Signaler cette annonce Envoyer à un ami Partager sur Facebook Twitter LinkedIn Retour à la page précédente"
7566846,https://www.marocannonces.com/categorie/314/Voitures-occasion/annonce/7566846/Golf-7.html,marocannonces,2026-10-02,2026-10-02 02:36:52,Golf 7,Volkswagen,GOLF+,,2014.0,130000.0,Diesel,,,,Occasion,,,Particulier,,,Agadir,Souss-Massa,120000.0,3.0,120 000 DH Golf 7 Agadir Vue: 42 Annonce N°: 7566846 Marque: Volkswagen Modèle: GOLF+ Année : 2014 Kilométrage : 130000 Carburant  : Diesel Ville : Agadir Detail de l'annonce : Je mets en vente une golf 7 en très bonne état Annonceur : Oukh Abdel Répondre l'annonceur Imprimer Signaler cette annonce Envoyer à un ami Partager sur Facebook Twitter LinkedIn Retour à la page précédente
7566746,https://www.marocannonces.com/categorie/314/Voitures-occasion/annonce/7566746/Dacia-Dokker.html,marocannonces,2026-10-02,2026-10-02 02:36:52,Dacia Dokker,Dacia,Dokker,,2016.0,74000.0,Diesel,,05-07 chevaux,,Occasion,,,Particulier,,,Temara,Rabat-Salé-Kénitra,103000.0,5.0,103 000 DH Dacia Dokker Temara Vue: 33 Annonce N°: 7566746 Marque: Dacia Modèle: Dokker Année : 2016 Kilométrage : 74000 Carburant  : Diesel Puissance : 05-07 chevaux Ville : Temara Detail de l'annonce : A vendre Dacia Dokker toutes options Annonceur : med Répondre l'annonceur Imprimer Signaler cette annonce Envoyer à un ami Partager sur Facebook Twitter LinkedIn Retour à la page précédente
7566564,https://www.marocannonces.com/categorie/314/Voitures-occasion/annonce/7566564/Fiesta-tres-bon-etat.html,marocannonces,2026-10-02,2026-10-02 02:36:53,Fiesta tres bon etat,Ford,Fiesta,,2012.0,120000.0,Essence,,05-07 chevaux,,Occasion,,,Particulier,,,Temara,Rabat-Salé-Kénitra,77000.0,4.0,77 000 DH Fiesta tres bon etat Temara Vue: 94 Annonce N°: 7566564 Marque: Ford Modèle: Fiesta Année : 2012 Kilométrage : 120000 Carburant  : Essence Puissance : 05-07 chevaux Ville : Temara Detail de l'annonce : Je mets en vente une ford fiesta 2012 essence faible consommation bien entretenue...... Annonceur : Soufiane Répondre l'annonceur Imprimer Signaler cette annonce Envoyer à un ami Partager sur Facebook Twitter LinkedIn Retour à la page précédente
7566575,https://www.marocannonces.com/categorie/314/Voitures-occasion/annonce/7566575/Honda-accord-executive.html,marocannonces,2026-10-02,2026-10-02 02:36:54,Honda accord executive,Honda,Accord,,,,,Automatique,,,Neuf,,,Particulier,,,Casablanca,Casablanca-Settat,1.0,6.0,"1 DH Honda accord executive Casablanca Vue: 33 Annonce N°: 7566575 Marque: Honda Modèle: Accord Detail de l'annonce : je Mets en vente ma voiture Honda accord executive origine marakech diesel 2010 toute options avec les parc radar av et ar ,jante aluminium 17 l’es rétroviseur rabatable  mobile avec marche arrière ,toit ouvrant ,salon cuir beige ,xénon phare LED ,régulateur vitesse ,essuie glasse et lumière automatique, les siège réglage électrique et chauffant , vitesse manuel 6 rapport , Bluetooth , prise USBet AUX,chargeur 6 CD,Music pro avec woofer et 10 Haut parleur , Clim Bizone acoudoire et boite a gant refrigeree Pneu et Plaquette de frein neuves (pas de pièce à changer)  2 clef ....curieux  et Semsara s'abstenir SVP Annonceur : Simohamed Répondre l'annonceur Imprimer Signaler cette annonce Envoyer à un ami Partager sur Facebook Twitter LinkedIn Retour à la page précédente"
7566435,https://www.marocannonces.com/categorie/314/Voitures-occasion/annonce/7566435/Peugeot-308.html,marocannonces,2026-10-02,2026-10-02 02:36:55,Peugeot 308,Peugeot,308,,,,,Automatique,,,Occasion,,,Particulier,,,Mohammedia,Casablanca-Settat,83000.0,2.0,"83 000 DH Peugeot 308 Mohammedia Vue: 40 Annonce N°: 7566435 Marque: Peugeot Modèle: 308 Detail de l'annonce : Je mets en vente ma voiture PEUGEOT 308 en bon état,diesel, 6 CHV, tout option,climatisation automatique, limiteur de vitesses, jantes en aluminium,allumage automatique des feux, capteur de pluie,....faible consommation / Prix légèrement négociable (les revendeurs s’abstenir) Annonceur : OUALI Répondre l'annonceur Imprimer Signaler cette annonce Envoyer à un ami Partager sur Facebook Twitter LinkedIn Retour à la page précédente"
7566522,https://www.marocannonces.com/categorie/314/Voitures-occasion/annonce/7566522/Berlingo-à-vendre.html,marocannonces,2026-10-02,2026-10-02 02:36:56,Berlingo  à vendre,Citroën,Berlingo,,2013.0,156000.0,Diesel,,05-07 chevaux,,Occasion,,,Particulier,,,Casablanca,Casablanca-Settat,105000.0,2.0,105 000 DH Berlingo  à vendre Casablanca Vue: 19 Annonce N°: 7566522 Marque: Citroen Modèle: Berlingo Année : 2013 Kilométrage : 156000 Carburant  : Diesel Puissance : 05-07 chevaux Ville : Casablanca Detail de l'annonce : Berlingo 2013 ba9a nadya Annonceur : Adnan Répondre l'annonceur Imprimer Signaler cette annonce Envoyer à un ami Partager sur Facebook Twitter LinkedIn Retour à la page précédente
7566221,https://www.marocannonces.com/categorie/314/Voitures-occasion/annonce/7566221/A-VENDRE-VOLVO-S60-R-DESIGN.html,marocannonces,2026-10-02,2026-10-02 02:36:56,A VENDRE VOLVO S60 R-DESIGN,Volvo,S60,,2016.0,23081.0,Diesel,,05-07 chevaux,,Occasion,1,,Particulier,,,Casablanca,Casablanca-Settat,230000.0,4.0,230 000 DH A VENDRE VOLVO S60 R-DESIGN Casablanca Vue: 53 Annonce N°: 7566221 Marque: Volvo Modèle: S60 Année : 2016 Kilométrage : 23081 Carburant  : Diesel Puissance : 05-07 chevaux Ville : Casablanca Detail de l'annonce : je mets en vente une volvo s60 r-design modèle 01/2016 première main 6 cv jamais accidentée excellent état 23081 km entretien et vidange chez volvo. Annonceur : OTHMAN Répondre l'annonceur Imprimer Signaler cette annonce Envoyer à un ami Partager sur Facebook Twitter LinkedIn Retour à la page précédente
7262014,https://www.marocannonces.com/categorie/314/Voitures-occasion/annonce/7262014/Peugeot-309-diesel-1999.html,marocannonces,2026-10-02,2026-10-02 02:36:58,Peugeot 309 diesel 1999,Peugeot,309,,1999.0,,,,,Dédouanée,Occasion,,,Particulier,,,Casablanca,Casablanca-Settat,32000.0,3.0,"32 000 DH Peugeot 309 diesel 1999 Casablanca Vue: 32 Annonce N°: 7262014 Marque: Peugeot Modèle: 309 Detail de l'annonce : Bonjour , je met en vente Peugeot 309 Diesel 7 chevaux en bon état. Modèle 1988 dédouanée en 1999 pour les intéressés veuillez me contacter. Merci d'avance pour votre intérêt. Annonceur : Utilisateur Répondre l'annonceur Imprimer Signaler cette annonce Envoyer à un ami Partager sur Facebook Twitter LinkedIn Retour à la page précédente"
7565733,https://www.marocannonces.com/categorie/314/Voitures-occasion/annonce/7565733/citroen-2.html,marocannonces,2026-10-02,2026-10-02 02:36:59,citroen 2,Citroën,C2,,2005.0,160000.0,Essence,,05-07 chevaux,,Occasion,,,Particulier,,,Casablanca,Casablanca-Settat,39000.0,7.0,39 000 DH citroen 2 Casablanca Vue: 106 Annonce N°: 7565733 Marque: Citroen Modèle: C2 Année : 2005 Kilométrage : 160000 Carburant  : Essence Puissance : 05-07 chevaux Ville : Casablanca Detail de l'annonce : Citroën 2  bon état modèle 2005 jamais accidenté et très faible consommation Annonceur : nacer Répondre l'annonceur Imprimer Signaler cette annonce Envoyer à un ami Partager sur Facebook Twitter LinkedIn Retour à la page précédente
7565674,https://www.marocannonces.com/categorie/314/Voitures-occasion/annonce/7565674/Mercedes-c-220.html,marocannonces,2026-10-02,2026-10-02 02:37:00,Mercedes c 220,Mercedes-Benz,C220,,2005.0,263000.0,Diesel,Automatique,08-10 chevaux,,Occasion,,,Particulier,,,Rabat,Rabat-Salé-Kénitra,140000.0,7.0,"140 000 DH Mercedes c 220 Rabat Vue: 64 Annonce N°: 7565674 Marque: Mercedes-Benz Modèle: C220 Année : 2005 Kilométrage : 263000 Carburant  : Diesel Puissance : 08-10 chevaux Ville : Rabat Detail de l'annonce : je met en vente mercedes c 220 modele 2005 ded 2013 full option vitesse automatique , toit, Annonceur : abdellah Répondre l'annonceur Imprimer Signaler cette annonce Envoyer à un ami Partager sur Facebook Twitter LinkedIn Retour à la page précédente"
7565648,https://www.marocannonces.com/categorie/314/Voitures-occasion/annonce/7565648/Corolla-diesel.html,marocannonces,2026-10-02,2026-10-02 02:37:01,Corolla diesel,Toyota,Corolla,,2008.0,126500.0,Diesel,,05-07 chevaux,,Occasion,,,Particulier,0667077903,e7c5c1f06c41a011fbd18e6a583e2506578865e4ab58ca66268d79d34312c7b7,Casablanca,Casablanca-Settat,70000.0,4.0,70 000 DH Corolla diesel Casablanca Vue: 83 Annonce N°: 7565648 Marque: Toyota Modèle: Corolla Année : 2008 Kilométrage : 126500 Carburant  : Diesel Puissance : 05-07 chevaux Ville : Casablanca Detail de l'annonce : Pilote vend sa Corolla Diesel 5 CV Bien entretenue GSM  0667077903 Annonceur : SAHEL Répondre l'annonceur Imprimer Signaler cette annonce Envoyer à un ami Partager sur Facebook Twitter LinkedIn Retour à la page précédente
7565237,https://www.marocannonces.com/categorie/314/Voitures-occasion/annonce/7565237/Voiture-en-bonne-état.html,marocannonces,2026-10-02,2026-10-02 02:37:02,Voiture en bonne état,Suzuki,Maruti,,2008.0,,Essence,,05-07 chevaux,,Occasion,,,Particulier,,,Casablanca,Casablanca-Settat,23000.0,1.0,23 000 DH Voiture en bonne état Casablanca Vue: 43 Annonce N°: 7565237 Marque: Suzuki Modèle: Maruti Année : 2008 Carburant  : Essence Puissance : 05-07 chevaux Ville : Casablanca Detail de l'annonce : Bjr je mets en vente ma voiture Suzuki model maruti avc un prix négociable légèrement Annonceur : Sarah Répondre l'annonceur Imprimer Signaler cette annonce Envoyer à un ami Partager sur Facebook Twitter LinkedIn Retour à la page précédente
7565035,https://www.marocannonces.com/categorie/314/Voitures-occasion/annonce/7565035/Fiat-Doblo.html,marocannonces,2026-10-02,2026-10-02 02:37:03,Fiat Doblo,Fiat,Doblo,,2012.0,150000.0,Diesel,,,,Occasion,,,Particulier,,,Tanger,Tanger-Tétouan-Al Hoceïma,80000.0,8.0,"80 000 DH Fiat Doblo Tanger Vue: 75 Annonce N°: 7565035 Marque: Fiat Modèle: Doblo Année : 2012 Kilométrage : 150000 Carburant  : Diesel Ville : Tanger Detail de l'annonce : Je met ma voiture Fiat Doblo,modèle 2012.en très bon état.1ér main.peinture original.sans clim.avec 2 vitre électrique, Abs,volant assistée,2clé,centralisée,cd aux,radio.accepte roplize. Annonceur : Oussama Répondre l'annonceur Imprimer Signaler cette annonce Envoyer à un ami Partager sur Facebook Twitter LinkedIn Retour à la page précédente"
7565031,https://www.marocannonces.com/categorie/314/Voitures-occasion/annonce/7565031/Volkswagen-polo.html,marocannonces,2026-10-02,2026-10-02 02:37:03,Volkswagen polo,Volkswagen,Polo,,2001.0,150000.0,Diesel,,08-10 chevaux,,Occasion,,,Particulier,,,Tanger,Tanger-Tétouan-Al Hoceïma,45000.0,6.0,"45 000 DH Volkswagen polo Tanger Vue: 44 Annonce N°: 7565031 Marque: Volkswagen Modèle: Polo Année : 2001 Kilométrage : 150000 Carburant  : Diesel Puissance : 08-10 chevaux Ville : Tanger Detail de l'annonce : Je met ma voiture volkswagen polo,modèle 2001.en très bon état.jamais accédente.avec 2 vitre électrique,volant assistée,retroviseur électrique,abs,cd,aux, radio.kayen chwiya d mofahama.accepte roplize. Annonceur : Oussama Répondre l'annonceur Imprimer Signaler cette annonce Envoyer à un ami Partager sur Facebook Twitter LinkedIn Retour à la page précédente"
7564926,https://www.marocannonces.com/categorie/314/Voitures-occasion/annonce/7564926/clio-4-bonne-état.html,marocannonces,2026-10-02,2026-10-02 02:37:04,clio 4 bonne état,Renault,Clio,,2014.0,92.0,Diesel,,05-07 chevaux,,Occasion,,,Particulier,,,Casablanca,Casablanca-Settat,113500.0,1.0,113 500 DH clio 4 bonne état Casablanca Vue: 18 Annonce N°: 7564926 Marque: Renault Modèle: Clio Année : 2014 Kilométrage : 92 Carburant  : Diesel Puissance : 05-07 chevaux Ville : Casablanca Detail de l'annonce : tomobil ba9a n9iya jamais  accident Annonceur : jamal Répondre l'annonceur Imprimer Signaler cette annonce Envoyer à un ami Partager sur Facebook Twitter LinkedIn Retour à la page précédente
7564876,https://www.marocannonces.com/categorie/314/Voitures-occasion/annonce/7564876/Volkswagen-Tiguan.html,marocannonces,2026-10-02,2026-10-02 02:37:05,Volkswagen Tiguan,Volkswagen,TIGUAN,,2015.0,56000.0,Diesel,,08-10 chevaux,,Occasion,,,Particulier,,,Casablanca,Casablanca-Settat,218000.0,7.0,218 000 DH Volkswagen Tiguan Casablanca Vue: 62 Annonce N°: 7564876 Marque: Volkswagen Modèle: TIGUAN Année : 2015 Kilométrage : 56000 Carburant  : Diesel Puissance : 08-10 chevaux Ville : Casablanca Detail de l'annonce : Bonne etat Annonceur : rachid Répondre l'annonceur Imprimer Signaler cette annonce Envoyer à un ami Partager sur Facebook Twitter LinkedIn Retour à la page précédente
7564905,https://www.marocannonces.com/categorie/314/Voitures-occasion/annonce/7564905/Ford-fiesta.html,marocannonces,2026-10-02,2026-10-02 02:37:06,Ford fiesta,Ford,Fiesta,,2017.0,5000.0,Essence,,05-07 chevaux,,Occasion,,,Particulier,,,Marrakech,Marrakech-Safi,98000.0,4.0,98 000 DH Ford fiesta Marrakech Vue: 28 Annonce N°: 7564905 Marque: Ford Modèle: Fiesta Année : 2017 Kilométrage : 5000 Carburant  : Essence Puissance : 05-07 chevaux Ville : Marrakech Detail de l'annonce : Je mets en vente une ford fiesta 2017 essence faible consommation bien entretenue...... Annonceur : Hatim Répondre l'annonceur Imprimer Signaler cette annonce Envoyer à un ami Partager sur Facebook Twitter LinkedIn Retour à la page précédente
7564825,https://www.marocannonces.com/categorie/314/Voitures-occasion/annonce/7564825/Honda-civic-14l.html,marocannonces,2026-10-02,2026-10-02 02:37:07,Honda civic 1.4l,Honda,Civic,,1998.0,190000.0,Essence,,08-10 chevaux,,Occasion,,,Particulier,,,Salé,Rabat-Salé-Kénitra,30000.0,7.0,30 000 DH Honda civic 1.4l Salé Vue: 38 Annonce N°: 7564825 Marque: Honda Modèle: Civic Année : 1998 Kilométrage : 190000 Carburant  : Essence Puissance : 08-10 chevaux Ville : Salé Detail de l'annonce : Je mets en vente ma voiture honda civic couleur vert bouteille 8 cv moteur 1.4l consommation 5.5% . Annonceur : zinoune mohamed Répondre l'annonceur Imprimer Signaler cette annonce Envoyer à un ami Partager sur Facebook Twitter LinkedIn Retour à la page précédente
7564822,https://www.marocannonces.com/categorie/314/Voitures-occasion/annonce/7564822/Citroën-Berlingo-Diesel.html,marocannonces,2026-10-02,2026-10-02 02:37:08,Citroën Berlingo Diesel,Citroën,Berlingo,,2009.0,105000.0,Diesel,,05-07 chevaux,,Occasion,,,Particulier,,,Casablanca,Casablanca-Settat,68000.0,4.0,"68 000 DH Citroën Berlingo Diesel Casablanca Vue: 50 Annonce N°: 7564822 Marque: Citroen Modèle: Berlingo Année : 2009 Kilométrage : 105000 Carburant  : Diesel Puissance : 05-07 chevaux Ville : Casablanca Detail de l'annonce : VENDS CITROËN BERLINGO UTILITAIRE 1.6L HDI 90CH DIN, TRES ECONOMIQUE ET CONFORTABLE AVEC UNE BONNE TENUE DE ROUTE ET SPACIEUSE 5 PORTES, 5 PLACES Annonceur : beliveau Répondre l'annonceur Imprimer Signaler cette annonce Envoyer à un ami Partager sur Facebook Twitter LinkedIn Retour à la page précédente"
7564646,https://www.marocannonces.com/categorie/314/Voitures-occasion/annonce/7564646/HONDA-CIVIC-ESSENCE.html,marocannonces,2026-10-02,2026-10-02 02:37:09,HONDA CIVIC ESSENCE,Honda,Civic,,1999.0,189000.0,Essence,,08-10 chevaux,,Neuf,,,Particulier,,,Salé,Rabat-Salé-Kénitra,30000.0,7.0,30 000 DH HONDA CIVIC ESSENCE Salé Vue: 29 Annonce N°: 7564646 Marque: Honda Modèle: Civic Année : 1999 Kilométrage : 189000 Carburant  : Essence Puissance : 08-10 chevaux Ville : Salé Detail de l'annonce : Je mets en vente ma voiture honda civic 8cv moteur 1.4 consommation 5.5 l %.Batterie neuf.possibilité de reprise avec un rajout d'argent. Annonceur : Hasna Répondre l'annonceur Imprimer Signaler cette annonce Envoyer à un ami Partager sur Facebook Twitter LinkedIn Retour à la page précédente
7564506,https://www.marocannonces.com/categorie/314/Voitures-occasion/annonce/7564506/Vw-polo.html,marocannonces,2026-10-02,2026-10-02 02:37:10,Vw polo,Volkswagen,Polo,,2004.0,200000.0,Diesel,,08-10 chevaux,,Occasion,,,Particulier,,,Salé,Rabat-Salé-Kénitra,57000.0,5.0,"57 000 DH Vw polo Salé Vue: 60 Annonce N°: 7564506 Marque: Volkswagen Modèle: Polo Année : 2004 Kilométrage : 200000 Carburant  : Diesel Puissance : 08-10 chevaux Ville : Salé Detail de l'annonce : je mets en vente ma voiture polo sdi ,diesel ,8 chevaux ,model 9/2004 (200000KM)vitres avant electrique, clim,retroviseur electrique ,fermeture centralisée ,post cd ,vitres arriére fumée ,prix negociable Annonceur : HAJAR Répondre l'annonceur Imprimer Signaler cette annonce Envoyer à un ami Partager sur Facebook Twitter LinkedIn Retour à la page précédente"
7564426,https://www.marocannonces.com/categorie/314/Voitures-occasion/annonce/7564426/Fiat-uno.html,marocannonces,2026-10-02,2026-10-02 02:37:11,Fiat uno,Fiat,Uno,,2003.0,,Essence,,05-07 chevaux,,Occasion,,,Particulier,,,Marrakech,Marrakech-Safi,34000.0,1.0,34 000 DH Fiat uno Marrakech Vue: 21 Annonce N°: 7564426 Marque: Fiat Modèle: Uno Année : 2003 Carburant  : Essence Puissance : 05-07 chevaux Ville : Marrakech Detail de l'annonce : Je met en vent ma voiture fiat uno Annonceur : houcine Répondre l'annonceur Imprimer Signaler cette annonce Envoyer à un ami Partager sur Facebook Twitter LinkedIn Retour à la page précédente
7564235,https://www.marocannonces.com/categorie/314/Voitures-occasion/annonce/7564235/Megane-2.html,marocannonces,2026-10-02,2026-10-02 02:37:12,Megane 2,Renault,Megane,,2004.0,190000.0,Diesel,,05-07 chevaux,,Occasion,,,Particulier,,,Casablanca,Casablanca-Settat,63000.0,4.0,"63 000 DH Megane 2 Casablanca Vue: 52 Annonce N°: 7564235 Marque: Renault Modèle: Megane Année : 2004 Kilométrage : 190000 Carburant  : Diesel Puissance : 05-07 chevaux Ville : Casablanca Detail de l'annonce : Je mets en vente ma voiture megane 2 diesel 1. Model 2004, 6cv climatisé. Annonceur : Hakim Répondre l'annonceur Imprimer Signaler cette annonce Envoyer à un ami Partager sur Facebook Twitter LinkedIn Retour à la page précédente"
7564018,https://www.marocannonces.com/categorie/314/Voitures-occasion/annonce/7564018/ford-mondeo.html,marocannonces,2026-10-02,2026-10-02 02:37:13,ford mondeo,Ford,Mondeo,,2004.0,260000.0,Diesel,,08-10 chevaux,,Occasion,,,Particulier,,,Rabat,Rabat-Salé-Kénitra,47000.0,3.0,47 000 DH ford mondeo Rabat Vue: 76 Annonce N°: 7564018 Marque: Ford Modèle: Mondeo Année : 2004 Kilométrage : 260 000 Carburant  : Diesel Puissance : 08-10 chevaux Ville : Rabat Detail de l'annonce : je mets en vendre ma voiture ford mondeo modèle 2004 en bonne état nhesitez à me contacter le prix est légerment negociale Annonceur : tarik Répondre l'annonceur Imprimer Signaler cette annonce Envoyer à un ami Partager sur Facebook Twitter LinkedIn Retour à la page précédente
7563993,https://www.marocannonces.com/categorie/314/Voitures-occasion/annonce/7563993/Dacia-sandero-essance.html,marocannonces,2026-10-02,2026-10-02 02:37:14,Dacia sandero essance,Dacia,Sandero,,2017.0,40000.0,Essence,,05-07 chevaux,,Neuf,,,Particulier,,,Marrakech,Marrakech-Safi,85000.0,1.0,"85 000 DH Dacia sandero essance Marrakech Vue: 35 Annonce N°: 7563993 Marque: Dacia Modèle: Sandero Année : 2017 Kilométrage : 40000 Carburant  : Essence Puissance : 05-07 chevaux Ville : Marrakech Detail de l'annonce : Très bonne état toute neuve model 2017 visible sur Marakech Toute option.l'imitateur de vitesse, radar de recul. L'imitateur. Annonceur : Mohmd Répondre l'annonceur Imprimer Signaler cette annonce Envoyer à un ami Partager sur Facebook Twitter LinkedIn Retour à la page précédente"
7563927,https://www.marocannonces.com/categorie/314/Voitures-occasion/annonce/7563927/Hyundai-i10.html,marocannonces,2026-10-02,2026-10-02 02:37:15,Hyundai i10,Hyundai,I10,,2014.0,100000.0,Essence,,05-07 chevaux,,Occasion,,,Particulier,,,Rabat,Rabat-Salé-Kénitra,62000.0,8.0,62 000 DH Hyundai i10 Rabat Vue: 52 Annonce N°: 7563927 Marque: Hyundai Modèle: I10 Année : 2014 Kilométrage : 100000 Carburant  : Essence Puissance : 05-07 chevaux Ville : Rabat Detail de l'annonce : Je mets en vente ma voiture hyundai i10 modèle 11-2013 toutes options. Pour plus d'informations contactez moi. Annonceur : Mehdi Répondre l'annonceur Imprimer Signaler cette annonce Envoyer à un ami Partager sur Facebook Twitter LinkedIn Retour à la page précédente
7563726,https://www.marocannonces.com/categorie/314/Voitures-occasion/annonce/7563726/Peugeot-308-model-1992.html,marocannonces,2026-10-02,2026-10-02 02:37:16,Peugeot 308 model 1992,Peugeot,309,,1992.0,,Essence,,,,Occasion,,,Particulier,,,Berkane,Oriental,22000.0,8.0,22 000 DH Peugeot 308 model 1992 Berkane Vue: 59 Annonce N°: 7563726 Marque: Peugeot Modèle: 309 Année : 1992 Carburant  : Essence Ville : Berkane Detail de l'annonce : سيارة إقتصادية و نقية موديل 1992 الديوانة 1998 المحرك مزيان Moteur Genior لي لبغاها مرحبا Annonceur : Abdelkarim Répondre l'annonceur Imprimer Signaler cette annonce Envoyer à un ami Partager sur Facebook Twitter LinkedIn Retour à la page précédente
7563520,https://www.marocannonces.com/categorie/314/Voitures-occasion/annonce/7563520/Fiat-Uno-TPC.html,marocannonces,2026-10-02,2026-10-02 02:37:17,Fiat Uno TPC,Fiat,Uno,,1998.0,200000.0,Essence,,05-07 chevaux,,Occasion,,,Particulier,,,Tanger,Tanger-Tétouan-Al Hoceïma,29000.0,5.0,29 000 DH Fiat Uno TPC Tanger Vue: 87 Annonce N°: 7563520 Marque: Fiat Modèle: Uno Année : 1998 Kilométrage : 200000 Carburant  : Essence Puissance : 05-07 chevaux Ville : Tanger Detail de l'annonce : Slm kayna had Fiat uno xu 7aja n9ia rcha makaynxi mara Fermeture centralisé/camera de recule/cd mp3/Aux Annonceur : Fahd Répondre l'annonceur Imprimer Signaler cette annonce Envoyer à un ami Partager sur Facebook Twitter LinkedIn Retour à la page précédente
7563518,https://www.marocannonces.com/categorie/314/Voitures-occasion/annonce/7563518/mercedes-benz-240.html,marocannonces,2026-10-02,2026-10-02 02:37:18,mercedes-benz 240,Mercedes-Benz,240D,,1983.0,390000.0,Diesel,,08-10 chevaux,Dédouanée,Occasion,1,,Particulier,,,Casablanca,Casablanca-Settat,70000.0,1.0,"70 000 DH mercedes-benz 240 Casablanca Vue: 116 Annonce N°: 7563518 Marque: Mercedes-Benz Modèle: 240D Année : 1983 Kilométrage : 390000 Carburant  : Diesel Puissance : 08-10 chevaux Ville : Casablanca Detail de l'annonce : Mercedes 240 modèle 1983-dédouané en 1993-première main des le dédouanement , en très bon état ,10 cv , toute options ( clim , les 4 vitres électriques,vitres tinté fermeture centralisée ,ouverture et fermeture a distance, alarme ,anti-démarrage, radar de recul ,direction assisté, 5 jantes aluminium,radio FM2-3,DVD,  moteur robuste  ,peinture métalisé, rien a prévoir a réparer(moteur,carrosserie,peinture,intérieur)en  très bon état ! faible consommation ,au garage ,  bien entretenue ..prix de vente a débattre , du  propriétaire au particulier . . Annonceur : Utilisateur Répondre l'annonceur Imprimer Signaler cette annonce Envoyer à un ami Partager sur Facebook Twitter LinkedIn Retour à la page précédente"
7563409,https://www.marocannonces.com/categorie/314/Voitures-occasion/annonce/7563409/Clio-4-tt-options.html,marocannonces,2026-10-02,2026-10-02 02:37:19,Clio 4 tt options,Renault,Clio,,2016.0,39000.0,Diesel,,05-07 chevaux,,Occasion,,,Particulier,,,Casablanca,Casablanca-Settat,135000.0,6.0,135 000 DH Clio 4 tt options Casablanca Vue: 31 Annonce N°: 7563409 Marque: Renault Modèle: Clio Année : 2016 Kilométrage : 39000 Carburant  : Diesel Puissance : 05-07 chevaux Ville : Casablanca Detail de l'annonce : Clio 4 anne juin.2016 tt options 1ere main Annonceur : Hicham Répondre l'annonceur Imprimer Signaler cette annonce Envoyer à un ami Partager sur Facebook Twitter LinkedIn Retour à la page précédente
7562982,https://www.marocannonces.com/categorie/314/Voitures-occasion/annonce/7562982/Golf-4.html,marocannonces,2026-10-02,2026-10-02 02:37:20,Golf 4,Volkswagen,Golf,,2001.0,300.0,Diesel,,08-10 chevaux,,Occasion,,,Particulier,,,Kénitra,Rabat-Salé-Kénitra,80000.0,6.0,"80 000 DH Golf 4 Kénitra Vue: 32 Annonce N°: 7562982 Marque: Volkswagen Modèle: Golf Année : 2001 Kilométrage : 300K-350K Carburant  : Diesel Puissance : 08-10 chevaux Ville : Kénitra Detail de l'annonce : Je met en vente ma golf 4 en bonne état mod 2001 ded en 2010 , 110 cv, peinture maison, jantes alum, vitres elec..; semsar s'abstenir Annonceur : Abelali Répondre l'annonceur Imprimer Signaler cette annonce Envoyer à un ami Partager sur Facebook Twitter LinkedIn Retour à la page précédente"
7562947,https://www.marocannonces.com/categorie/314/Voitures-occasion/annonce/7562947/BMW-530d-Luxury.html,marocannonces,2026-10-02,2026-10-02 02:37:20,BMW 530d Luxury,BMW,530D,,2014.0,62000.0,Diesel,,11-13 chevaux,,Neuf,,,Particulier,,,Rabat,Rabat-Salé-Kénitra,350000.0,6.0,"350 000 DH BMW 530d Luxury Rabat Vue: 70 Annonce N°: 7562947 Marque: BMW Modèle: 530D Année : 2014 Kilométrage : 62000 Carburant  : Diesel Puissance : 11-13 chevaux Ville : Rabat Detail de l'annonce : BMW Série 5, 3.0 Litres, Diesel, toute option d'une puissance monstrueuse mais aussi d'un confort ultime avec son Pack Luxury... Avec une consommation assez raisonnable grace à son moteur TwinTurbo (5.3L /100 Km Mixte) qui peut être encore baisser avec le mode économie. Elle est modèle 11/2013, presque neuve de faible kilométrage ~ 60.000 KM, très bien entretenue régulièrement à la maison. Options : - Toit ouvrant - Rideau électrique - Sièges cuirs électriques - Film solaire Anti Ultra-Violet à 100% teinté noir 75% en arrière et 50% en avant - Radar de stationnement + 5 Caméras d'aide au stationnement (360°) - Modes : Eco/Confort/Sport/Sport+ - Coffre électrique Etc ... Intermédiaire s'abstenir SVP! Pour les intéressés prière de me contacter sur le numéro prescris. Annonceur : Imad Répondre l'annonceur Imprimer Signaler cette annonce Envoyer à un ami Partager sur Facebook Twitter LinkedIn Retour à la page précédente"
7562943,https://www.marocannonces.com/categorie/314/Voitures-occasion/annonce/7562943/Citron-c4-6ch.html,marocannonces,2026-10-02,2026-10-02 02:37:21,Citron c4 6ch,Citroën,C4,,2008.0,190000.0,Diesel,,05-07 chevaux,,Occasion,,,Particulier,,,Agadir,Souss-Massa,76000.0,8.0,"76 000 DH Citron c4 6ch Agadir Vue: 42 Annonce N°: 7562943 Marque: Citroen Modèle: C4 Année : 2008 Kilométrage : 190000 Carburant  : Diesel Puissance : 05-07 chevaux Ville : Agadir Detail de l'annonce : Bonjour, en vente C4 modèle 2008 6 ch premier main (Régulateur de vitesse et l’imitateur de vitesse, Commande au volant,vitre électrique,climatisation,Frein ABS airb .......6 ch Annonceur : Mustafa Répondre l'annonceur Imprimer Signaler cette annonce Envoyer à un ami Partager sur Facebook Twitter LinkedIn Retour à la page précédente"
7562682,https://www.marocannonces.com/categorie/314/Voitures-occasion/annonce/7562682/CITROEN-C5.html,marocannonces,2026-10-02,2026-10-02 02:37:22,CITROEN C5,Citroën,C5,,2009.0,169000.0,Diesel,Automatique,08-10 chevaux,,Occasion,,,Particulier,,,Casablanca,Casablanca-Settat,110000.0,2.0,110 000 DH CITROEN C5 Casablanca Vue: 15 Annonce N°: 7562682 Marque: Citroen Modèle: C5 Année : 2009 Kilométrage : 169 000 Carburant  : Diesel Puissance : 08-10 chevaux Ville : Casablanca Detail de l'annonce : Je mets en vente voiture très  bon état  peinture d origine toute option boite automatique   régulateur et limiteur vitesse détecteur pluie allumage feux auto ordinateur de bord rétroviseur électrique rabattable suspension hydraulique radar recul avant arrière Bluetooth  antibrouillard verrouillage électrique enfant accoudoir central radio CD mp3 commande au volant cuir 2 clés             4 vitres électrique air bag abs... VOIR LA FICHE POUR PLUS D'INFOS Annonceur : mohamed Répondre l'annonceur Imprimer Signaler cette annonce Envoyer à un ami Partager sur Facebook Twitter LinkedIn Retour à la page précédente
7562677,https://www.marocannonces.com/categorie/314/Voitures-occasion/annonce/7562677/Kangoo-a-vendre.html,marocannonces,2026-10-02,2026-10-02 02:37:23,Kangoo a vendre,Renault,Kangoo,,2009.0,150000.0,Diesel,,05-07 chevaux,,Occasion,,,Particulier,,,Casablanca,Casablanca-Settat,75000.0,1.0,75 000 DH Kangoo a vendre Casablanca Vue: 14 Annonce N°: 7562677 Marque: Renault Modèle: Kangoo Année : 2009 Kilométrage : 150000 Carburant  : Diesel Puissance : 05-07 chevaux Ville : Casablanca Detail de l'annonce : Kangoo model fin 2009 en tres bon etat a vendre pour plus d infos appelez Annonceur : Abdelhamid Répondre l'annonceur Imprimer Signaler cette annonce Envoyer à un ami Partager sur Facebook Twitter LinkedIn Retour à la page précédente
7562661,https://www.marocannonces.com/categorie/314/Voitures-occasion/annonce/7562661/Dacia-sandero.html,marocannonces,2026-10-02,2026-10-02 02:37:24,Dacia sandero,Dacia,Sandero,,2012.0,71000.0,Diesel,Automatique,05-07 chevaux,,Occasion,1,,Particulier,,,Rabat,Rabat-Salé-Kénitra,75000.0,6.0,"75 000 DH Dacia sandero Rabat Vue: 103 Annonce N°: 7562661 Marque: Dacia Modèle: Sandero Année : 2012 Kilométrage : 71000 Carburant  : Diesel Puissance : 05-07 chevaux Ville : Rabat Detail de l'annonce : Dacia Sandero Laureate modèle Avril 2012 - Toutes options. Carburant : Diesel Etat : très propre - première main jamais accidentée. Kilométrage : 71000 Kms (intègre) Matricule : Rabat Options : Vitres avant électriques - Réglage rétroviseur électrique - Climatisation automatique - Jantes aluminium - Commandes Radio au volant - Airbags. Dernier vidange fait au 70000 Kms, tous les filtres ont été changés (filtre à air - Filtre diesel - Filtre à huile) - Aucune réparation à prévoir. L'état est vraiment propre et la voiture n'as pas trop de kilomètres à ses roues. Le prix n'est pas négociable. (Vente qu'aux particuliers - Semsara et non sérieux s'abstenir.) Annonceur : Anass Lamrani ‬ Répondre l'annonceur Imprimer Signaler cette annonce Envoyer à un ami Partager sur Facebook Twitter LinkedIn Retour à la page précédente"
7562590,https://www.marocannonces.com/categorie/314/Voitures-occasion/annonce/7562590/Mercedes-Benz-c220.html,marocannonces,2026-10-02,2026-10-02 02:37:25,Mercedes-Benz c220,Mercedes-Benz,C220,,1995.0,199000.0,Diesel,,08-10 chevaux,,Occasion,,,Particulier,,,Agadir,Souss-Massa,80000.0,5.0,"80 000 DH Mercedes-Benz c220 Agadir Vue: 36 Annonce N°: 7562590 Marque: Mercedes-Benz Modèle: C220 Année : 1995 Kilométrage : 199000 Carburant  : Diesel Puissance : 08-10 chevaux Ville : Agadir Detail de l'annonce : Mercedes-Benz c220, Diesel, Model 1995, Douane 2011 Annonceur : Hamid Répondre l'annonceur Imprimer Signaler cette annonce Envoyer à un ami Partager sur Facebook Twitter LinkedIn Retour à la page précédente"
4909221,https://www.marocannonces.com/categorie/314/Voitures-occasion/annonce/4909221/mercedes-E200-EVO-avantgarde-TIPTRONIC.html,marocannonces,2026-10-02,2026-10-02 02:37:26,mercedes E200 EVO avantgarde TIPTRONIC,Mercedes-Benz,C220,,,,,,,,Occasion,,,Particulier,,,Rabat,Rabat-Salé-Kénitra,146000.0,4.0,146 000 DH mercedes E200 EVO avantgarde TIPTRONIC Rabat Vue: 15 Annonce N°: 4909221 Marque: Mercedes-Benz Modèle: C220 Detail de l'annonce : TTE OPTION BONNE ET BELLE VOITURE MOD 29/12/2006 DED 2010 IMM RABAT . . . . . Annonceur : mustapha Répondre l'annonceur Imprimer Signaler cette annonce Envoyer à un ami Partager sur Facebook Twitter LinkedIn Retour à la page précédente
7561406,https://www.marocannonces.com/categorie/314/Voitures-occasion/annonce/7561406/AUDI-A4-TDI-EN-EXCELLENT-ETAT.html,marocannonces,2026-10-02,2026-10-02 02:37:27,AUDI A4 TDI EN EXCELLENT ETAT,Audi,A4,,2008.0,125000.0,Diesel,,08-10 chevaux,,Occasion,,,Particulier,,,Casablanca,Casablanca-Settat,120000.0,5.0,120 000 DH AUDI A4 TDI EN EXCELLENT ETAT Casablanca Vue: 65 Annonce N°: 7561406 Marque: Audi Modèle: A4 Année : 2008 Kilométrage : 125000 Carburant  : Diesel Puissance : 08-10 chevaux Ville : Casablanca Detail de l'annonce : Audi a4 tdi trÈs bien entretenue a vendre 1ere main (ww maroc) jamais accidentee mise en circulation : 15/05/2008 km : 125000 grise intÉrieur beige puissance fiscale : 9cv puissance din : 149 cv boite de vitesse mecanique Annonceur : reda Répondre l'annonceur Imprimer Signaler cette annonce Envoyer à un ami Partager sur Facebook Twitter LinkedIn Retour à la page précédente
7561112,https://www.marocannonces.com/categorie/314/Voitures-occasion/annonce/7561112/Golf-6-modele-2012.html,marocannonces,2026-10-02,2026-10-02 02:37:28,Golf 6 modele 2012,Autre,Autre,,2012.0,,,Manuelle,,,Occasion,,,Particulier,,,Marrakech,Marrakech-Safi,130000.0,3.0,"130 000 DH Golf 6 modele 2012 Marrakech Vue: 59 Annonce N°: 7561112 Ville : Marrakech Detail de l'annonce : Je mets en vente ma voiture Golf 6 moteur 1,6 très bien entretenue. - Modèle : 2012. - Prise: 2ème main. - boite à vitesse : Manuelle 5 rapports. - kilométrage : 150 000 KM. - Puissance fiscale: 6 cv - Jantes en aluminium 16 pouces. - Régulateur de vitesse. - d'autres options: freins abs, antipatinage, phares anti-brouillard. Vente de particulier à particulier Annonceur : Yazid Répondre l'annonceur Imprimer Signaler cette annonce Envoyer à un ami Partager sur Facebook Twitter LinkedIn Retour à la page précédente"
7561085,https://www.marocannonces.com/categorie/314/Voitures-occasion/annonce/7561085/Golf-2.html,marocannonces,2026-10-02,2026-10-02 02:37:29,Golf 2,Volkswagen,Golf,,1986.0,,Diesel,,05-07 chevaux,,Occasion,,,Particulier,0660962289,e1e03e351a1687c68215987ed23957bd12b0df94d28daeaa0098cd3eb266f870,Tanger,Tanger-Tétouan-Al Hoceïma,38000.0,4.0,38 000 DH Golf 2 Tanger Vue: 53 Annonce N°: 7561085 Marque: Volkswagen Modèle: Golf Année : 1986 Carburant  : Diesel Puissance : 05-07 chevaux Ville : Tanger Detail de l'annonce : je mets en vente une superbe golf 2 dédouanement 23/09/1999 faible consommation et en bonne état pour toutes informations merci de me contacter sur 0660962289 Annonceur : Hassan Répondre l'annonceur Imprimer Signaler cette annonce Envoyer à un ami Partager sur Facebook Twitter LinkedIn Retour à la page précédente
7561041,https://www.marocannonces.com/categorie/314/Voitures-occasion/annonce/7561041/Fiat-palio.html,marocannonces,2026-10-02,2026-10-02 02:37:30,Fiat palio,Fiat,Palio,,1999.0,,Diesel,,05-07 chevaux,,Occasion,,,Particulier,,,Marrakech,Marrakech-Safi,35000.0,3.0,35 000 DH Fiat palio Marrakech Vue: 61 Annonce N°: 7561041 Marque: Fiat Modèle: Palio Année : 1999 Carburant  : Diesel Puissance : 05-07 chevaux Ville : Marrakech Detail de l'annonce : Salam palio nkia'de9a amarch'batri jdid vitre électrique clee telecomande 'jamais accidente'latricul marrakch'dariba rkhid'sa 7chv Annonceur : Youssef Répondre l'annonceur Imprimer Signaler cette annonce Envoyer à un ami Partager sur Facebook Twitter LinkedIn Retour à la page précédente
7560942,https://www.marocannonces.com/categorie/314/Voitures-occasion/annonce/7560942/AUDI-A3-2010.html,marocannonces,2026-10-02,2026-10-02 02:37:31,AUDI A3 2010,Audi,A3,,2010.0,16300.0,Diesel,,08-10 chevaux,,Occasion,,,Particulier,,,Berkane,Oriental,113000.0,5.0,"113 000 DH AUDI A3 2010 Berkane Vue: 65 Annonce N°: 7560942 Marque: Audi Modèle: A3 Année : 2010 Kilométrage : 16300 Carburant  : Diesel Puissance : 08-10 chevaux Ville : Berkane Detail de l'annonce : Je met en vente une Audi a3 modèle 2010, cellérier beige , jantes aluminium, moteur 1.9 robuste en excellent état pour plus d´infos appelez. Annonceur : elamraoui Répondre l'annonceur Imprimer Signaler cette annonce Envoyer à un ami Partager sur Facebook Twitter LinkedIn Retour à la page précédente"
7560651,https://www.marocannonces.com/categorie/314/Voitures-occasion/annonce/7560651/A-vendre-citroen-nemo.html,marocannonces,2026-10-02,2026-10-02 02:37:32,A vendre citroen nemo,Citroën,AX,,2014.0,45000.0,Diesel,,05-07 chevaux,,Neuf,,,Particulier,,,Casablanca,Casablanca-Settat,65000.0,4.0,65 000 DH A vendre citroen nemo Casablanca Vue: 55 Annonce N°: 7560651 Marque: Citroen Modèle: AX Année : 2014 Kilométrage : 45000 Carburant  : Diesel Puissance : 05-07 chevaux Ville : Casablanca Detail de l'annonce : Citroen nemo commercial 45000km très bon etat embrayage neuf Annonceur : ILHAM Répondre l'annonceur Imprimer Signaler cette annonce Envoyer à un ami Partager sur Facebook Twitter LinkedIn Retour à la page précédente
7560546,https://www.marocannonces.com/categorie/314/Voitures-occasion/annonce/7560546/audi-S-tronic-TDI-diesel-full-option-Allemande.html,marocannonces,2026-10-02,2026-10-02 02:37:32,audi  S- tronic TDI diesel full option Allemande,Audi,A3,,2014.0,90000.0,Diesel,Automatique,05-07 chevaux,,Occasion,1,,Particulier,0626810842,162e8f3595700f2985034556689f16f38fec17c25f2f130f0b9d023e404a1874,Tanger,Tanger-Tétouan-Al Hoceïma,260000.0,8.0,"260 000 DH audi  S- tronic TDI diesel full option Allemande Tanger Vue: 42 Annonce N°: 7560546 Marque: Audi Modèle: A3 Année : 2014 Kilométrage : 90000 Carburant  : Diesel Puissance : 05-07 chevaux Ville : Tanger Detail de l'annonce : Je mets en vente ma voiture audi  S- tronic TDI diesel full option d'origine Allemande dedouaner 2018  en excellent etat 1ER main entretien maison   model fin 2014 * vitesse automatique . * Ecrant GPS cacher avec caméra de recul . * . . tois panoramique ouvrant * Distronik de distance avec régalisateur de vitéss . * Siége cuire éléctrik chauffont klim digital bizon avant et arriére . * Tableu de bord digital . * Reconnaissance de fatigue . * LED avant arrirére MATRIX éclairage auto bi-éxenon . * Démarage avec boutton start et stop . * Emprinte ouverture avec 2 clés originale . * Aide de stastionement automatique . * regelateur de vetesse automatique •	Pour de plus d'informations, n'hésitez pas a nous contacter 0626810842 . , Annonceur : hasan Répondre l'annonceur Imprimer Signaler cette annonce Envoyer à un ami Partager sur Facebook Twitter LinkedIn Retour à la page précédente"
7560338,https://www.marocannonces.com/categorie/314/Voitures-occasion/annonce/7560338/Ford-kuga-diesel-trend.html,marocannonces,2026-10-02,2026-10-02 02:37:34,Ford kuga diesel trend,Ford,KUGA,,2013.0,136000.0,Diesel,,08-10 chevaux,,Occasion,,,Particulier,,,El jadida,Casablanca-Settat,148000.0,3.0,"148 000 DH Ford kuga diesel trend El jadida Vue: 63 Annonce N°: 7560338 Marque: Ford Modèle: KUGA Année : 2013 Kilométrage : 136000 Carburant  : Diesel Puissance : 08-10 chevaux Ville : El jadida Detail de l'annonce : Ford Kuga Trend plus, 2l D, modèle Septembre 2012, entretien régulier, 2ème main. Jamais accidenté et jamais repeint. Plusieurs options: Jante aluminium, Climatisation Bizone, Radar de Recul, Régulateur de vitesse, Reconnaissance vocale, Start and stop.... Intérieur, carrosserie et moteur en très bonne état Vente à cause déménagement. Annonceur : Omar Répondre l'annonceur Imprimer Signaler cette annonce Envoyer à un ami Partager sur Facebook Twitter LinkedIn Retour à la page précédente"
7560310,https://www.marocannonces.com/categorie/314/Voitures-occasion/annonce/7560310/Ford-kuga-diesel-trend-très-bonne-état.html,marocannonces,2026-10-02,2026-10-02 02:37:35,Ford kuga diesel trend+ très bonne état,Ford,KUGA,,2013.0,135000.0,Diesel,,08-10 chevaux,,Occasion,,,Particulier,,,El jadida,Casablanca-Settat,147000.0,3.0,"147 000 DH Ford kuga diesel trend+ très bonne état El jadida Vue: 43 Annonce N°: 7560310 Marque: Ford Modèle: KUGA Année : 2013 Kilométrage : 135000 Carburant  : Diesel Puissance : 08-10 chevaux Ville : El jadida Detail de l'annonce : Ford Kuga Trend plus, 2l D, modèle Septembre 2012, entretien régulier, 2ème main. Plusieurs options: Jante aluminium, Climatisation Bizone, Radar de Recul, Régulateur de vitesse, Reconnaissance vocale, Start and stop.... Intérieur, carrosserie et moteur en très bonne état, station toujours dans un garage. Visible sur El Jadida Annonceur : Omar Répondre l'annonceur Imprimer Signaler cette annonce Envoyer à un ami Partager sur Facebook Twitter LinkedIn Retour à la page précédente"
7560103,https://www.marocannonces.com/categorie/314/Voitures-occasion/annonce/7560103/DACIA-LOGAN.html,marocannonces,2026-10-02,2026-10-02 02:37:36,DACIA LOGAN,Dacia,Logan,,2015.0,,Diesel,,,,Occasion,,,Particulier,,,Casablanca,Casablanca-Settat,90000.0,5.0,90 000 DH DACIA LOGAN Casablanca Vue: 31 Annonce N°: 7560103 Marque: Dacia Modèle: Logan Année : 2015 Carburant  : Diesel Ville : Casablanca Detail de l'annonce : Je mets en vente une DACIA LOGAN modèle fin 2015 toutes options et en bonne état Annonceur : Rachid Répondre l'annonceur Imprimer Signaler cette annonce Envoyer à un ami Partager sur Facebook Twitter LinkedIn Retour à la page précédente
7559731,https://www.marocannonces.com/categorie/314/Voitures-occasion/annonce/7559731/renault-scenic.html,marocannonces,2026-10-02,2026-10-02 02:37:37,renault scenic,Renault,Scenic,,2004.0,168000.0,Diesel,,05-07 chevaux,,Occasion,,,Particulier,,,Casablanca,Casablanca-Settat,67000.0,4.0,67 000 DH renault scenic Casablanca Vue: 64 Annonce N°: 7559731 Marque: Renault Modèle: Scenic Année : 2004 Kilométrage : 168000 Carburant  : Diesel Puissance : 05-07 chevaux Ville : Casablanca Detail de l'annonce : Bonjour je met en vente une megane scenic en bonne etat mod fin 2004 climatisre jante en alum et plus d'autres option Annonceur : bouchtaoui mustapha Répondre l'annonceur Imprimer Signaler cette annonce Envoyer à un ami Partager sur Facebook Twitter LinkedIn Retour à la page précédente
7559658,https://www.marocannonces.com/categorie/314/Voitures-occasion/annonce/7559658/citroen-xsara.html,marocannonces,2026-10-02,2026-10-02 02:37:38,citroen xsara,Citroën,Xsara,,2004.0,173000.0,Diesel,,05-07 chevaux,,Occasion,,,Particulier,,,Mohammedia,Casablanca-Settat,50000.0,3.0,"50 000 DH citroen xsara Mohammedia Vue: 43 Annonce N°: 7559658 Marque: Citroen Modèle: Xsara Année : 2004 Kilométrage : 173000 Carburant  : Diesel Puissance : 05-07 chevaux Ville : Mohammedia Detail de l'annonce : Bonjour, Voiture 2ème main, jamais accidenté 7chv vitre avant electrique air bag la clim salon propre bon tenue en route dariba 700 dh Annonceur : Moussa Répondre l'annonceur Imprimer Signaler cette annonce Envoyer à un ami Partager sur Facebook Twitter LinkedIn Retour à la page précédente"
7559556,https://www.marocannonces.com/categorie/314/Voitures-occasion/annonce/7559556/kangoo-DCI.html,marocannonces,2026-10-02,2026-10-02 02:37:39,kangoo DCI,Renault,Kangoo,,2012.0,197000.0,Diesel,,05-07 chevaux,,Occasion,,,Particulier,,,Salé,Rabat-Salé-Kénitra,76000.0,2.0,76 000 DH kangoo DCI Salé Vue: 27 Annonce N°: 7559556 Marque: Renault Modèle: Kangoo Année : 2012 Kilométrage : 197000 Carburant  : Diesel Puissance : 05-07 chevaux Ville : Salé Detail de l'annonce : JE MET EN VENT CETTE VOITURE MAZAL MAZYANA WTAMAN MAZYAN Annonceur : KHALID Répondre l'annonceur Imprimer Signaler cette annonce Envoyer à un ami Partager sur Facebook Twitter LinkedIn Retour à la page précédente
7559398,https://www.marocannonces.com/categorie/314/Voitures-occasion/annonce/7559398/honda-accord.html,marocannonces,2026-10-02,2026-10-02 02:37:39,honda accord,Honda,Accord,,2002.0,,Diesel,,,,Occasion,,,Particulier,,,Casablanca,Casablanca-Settat,30000.0,1.0,30 000 DH honda accord Casablanca Vue: 24 Annonce N°: 7559398 Marque: Honda Modèle: Accord Année : 2002 Carburant  : Diesel Ville : Casablanca Detail de l'annonce : honda accord bon état à vendre Annonceur : abdellah Répondre l'annonceur Imprimer Signaler cette annonce Envoyer à un ami Partager sur Facebook Twitter LinkedIn Retour à la page précédente
7559308,https://www.marocannonces.com/categorie/314/Voitures-occasion/annonce/7559308/Renault-megane-2.html,marocannonces,2026-10-02,2026-10-02 02:37:40,Renault megane 2,Renault,Megane,,2004.0,,Diesel,,,,Occasion,,,Particulier,0673150546,5f04ae7464b86aaa53952c0957ec42e13b6993d7adde21a07685d748a4eb7a4d,Casablanca,Casablanca-Settat,,2.0,Prix : N/A Renault megane 2 Casablanca Vue: 45 Annonce N°: 7559308 Marque: Renault Modèle: Megane Année : 2004 Carburant  : Diesel Ville : Casablanca Detail de l'annonce : Je met en vente renault megane 2 tt options diesel m 2004 d 2009. Tel 0673150546 Annonceur : Noureddine Répondre l'annonceur Imprimer Signaler cette annonce Envoyer à un ami Partager sur Facebook Twitter LinkedIn Retour à la page précédente
7559269,https://www.marocannonces.com/categorie/314/Voitures-occasion/annonce/7559269/Ford-Focus.html,marocannonces,2026-10-02,2026-10-02 02:37:41,Ford Focus,Ford,Focus,,2012.0,106000.0,Diesel,,05-07 chevaux,,Occasion,,,Particulier,,,Rabat,Rabat-Salé-Kénitra,123000.0,8.0,"123 000 DH Ford Focus Rabat Vue: 26 Annonce N°: 7559269 Marque: Ford Modèle: Focus Année : 2012 Kilométrage : 106000 Carburant  : Diesel Puissance : 05-07 chevaux Ville : Rabat Detail de l'annonce : Je mets en vente ma voiture Ford Focus mise en circulation en 2012, jamais accidentée ou tombée en panne avec une faible consommation. Annonceur : Mohamed Répondre l'annonceur Imprimer Signaler cette annonce Envoyer à un ami Partager sur Facebook Twitter LinkedIn Retour à la page précédente"
7559214,https://www.marocannonces.com/categorie/314/Voitures-occasion/annonce/7559214/Fiesta-Nov-2010-Diesel.html,marocannonces,2026-10-02,2026-10-02 02:37:42,Fiesta Nov. 2010 Diesel,Ford,Fiesta,,2010.0,240000.0,Diesel,,05-07 chevaux,,Neuf,,,Particulier,,,Casablanca,Casablanca-Settat,85000.0,6.0,"85 000 DH Fiesta Nov. 2010 Diesel Casablanca Vue: 61 Annonce N°: 7559214 Marque: Ford Modèle: Fiesta Année : 2010 Kilométrage : 240000 Carburant  : Diesel Puissance : 05-07 chevaux Ville : Casablanca Detail de l'annonce : Je mets en vente ma voiture Ford fiesta 1ere Main de Novembre 2010. Toutes options. Très bon état (voir photos). Prix : 85 000 DH légèrement négociable. Kilométrage fait en Autoroute. Entretien régulier en maison Ford, Cahier d’entretien disponible. Mécanique parfaite, Pneus neufs, Pas accidentée. Annonceur : Abdelaali Répondre l'annonceur Imprimer Signaler cette annonce Envoyer à un ami Partager sur Facebook Twitter LinkedIn Retour à la page précédente"
5907108,https://www.marocannonces.com/categorie/314/Voitures-occasion/annonce/5907108/nissan-micra.html,marocannonces,2026-10-02,2026-10-02 02:37:43,nissan micra,Nissan,Micra,,2011.0,50000.0,Essence,Automatique,05-07 chevaux,,Occasion,,,Particulier,,,El jadida,Casablanca-Settat,85000.0,4.0,"85 000 DH nissan micra El jadida Vue: 47 Annonce N°: 5907108 Marque: Nissan Modèle: Micra Année : 2011 Kilométrage : 50000 Carburant  : Essence Puissance : 05-07 chevaux Ville : El jadida Detail de l'annonce : je mets en vente ma voiture Nissan Micra modèle 2011 , boite automatique kilométrage 50000 , en très bon état , toute options (vitre électriques, climatisation, jointe aluminium, vitres arrieres fuméé etc ...) . prix négociable . . . . . . . . . . . . Annonceur : nada Répondre l'annonceur Imprimer Signaler cette annonce Envoyer à un ami Partager sur Facebook Twitter LinkedIn Retour à la page précédente"
5907099,https://www.marocannonces.com/categorie/314/Voitures-occasion/annonce/5907099/Peugeot-407-SW.html,marocannonces,2026-10-02,2026-10-02 02:37:44,Peugeot 407 SW,Peugeot,407,,2005.0,226000.0,Diesel,,08-10 chevaux,Dédouanée,Occasion,,,Particulier,,,Casablanca,Casablanca-Settat,,8.0,"Prix : N/A Peugeot 407 SW Casablanca Vue: 13 Annonce N°: 5907099 Marque: Peugeot Modèle: 407 Année : 2005 Kilométrage : 226000 Carburant  : Diesel Puissance : 08-10 chevaux Ville : Casablanca Detail de l'annonce : Je mets en vente ma voiture Peugeot 407 SW (Station wagon) gasoil Modèle 2005 dédouanée en 07/2009 couleurs grises, 6 vitesses, puissance 8 chevaux; 5 portes KM 226000 Toute option; En très bon état, pour plus d’informations merci de me contacter (intermédiaire s’abstenir) . . . . . . . . . . . . Annonceur : Mustapha Répondre l'annonceur Imprimer Signaler cette annonce Envoyer à un ami Partager sur Facebook Twitter LinkedIn Retour à la page précédente"
5907090,https://www.marocannonces.com/categorie/314/Voitures-occasion/annonce/5907090/peugeot-205.html,marocannonces,2026-10-02,2026-10-02 02:37:45,peugeot 205,Peugeot,205,,1987.0,190000.0,Diesel,,05-07 chevaux,Dédouanée,Occasion,,,Particulier,,,El jadida,Casablanca-Settat,37000.0,3.0,"37 000 DH peugeot 205 El jadida Vue: 19 Annonce N°: 5907090 Marque: Peugeot Modèle: 205 Année : 1987 Kilométrage : 190000 Carburant  : Diesel Puissance : 05-07 chevaux Ville : El jadida Detail de l'annonce : je met en vente ma voiture peugeot 205 en très bon état moteur et carrosserie, centralisé avec télécommande, vitre électriques, 7ch modéle 1987et dédouanée 1995 . . . . . . . . . . . . Annonceur : abdou Répondre l'annonceur Imprimer Signaler cette annonce Envoyer à un ami Partager sur Facebook Twitter LinkedIn Retour à la page précédente"
7558868,https://www.marocannonces.com/categorie/314/Voitures-occasion/annonce/7558868/Renault-clio-2-Diesel.html,marocannonces,2026-10-02,2026-10-02 02:37:46,Renault clio 2 Diesel,Renault,Clio,,2003.0,187400.0,Diesel,,05-07 chevaux,,Occasion,,,Particulier,,,Casablanca,Casablanca-Settat,55000.0,4.0,55 000 DH Renault clio 2 Diesel Casablanca Vue: 128 Annonce N°: 7558868 Marque: Renault Modèle: Clio Année : 2003 Kilométrage : 187400 Carburant  : Diesel Puissance : 05-07 chevaux Ville : Casablanca Detail de l'annonce : Renault Clio en très bon état moteur 1.5 DCI 6 ch Diesel jamais accidenté 2 clé original fermeture centralisé zaj avant électrique vidange complet et Courois de distribution volant assistèfait récemment Ji orkab Annonceur : Hakim Répondre l'annonceur Imprimer Signaler cette annonce Envoyer à un ami Partager sur Facebook Twitter LinkedIn Retour à la page précédente
7558612,https://www.marocannonces.com/categorie/314/Voitures-occasion/annonce/7558612/Jolie-voiture-a-vendre.html,marocannonces,2026-10-02,2026-10-02 02:37:46,Jolie voiture a vendre,Peugeot,206,,2006.0,190000.0,Essence,,05-07 chevaux,,Occasion,,,Particulier,,,Sidi Slimane,Rabat-Salé-Kénitra,46000.0,4.0,46 000 DH Jolie voiture a vendre Sidi Slimane Vue: 55 Annonce N°: 7558612 Marque: Peugeot Modèle: 206 Année : 2006 Kilométrage : 190000 Carburant  : Essence Puissance : 05-07 chevaux Ville : Sidi Slimane Detail de l'annonce : Voiture en très bon état Annonceur : Achraf Répondre l'annonceur Imprimer Signaler cette annonce Envoyer à un ami Partager sur Facebook Twitter LinkedIn Retour à la page précédente
7558554,https://www.marocannonces.com/categorie/314/Voitures-occasion/annonce/7558554/Chevrolet-Aveo.html,marocannonces,2026-10-02,2026-10-02 02:37:47,Chevrolet Aveo,Chevrolet,Cavalier,,2005.0,164000.0,Essence,,05-07 chevaux,,Occasion,,,Particulier,,,Casablanca,Casablanca-Settat,38000.0,3.0,"38 000 DH Chevrolet Aveo Casablanca Vue: 57 Annonce N°: 7558554 Marque: Chevrolet Modèle: Cavalier Année : 2005 Kilométrage : 164000 Carburant  : Essence Puissance : 05-07 chevaux Ville : Casablanca Detail de l'annonce : Je met en vente ma voiture en bon état . Vitres électriques, fermeture centralisée. Annonceur : Soumia Répondre l'annonceur Imprimer Signaler cette annonce Envoyer à un ami Partager sur Facebook Twitter LinkedIn Retour à la page précédente"
7557844,https://www.marocannonces.com/categorie/314/Voitures-occasion/annonce/7557844/Citroen-C4.html,marocannonces,2026-10-02,2026-10-02 02:37:48,Citroen C4,Citroën,C4,,2007.0,180000.0,Diesel,,05-07 chevaux,,Occasion,,,Particulier,,,Salé,Rabat-Salé-Kénitra,80000.0,7.0,"80 000 DH Citroen C4 Salé Vue: 37 Annonce N°: 7557844 Marque: Citroen Modèle: C4 Année : 2007 Kilométrage : 180000 Carburant  : Diesel Puissance : 05-07 chevaux Ville : Salé Detail de l'annonce : Je met en vente une tres belle voiture tte options,mod 2007, climatisée,faible consommation, faible kilométrage,peinture originale,2 clefs originaux,,prix 80000dhs, le concerné me contacter. Annonceur : jamal Répondre l'annonceur Imprimer Signaler cette annonce Envoyer à un ami Partager sur Facebook Twitter LinkedIn Retour à la page précédente"
7557793,https://www.marocannonces.com/categorie/314/Voitures-occasion/annonce/7557793/Vw-golf-2.html,marocannonces,2026-10-02,2026-10-02 02:37:49,Vw golf 2,Volkswagen,Golf,,1987.0,330000.0,Diesel,,05-07 chevaux,,Occasion,,,Particulier,,,Tanger,Tanger-Tétouan-Al Hoceïma,38000.0,4.0,"38 000 DH Vw golf 2 Tanger Vue: 24 Annonce N°: 7557793 Marque: Volkswagen Modèle: Golf Année : 1987 Kilométrage : 330000 km Carburant  : Diesel Puissance : 05-07 chevaux Ville : Tanger Detail de l'annonce : je mets en vente golf 2 model 1987 douane 1996, 6v a un prix 38000dh Annonceur : MOURAD Répondre l'annonceur Imprimer Signaler cette annonce Envoyer à un ami Partager sur Facebook Twitter LinkedIn Retour à la page précédente"
7557712,https://www.marocannonces.com/categorie/314/Voitures-occasion/annonce/7557712/Suzuki-celerio.html,marocannonces,2026-10-02,2026-10-02 02:37:50,Suzuki celerio,Suzuki,Celerio,,2009.0,,Essence,,,,Occasion,,,Particulier,,,Mohammedia,Casablanca-Settat,40000.0,1.0,40 000 DH Suzuki celerio Mohammedia Vue: 166 Annonce N°: 7557712 Marque: Suzuki Modèle: Celerio Année : 2009 Carburant  : Essence Ville : Mohammedia Detail de l'annonce : Model 2009 Annonceur : Laila balb Répondre l'annonceur Imprimer Signaler cette annonce Envoyer à un ami Partager sur Facebook Twitter LinkedIn Retour à la page précédente
7557682,https://www.marocannonces.com/categorie/314/Voitures-occasion/annonce/7557682/volvo-s70.html,marocannonces,2026-10-02,2026-10-02 02:37:51,volvo s70,Volvo,C70,,1998.0,190000.0,Essence,,11-13 chevaux,,Occasion,,,Particulier,,,Marrakech,Marrakech-Safi,14000.0,3.0,14 000 DH volvo s70 Marrakech Vue: 116 Annonce N°: 7557682 Marque: Volvo Modèle: C70 Année : 1998 Kilométrage : 190 000 Carburant  : Essence Puissance : 11-13 chevaux Ville : Marrakech Detail de l'annonce : Belle Voiture Touts Options Mode 1998 Annonceur : badr Répondre l'annonceur Imprimer Signaler cette annonce Envoyer à un ami Partager sur Facebook Twitter LinkedIn Retour à la page précédente
7557671,https://www.marocannonces.com/categorie/314/Voitures-occasion/annonce/7557671/honda-jazz-Essence.html,marocannonces,2026-10-02,2026-10-02 02:37:51,honda jazz Essence,Honda,JAZZ,,2004.0,170000.0,Essence,,05-07 chevaux,,Occasion,,,Particulier,,,Marrakech,Marrakech-Safi,43000.0,6.0,43 000 DH honda jazz Essence Marrakech Vue: 60 Annonce N°: 7557671 Marque: Honda Modèle: JAZZ Année : 2004 Kilométrage : 170 000 Carburant  : Essence Puissance : 05-07 chevaux Ville : Marrakech Detail de l'annonce : belle voiture touts option mode 2004 Annonceur : mokhtar Répondre l'annonceur Imprimer Signaler cette annonce Envoyer à un ami Partager sur Facebook Twitter LinkedIn Retour à la page précédente
7557569,https://www.marocannonces.com/categorie/314/Voitures-occasion/annonce/7557569/Passat-automatique.html,marocannonces,2026-10-02,2026-10-02 02:37:52,Passat automatique,Volkswagen,Passat,,2009.0,16890000.0,Diesel,Automatique,08-10 chevaux,,Occasion,,,Particulier,,,Casablanca,Casablanca-Settat,130000.0,8.0,130 000 DH Passat automatique Casablanca Vue: 42 Annonce N°: 7557569 Marque: Volkswagen Modèle: Passat Année : 2009 Kilométrage : 16890000 Carburant  : Diesel Puissance : 08-10 chevaux Ville : Casablanca Detail de l'annonce : Passat modèle 2009 dedoinie 2012 tt options 2l 10airbagues vitesse automatique détecteur de pluie ALLEMAGNE automatique siège conducteur avec massage boîte à gants avec frigo Radio tactile chargeur cd etdvd téléphone Intégré GPS bleutooth intégré régulateur de vitesse 3chargeurs 12v plus chrgeur 220v couleur gris clair 2 clés d'origine Annonceur : Mohamed Répondre l'annonceur Imprimer Signaler cette annonce Envoyer à un ami Partager sur Facebook Twitter LinkedIn Retour à la page précédente
7557522,https://www.marocannonces.com/categorie/314/Voitures-occasion/annonce/7557522/Dacia-duster.html,marocannonces,2026-10-02,2026-10-02 02:37:54,Dacia duster,Dacia,DUSTER,,2013.0,92000.0,Diesel,,05-07 chevaux,WW au Maroc,Occasion,,,Particulier,,,Casablanca,Casablanca-Settat,110000.0,4.0,"110 000 DH Dacia duster Casablanca Vue: 52 Annonce N°: 7557522 Marque: Dacia Modèle: DUSTER Année : 2013 Kilométrage : 92000 Carburant  : Diesel Puissance : 05-07 chevaux Ville : Casablanca Detail de l'annonce : Je mets en vente Dacia duster 1.5 ,6CV toutes options WWW au Maroc, 2013, 92000 km. tous les entretiens à la maison ,très bon état,Voiture très élégante,et très confortable, bonne tenue de route. Pneus récemment changés Aucune réparation à prévoir. Intermédiaire merci de s’abstenir. Annonceur : Mohcine Répondre l'annonceur Imprimer Signaler cette annonce Envoyer à un ami Partager sur Facebook Twitter LinkedIn Retour à la page précédente"
7557236,https://www.marocannonces.com/categorie/314/Voitures-occasion/annonce/7557236/dacia-sandero-diesel-2016.html,marocannonces,2026-10-02,2026-10-02 02:37:55,dacia sandero diesel 2016,Dacia,Sandero,,2016.0,15000.0,Diesel,,13 chevaux,,Occasion,,,Particulier,,,Casablanca,Casablanca-Settat,,1.0,Prix : N/A dacia sandero diesel 2016 Casablanca Vue: 23 Annonce N°: 7557236 Marque: Dacia Modèle: Sandero Année : 2016 Kilométrage : 15000 Carburant  : Diesel Puissance : 13 chevaux Ville : Casablanca Detail de l'annonce : Je met en vente ma dacia sandero 2016 toute option prix non negociable Annonceur : ahmed Répondre l'annonceur Imprimer Signaler cette annonce Envoyer à un ami Partager sur Facebook Twitter LinkedIn Retour à la page précédente
7557181,https://www.marocannonces.com/categorie/314/Voitures-occasion/annonce/7557181/Mercedes-S320-DIESEL.html,marocannonces,2026-10-02,2026-10-02 02:37:55,Mercedes S320 DIESEL,Mercedes-Benz,320S,,2002.0,220000.0,Diesel,,11-13 chevaux,,Occasion,,,Particulier,,,Rabat,Rabat-Salé-Kénitra,,4.0,Prix : N/A Mercedes S320 DIESEL Rabat Vue: 27 Annonce N°: 7557181 Marque: Mercedes-Benz Modèle: 320S Année : 2002 Kilométrage : 220000 Carburant  : Diesel Puissance : 11-13 chevaux Ville : Rabat Detail de l'annonce : très belle Mercedes en parfait état à liquider d'urgence pour cause besoin d'argent Mercedes années 2002 Annonceur : amraoui Répondre l'annonceur Imprimer Signaler cette annonce Envoyer à un ami Partager sur Facebook Twitter LinkedIn Retour à la page précédente
5724212,https://www.marocannonces.com/categorie/314/Voitures-occasion/annonce/5724212/Seat-Ibiza-Model-2004.html,marocannonces,2026-10-02,2026-10-02 02:37:56,Seat Ibiza Model 2004,Seat,Autre,,2004.0,230000.0,Diesel,,05-07 chevaux,,Occasion,,,Particulier,,,Tetouan,Tanger-Tétouan-Al Hoceïma,63000.0,4.0,63 000 DH Seat Ibiza Model 2004 Tetouan Vue: 18 Annonce N°: 5724212 Année : 2004 Kilométrage : 230000 Carburant  : Diesel Puissance : 05-07 chevaux Ville : Tetouan Detail de l'annonce : seat ibiiiiza model 2004 n9iiya bzf o9tisadia  . . . . . . . . . . . . . Annonceur : sara Répondre l'annonceur Imprimer Signaler cette annonce Envoyer à un ami Partager sur Facebook Twitter LinkedIn Retour à la page précédente
7556915,https://www.marocannonces.com/categorie/314/Voitures-occasion/annonce/7556915/Peugeot-modèle-2008-Diesel.html,marocannonces,2026-10-02,2026-10-02 02:37:57,Peugeot modèle 2008 Diesel,Peugeot,206,,2008.0,150000.0,Diesel,,05-07 chevaux,,Occasion,,,Particulier,,,Casablanca,Casablanca-Settat,60000.0,4.0,"60 000 DH Peugeot modèle 2008 Diesel Casablanca Vue: 53 Annonce N°: 7556915 Marque: Peugeot Modèle: 206 Année : 2008 Kilométrage : 150 000 Carburant  : Diesel Puissance : 05-07 chevaux Ville : Casablanca Detail de l'annonce : Je met ma voiture à vendre Peugeot 206 Diesel 6 ch, moteur en excellent état ;samsar à ne pas déranger svp. Annonceur : mohamed Répondre l'annonceur Imprimer Signaler cette annonce Envoyer à un ami Partager sur Facebook Twitter LinkedIn Retour à la page précédente"
7556844,https://www.marocannonces.com/categorie/314/Voitures-occasion/annonce/7556844/DODGE-AVENGER-DIESEL-TRES-FAIBLE-KILOMETRAGE.html,marocannonces,2026-10-02,2026-10-02 02:37:58,DODGE AVENGER DIESEL TRES FAIBLE KILOMETRAGE,Dodge,Avenger,,2008.0,76000.0,Diesel,Automatique,05-07 chevaux,,Occasion,,,Particulier,,,Casablanca,Casablanca-Settat,120000.0,8.0,"120 000 DH DODGE AVENGER DIESEL TRES FAIBLE KILOMETRAGE Casablanca Vue: 42 Annonce N°: 7556844 Marque: Dodge Modèle: Avenger Année : 2008 Kilométrage : 76000 Carburant  : Diesel Puissance : 05-07 chevaux Ville : Casablanca Detail de l'annonce : Voiture intérieur cuir gris, conduite manuelle, grand coffre, plusieurs options : vitres automatiques, climatisation, sièges chauffants, mini-frigidaire à boissons, sièges réglables électriquement, auto cruise (régulateur de vitesse) très bon état. Très faible kilométrage!! affaire à saisir! prix negociable Annonceur : ouafae Répondre l'annonceur Imprimer Signaler cette annonce Envoyer à un ami Partager sur Facebook Twitter LinkedIn Retour à la page précédente"
7556475,https://www.marocannonces.com/categorie/314/Voitures-occasion/annonce/7556475/i10-automatique-2013.html,marocannonces,2026-10-02,2026-10-02 02:37:58,i10 automatique 2013,Hyundai,I10,,2013.0,90000.0,Essence,Automatique,05-07 chevaux,,Occasion,,,Particulier,,,Rabat,Rabat-Salé-Kénitra,75000.0,3.0,75 000 DH i10 automatique 2013 Rabat Vue: 50 Annonce N°: 7556475 Marque: Hyundai Modèle: I10 Année : 2013 Kilométrage : 90000 Carburant  : Essence Puissance : 05-07 chevaux Ville : Rabat Detail de l'annonce : bonne état et jamais accédentée Annonceur : khalid Répondre l'annonceur Imprimer Signaler cette annonce Envoyer à un ami Partager sur Facebook Twitter LinkedIn Retour à la page précédente
7555997,https://www.marocannonces.com/categorie/314/Voitures-occasion/annonce/7555997/Picanto-Kia.html,marocannonces,2026-10-02,2026-10-02 02:37:59,Picanto Kia,Kia,Picanto,,2007.0,160000.0,Essence,,05-07 chevaux,,Occasion,,,Particulier,,,Marrakech,Marrakech-Safi,50000.0,1.0,"50 000 DH Picanto Kia Marrakech Vue: 50 Annonce N°: 7555997 Marque: Kia Modèle: Picanto Année : 2007 Kilométrage : 160000 Carburant  : Essence Puissance : 05-07 chevaux Ville : Marrakech Detail de l'annonce : Une voiture Kia picanto à vendre, toujours en bon état, pour plus d’infos contactez nous Annonceur : Wafaa el youssoufi Répondre l'annonceur Imprimer Signaler cette annonce Envoyer à un ami Partager sur Facebook Twitter LinkedIn Retour à la page précédente"
7555722,https://www.marocannonces.com/categorie/314/Voitures-occasion/annonce/7555722/Mercedes-classe-E.html,marocannonces,2026-10-02,2026-10-02 02:38:00,Mercedes classe E,Mercedes-Benz,Classe E,,1997.0,210000.0,Diesel,,08-10 chevaux,,Occasion,1,,Particulier,,,Rabat,Rabat-Salé-Kénitra,95000.0,4.0,"95 000 DH Mercedes classe E Rabat Vue: 54 Annonce N°: 7555722 Marque: Mercedes-Benz Modèle: Classe E Année : 1997 Kilométrage : 210000 Carburant  : Diesel Puissance : 08-10 chevaux Ville : Rabat Detail de l'annonce : A vendre Mercedes classe E modèle 1997 , 210000 km  , première main très peu roulée, moteur jamais refait , excellente état . Pour plus d’informations contactez-moi Annonceur : Amine Répondre l'annonceur Imprimer Signaler cette annonce Envoyer à un ami Partager sur Facebook Twitter LinkedIn Retour à la page précédente"
7555689,https://www.marocannonces.com/categorie/314/Voitures-occasion/annonce/7555689/Partner-model-2012.html,marocannonces,2026-10-02,2026-10-02 02:38:01,Partner model 2012,Peugeot,Partner,,2012.0,121000.0,Diesel,,05-07 chevaux,,Occasion,1,,Particulier,0675608540,8cad7d13c38017c8423452fa1c5bd5428f2cb8fb78619539a46ff41dc18777d3,Casablanca,Casablanca-Settat,78000.0,4.0,"78 000 DH Partner model 2012 Casablanca Vue: 28 Annonce N°: 7555689 Marque: Peugeot Modèle: Partner Année : 2012 Kilométrage : 121000 Carburant  : Diesel Puissance : 05-07 chevaux Ville : Casablanca Detail de l'annonce : Bonjour, je mets en vente Peugeot Partner modèle 2012 , 3 portes ,7 cv, Motorisation Diesel , 1er main . toutes options,120 000 Km, la voiture est très propre et bien entretenue .Vous pouvez me contacter 0675608540 Annonceur : Ismail Répondre l'annonceur Imprimer Signaler cette annonce Envoyer à un ami Partager sur Facebook Twitter LinkedIn Retour à la page précédente"
7555666,https://www.marocannonces.com/categorie/314/Voitures-occasion/annonce/7555666/Citroën-xara.html,marocannonces,2026-10-02,2026-10-02 02:38:02,Citroën xara,Citroën,Xsara,,2001.0,,Diesel,,05-07 chevaux,,Occasion,,,Particulier,,,Casablanca,Casablanca-Settat,45000.0,1.0,45 000 DH Citroën xara Casablanca Vue: 63 Annonce N°: 7555666 Marque: Citroen Modèle: Xsara Année : 2001 Carburant  : Diesel Puissance : 05-07 chevaux Ville : Casablanca Detail de l'annonce : Je met en vente ma citroen xara modèle 2001 en très bonne état toute option clim airbags radar de recul... Annonceur : Hamza Répondre l'annonceur Imprimer Signaler cette annonce Envoyer à un ami Partager sur Facebook Twitter LinkedIn Retour à la page précédente
7555552,https://www.marocannonces.com/categorie/314/Voitures-occasion/annonce/7555552/Kia-picanto.html,marocannonces,2026-10-02,2026-10-02 02:38:03,Kia picanto,Kia,Picanto,,2009.0,149000.0,Essence,,05-07 chevaux,,Occasion,,,Particulier,,,Kénitra,Rabat-Salé-Kénitra,56000.0,4.0,56 000 DH Kia picanto Kénitra Vue: 53 Annonce N°: 7555552 Marque: Kia Modèle: Picanto Année : 2009 Kilométrage : 149000 Carburant  : Essence Puissance : 05-07 chevaux Ville : Kénitra Detail de l'annonce : Picanto a vendre Annonceur : Abdellaziz B Répondre l'annonceur Imprimer Signaler cette annonce Envoyer à un ami Partager sur Facebook Twitter LinkedIn Retour à la page précédente
7555316,https://www.marocannonces.com/categorie/314/Voitures-occasion/annonce/7555316/toyota-corola.html,marocannonces,2026-10-02,2026-10-02 02:38:04,toyota corola,Toyota,Corolla verso,,2005.0,150000.0,Diesel,,05-07 chevaux,,Occasion,,,Particulier,,,Agadir,Souss-Massa,59000.0,3.0,"59 000 DH toyota corola Agadir Vue: 67 Annonce N°: 7555316 Marque: Toyota Modèle: Corolla verso Année : 2005 Kilométrage : 150000 Carburant  : Diesel Puissance : 05-07 chevaux Ville : Agadir Detail de l'annonce : corola desiel, tt option. faible consomation,jamais accidenté .2eme main 150000km. region agadir,ouled teima possibilité de reprise par voiture de type dacia Annonceur : hicham el Répondre l'annonceur Imprimer Signaler cette annonce Envoyer à un ami Partager sur Facebook Twitter LinkedIn Retour à la page précédente"
7555277,https://www.marocannonces.com/categorie/314/Voitures-occasion/annonce/7555277/Renault-symbol.html,marocannonces,2026-10-02,2026-10-02 02:38:05,Renault symbol,Renault,Symbol,,2009.0,160000.0,Diesel,,05-07 chevaux,,Occasion,,,Particulier,,,Casablanca,Casablanca-Settat,70000.0,8.0,70 000 DH Renault symbol Casablanca Vue: 69 Annonce N°: 7555277 Marque: Renault Modèle: Symbol Année : 2009 Kilométrage : 160000 Carburant  : Diesel Puissance : 05-07 chevaux Ville : Casablanca Detail de l'annonce : Bjr. Je mets en vente ma voiture renault symbol en très bonne état pour plus d'informations veuillez me contacter sur mon numéro de téléphone. Annonceur : Rachid BAKKACHA Répondre l'annonceur Imprimer Signaler cette annonce Envoyer à un ami Partager sur Facebook Twitter LinkedIn Retour à la page précédente
7554941,https://www.marocannonces.com/categorie/314/Voitures-occasion/annonce/7554941/Peugeot-508-Diesel.html,marocannonces,2026-10-02,2026-10-02 02:38:06,Peugeot 508 Diesel,Peugeot,508,,2014.0,77000.0,Diesel,,05-07 chevaux,,Neuf,,,Particulier,,,Casablanca,Casablanca-Settat,155000.0,1.0,"155 000 DH Peugeot 508 Diesel Casablanca Vue: 31 Annonce N°: 7554941 Marque: Peugeot Modèle: 508 Année : 2014 Kilométrage : 77000 et 78000 Carburant  : Diesel Puissance : 05-07 chevaux Ville : Casablanca Detail de l'annonce : Toutes options , Jantes aluminium 17"" , Parking radar, Régulateur-limiteur de vitesse, 5 pneus neufs, Climatisation digitale, Bluetooth, Grand écran Multimédias, ABS, ESP, MP3 Voiture en très bonne état et très propre, jamais accidentée Peinture d'origine et moteur en excellent état et très économique. Pour plus d'information, contactez-nous Annonceur : Lhaj Répondre l'annonceur Imprimer Signaler cette annonce Envoyer à un ami Partager sur Facebook Twitter LinkedIn Retour à la page précédente"
7551896,https://www.marocannonces.com/categorie/314/Voitures-occasion/annonce/7551896/R4-avendre.html,marocannonces,2026-10-02,2026-10-02 02:38:07,R4 avendre,Renault,R4,,1989.0,,Essence,,05-07 chevaux,,Occasion,,,Particulier,,,Meknès,Fès-Meknès,30000.0,5.0,30 000 DH R4 avendre Meknès Vue: 77 Annonce N°: 7551896 Marque: Renault Modèle: R4 Année : 1989 Carburant  : Essence Puissance : 05-07 chevaux Ville : Meknès Detail de l'annonce : Bon état négosiable                merci de me contacter Annonceur : Hamza Répondre l'annonceur Imprimer Signaler cette annonce Envoyer à un ami Partager sur Facebook Twitter LinkedIn Retour à la page précédente
7554095,https://www.marocannonces.com/categorie/314/Voitures-occasion/annonce/7554095/Porsche-cayenne-essence-2003.html,marocannonces,2026-10-02,2026-10-02 02:38:08,Porsche cayenne essence -2003,Porsche,Cayenne,,2003.0,283000.0,Essence,,13 chevaux,,Occasion,,,Particulier,,,Casablanca,Casablanca-Settat,,5.0,"Prix : N/A Porsche cayenne essence -2003 Casablanca Vue: 45 Annonce N°: 7554095 Marque: Porsche Modèle: Cayenne Année : 2003 Kilométrage : 283000 Carburant  : Essence Puissance : 13 chevaux Ville : Casablanca Detail de l'annonce : Bonjour. je mets en vente une très belle porsche cayenne turbo essence modèle 2003 en très bon état. full options v8: salon cuire, sièges électrique, programme de stabilité électronique, volant sport - abs - airbags -, coffre électrique, clim digital, jantes aluminium, 4 vitres électriques...etc avec plein d'options...état extérieur et mécanique impeccable. 0 défauts. les vignettes sont payées y compris celle de 2018. assurance jusqu’au avril 2019. pour plus d'informations merci de me contacter.merci. Annonceur : fouad Répondre l'annonceur Imprimer Signaler cette annonce Envoyer à un ami Partager sur Facebook Twitter LinkedIn Retour à la page précédente"
7554039,https://www.marocannonces.com/categorie/314/Voitures-occasion/annonce/7554039/Renault-19.html,marocannonces,2026-10-02,2026-10-02 02:38:09,Renault 19,Renault,19,,1993.0,28600.0,Diesel,,05-07 chevaux,,Occasion,,,Particulier,,,Fès,Fès-Meknès,55000.0,5.0,55 000 DH Renault 19 Fès Vue: 29 Annonce N°: 7554039 Marque: Renault Modèle: 19 Année : 1993 Kilométrage : 28600 Carburant  : Diesel Puissance : 05-07 chevaux Ville : Fès Detail de l'annonce : Je met en vente ma voiture R19 model 93 douane 2009 très bonne état jamais accidenté Annonceur : Tarik Farih Répondre l'annonceur Imprimer Signaler cette annonce Envoyer à un ami Partager sur Facebook Twitter LinkedIn Retour à la page précédente
7554380,https://www.marocannonces.com/categorie/314/Voitures-occasion/annonce/7554380/Honda-accord-a-vendre.html,marocannonces,2026-10-02,2026-10-02 02:38:10,Honda accord a vendre,Honda,Accord,,2000.0,10000.0,Essence,,08-10 chevaux,,Neuf,,,Particulier,,,Casablanca,Casablanca-Settat,35000.0,1.0,35 000 DH Honda accord a vendre Casablanca Vue: 24 Annonce N°: 7554380 Marque: Honda Modèle: Accord Année : 2000 Kilométrage : 10000 Carburant  : Essence Puissance : 08-10 chevaux Ville : Casablanca Detail de l'annonce : Voiture honda accord a vendre tte neuve ttes opt Annonceur : Voiture Répondre l'annonceur Imprimer Signaler cette annonce Envoyer à un ami Partager sur Facebook Twitter LinkedIn Retour à la page précédente
7554377,https://www.marocannonces.com/categorie/314/Voitures-occasion/annonce/7554377/Volvo-S80-automatique-diesel.html,marocannonces,2026-10-02,2026-10-02 02:38:11,Volvo S80 automatique diesel,Volvo,S80,,2005.0,190000.0,Diesel,Automatique,08-10 chevaux,,Neuf,,,Particulier,,,Casablanca,Casablanca-Settat,70000.0,4.0,70 000 DH Volvo S80 automatique diesel Casablanca Vue: 45 Annonce N°: 7554377 Marque: Volvo Modèle: S80 Année : 2005 Kilométrage : 190000 Carburant  : Diesel Puissance : 08-10 chevaux Ville : Casablanca Detail de l'annonce : Particulier met en vente Volvo S80 bleu nuit diesel automatique toutes options: centralisé à distance avec système d'alarme clima bi-zone automatique radio cd cassettes d'origine Volvo Jantes aluminium salon cuire Sièges électriques chauffants rétroviseurs aussi dégivrants batterie neuve vidange et filtres à jour Annonceur : Karim Répondre l'annonceur Imprimer Signaler cette annonce Envoyer à un ami Partager sur Facebook Twitter LinkedIn Retour à la page précédente
7554318,https://www.marocannonces.com/categorie/314/Voitures-occasion/annonce/7554318/Dacia-logan-diesel-model-2011.html,marocannonces,2026-10-02,2026-10-02 02:38:12,Dacia logan diesel model 2011,Dacia,Logan,,2011.0,137000.0,Diesel,,05-07 chevaux,,Occasion,,,Particulier,,,Casablanca,Casablanca-Settat,73000.0,8.0,"73 000 DH Dacia logan diesel model 2011 Casablanca Vue: 57 Annonce N°: 7554318 Marque: Dacia Modèle: Logan Année : 2011 Kilométrage : 137000 Carburant  : Diesel Puissance : 05-07 chevaux Ville : Casablanca Detail de l'annonce : Je mets en vente dacia logan diesel model 2011 en bon etat, clim+portes centralises. Annonceur : HAYMER HAYMER Répondre l'annonceur Imprimer Signaler cette annonce Envoyer à un ami Partager sur Facebook Twitter LinkedIn Retour à la page précédente"
7553919,https://www.marocannonces.com/categorie/314/Voitures-occasion/annonce/7553919/Passat-cc.html,marocannonces,2026-10-02,2026-10-02 02:38:13,Passat cc,Volkswagen,PASSAT CC,,2012.0,197100.0,Diesel,,08-10 chevaux,,Occasion,,,Particulier,,,Casablanca,Casablanca-Settat,200000.0,1.0,200 000 DH Passat cc Casablanca Vue: 72 Annonce N°: 7553919 Marque: Volkswagen Modèle: PASSAT CC Année : 2012 Kilométrage : 197 100 Carburant  : Diesel Puissance : 08-10 chevaux Ville : Casablanca Detail de l'annonce : je mets en achat une passat cc en bon etat couleur: blanc (voir photo) Annonceur : el mehdi Répondre l'annonceur Imprimer Signaler cette annonce Envoyer à un ami Partager sur Facebook Twitter LinkedIn Retour à la page précédente
7553880,https://www.marocannonces.com/categorie/314/Voitures-occasion/annonce/7553880/Kangoo-a-vendre.html,marocannonces,2026-10-02,2026-10-02 02:38:13,Kangoo a vendre,Renault,Kangoo,,2009.0,190000.0,Diesel,,05-07 chevaux,,Occasion,,,Particulier,,,Casablanca,Casablanca-Settat,76000.0,1.0,76 000 DH Kangoo a vendre Casablanca Vue: 47 Annonce N°: 7553880 Marque: Renault Modèle: Kangoo Année : 2009 Kilométrage : 190000 Carburant  : Diesel Puissance : 05-07 chevaux Ville : Casablanca Detail de l'annonce : Une kangoo blanche model fin 2009 en tres bonne etat a vendre pour plus d infos appelez Annonceur : Ahmed Répondre l'annonceur Imprimer Signaler cette annonce Envoyer à un ami Partager sur Facebook Twitter LinkedIn Retour à la page précédente
7553811,https://www.marocannonces.com/categorie/314/Voitures-occasion/annonce/7553811/Passat-limousine-highline.html,marocannonces,2026-10-02,2026-10-02 02:38:14,Passat limousine highline,Volkswagen,Passat,,2011.0,154000.0,Diesel,,,Dédouanée,Neuf,,,Particulier,,,Rabat,Rabat-Salé-Kénitra,160000.0,6.0,"160 000 DH Passat limousine highline Rabat Vue: 48 Annonce N°: 7553811 Marque: Volkswagen Modèle: Passat Année : 2011 Kilométrage : 154000 Carburant  : Diesel Ville : Rabat Detail de l'annonce : Passat 1.6 TDI bluemotion dédouanée en fin 2015 en Provence de l'Allemagne,toute option et en très bon état jamais accidentée, pneus neufs, cahier d'entretien de la maison a jour, salon en très bon état cuir+ alcantara Annonceur : Nabil Répondre l'annonceur Imprimer Signaler cette annonce Envoyer à un ami Partager sur Facebook Twitter LinkedIn Retour à la page précédente"
7553512,https://www.marocannonces.com/categorie/314/Voitures-occasion/annonce/7553512/Ford-Fiesta.html,marocannonces,2026-10-02,2026-10-02 02:38:15,Ford Fiesta,Ford,Fiesta,,2009.0,156000.0,Essence,,05-07 chevaux,,Occasion,,,Particulier,,,Marrakech,Marrakech-Safi,68000.0,5.0,"68 000 DH Ford Fiesta Marrakech Vue: 172 Annonce N°: 7553512 Marque: Ford Modèle: Fiesta Année : 2009 Kilométrage : 156000 Carburant  : Essence Puissance : 05-07 chevaux Ville : Marrakech Detail de l'annonce : Ford Fiesta model 2009, Essence, faible consommation, pour plus d'info contacter moi Annonceur : Hassan Répondre l'annonceur Imprimer Signaler cette annonce Envoyer à un ami Partager sur Facebook Twitter LinkedIn Retour à la page précédente"
7553470,https://www.marocannonces.com/categorie/314/Voitures-occasion/annonce/7553470/Tiguan-a-vendre.html,marocannonces,2026-10-02,2026-10-02 02:38:16,Tiguan a vendre,Volkswagen,TIGUAN,,2013.0,164000.0,Diesel,,08-10 chevaux,,Occasion,,,Particulier,,,Casablanca,Casablanca-Settat,200000.0,7.0,"200 000 DH Tiguan a vendre Casablanca Vue: 62 Annonce N°: 7553470 Marque: Volkswagen Modèle: TIGUAN Année : 2013 Kilométrage : 164000 Carburant  : Diesel Puissance : 08-10 chevaux Ville : Casablanca Detail de l'annonce : Bonjour, Je mets en vente ma voiture Volkswagen tiguan 1ere main modèle 2013 et dédouanement 2016 en très bonne état, écran navigateur les airbags conducteur passager et latéraux, climatisation digitale radars de recul av et ar jantes en aluminium...etc Annonceur : Mohamed med Répondre l'annonceur Imprimer Signaler cette annonce Envoyer à un ami Partager sur Facebook Twitter LinkedIn Retour à la page précédente"
7553399,https://www.marocannonces.com/categorie/314/Voitures-occasion/annonce/7553399/RENAULT-CLIO-ESSENCE.html,marocannonces,2026-10-02,2026-10-02 02:38:17,RENAULT CLIO ESSENCE,Renault,Clio,,2013.0,80000.0,Essence,,05-07 chevaux,,Occasion,,,Particulier,,,Casablanca,Casablanca-Settat,73000.0,6.0,73 000 DH RENAULT CLIO ESSENCE Casablanca Vue: 41 Annonce N°: 7553399 Marque: Renault Modèle: Clio Année : 2013 Kilométrage : 80000 Carburant  : Essence Puissance : 05-07 chevaux Ville : Casablanca Detail de l'annonce : je met en vent Renault Clio essence deuxième main tout option et bon état Annonceur : ABDERRAHIM ADMIN Répondre l'annonceur Imprimer Signaler cette annonce Envoyer à un ami Partager sur Facebook Twitter LinkedIn Retour à la page précédente
7553387,https://www.marocannonces.com/categorie/314/Voitures-occasion/annonce/7553387/Hyundai-i10-á-vendre.html,marocannonces,2026-10-02,2026-10-02 02:38:18,Hyundai i10 á vendre,Hyundai,I10,,2010.0,65000.0,Essence,,05-07 chevaux,,Occasion,,,Particulier,,,Fès,Fès-Meknès,60000.0,1.0,60 000 DH Hyundai i10 á vendre Fès Vue: 17 Annonce N°: 7553387 Marque: Hyundai Modèle: I10 Année : 2010 Kilométrage : 65000 Carburant  : Essence Puissance : 05-07 chevaux Ville : Fès Detail de l'annonce : Je mets en vente ma propre voiture hyundai i10 toutes options Annonceur : femme Répondre l'annonceur Imprimer Signaler cette annonce Envoyer à un ami Partager sur Facebook Twitter LinkedIn Retour à la page précédente
7553324,https://www.marocannonces.com/categorie/314/Voitures-occasion/annonce/7553324/honda-accord.html,marocannonces,2026-10-02,2026-10-02 02:38:19,honda accord,Honda,Accord,,2002.0,,Essence,,,,Occasion,,,Particulier,,,Casablanca,Casablanca-Settat,32000.0,1.0,32 000 DH honda accord Casablanca Vue: 23 Annonce N°: 7553324 Marque: Honda Modèle: Accord Année : 2002 Carburant  : Essence Ville : Casablanca Detail de l'annonce : je vends ma honda accord très bon état Annonceur : abdellah Répondre l'annonceur Imprimer Signaler cette annonce Envoyer à un ami Partager sur Facebook Twitter LinkedIn Retour à la page précédente
5124374,https://www.marocannonces.com/categorie/314/Voitures-occasion/annonce/5124374/Fiat-albia-diesel-2009.html,marocannonces,2026-10-02,2026-10-02 02:38:20,Fiat albia diesel  2009,Fiat,Albea,,2009.0,0.0,Diesel,,05-07 chevaux,,Occasion,,,Particulier,0660501850,86b68634a294f2b0d5de76cf560a2d4497bfc04dab1f3a9c5059b0613271431a,Casablanca,Casablanca-Settat,70000.0,1.0,70 000 DH Fiat albia diesel  2009 Casablanca Vue: 38 Annonce N°: 5124374 Marque: Fiat Modèle: Albea Année : 2009 Kilométrage : 0000000 Carburant  : Diesel Puissance : 05-07 chevaux Ville : Casablanca Detail de l'annonce : Je vente ma voiture Fiat Albia couleur gris carburant Diesel TT option contacter moi pour négocier le prix Youness 0660501850   . . . . . . . . . . . . . . Annonceur : sakina Répondre l'annonceur Imprimer Signaler cette annonce Envoyer à un ami Partager sur Facebook Twitter LinkedIn Retour à la page précédente
7552962,https://www.marocannonces.com/categorie/314/Voitures-occasion/annonce/7552962/Golf-4-noir-a-vendre.html,marocannonces,2026-10-02,2026-10-02 02:38:21,Golf 4 noir a vendre,Volkswagen,Golf,,2002.0,100000.0,Diesel,,13 chevaux,,Occasion,,,Particulier,,,Casablanca,Casablanca-Settat,75000.0,4.0,75 000 DH Golf 4 noir a vendre Casablanca Vue: 57 Annonce N°: 7552962 Marque: Volkswagen Modèle: Golf Année : 2002 Kilométrage : 100 000 Carburant  : Diesel Puissance : 13 chevaux Ville : Casablanca Detail de l'annonce : طونوبيل باقا نقية و متهلية .. موديل2002 و ديوانة 2006 و لي مهتم مرحبا Annonceur : Noureddine Répondre l'annonceur Imprimer Signaler cette annonce Envoyer à un ami Partager sur Facebook Twitter LinkedIn Retour à la page précédente
7552883,https://www.marocannonces.com/categorie/314/Voitures-occasion/annonce/7552883/Fiat-Uno-mliha.html,marocannonces,2026-10-02,2026-10-02 02:38:22,Fiat Uno mliha,Fiat,Uno,,1996.0,146000.0,Diesel,,05-07 chevaux,,Occasion,,,Particulier,,,Temara,Rabat-Salé-Kénitra,28000.0,5.0,"28 000 DH Fiat Uno mliha Temara Vue: 34 Annonce N°: 7552883 Marque: Fiat Modèle: Uno Année : 1996 Kilométrage : 146000 Carburant  : Diesel Puissance : 05-07 chevaux Ville : Temara Detail de l'annonce : Fiat UNO mliha, aly mohtam mrahba. Annonceur : Mustapha Répondre l'annonceur Imprimer Signaler cette annonce Envoyer à un ami Partager sur Facebook Twitter LinkedIn Retour à la page précédente"
6089765,https://www.marocannonces.com/categorie/314/Voitures-occasion/annonce/6089765/Dacia-Logan-2010.html,marocannonces,2026-10-02,2026-10-02 02:38:23,Dacia Logan 2010,Dacia,Autre,,2010.0,132000.0,Diesel,,05-07 chevaux,,Occasion,,,Particulier,,,Marrakech,Marrakech-Safi,80000.0,3.0,80 000 DH Dacia Logan 2010 Marrakech Vue: 9 Annonce N°: 6089765 Année : 2010 Kilométrage : 132000 Carburant  : Diesel Puissance : 05-07 chevaux Ville : Marrakech Detail de l'annonce : dacia logan tout options bonne état . . . . . . . . . . . Annonceur : hamid Répondre l'annonceur Imprimer Signaler cette annonce Envoyer à un ami Partager sur Facebook Twitter LinkedIn Retour à la page précédente
6089718,https://www.marocannonces.com/categorie/314/Voitures-occasion/annonce/6089718/Dacia-duster-diesel-2012.html,marocannonces,2026-10-02,2026-10-02 02:38:24,Dacia duster diesel 2012,Dacia,DUSTER,,2012.0,90000.0,Diesel,,05-07 chevaux,,Occasion,1,,Particulier,0670873488,4393acc0de2db540aa4a390499f1456b19674ab851a88925277aca46ffe4716d,Casablanca,Casablanca-Settat,135000.0,6.0,"135 000 DH Dacia duster diesel 2012 Casablanca Vue: 6 Annonce N°: 6089718 Marque: Dacia Modèle: DUSTER Année : 2012 Kilométrage : 90000 Carburant  : Diesel Puissance : 05-07 chevaux Ville : Casablanca Detail de l'annonce : Je mets en vente une duster diesel  08/2012 kilométrage 90000,première main et en très bonne etat. info 0670873488 . . . . . . . . . . . Annonceur : Fatima Répondre l'annonceur Imprimer Signaler cette annonce Envoyer à un ami Partager sur Facebook Twitter LinkedIn Retour à la page précédente"
6089702,https://www.marocannonces.com/categorie/314/Voitures-occasion/annonce/6089702/Vent-voiture-kia-sorento.html,marocannonces,2026-10-02,2026-10-02 02:38:25,Vent voiture kia sorento,Kia,Sorento,,2010.0,100000.0,Diesel,,05-07 chevaux,,Occasion,,,Particulier,,,Casablanca,Casablanca-Settat,1400000.0,1.0,"1 400 000 DH Vent voiture kia sorento Casablanca Vue: 29 Annonce N°: 6089702 Marque: Kia Modèle: Sorento Année : 2010 Kilométrage : 100000km Carburant  : Diesel Puissance : 05-07 chevaux Ville : Casablanca Detail de l'annonce : Kia sorento tout options, 100000km annee 2010.. . . . . . . . . . . . Annonceur : mansour Répondre l'annonceur Imprimer Signaler cette annonce Envoyer à un ami Partager sur Facebook Twitter LinkedIn Retour à la page précédente"
6089686,https://www.marocannonces.com/categorie/314/Voitures-occasion/annonce/6089686/Dacia-logan.html,marocannonces,2026-10-02,2026-10-02 02:38:26,Dacia logan,Dacia,Logan,,2007.0,,Diesel,,05-07 chevaux,,Occasion,,,Particulier,,,Marrakech,Marrakech-Safi,68000.0,1.0,68 000 DH Dacia logan Marrakech Vue: 23 Annonce N°: 6089686 Marque: Dacia Modèle: Logan Année : 2007 Carburant  : Diesel Puissance : 05-07 chevaux Ville : Marrakech Detail de l'annonce : Dacia logan tout options bonne état . . . . . . . . . . . Annonceur : hamid Répondre l'annonceur Imprimer Signaler cette annonce Envoyer à un ami Partager sur Facebook Twitter LinkedIn Retour à la page précédente
6089678,https://www.marocannonces.com/categorie/314/Voitures-occasion/annonce/6089678/205-diesel.html,marocannonces,2026-10-02,2026-10-02 02:38:27,205 diesel,Peugeot,205,,1987.0,155658.0,Diesel,,05-07 chevaux,,Occasion,,,Particulier,,,Casablanca,Casablanca-Settat,38000.0,6.0,38 000 DH 205 diesel Casablanca Vue: 17 Annonce N°: 6089678 Marque: Peugeot Modèle: 205 Année : 1987 Kilométrage : 155658-144789 Carburant  : Diesel Puissance : 05-07 chevaux Ville : Casablanca Detail de l'annonce : je mets en vente ma v  205 2 port diesel m 87 ded 94 avec fermeture centralise vitre et porte  .vitre électrique  volant  assisté jointe aluminium pneu jdad  b 5   courroi  2 jours bash mbdla dla chaine o dinamo battery jdid  les bafs  500 w sony xplod  etc.... . . . . . . . . . . . Annonceur : rachid Répondre l'annonceur Imprimer Signaler cette annonce Envoyer à un ami Partager sur Facebook Twitter LinkedIn Retour à la page précédente
7552745,https://www.marocannonces.com/categorie/314/Voitures-occasion/annonce/7552745/Peugeot-508.html,marocannonces,2026-10-02,2026-10-02 02:38:27,Peugeot 508,Peugeot,508,,2014.0,198900.0,Diesel,,05-07 chevaux,,Occasion,,,Particulier,,,Rabat,Rabat-Salé-Kénitra,122000.0,6.0,122 000 DH Peugeot 508 Rabat Vue: 30 Annonce N°: 7552745 Marque: Peugeot Modèle: 508 Année : 2014 Kilométrage : 198900 Carburant  : Diesel Puissance : 05-07 chevaux Ville : Rabat Detail de l'annonce : 508 tt option en bonne état jamais accidenté économique confortable prix très intéressant. Annonceur : Anass Répondre l'annonceur Imprimer Signaler cette annonce Envoyer à un ami Partager sur Facebook Twitter LinkedIn Retour à la page précédente
7489520,https://www.marocannonces.com/categorie/314/Voitures-occasion/annonce/7489520/Jaguar-x-type-2003.html,marocannonces,2026-10-02,2026-10-02 02:38:28,Jaguar x-type 2003,Jaguar,X-Type,,2003.0,,,,,,Occasion,,,Particulier,,,Kénitra,Rabat-Salé-Kénitra,,8.0,Prix : N/A Jaguar x-type 2003 Kénitra Vue: 16 Annonce N°: 7489520 Marque: Jaguar Modèle: X-Type Detail de l'annonce : Bonjour je mets en vente ma voiture jaguar x-type modèle 2003 essence puissance fiscale 12ch vignette 3000dh 2018 deja payée la voiture en bonne etat pour plus d'informationsmerci de me contacter sur mon numéro. Annonceur : Karim Répondre l'annonceur Imprimer Signaler cette annonce Envoyer à un ami Partager sur Facebook Twitter LinkedIn Retour à la page précédente
7552632,https://www.marocannonces.com/categorie/314/Voitures-occasion/annonce/7552632/Palio-2003.html,marocannonces,2026-10-02,2026-10-02 02:38:29,Palio 2003,Fiat,Palio,,2003.0,150000.0,Essence,,05-07 chevaux,,Occasion,,,Particulier,,,Casablanca,Casablanca-Settat,29000.0,2.0,29 000 DH Palio 2003 Casablanca Vue: 72 Annonce N°: 7552632 Marque: Fiat Modèle: Palio Année : 2003 Kilométrage : 150000 Carburant  : Essence Puissance : 05-07 chevaux Ville : Casablanca Detail de l'annonce : Prix négociable . faible consommation. bon état. Annonceur : BOUDRADER Achraf Répondre l'annonceur Imprimer Signaler cette annonce Envoyer à un ami Partager sur Facebook Twitter LinkedIn Retour à la page précédente
7552404,https://www.marocannonces.com/categorie/314/Voitures-occasion/annonce/7552404/Peugeot-301-2eme-main-a-vendre.html,marocannonces,2026-10-02,2026-10-02 02:38:30,Peugeot 301 2eme main  a vendre,Peugeot,301,,2016.0,20000.0,Diesel,,05-07 chevaux,,Occasion,,,Particulier,,,Casablanca,Casablanca-Settat,105000.0,3.0,"105 000 DH Peugeot 301 2eme main  a vendre Casablanca Vue: 36 Annonce N°: 7552404 Marque: Peugeot Modèle: 301 Année : 2016 Kilométrage : 20000 Carburant  : Diesel Puissance : 05-07 chevaux Ville : Casablanca Detail de l'annonce : Peugeot 301 2eme main                ,merci de me contacter Annonceur : Mjid Répondre l'annonceur Imprimer Signaler cette annonce Envoyer à un ami Partager sur Facebook Twitter LinkedIn Retour à la page précédente"
7552219,https://www.marocannonces.com/categorie/314/Voitures-occasion/annonce/7552219/CAMIONNETTE-KIA-K2700.html,marocannonces,2026-10-02,2026-10-02 02:38:31,CAMIONNETTE KIA K2700,Kia,K2700,,2013.0,90000.0,Diesel,,08-10 chevaux,,Neuf,,,Particulier,,,Casablanca,Casablanca-Settat,105000.0,2.0,105 000 DH CAMIONNETTE KIA K2700 Casablanca Vue: 118 Annonce N°: 7552219 Marque: Kia Modèle: K2700 Année : 2013 Kilométrage : 90000 Carburant  : Diesel Puissance : 08-10 chevaux Ville : Casablanca Detail de l'annonce : je vend ma KIA K2700 DIESEL 8cv  blanche moteur neuf et salon propre AVEC CAISSON SANDOUK TRES PROPRE Annonceur : MEHDI Répondre l'annonceur Imprimer Signaler cette annonce Envoyer à un ami Partager sur Facebook Twitter LinkedIn Retour à la page précédente
7552216,https://www.marocannonces.com/categorie/314/Voitures-occasion/annonce/7552216/FIAT-UNO-ESSENCE.html,marocannonces,2026-10-02,2026-10-02 02:38:32,FIAT UNO ESSENCE,Fiat,Uno,,1997.0,100000.0,Essence,,05-07 chevaux,,Neuf,,,Particulier,,,Casablanca,Casablanca-Settat,25000.0,1.0,25 000 DH FIAT UNO ESSENCE Casablanca Vue: 68 Annonce N°: 7552216 Marque: Fiat Modèle: Uno Année : 1997 Kilométrage : 100000 Carburant  : Essence Puissance : 05-07 chevaux Ville : Casablanca Detail de l'annonce : je vend ma fiat uno essence 6cv 5 portes blanche moteur neuf et salon propre les 4 peu vient juste d'etre change neuf Annonceur : MEHDI Répondre l'annonceur Imprimer Signaler cette annonce Envoyer à un ami Partager sur Facebook Twitter LinkedIn Retour à la page précédente
7552068,https://www.marocannonces.com/categorie/314/Voitures-occasion/annonce/7552068/Megane-3-toute-option.html,marocannonces,2026-10-02,2026-10-02 02:38:33,Megane 3 toute option,Renault,Megane,,2016.0,70000.0,Diesel,,05-07 chevaux,,Occasion,,,Particulier,,,El jadida,Casablanca-Settat,145000.0,2.0,"145 000 DH Megane 3 toute option El jadida Vue: 56 Annonce N°: 7552068 Marque: Renault Modèle: Megane Année : 2016 Kilométrage : 70000 Carburant  : Diesel Puissance : 05-07 chevaux Ville : El jadida Detail de l'annonce : Megane a vendre 1ere main, toute option,6 eme vitesse, annonce pour le sérieux, intermédiaires non Annonceur : hamid Répondre l'annonceur Imprimer Signaler cette annonce Envoyer à un ami Partager sur Facebook Twitter LinkedIn Retour à la page précédente"
7552002,https://www.marocannonces.com/categorie/314/Voitures-occasion/annonce/7552002/Suziki-a-vendre.html,marocannonces,2026-10-02,2026-10-02 02:38:34,Suziki a vendre,Suzuki,Swift,,2010.0,190000.0,Essence,,05-07 chevaux,,Occasion,,,Particulier,,,Temara,Rabat-Salé-Kénitra,53000.0,3.0,53 000 DH Suziki a vendre Temara Vue: 71 Annonce N°: 7552002 Marque: Suzuki Modèle: Swift Année : 2010 Kilométrage : 190000 Carburant  : Essence Puissance : 05-07 chevaux Ville : Temara Detail de l'annonce : Je mets en vente une voiture swift en tre bn etat Annonceur : Fatimazahra El hazzam Répondre l'annonceur Imprimer Signaler cette annonce Envoyer à un ami Partager sur Facebook Twitter LinkedIn Retour à la page précédente
7551961,https://www.marocannonces.com/categorie/314/Voitures-occasion/annonce/7551961/FIAT-PUNTO-A-VENDRE-A-CASABLANCA.html,marocannonces,2026-10-02,2026-10-02 02:38:35,FIAT PUNTO A VENDRE A CASABLANCA,Fiat,Punto,,2012.0,53300.0,Diesel,,05-07 chevaux,,Occasion,,,Particulier,,,Casablanca,Casablanca-Settat,76000.0,3.0,76 000 DH FIAT PUNTO A VENDRE A CASABLANCA Casablanca Vue: 70 Annonce N°: 7551961 Marque: Fiat Modèle: Punto Année : 2012 Kilométrage : 53300 Carburant  : Diesel Puissance : 05-07 chevaux Ville : Casablanca Detail de l'annonce : FIAT PUNTO EN EXCELLENT ETAT A VENDRE A CASABLANCA. ANNEE JUIN 2012. 53300KM. Annonceur : HAJ MOHAMMED Répondre l'annonceur Imprimer Signaler cette annonce Envoyer à un ami Partager sur Facebook Twitter LinkedIn Retour à la page précédente
7551924,https://www.marocannonces.com/categorie/314/Voitures-occasion/annonce/7551924/Peugeot-207-essence.html,marocannonces,2026-10-02,2026-10-02 02:38:36,Peugeot 207 essence,Peugeot,207,,2008.0,180000.0,Essence,,08-10 chevaux,,Occasion,,,Particulier,,,Casablanca,Casablanca-Settat,56000.0,6.0,56 000 DH Peugeot 207 essence Casablanca Vue: 61 Annonce N°: 7551924 Marque: Peugeot Modèle: 207 Année : 2008 Kilométrage : 180000 Carburant  : Essence Puissance : 08-10 chevaux Ville : Casablanca Detail de l'annonce : Salam je met en vente Peugeot 207 essence toutes options si vous êtes intéressé contactez moi merci à bientôt Annonceur : Mohamad Répondre l'annonceur Imprimer Signaler cette annonce Envoyer à un ami Partager sur Facebook Twitter LinkedIn Retour à la page précédente
7551839,https://www.marocannonces.com/categorie/314/Voitures-occasion/annonce/7551839/Megane3-automatique.html,marocannonces,2026-10-02,2026-10-02 02:38:37,Megane3 automatique,Renault,Megane,,2015.0,75000.0,Diesel,Automatique,05-07 chevaux,,Occasion,,,Particulier,,,Rabat,Rabat-Salé-Kénitra,140000.0,7.0,140 000 DH Megane3 automatique Rabat Vue: 42 Annonce N°: 7551839 Marque: Renault Modèle: Megane Année : 2015 Kilométrage : 75000 Carburant  : Diesel Puissance : 05-07 chevaux Ville : Rabat Detail de l'annonce : Megane3 automatique  en parfaite état reprise possible Annonceur : anas Répondre l'annonceur Imprimer Signaler cette annonce Envoyer à un ami Partager sur Facebook Twitter LinkedIn Retour à la page précédente
7551833,https://www.marocannonces.com/categorie/314/Voitures-occasion/annonce/7551833/i10-sport.html,marocannonces,2026-10-02,2026-10-02 02:38:38,i10 sport,Hyundai,I10,,2010.0,90000.0,Essence,,05-07 chevaux,,Occasion,,,Particulier,,,Rabat,Rabat-Salé-Kénitra,55000.0,5.0,"55 000 DH i10 sport Rabat Vue: 61 Annonce N°: 7551833 Marque: Hyundai Modèle: I10 Année : 2010 Kilométrage : 90000 Carburant  : Essence Puissance : 05-07 chevaux Ville : Rabat Detail de l'annonce : i10 en parfaite état modèle 11/2010  , reprise possible Annonceur : anas Répondre l'annonceur Imprimer Signaler cette annonce Envoyer à un ami Partager sur Facebook Twitter LinkedIn Retour à la page précédente"
7551508,https://www.marocannonces.com/categorie/314/Voitures-occasion/annonce/7551508/kia-picanto-2007.html,marocannonces,2026-10-02,2026-10-02 02:38:39,kia picanto 2007,Kia,Picanto,,2007.0,,Essence,,,,Occasion,,,Particulier,,,Rabat,Rabat-Salé-Kénitra,48000.0,3.0,48 000 DH kia picanto 2007 Rabat Vue: 64 Annonce N°: 7551508 Marque: Kia Modèle: Picanto Année : 2007 Carburant  : Essence Ville : Rabat Detail de l'annonce : Kia picanto a vendre                merci de me contacter Annonceur : rachid Répondre l'annonceur Imprimer Signaler cette annonce Envoyer à un ami Partager sur Facebook Twitter LinkedIn Retour à la page précédente
7551482,https://www.marocannonces.com/categorie/314/Voitures-occasion/annonce/7551482/Voiture-207-en-très-bon-état.html,marocannonces,2026-10-02,2026-10-02 02:38:40,Voiture 207 en très bon état,Peugeot,206,,2006.0,199000.0,Essence,,05-07 chevaux,,Occasion,,,Particulier,,,ksar el kebir,Tanger-Tétouan-Al Hoceïma,48000.0,1.0,48 000 DH Voiture 207 en très bon état ksar el kebir Vue: 44 Annonce N°: 7551482 Marque: Peugeot Modèle: 206 Année : 2006 Kilométrage : 199000 Carburant  : Essence Puissance : 05-07 chevaux Ville : ksar el kebir Detail de l'annonce : 207 en bon état centralisé airbag vitre électriques Annonceur : Said Répondre l'annonceur Imprimer Signaler cette annonce Envoyer à un ami Partager sur Facebook Twitter LinkedIn Retour à la page précédente
7551145,https://www.marocannonces.com/categorie/314/Voitures-occasion/annonce/7551145/Renault-r11.html,marocannonces,2026-10-02,2026-10-02 02:38:40,Renault r11,Renault,R11,,1984.0,658700.0,Essence,,08-10 chevaux,,Occasion,,,Particulier,,,Casablanca,Casablanca-Settat,12500.0,6.0,12 500 DH Renault r11 Casablanca Vue: 46 Annonce N°: 7551145 Marque: Renault Modèle: R11 Année : 1984 Kilométrage : 658700 Carburant  : Essence Puissance : 08-10 chevaux Ville : Casablanca Detail de l'annonce : a vendre r11 en très bon état prix intéressant Annonceur : abdelouahed kourichel Répondre l'annonceur Imprimer Signaler cette annonce Envoyer à un ami Partager sur Facebook Twitter LinkedIn Retour à la page précédente
7548549,https://www.marocannonces.com/categorie/314/Voitures-occasion/annonce/7548549/Kia-a-vendre.html,marocannonces,2026-10-02,2026-10-02 02:38:41,Kia a vendre,Kia,Cerato,,,,,,,,Neuf,1,,Particulier,,,Casablanca,Casablanca-Settat,65000.0,4.0,"65 000 DH Kia a vendre Casablanca Vue: 19 Annonce N°: 7548549 Marque: Kia Modèle: Cerato Detail de l'annonce : 1er main,6ch,pneus neuf,moteur neus ,jamais accidente Annonceur : Salaheddine Répondre l'annonceur Imprimer Signaler cette annonce Envoyer à un ami Partager sur Facebook Twitter LinkedIn Retour à la page précédente"
5716302,https://www.marocannonces.com/categorie/314/Voitures-occasion/annonce/5716302/Mercedes-c220-cdi.html,marocannonces,2026-10-02,2026-10-02 02:38:42,Mercedes c220 cdi,Mercedes-Benz,C220,,2013.0,5903.0,Diesel,,08-10 chevaux,,Occasion,,,Particulier,,,Casablanca,Casablanca-Settat,350000.0,3.0,350 000 DH Mercedes c220 cdi Casablanca Vue: 14 Annonce N°: 5716302 Marque: Mercedes-Benz Modèle: C220 Année : 2013 Kilométrage : 5903 Carburant  : Diesel Puissance : 08-10 chevaux Ville : Casablanca Detail de l'annonce : VEND MERCEDES C220 CDI MISE EN CIRCULATION LE 25 NOV 2013 ACHETEE CHEZ AUTO NEJMA CASABLANCA ET AYANT TRES PEU ROULE A 350000 DIRHAMS. . . . . . . . . . . . . . Annonceur : MOURTADA FAICAL Répondre l'annonceur Imprimer Signaler cette annonce Envoyer à un ami Partager sur Facebook Twitter LinkedIn Retour à la page précédente
5716285,https://www.marocannonces.com/categorie/314/Voitures-occasion/annonce/5716285/peugeot-boxer.html,marocannonces,2026-10-02,2026-10-02 02:38:43,peugeot boxer,Peugeot,Boxer,,2005.0,262370.0,Diesel,,08-10 chevaux,,Occasion,,,Particulier,,,Casablanca,Casablanca-Settat,70000.0,1.0,70 000 DH peugeot boxer Casablanca Vue: 10 Annonce N°: 5716285 Marque: Peugeot Modèle: Boxer Année : 2005 Kilométrage : 262370 Carburant  : Diesel Puissance : 08-10 chevaux Ville : Casablanca Detail de l'annonce : Je mets en vente voiture peugeot fourgon diesel mise en circulation le 14/02/2005 nbre de places 08 à casablanca . . . . . . . . . . . . . Annonceur : abdelfatah Répondre l'annonceur Imprimer Signaler cette annonce Envoyer à un ami Partager sur Facebook Twitter LinkedIn Retour à la page précédente
7550962,https://www.marocannonces.com/categorie/314/Voitures-occasion/annonce/7550962/Peugeot-307-diesel.html,marocannonces,2026-10-02,2026-10-02 02:38:44,Peugeot 307 diesel,Peugeot,307,,2003.0,250000.0,Diesel,,05-07 chevaux,,Occasion,,,Particulier,,,Casablanca,Casablanca-Settat,64000.0,5.0,"64 000 DH Peugeot 307 diesel Casablanca Vue: 76 Annonce N°: 7550962 Marque: Peugeot Modèle: 307 Année : 2003 Kilométrage : 250000km Carburant  : Diesel Puissance : 05-07 chevaux Ville : Casablanca Detail de l'annonce : Je met en vente 307  très bonne état model 2003 toute option moteur HDI , 6 CV mois , rétroviseur intérieur antireflet électrique vitrés électrique volant assisté. prix 64000 dh négociable Annonceur : mohamed Répondre l'annonceur Imprimer Signaler cette annonce Envoyer à un ami Partager sur Facebook Twitter LinkedIn Retour à la page précédente"
7550771,https://www.marocannonces.com/categorie/314/Voitures-occasion/annonce/7550771/Dacia-sandero.html,marocannonces,2026-10-02,2026-10-02 02:38:45,Dacia sandero,Dacia,Sandero,,2009.0,175000.0,Diesel,,05-07 chevaux,,Occasion,,,Particulier,,,Rabat,Rabat-Salé-Kénitra,,7.0,Prix : N/A Dacia sandero Rabat Vue: 33 Annonce N°: 7550771 Marque: Dacia Modèle: Sandero Année : 2009 Kilométrage : 175000 Carburant  : Diesel Puissance : 05-07 chevaux Ville : Rabat Detail de l'annonce : je mets en vente ma voiture dacia sandero deuxiéme main en bon   etat jamais accident  tout option pour plus d'iformation contactez-mo Annonceur : mohammed Répondre l'annonceur Imprimer Signaler cette annonce Envoyer à un ami Partager sur Facebook Twitter LinkedIn Retour à la page précédente
7550760,https://www.marocannonces.com/categorie/314/Voitures-occasion/annonce/7550760/fiat-linea-a-vendre.html,marocannonces,2026-10-02,2026-10-02 02:38:46,fiat linea a vendre,Fiat,Linea,,2012.0,19000.0,Diesel,,05-07 chevaux,,Neuf,,,Particulier,,,Benslimane,Casablanca-Settat,110000.0,8.0,110 000 DH fiat linea a vendre Benslimane Vue: 42 Annonce N°: 7550760 Marque: Fiat Modèle: Linea Année : 2012 Kilométrage : 19000 Carburant  : Diesel Puissance : 05-07 chevaux Ville : Benslimane Detail de l'annonce : salut je met en vente ma berline comme neuve fiat linea 1.6 multijet tout option 6eme vitesse consommation mixte 4.7l/100km 1ere main Annonceur : mrabet Répondre l'annonceur Imprimer Signaler cette annonce Envoyer à un ami Partager sur Facebook Twitter LinkedIn Retour à la page précédente
7550686,https://www.marocannonces.com/categorie/314/Voitures-occasion/annonce/7550686/Toyota-corolla-millénium-diesel.html,marocannonces,2026-10-02,2026-10-02 02:38:47,Toyota corolla millénium diesel,Toyota,Corolla,,2009.0,250000.0,Diesel,,08-10 chevaux,,Occasion,,,Particulier,,,Casablanca,Casablanca-Settat,80000.0,6.0,80 000 DH Toyota corolla millénium diesel Casablanca Vue: 119 Annonce N°: 7550686 Marque: Toyota Modèle: Corolla Année : 2009 Kilométrage : 250000 Carburant  : Diesel Puissance : 08-10 chevaux Ville : Casablanca Detail de l'annonce : Salam je met en vente toyota corolla millénium diesel 8cv toutes options si vous êtes intéressé contactez moi merci à bientôt Annonceur : Mohamad Répondre l'annonceur Imprimer Signaler cette annonce Envoyer à un ami Partager sur Facebook Twitter LinkedIn Retour à la page précédente
7539358,https://www.marocannonces.com/categorie/314/Voitures-occasion/annonce/7539358/Honda-jazz.html,marocannonces,2026-10-02,2026-10-02 02:38:48,Honda jazz,Honda,JAZZ,,2005.0,85000.0,Essence,Manuelle,08-10 chevaux,,Occasion,1,,Particulier,,,Casablanca,Casablanca-Settat,60000.0,6.0,60 000 DH Honda jazz Casablanca Vue: 40 Annonce N°: 7539358 Marque: Honda Modèle: JAZZ Année : 2005 Kilométrage : 85000 Carburant  : Essence Puissance : 08-10 chevaux Ville : Casablanca Detail de l'annonce : HONDA JAZZ Année: 2005 Motorisation : Essence Kilométrage: 85000 Boite de vitesse: manuelle Etat: Très bon Première main Annonceur : BENHADDOU DRISS Répondre l'annonceur Imprimer Signaler cette annonce Envoyer à un ami Partager sur Facebook Twitter LinkedIn Retour à la page précédente
7550394,https://www.marocannonces.com/categorie/314/Voitures-occasion/annonce/7550394/Toyota-corolla-millenieum.html,marocannonces,2026-10-02,2026-10-02 02:38:49,Toyota corolla millenieum,Toyota,Corolla,,,,,,,,Occasion,,,Particulier,,,Meknès,Fès-Meknès,88000.0,3.0,"88 000 DH Toyota corolla millenieum Meknès Vue: 78 Annonce N°: 7550394 Marque: Toyota Modèle: Corolla Detail de l'annonce : je mets en vente ma voiture toyota corolla millenium d4d, modèle 2008, 5 cv,  en très bonne état d'entretien. prix 88000 dh... Annonceur : Abdeslam Répondre l'annonceur Imprimer Signaler cette annonce Envoyer à un ami Partager sur Facebook Twitter LinkedIn Retour à la page précédente"
7550497,https://www.marocannonces.com/categorie/314/Voitures-occasion/annonce/7550497/Voiture-en-très-bon-état.html,marocannonces,2026-10-02,2026-10-02 02:38:50,Voiture en très bon état,Peugeot,206,,2006.0,199000.0,Essence,,05-07 chevaux,,Occasion,,,Particulier,,,Larache,Tanger-Tétouan-Al Hoceïma,50000.0,4.0,50 000 DH Voiture en très bon état Larache Vue: 36 Annonce N°: 7550497 Marque: Peugeot Modèle: 206 Année : 2006 Kilométrage : 199000 Carburant  : Essence Puissance : 05-07 chevaux Ville : Larache Detail de l'annonce : Je mets en vente belle voiture Annonceur : Achraf Répondre l'annonceur Imprimer Signaler cette annonce Envoyer à un ami Partager sur Facebook Twitter LinkedIn Retour à la page précédente
7481595,https://www.marocannonces.com/categorie/314/Voitures-occasion/annonce/7481595/Renault-11-essence-à-vendre.html,marocannonces,2026-10-02,2026-10-02 02:38:51,Renault 11 essence à vendre,Renault,R11,,,,,,,,Occasion,,,Particulier,,,Casablanca,Casablanca-Settat,10000.0,1.0,"10 000 DH Renault 11 essence à vendre Casablanca Vue: 22 Annonce N°: 7481595 Marque: Renault Modèle: R11 Detail de l'annonce : Renault11 , essence,  modèle 1988 moteur en bon état et avec un bon prix. Annonceur : Jalal Répondre l'annonceur Imprimer Signaler cette annonce Envoyer à un ami Partager sur Facebook Twitter LinkedIn Retour à la page précédente"
7550470,https://www.marocannonces.com/categorie/314/Voitures-occasion/annonce/7550470/Vente-Renault-Laguna.html,marocannonces,2026-10-02,2026-10-02 02:38:52,Vente Renault Laguna,Renault,Laguna,,2009.0,125000.0,Diesel,,08-10 chevaux,,Neuf,,,Particulier,,,Tanger,Tanger-Tétouan-Al Hoceïma,110000.0,8.0,"110 000 DH Vente Renault Laguna Tanger Vue: 20 Annonce N°: 7550470 Marque: Renault Modèle: Laguna Année : 2009 Kilométrage : 125000 Carburant  : Diesel Puissance : 08-10 chevaux Ville : Tanger Detail de l'annonce : Vente une voiture Renault Laguna en très bon état, comme neuve et toute option. Annonceur : Rachid Répondre l'annonceur Imprimer Signaler cette annonce Envoyer à un ami Partager sur Facebook Twitter LinkedIn Retour à la page précédente"
7550240,https://www.marocannonces.com/categorie/314/Voitures-occasion/annonce/7550240/Mercedes-clk-270.html,marocannonces,2026-10-02,2026-10-02 02:38:52,Mercedes clk 270,Mercedes-Benz,Classe CLK,,2002.0,173000.0,Diesel,Automatique,11-13 chevaux,,Occasion,,,Particulier,,,Casablanca,Casablanca-Settat,80000.0,4.0,80 000 DH Mercedes clk 270 Casablanca Vue: 61 Annonce N°: 7550240 Marque: Mercedes-Benz Modèle: Classe CLK Année : 2002 Kilométrage : 173000 Carburant  : Diesel Puissance : 11-13 chevaux Ville : Casablanca Detail de l'annonce : Salam je vend une mercedes clk 270cdi 12.2002 avec 173000km en tres bon etat tout option boite auto jante alu clim toit ouvrant siege cuir pri 80000dh Annonceur : Clk Répondre l'annonceur Imprimer Signaler cette annonce Envoyer à un ami Partager sur Facebook Twitter LinkedIn Retour à la page précédente
7550104,https://www.marocannonces.com/categorie/314/Voitures-occasion/annonce/7550104/Fiat-panda.html,marocannonces,2026-10-02,2026-10-02 02:38:53,Fiat panda,Fiat,PANDA,,2011.0,94000.0,Essence,,05-07 chevaux,,Occasion,,,Particulier,,,Casablanca,Casablanca-Settat,52000.0,3.0,52 000 DH Fiat panda Casablanca Vue: 43 Annonce N°: 7550104 Marque: Fiat Modèle: PANDA Année : 2011 Kilométrage : 94000 Carburant  : Essence Puissance : 05-07 chevaux Ville : Casablanca Detail de l'annonce : Je vente une voiture Fiat panda tout option climatisé Annonceur : Ayoub Répondre l'annonceur Imprimer Signaler cette annonce Envoyer à un ami Partager sur Facebook Twitter LinkedIn Retour à la page précédente
7545734,https://www.marocannonces.com/categorie/314/Voitures-occasion/annonce/7545734/Seat-leon-copa-2013-diesel.html,marocannonces,2026-10-02,2026-10-02 02:38:54,Seat leon copa 2013 diesel,Seat,Leon,,2013.0,,,Manuelle,,,Occasion,,,Particulier,0675058650,7c889a04af56a9b0a9fa3fe559280879c4e613bee4f01c3bc7b59ecdd08fe540,Casablanca,Casablanca-Settat,150000.0,1.0,"150 000 DH Seat leon copa 2013 diesel Casablanca Vue: 12 Annonce N°: 7545734 Marque: Seat Modèle: Leon Detail de l'annonce : seat leon copa 2013, 1.6l tdi diesel 1ere main ,manuelle 5 vitesses en très bon état,toutes options,jante alu 16,airbag latéraux,commande vocale+Bluetooth,radio cd, climatisation auto, régulateur de vitesse, radar stationnement,volant multi fonction, non fumeur, détecteur de pression des pneus, prix 155000 négociable,Tél : 0675058650 la voiture est visible sur Casablanca maarif anfa Annonceur : Mehdi Répondre l'annonceur Imprimer Signaler cette annonce Envoyer à un ami Partager sur Facebook Twitter LinkedIn Retour à la page précédente"
7549197,https://www.marocannonces.com/categorie/314/Voitures-occasion/annonce/7549197/Citroen-Berlingo-commercial-Modèle-2006.html,marocannonces,2026-10-02,2026-10-02 02:38:55,Citroen Berlingo commercial - Modèle 2006,Citroën,Berlingo,,2006.0,,Diesel,,05-07 chevaux,,Occasion,,,Particulier,,,Salé,Rabat-Salé-Kénitra,60000.0,3.0,"60 000 DH Citroen Berlingo commercial - Modèle 2006 Salé Vue: 24 Annonce N°: 7549197 Marque: Citroen Modèle: Berlingo Année : 2006 Carburant  : Diesel Puissance : 05-07 chevaux Ville : Salé Detail de l'annonce : Je mets en ventre ma voiture, Citroën Berlingo Commercial Diesel (mazot), modèle/douane 2006, 3éme main, et en très bon état. Prix négociable. Annonceur : Jaouad Répondre l'annonceur Imprimer Signaler cette annonce Envoyer à un ami Partager sur Facebook Twitter LinkedIn Retour à la page précédente"
7549020,https://www.marocannonces.com/categorie/314/Voitures-occasion/annonce/7549020/mercedes-609.html,marocannonces,2026-10-02,2026-10-02 02:38:55,mercedes 609,Mercedes-Benz,600,,1990.0,,Diesel,,,,Occasion,,,Particulier,,,Tanger,Tanger-Tétouan-Al Hoceïma,,3.0,Prix : N/A mercedes 609 Tanger Vue: 633 Annonce N°: 7549020 Marque: Mercedes-Benz Modèle: 600 Année : 1990 Carburant  : Diesel Ville : Tanger Detail de l'annonce : mercedes 609 douane a 2005 Annonceur : cimo Répondre l'annonceur Imprimer Signaler cette annonce Envoyer à un ami Partager sur Facebook Twitter LinkedIn Retour à la page précédente
7548734,https://www.marocannonces.com/categorie/314/Voitures-occasion/annonce/7548734/Peugeot-301-essence.html,marocannonces,2026-10-02,2026-10-02 02:38:57,Peugeot 301 essence,Peugeot,301,,2015.0,95000.0,Essence,,05-07 chevaux,,Occasion,,,Particulier,,,Casablanca,Casablanca-Settat,73000.0,1.0,"73 000 DH Peugeot 301 essence Casablanca Vue: 56 Annonce N°: 7548734 Marque: Peugeot Modèle: 301 Année : 2015 Kilométrage : 95000 Carburant  : Essence Puissance : 05-07 chevaux Ville : Casablanca Detail de l'annonce : Je met a vendre ma voiture end bon etat, 7ch ,faible consomation Annonceur : Chadi Répondre l'annonceur Imprimer Signaler cette annonce Envoyer à un ami Partager sur Facebook Twitter LinkedIn Retour à la page précédente"
7548702,https://www.marocannonces.com/categorie/314/Voitures-occasion/annonce/7548702/Voiture-kangoo-à-vendre.html,marocannonces,2026-10-02,2026-10-02 02:38:57,Voiture kangoo à vendre,Renault,Kangoo,,2009.0,25500.0,Diesel,,05-07 chevaux,,Occasion,,,Particulier,,,Casablanca,Casablanca-Settat,75000.0,8.0,75 000 DH Voiture kangoo à vendre Casablanca Vue: 26 Annonce N°: 7548702 Marque: Renault Modèle: Kangoo Année : 2009 Kilométrage : 25500 Carburant  : Diesel Puissance : 05-07 chevaux Ville : Casablanca Detail de l'annonce : Je mets en vente ma voiture kangoo modele 2009 en tres bon etat Annonceur : Said Répondre l'annonceur Imprimer Signaler cette annonce Envoyer à un ami Partager sur Facebook Twitter LinkedIn Retour à la page précédente
7548581,https://www.marocannonces.com/categorie/314/Voitures-occasion/annonce/7548581/AUDO-Q5-2L-QUATTRO.html,marocannonces,2026-10-02,2026-10-02 02:38:58,AUDO Q5 2L QUATTRO,Audi,Q5,,2012.0,160000.0,Diesel,,08-10 chevaux,,Occasion,,,Particulier,,,Marrakech,Marrakech-Safi,270000.0,1.0,"270 000 DH AUDO Q5 2L QUATTRO Marrakech Vue: 74 Annonce N°: 7548581 Marque: Audi Modèle: Q5 Année : 2012 Kilométrage : 160000 Carburant  : Diesel Puissance : 08-10 chevaux Ville : Marrakech Detail de l'annonce : Audi q5 2,0l en bon état avec 8 airbags,jante alu, siege cuir, climatisation auto, volant multifonctions, radio cd, vitres électriques, rétroviseur électriques, ordinateur de bord, bluetooth, abs, alarme, radar stationnement, xenon, vitres électrique Annonceur : BADR Répondre l'annonceur Imprimer Signaler cette annonce Envoyer à un ami Partager sur Facebook Twitter LinkedIn Retour à la page précédente"
7548392,https://www.marocannonces.com/categorie/314/Voitures-occasion/annonce/7548392/Chevrolet-spark-2007.html,marocannonces,2026-10-02,2026-10-02 02:38:59,Chevrolet spark 2007,Chevrolet,Spark,,2007.0,170000.0,Essence,,05-07 chevaux,,Neuf,,,Particulier,0630737190,ea4d8cc1e4eb1b0ae69fff1dfde1982131b3c524e8b4e9d187e0a0f5ebb20abd,Casablanca,Casablanca-Settat,36000.0,4.0,36 000 DH Chevrolet spark 2007 Casablanca Vue: 70 Annonce N°: 7548392 Marque: Chevrolet Modèle: Spark Année : 2007 Kilométrage : 170 000 Carburant  : Essence Puissance : 05-07 chevaux Ville : Casablanca Detail de l'annonce : Je mets en vente ma voiture chevrolet spark model 2007 toutes options : puissance fiscale 5cv (dariba 350dh) consommation très très faible (makatakol walo) moteur en très bon état kilometrage : 170 000 -vitres électriques -verrouillage centralisé -climatisation -abs -jantes aluminium -direction assistée -pneus neufs avant et arrière ---------nota--------- -premièrement semsara bla dérangement svp -conducteur de la voiture non fumeur prix légèrement négociable pour plus d'information contactez moi mr youssef : 0630737190 Annonceur : Youssef Répondre l'annonceur Imprimer Signaler cette annonce Envoyer à un ami Partager sur Facebook Twitter LinkedIn Retour à la page précédente
7548137,https://www.marocannonces.com/categorie/314/Voitures-occasion/annonce/7548137/Bmw-320d.html,marocannonces,2026-10-02,2026-10-02 02:39:00,Bmw 320d,BMW,320D,,2006.0,174000.0,Diesel,,08-10 chevaux,,Occasion,,,Particulier,,,Casablanca,Casablanca-Settat,95000.0,3.0,"95 000 DH Bmw 320d Casablanca Vue: 54 Annonce N°: 7548137 Marque: BMW Modèle: 320D Année : 2006 Kilométrage : 174000 Carburant  : Diesel Puissance : 08-10 chevaux Ville : Casablanca Detail de l'annonce : Je vend ma voiture bmw serie 320d mod 2006 ,8ch(1500dh) en excellent etat full options boite a 6 vitesses, start stop auto, sieges cuir ...entretien à jour, le prix est négociable. Annonceur : RACHID Répondre l'annonceur Imprimer Signaler cette annonce Envoyer à un ami Partager sur Facebook Twitter LinkedIn Retour à la page précédente"
7548099,https://www.marocannonces.com/categorie/314/Voitures-occasion/annonce/7548099/Fiat-punto-evo-2012-Diesel.html,marocannonces,2026-10-02,2026-10-02 02:39:00,Fiat punto evo 2012 Diesel,Fiat,PUNTO EVO,,2012.0,141000.0,Diesel,Automatique,05-07 chevaux,,Neuf,1,,Particulier,,,Tanger,Tanger-Tétouan-Al Hoceïma,92000.0,7.0,"92 000 DH Fiat punto evo 2012 Diesel Tanger Vue: 48 Annonce N°: 7548099 Marque: Fiat Modèle: PUNTO EVO Année : 2012 Kilométrage : 141000 Carburant  : Diesel Puissance : 05-07 chevaux Ville : Tanger Detail de l'annonce : Voiture en bon état (1ère main) Fiat punto evo Diesel, puissance fiscale 5 CV Radar et caméra de recul Climatisation automatique bizone Pneus neuf, jantes en acier Voiture très économique jamais accidentée et en bon état Prix négociable, les non sérieux s'abstenir svp. Annonceur : Houssam Répondre l'annonceur Imprimer Signaler cette annonce Envoyer à un ami Partager sur Facebook Twitter LinkedIn Retour à la page précédente"
7547750,https://www.marocannonces.com/categorie/314/Voitures-occasion/annonce/7547750/mitsubishi-canter.html,marocannonces,2026-10-02,2026-10-02 02:39:02,mitsubishi canter,Mitsubishi,Canter,,2007.0,180000.0,Diesel,,,,Occasion,,,Particulier,,,Khouribga,Béni Mellal-Khénifra,,6.0,Prix : N/A mitsubishi canter Khouribga Vue: 40 Annonce N°: 7547750 Marque: Mitsubishi Modèle: Canter Année : 2007 Kilométrage : 180000 Carburant  : Diesel Ville : Khouribga Detail de l'annonce : mitsubishi canter model 2007 Libghaha marhba Annonceur : Salah Répondre l'annonceur Imprimer Signaler cette annonce Envoyer à un ami Partager sur Facebook Twitter LinkedIn Retour à la page précédente
7547712,https://www.marocannonces.com/categorie/314/Voitures-occasion/annonce/7547712/Peugeot-205-à-vendre.html,marocannonces,2026-10-02,2026-10-02 02:39:02,Peugeot 205 à vendre,Peugeot,205,,1989.0,,Diesel,,05-07 chevaux,,Occasion,,,Particulier,,,Agadir,Souss-Massa,39000.0,1.0,"39 000 DH Peugeot 205 à vendre Agadir Vue: 96 Annonce N°: 7547712 Marque: Peugeot Modèle: 205 Année : 1989 Carburant  : Diesel Puissance : 05-07 chevaux Ville : Agadir Detail de l'annonce : Une voiture d'occasion de 1989, entrée (douane) au Maroc il y'a 12 ans.. très propre et Economique. Annonceur : Belhaj Répondre l'annonceur Imprimer Signaler cette annonce Envoyer à un ami Partager sur Facebook Twitter LinkedIn Retour à la page précédente"
7547685,https://www.marocannonces.com/categorie/314/Voitures-occasion/annonce/7547685/ford-fiesta.html,marocannonces,2026-10-02,2026-10-02 02:39:03,ford fiesta,Ford,Fiesta,,2010.0,79000.0,Essence,,,,Occasion,,,Particulier,,,Meknès,Fès-Meknès,6500000.0,4.0,6 500 000 DH ford fiesta Meknès Vue: 341 Annonce N°: 7547685 Marque: Ford Modèle: Fiesta Année : 2010 Kilométrage : 79000 Carburant  : Essence Ville : Meknès Detail de l'annonce : je met ma voiture en vente très bonne état toutes option Annonceur : mohamed Répondre l'annonceur Imprimer Signaler cette annonce Envoyer à un ami Partager sur Facebook Twitter LinkedIn Retour à la page précédente
7547620,https://www.marocannonces.com/categorie/314/Voitures-occasion/annonce/7547620/Ford-Fiesta.html,marocannonces,2026-10-02,2026-10-02 02:39:04,Ford Fiesta,Ford,Fiesta,,2012.0,95000.0,Essence,,05-07 chevaux,,Occasion,,,Particulier,,,Casablanca,Casablanca-Settat,85000.0,3.0,85 000 DH Ford Fiesta Casablanca Vue: 83 Annonce N°: 7547620 Marque: Ford Modèle: Fiesta Année : 2012 Kilométrage : 95000 Carburant  : Essence Puissance : 05-07 chevaux Ville : Casablanca Detail de l'annonce : Ford Fiesta essence. Modèle 2012. Full Options Annonceur : Ali Répondre l'annonceur Imprimer Signaler cette annonce Envoyer à un ami Partager sur Facebook Twitter LinkedIn Retour à la page précédente
7547566,https://www.marocannonces.com/categorie/314/Voitures-occasion/annonce/7547566/focus-bonne-état.html,marocannonces,2026-10-02,2026-10-02 02:39:05,focus bonne état,Ford,Focus,,2002.0,290000.0,Diesel,,05-07 chevaux,,Occasion,,,Particulier,,,Ouarzazate,Drâa-Tafilalet,60000.0,5.0,60 000 DH focus bonne état Ouarzazate Vue: 59 Annonce N°: 7547566 Marque: Ford Modèle: Focus Année : 2002 Kilométrage : 290000 Carburant  : Diesel Puissance : 05-07 chevaux Ville : Ouarzazate Detail de l'annonce : Salm j met en vente une ford focus en bonne état tt option Annonceur : soufiane Répondre l'annonceur Imprimer Signaler cette annonce Envoyer à un ami Partager sur Facebook Twitter LinkedIn Retour à la page précédente
6081318,https://www.marocannonces.com/categorie/314/Voitures-occasion/annonce/6081318/Dodge-modele-2008-diesel-a-vendre.html,marocannonces,2026-10-02,2026-10-02 02:39:06,Dodge modele 2008 diesel  a vendre,Dodge,Avenger,,2008.0,200000.0,Diesel,,08-10 chevaux,,Occasion,,,Particulier,0661179156,105eb2a1027d9c39dbca9fd6d7368afd250b272ce3ebd0aec66aac6dfe29ba27,Casablanca,Casablanca-Settat,75000.0,4.0,75 000 DH Dodge modele 2008 diesel  a vendre Casablanca Vue: 47 Annonce N°: 6081318 Marque: Dodge Modèle: Avenger Année : 2008 Kilométrage : 200000 Carburant  : Diesel Puissance : 08-10 chevaux Ville : Casablanca Detail de l'annonce : Je met en vente dodge module 2008 diesel 8 ch 1500dh Dariba Issam 0661179156 . . . . . . . . . . . Annonceur : Issam Répondre l'annonceur Imprimer Signaler cette annonce Envoyer à un ami Partager sur Facebook Twitter LinkedIn Retour à la page précédente
7546877,https://www.marocannonces.com/categorie/314/Voitures-occasion/annonce/7546877/Passat-limousine-2l.html,marocannonces,2026-10-02,2026-10-02 02:39:07,Passat limousine 2l,Volkswagen,Passat,,2012.0,95000.0,Diesel,,08-10 chevaux,,Occasion,,,Particulier,,,Temara,Rabat-Salé-Kénitra,145000.0,6.0,145 000 DH Passat limousine 2l Temara Vue: 41 Annonce N°: 7546877 Marque: Volkswagen Modèle: Passat Année : 2012 Kilométrage : 95000 Carburant  : Diesel Puissance : 08-10 chevaux Ville : Temara Detail de l'annonce : Particulier met en vente une passat limousine modèle 2012 mois 6 tres bon état avec seulement 95000 km. Tt options. Annonceur : Tarik alaoui Répondre l'annonceur Imprimer Signaler cette annonce Envoyer à un ami Partager sur Facebook Twitter LinkedIn Retour à la page précédente
5129540,https://www.marocannonces.com/categorie/314/Voitures-occasion/annonce/5129540/Dacia-logan-modele-2008.html,marocannonces,2026-10-02,2026-10-02 02:39:08,Dacia logan modele 2008,Dacia,Logan,,2008.0,116.0,Diesel,,05-07 chevaux,,Neuf,,,Particulier,,,Temara,Rabat-Salé-Kénitra,70000.0,3.0,70 000 DH Dacia logan modele 2008 Temara Vue: 7 Annonce N°: 5129540 Marque: Dacia Modèle: Logan Année : 2008 Kilométrage : 116.000 Carburant  : Diesel Puissance : 05-07 chevaux Ville : Temara Detail de l'annonce : Salut je met en vente ma propre voiture dacia logan fin 2008 en tres bon etat encore neuf peinture d'origine Jamais accident� non fumeur bien entretenu et Salon propre. tres economique.et a tres bon prix merci. . . . . . . . . . . . . . . Annonceur : midox Répondre l'annonceur Imprimer Signaler cette annonce Envoyer à un ami Partager sur Facebook Twitter LinkedIn Retour à la page précédente
7546418,https://www.marocannonces.com/categorie/314/Voitures-occasion/annonce/7546418/PASSAT-CC-2012.html,marocannonces,2026-10-02,2026-10-02 02:39:09,PASSAT CC 2012,Volkswagen,PASSAT CC,,2012.0,197010.0,Diesel,,08-10 chevaux,,Occasion,,,Particulier,,,Casablanca,Casablanca-Settat,200000.0,1.0,200 000 DH PASSAT CC 2012 Casablanca Vue: 37 Annonce N°: 7546418 Marque: Volkswagen Modèle: PASSAT CC Année : 2012 Kilométrage : 197 010 Carburant  : Diesel Puissance : 08-10 chevaux Ville : Casablanca Detail de l'annonce : VOITURE EN BON ETAT VOIR PHOTO Annonceur : el mehdi Répondre l'annonceur Imprimer Signaler cette annonce Envoyer à un ami Partager sur Facebook Twitter LinkedIn Retour à la page précédente
7546291,https://www.marocannonces.com/categorie/314/Voitures-occasion/annonce/7546291/Dacia-logan.html,marocannonces,2026-10-02,2026-10-02 02:39:09,Dacia logan,Dacia,Logan,,2015.0,108000.0,Diesel,,05-07 chevaux,,Neuf,,,Particulier,,,Casablanca,Casablanca-Settat,78000.0,4.0,78 000 DH Dacia logan Casablanca Vue: 48 Annonce N°: 7546291 Marque: Dacia Modèle: Logan Année : 2015 Kilométrage : 108000 Carburant  : Diesel Puissance : 05-07 chevaux Ville : Casablanca Detail de l'annonce : Faible consommation. Pneus neufs. Puissance fiscale 6 ch ... Annonceur : Hakim Répondre l'annonceur Imprimer Signaler cette annonce Envoyer à un ami Partager sur Facebook Twitter LinkedIn Retour à la page précédente
7546250,https://www.marocannonces.com/categorie/314/Voitures-occasion/annonce/7546250/Clio-4-a-vendre.html,marocannonces,2026-10-02,2026-10-02 02:39:10,Clio 4 a vendre,Renault,Clio,,2013.0,1000001.0,Diesel,,05-07 chevaux,,Occasion,,,Particulier,,,Casablanca,Casablanca-Settat,105000.0,2.0,"105 000 DH Clio 4 a vendre Casablanca Vue: 64 Annonce N°: 7546250 Marque: Renault Modèle: Clio Année : 2013 Kilométrage : 1000001 Carburant  : Diesel Puissance : 05-07 chevaux Ville : Casablanca Detail de l'annonce : Clio 4 dci rouge flamme a vendre , diesel  model 2013 , 100000 Km Équipements du véhicule : - Contrôle de trajectoire esp - Régulateur limiteur de vitesse - Assistance au freinage d'urgence (A.F.U.) - Antiblocage des roues ABS - Système d'aide au démarrage en côte - Feux de jour à led - Airbags frontaux - Système de détection de pression des pneus - Alerte d'oubli de ceinture de sécurité - 2 Carte Renault ""Mains libres"" - Lève-vitre av électriques - vitres arriere fumée Annonceur : Walid Répondre l'annonceur Imprimer Signaler cette annonce Envoyer à un ami Partager sur Facebook Twitter LinkedIn Retour à la page précédente"
7546248,https://www.marocannonces.com/categorie/314/Voitures-occasion/annonce/7546248/Clio-4-a-vendre.html,marocannonces,2026-10-02,2026-10-02 02:39:11,Clio 4 a vendre,Renault,Clio,,2013.0,100000.0,Diesel,,05-07 chevaux,,Occasion,,,Particulier,,,El jadida,Casablanca-Settat,105000.0,2.0,"105 000 DH Clio 4 a vendre El jadida Vue: 58 Annonce N°: 7546248 Marque: Renault Modèle: Clio Année : 2013 Kilométrage : 100000 Carburant  : Diesel Puissance : 05-07 chevaux Ville : El jadida Detail de l'annonce : Clio 4 dci rouge flamme a vendre , diesel  model 2013 , 100000 Km Équipements du véhicule : - Contrôle de trajectoire esp - Régulateur limiteur de vitesse - Assistance au freinage d'urgence (A.F.U.) - Antiblocage des roues ABS - Système d'aide au démarrage en côte - Feux de jour à led - Airbags frontaux - Système de détection de pression des pneus - Alerte d'oubli de ceinture de sécurité - 2 Carte Renault ""Mains libres"" - Lève-vitre av électriques - vitres arriere fumée Annonceur : Walid Répondre l'annonceur Imprimer Signaler cette annonce Envoyer à un ami Partager sur Facebook Twitter LinkedIn Retour à la page précédente"
7546232,https://www.marocannonces.com/categorie/314/Voitures-occasion/annonce/7546232/Kia-toutes-option.html,marocannonces,2026-10-02,2026-10-02 02:39:12,Kia toutes option,Kia,Optima,,2006.0,190000.0,Essence,,11-13 chevaux,,Occasion,,,Particulier,,,Safi,Marrakech-Safi,,4.0,Prix : N/A Kia toutes option Safi Vue: 22 Annonce N°: 7546232 Marque: Kia Modèle: Optima Année : 2006 Kilométrage : 190000 Carburant  : Essence Puissance : 11-13 chevaux Ville : Safi Detail de l'annonce : Je met en vente ma voiture kia optima tt option Annonceur : Hicham Répondre l'annonceur Imprimer Signaler cette annonce Envoyer à un ami Partager sur Facebook Twitter LinkedIn Retour à la page précédente
7546190,https://www.marocannonces.com/categorie/314/Voitures-occasion/annonce/7546190/Golf-7-GTD.html,marocannonces,2026-10-02,2026-10-02 02:39:12,Golf 7 GTD,Volkswagen,Golf,,2014.0,120000.0,Diesel,,08-10 chevaux,,Occasion,,,Particulier,,,Casablanca,Casablanca-Settat,210000.0,4.0,210 000 DH Golf 7 GTD Casablanca Vue: 64 Annonce N°: 7546190 Marque: Volkswagen Modèle: Golf Année : 2014 Kilométrage : 120000 Carburant  : Diesel Puissance : 08-10 chevaux Ville : Casablanca Detail de l'annonce : je met en vente ma golf 7 GTD 184ch pas encore deouane emporter d'allmangne avec bon prix Annonceur : hamza Répondre l'annonceur Imprimer Signaler cette annonce Envoyer à un ami Partager sur Facebook Twitter LinkedIn Retour à la page précédente
7544869,https://www.marocannonces.com/categorie/314/Voitures-occasion/annonce/7544869/Volvo-V40-BVA-20-Diesel.html,marocannonces,2026-10-02,2026-10-02 02:39:13,Volvo V40 BVA 2.0 Diesel,Volvo,V40,,2017.0,48000.0,Diesel,Automatique,08-10 chevaux,,Neuf,,,Particulier,,,Tout le Maroc,,220000.0,4.0,"220 000 DH Volvo V40 BVA 2.0 Diesel Tout le Maroc Vue: 67 Annonce N°: 7544869 Marque: Volvo Modèle: V40 Année : 2017 Kilométrage : 48000 Carburant  : Diesel Puissance : 08-10 chevaux Ville : Tout le Maroc Detail de l'annonce : Voiture en excellent état. Neuve, peu roulée. Toujours sous garantie Maison. Une belle opportunité à saisir. L'intérieur et l'extérieur est en parfait état. INTERIEUR / EXTERIEUR : - Boîte de vitesses automatique avec mode Sport - Climatisation automatique Bi-Zone avec filtre à pollen - Boîte à gant réfrigérée - Volant en cuir avec commandes - Mirroirs de courtoisie éclairés - Rétroviseur intérieur anti-éblouissement - Rétroviseurs rabattables électriquement - Régulateur de vitesse - Siège conducteur à réglage électrique avec fonction mémoire - Accoudoir central AV/AR +Bac de rangement AV et porte-goblets AV/AR - Tableau de bord digital avec 3 modes de réglage : Elégance, Performance et Eco SECURITE : - City safety - 9 Airbags (frontaux, latéraux, genoux et tête) - Système Start & Stop - SIPS - WHIPS - ABS EBA EBD - Eclairage d'approche et fonction 'Follow me home' - Aide de stationnement AR AUDIO : - Système audio Volvo high performance, 4x40W + 8 HP - Commandes audio au volant - Ecran multimedia 5’’ - Système Bluetooth intégré Annonceur : Hamza BADRI Répondre l'annonceur Imprimer Signaler cette annonce Envoyer à un ami Partager sur Facebook Twitter LinkedIn Retour à la page précédente"
7541710,https://www.marocannonces.com/categorie/314/Voitures-occasion/annonce/7541710/Vente-passat.html,marocannonces,2026-10-02,2026-10-02 02:39:14,Vente passat,Volkswagen,Passat,,,,,,,,Occasion,,,Particulier,,,Safi,Marrakech-Safi,70000.0,6.0,70 000 DH Vente passat Safi Vue: 32 Annonce N°: 7541710 Marque: Volkswagen Modèle: Passat Detail de l'annonce : Passat Diesel a vendre model 2003 en très bonne état toute options aucune réparation a prévoir Annonceur : Boutayeb hicham Répondre l'annonceur Imprimer Signaler cette annonce Envoyer à un ami Partager sur Facebook Twitter LinkedIn Retour à la page précédente
7544949,https://www.marocannonces.com/categorie/314/Voitures-occasion/annonce/7544949/Peugeot-207-a-vendre.html,marocannonces,2026-10-02,2026-10-02 02:39:15,Peugeot  207 a vendre,Peugeot,207,,2011.0,12000.0,Diesel,,05-07 chevaux,,Occasion,,,Particulier,,,Casablanca,Casablanca-Settat,87000.0,1.0,87 000 DH Peugeot  207 a vendre Casablanca Vue: 16 Annonce N°: 7544949 Marque: Peugeot Modèle: 207 Année : 2011 Kilométrage : 12000 Carburant  : Diesel Puissance : 05-07 chevaux Ville : Casablanca Detail de l'annonce : Je a vente un voiture Peugeot 207 moteur hdi 1.6 modèle 2011 Annonceur : Mohamed Répondre l'annonceur Imprimer Signaler cette annonce Envoyer à un ami Partager sur Facebook Twitter LinkedIn Retour à la page précédente
7545761,https://www.marocannonces.com/categorie/314/Voitures-occasion/annonce/7545761/Ford-fusion-diesel-2016.html,marocannonces,2026-10-02,2026-10-02 02:39:15,Ford fusion diesel  2016,Ford,Fusion,,2016.0,75000.0,Diesel,,08-10 chevaux,,Occasion,,,Particulier,,,Casablanca,Casablanca-Settat,210000.0,3.0,210 000 DH Ford fusion diesel  2016 Casablanca Vue: 54 Annonce N°: 7545761 Marque: Ford Modèle: Fusion Année : 2016 Kilométrage : 75 000 Carburant  : Diesel Puissance : 08-10 chevaux Ville : Casablanca Detail de l'annonce : Je met en vente ma voiture Ford fusion diesel model mai 2017 vitesse auto toutes options jantes alu en très bon état carrosserie intacte Annonceur : El HAJJOUJI nawfal Répondre l'annonceur Imprimer Signaler cette annonce Envoyer à un ami Partager sur Facebook Twitter LinkedIn Retour à la page précédente
7545129,https://www.marocannonces.com/categorie/314/Voitures-occasion/annonce/7545129/Volkswagen-Gol-III.html,marocannonces,2026-10-02,2026-10-02 02:39:16,Volkswagen Gol III,Volkswagen,Gol,,2004.0,190000.0,Diesel,,08-10 chevaux,,Neuf,,,Particulier,,,Kénitra,Rabat-Salé-Kénitra,40000.0,6.0,"40 000 DH Volkswagen Gol III Kénitra Vue: 88 Annonce N°: 7545129 Marque: Volkswagen Modèle: Gol Année : 2004 Kilométrage : 190000 Carburant  : Diesel Puissance : 08-10 chevaux Ville : Kénitra Detail de l'annonce : فولزفاغن غول 3 موديل 2004 في حالة ممتازة، محرك قوي او نقي، جانتات ألومنيوم، فولون أسيستي، صالون نقي، بطارية جديدة بضمان 3 شهور، بنوات عاد مبدلين، القدرة الجبائية : 8 الخيل -------------------- volkswagen gol 3 diesel modele 2004 en tres bon etat, jantes aluminium, volant assisté, moteur puissant et propre, salon tres propre, batterie neuve avec garantie 8 mois, pneufs recemment changés, puissance fiscale : 8chv Annonceur : oussama Répondre l'annonceur Imprimer Signaler cette annonce Envoyer à un ami Partager sur Facebook Twitter LinkedIn Retour à la page précédente"
7544764,https://www.marocannonces.com/categorie/314/Voitures-occasion/annonce/7544764/Vente-ford-focus.html,marocannonces,2026-10-02,2026-10-02 02:39:17,Vente ford focus,Ford,Focus,,2013.0,99000.0,Diesel,,05-07 chevaux,,Occasion,,,Particulier,,,Casablanca,Casablanca-Settat,135000.0,4.0,135 000 DH Vente ford focus Casablanca Vue: 29 Annonce N°: 7544764 Marque: Ford Modèle: Focus Année : 2013 Kilométrage : 99000 Carburant  : Diesel Puissance : 05-07 chevaux Ville : Casablanca Detail de l'annonce : Je met ford focus.model 07/2013.tres bonne etat.toute option. Annonceur : Mourad Répondre l'annonceur Imprimer Signaler cette annonce Envoyer à un ami Partager sur Facebook Twitter LinkedIn Retour à la page précédente
7544710,https://www.marocannonces.com/categorie/314/Voitures-occasion/annonce/7544710/Golf-4.html,marocannonces,2026-10-02,2026-10-02 02:39:18,Golf 4,Volkswagen,Golf,,2003.0,,Diesel,,,,Neuf,,,Particulier,,,Casablanca,Casablanca-Settat,68000.0,5.0,"68 000 DH Golf 4 Casablanca Vue: 98 Annonce N°: 7544710 Marque: Volkswagen Modèle: Golf Année : 2003 Carburant  : Diesel Ville : Casablanca Detail de l'annonce : VENDRE VOLKSWAGEN GOLF 4 ,DIESEL MODELE Fin 1999 DEDOUNEE FIN 2003 , VOITURE FULL OPTIONS : , XENON , NAVIGATEUR GRAND ECRAN TACTIL , 4 VITRES ELECTRIQUES , RADAR ET CAMERA DE RECUL , AIR BAGS . VOITURE JAMAIS ACCIDENTEE , PEINTURE ORIGINALE. CLIMA. 4 PNEU NEUF. BATTERIE NEUF. 4 AMORTISSEURS NEUF Annonceur : Amine Répondre l'annonceur Imprimer Signaler cette annonce Envoyer à un ami Partager sur Facebook Twitter LinkedIn Retour à la page précédente"
7544649,https://www.marocannonces.com/categorie/314/Voitures-occasion/annonce/7544649/Renault-trafic-a-vendre.html,marocannonces,2026-10-02,2026-10-02 02:39:19,Renault trafic a vendre,Renault,Trafic,,2006.0,,Diesel,,,,Occasion,,,Particulier,,,Safi,Marrakech-Safi,45000.0,4.0,45 000 DH Renault trafic a vendre Safi Vue: 40 Annonce N°: 7544649 Marque: Renault Modèle: Trafic Année : 2006 Carburant  : Diesel Ville : Safi Detail de l'annonce : Renault trafic bon etat a vendre Annonceur : Abdelkrim lamzaouak Répondre l'annonceur Imprimer Signaler cette annonce Envoyer à un ami Partager sur Facebook Twitter LinkedIn Retour à la page précédente
7544534,https://www.marocannonces.com/categorie/314/Voitures-occasion/annonce/7544534/Fiat-palio-a-vendre.html,marocannonces,2026-10-02,2026-10-02 02:39:20,Fiat palio a vendre,Fiat,Palio,,2003.0,250000.0,Diesel,,05-07 chevaux,,Occasion,,,Particulier,,,Mohammedia,Casablanca-Settat,41000.0,2.0,41 000 DH Fiat palio a vendre Mohammedia Vue: 42 Annonce N°: 7544534 Marque: Fiat Modèle: Palio Année : 2003 Kilométrage : 250000 Carburant  : Diesel Puissance : 05-07 chevaux Ville : Mohammedia Detail de l'annonce : Je mets en vente une fiat palio en bon eta Annonceur : Amina Répondre l'annonceur Imprimer Signaler cette annonce Envoyer à un ami Partager sur Facebook Twitter LinkedIn Retour à la page précédente
7544410,https://www.marocannonces.com/categorie/314/Voitures-occasion/annonce/7544410/Ford-fiesta.html,marocannonces,2026-10-02,2026-10-02 02:39:21,Ford fiesta,Ford,Fiesta,,2008.0,155000.0,Essence,,05-07 chevaux,,Occasion,,,Particulier,,,Casablanca,Casablanca-Settat,52000.0,6.0,52 000 DH Ford fiesta Casablanca Vue: 59 Annonce N°: 7544410 Marque: Ford Modèle: Fiesta Année : 2008 Kilométrage : 155000 Carburant  : Essence Puissance : 05-07 chevaux Ville : Casablanca Detail de l'annonce : Je mets en vente voiture d occasion ford fiesta modele 2008 . . . . . . . . . . . . Annonceur : Salaheddine Répondre l'annonceur Imprimer Signaler cette annonce Envoyer à un ami Partager sur Facebook Twitter LinkedIn Retour à la page précédente
5705840,https://www.marocannonces.com/categorie/314/Voitures-occasion/annonce/5705840/Opel-corsa-diesel-2013-5cv.html,marocannonces,2026-10-02,2026-10-02 02:39:21,Opel corsa diesel 2013 5cv,Opel,Corsa,,2013.0,52000.0,Diesel,,05-07 chevaux,,Occasion,,,Particulier,,,Rabat,Rabat-Salé-Kénitra,124000.0,1.0,124 000 DH Opel corsa diesel 2013 5cv Rabat Vue: 14 Annonce N°: 5705840 Marque: Opel Modèle: Corsa Année : 2013 Kilométrage : 52000 Carburant  : Diesel Puissance : 05-07 chevaux Ville : Rabat Detail de l'annonce : corsa diesel 2013 5cv  clim vitres electriques volant multifonction prix négociable  . . . . . . . . . . . . . Annonceur : simo Répondre l'annonceur Imprimer Signaler cette annonce Envoyer à un ami Partager sur Facebook Twitter LinkedIn Retour à la page précédente
7544244,https://www.marocannonces.com/categorie/314/Voitures-occasion/annonce/7544244/Seat-leon-style-16-tdi.html,marocannonces,2026-10-02,2026-10-02 02:39:23,Seat leon style 1.6 tdi,Seat,Leon,,2013.0,55000.0,Diesel,,05-07 chevaux,,Occasion,1,,Particulier,,,Casablanca,Casablanca-Settat,145000.0,6.0,"145 000 DH Seat leon style 1.6 tdi Casablanca Vue: 71 Annonce N°: 7544244 Marque: Seat Modèle: Leon Année : 2013 Kilométrage : 55000 Carburant  : Diesel Puissance : 05-07 chevaux Ville : Casablanca Detail de l'annonce : Vends Seat Leon Style 1.6 Tdi 105ch modèle Août 2013 avec 55000km au compteur. Voiture première main, très bon état intérieur/extérieur toutes options (Bluetooth, limiteur/régulateur de vitesse, commandes au volant, ordinateur de bord tactile, Full Led, rétros rabattables électriquement, Jantes alu 17"", vitres fumées ...). Non sérieux et intermédiaires s'abstenir Annonceur : CHAKIB Répondre l'annonceur Imprimer Signaler cette annonce Envoyer à un ami Partager sur Facebook Twitter LinkedIn Retour à la page précédente"
7544164,https://www.marocannonces.com/categorie/314/Voitures-occasion/annonce/7544164/Citroen-C-Elysée.html,marocannonces,2026-10-02,2026-10-02 02:39:23,Citroen C Elysée,Citroën,C6,,2017.0,47.0,Diesel,,05-07 chevaux,,Occasion,,,Particulier,,,Rabat,Rabat-Salé-Kénitra,109000.0,1.0,109 000 DH Citroen C Elysée Rabat Vue: 19 Annonce N°: 7544164 Marque: Citroen Modèle: C6 Année : 2017 Kilométrage : 47.000 Carburant  : Diesel Puissance : 05-07 chevaux Ville : Rabat Detail de l'annonce : Voiture toujour en garantie 1an Annonceur : Khalid Répondre l'annonceur Imprimer Signaler cette annonce Envoyer à un ami Partager sur Facebook Twitter LinkedIn Retour à la page précédente
7543894,https://www.marocannonces.com/categorie/314/Voitures-occasion/annonce/7543894/Vw-passat-20-tdi.html,marocannonces,2026-10-02,2026-10-02 02:39:24,Vw passat 2.0 tdi,Volkswagen,Passat,,2014.0,108000.0,Diesel,Automatique,08-10 chevaux,,Neuf,,,Particulier,,,Casablanca,Casablanca-Settat,187000.0,8.0,"187 000 DH Vw passat 2.0 tdi Casablanca Vue: 39 Annonce N°: 7543894 Marque: Volkswagen Modèle: Passat Année : 2014 Kilométrage : 108000 Carburant  : Diesel Puissance : 08-10 chevaux Ville : Casablanca Detail de l'annonce : Vw passat 2.0 tdi serie highline  12/2013, la full options de sa gamme boite automatique interieur sieges en alacantra electr chauffants volan cuir multifonction ecran tactil lim de vitesses bluethoot . 4 p’eus récemment changés. État neuf. Annonceur : Grar/issam Répondre l'annonceur Imprimer Signaler cette annonce Envoyer à un ami Partager sur Facebook Twitter LinkedIn Retour à la page précédente"
7543874,https://www.marocannonces.com/categorie/314/Voitures-occasion/annonce/7543874/Passat-automatique.html,marocannonces,2026-10-02,2026-10-02 02:39:25,Passat automatique,Volkswagen,Passat,,2009.0,1678900.0,Diesel,Automatique,08-10 chevaux,,Occasion,,,Particulier,,,Casablanca,Casablanca-Settat,130000.0,4.0,130 000 DH Passat automatique Casablanca Vue: 19 Annonce N°: 7543874 Marque: Volkswagen Modèle: Passat Année : 2009 Kilométrage : 1678900 Carburant  : Diesel Puissance : 08-10 chevaux Ville : Casablanca Detail de l'annonce : Passat modèle 2009 dedoinie boîte vitesse automatique  2012 tt options 10airbague climatisation digital siège conducteur avec massage boîte à gants avec frigo Radio tactile chargeur cd etdvd téléphone Intégré GPS bleutooth intégré régulateur de vitesse détecteur de pluie ALLEMAGNE automatique 3chargeurs plus chrgeur 220v 2 clés d'origine couleur gris noir Annonceur : Mohamed Répondre l'annonceur Imprimer Signaler cette annonce Envoyer à un ami Partager sur Facebook Twitter LinkedIn Retour à la page précédente
7512480,https://www.marocannonces.com/categorie/314/Voitures-occasion/annonce/7512480/Ford-fiesta-diesel-6cv.html,marocannonces,2026-10-02,2026-10-02 02:39:26,Ford fiesta diesel 6cv,Ford,Fiesta,,2017.0,15000.0,Diesel,,,,Occasion,,,Particulier,,,Casablanca,Casablanca-Settat,125000.0,4.0,125 000 DH Ford fiesta diesel 6cv Casablanca Vue: 47 Annonce N°: 7512480 Marque: Ford Modèle: Fiesta Année : 2017 Kilométrage : 15000 Carburant  : Diesel Ville : Casablanca Detail de l'annonce : À vendre ford fiesta diesel 6 cv 15000km 10.2017 Prix légèrement négociable Annonceur : Refa Répondre l'annonceur Imprimer Signaler cette annonce Envoyer à un ami Partager sur Facebook Twitter LinkedIn Retour à la page précédente
4979924,https://www.marocannonces.com/categorie/314/Voitures-occasion/annonce/4979924/Renault-megane-ii-diesel.html,marocannonces,2026-10-02,2026-10-02 02:39:27,Renault megane ii diesel,Renault,Megane,,2004.0,180000.0,Diesel,,05-07 chevaux,,Occasion,,,Particulier,,,Casablanca,Casablanca-Settat,80000.0,6.0,"80 000 DH Renault megane ii diesel Casablanca Vue: 8 Annonce N°: 4979924 Marque: Renault Modèle: Megane Année : 2004 Kilométrage : 180000km Carburant  : Diesel Puissance : 05-07 chevaux Ville : Casablanca Detail de l'annonce : Bonjour je vends ma voiture r megane mise en circulation le 11/11/2003 diesel 6 chevaux sans climatiseur généralement en bon état de marche voir photos avec un prix de 80000 dh négociable(pas de négociation par tel svp). voiture visible à sidi maarouf à partir de 18h. cet offre est entièrement réservé aux particuliers, samsar et intermédiaires merci de s'abstenir. . . . . . . . . . . . . . . Annonceur : Mr mustapha Répondre l'annonceur Imprimer Signaler cette annonce Envoyer à un ami Partager sur Facebook Twitter LinkedIn Retour à la page précédente"
7543619,https://www.marocannonces.com/categorie/314/Voitures-occasion/annonce/7543619/Peugeot-305.html,marocannonces,2026-10-02,2026-10-02 02:39:28,Peugeot 305,Peugeot,205,,1987.0,,Diesel,,05-07 chevaux,,Neuf,,,Particulier,,,Casablanca,Casablanca-Settat,32000.0,1.0,32 000 DH Peugeot 305 Casablanca Vue: 23 Annonce N°: 7543619 Marque: Peugeot Modèle: 205 Année : 1987 Carburant  : Diesel Puissance : 05-07 chevaux Ville : Casablanca Detail de l'annonce : 305 diesel dédouanee  1995 moteur bon état vitres électriques salon neuf climatisé radio clé usb pionner Annonceur : abderzak Répondre l'annonceur Imprimer Signaler cette annonce Envoyer à un ami Partager sur Facebook Twitter LinkedIn Retour à la page précédente
7543559,https://www.marocannonces.com/categorie/314/Voitures-occasion/annonce/7543559/vente-voiture.html,marocannonces,2026-10-02,2026-10-02 02:39:29,vente voiture,Dacia,DUSTER,,2012.0,94000.0,Diesel,,05-07 chevaux,,Occasion,,,Particulier,,,Casablanca,Casablanca-Settat,110000.0,3.0,110 000 DH vente voiture Casablanca Vue: 26 Annonce N°: 7543559 Marque: Dacia Modèle: DUSTER Année : 2012 Kilométrage : 94000 Carburant  : Diesel Puissance : 05-07 chevaux Ville : Casablanca Detail de l'annonce : je vends une dacia duster en tres bon etat toutes options Annonceur : halima Répondre l'annonceur Imprimer Signaler cette annonce Envoyer à un ami Partager sur Facebook Twitter LinkedIn Retour à la page précédente
5491567,https://www.marocannonces.com/categorie/314/Voitures-occasion/annonce/5491567/Kia-Sportage-Diesel.html,marocannonces,2026-10-02,2026-10-02 02:39:30,Kia Sportage Diesel,Kia,Sportage,,2008.0,124000.0,Diesel,,08-10 chevaux,,Neuf,,,Particulier,,,Rabat,Rabat-Salé-Kénitra,115000.0,5.0,"115 000 DH Kia Sportage Diesel Rabat Vue: 17 Annonce N°: 5491567 Marque: Kia Modèle: Sportage Année : 2008 Kilométrage : 124000 Carburant  : Diesel Puissance : 08-10 chevaux Ville : Rabat Detail de l'annonce : je mets en vente ma voiture KIA Sportage toute option en très bon état.plus 4 pneus neufs et batterie tous en garantie ,jamais accidentée toujours au garage de l'immeuble  . . . . . . . . . . . . . . . Annonceur : aziza Répondre l'annonceur Imprimer Signaler cette annonce Envoyer à un ami Partager sur Facebook Twitter LinkedIn Retour à la page précédente"
7543452,https://www.marocannonces.com/categorie/314/Voitures-occasion/annonce/7543452/Volkswagen-Polo-2005.html,marocannonces,2026-10-02,2026-10-02 02:39:31,Volkswagen Polo 2005,Volkswagen,Polo,,2005.0,204000.0,Diesel,,08-10 chevaux,,Occasion,,,Particulier,,,Mohammedia,Casablanca-Settat,60000.0,7.0,"60 000 DH Volkswagen Polo 2005 Mohammedia Vue: 51 Annonce N°: 7543452 Marque: Volkswagen Modèle: Polo Année : 2005 Kilométrage : 204000 Carburant  : Diesel Puissance : 08-10 chevaux Ville : Mohammedia Detail de l'annonce : Voiture très bien entretenue, type 9N, 4 cylindres. Prix légèrement négociable Annonceur : Nawfal Répondre l'annonceur Imprimer Signaler cette annonce Envoyer à un ami Partager sur Facebook Twitter LinkedIn Retour à la page précédente"
7543428,https://www.marocannonces.com/categorie/314/Voitures-occasion/annonce/7543428/405-a-vendre-89-ded-96.html,marocannonces,2026-10-02,2026-10-02 02:39:32,405 a vendre 89 ded 96,Peugeot,405,,1989.0,,Diesel,,,Dédouanée,Occasion,,,Particulier,,,Casablanca,Casablanca-Settat,26000.0,6.0,26 000 DH 405 a vendre 89 ded 96 Casablanca Vue: 40 Annonce N°: 7543428 Marque: Peugeot Modèle: 405 Année : 1989 Carburant  : Diesel Ville : Casablanca Detail de l'annonce : Je mets en vente une voiture peugeot 405 occasion (kasbha 6ans)  moteur 306 (faible consommation) diesel 8 cv année- modèle 1989 et dédouanée en 1996  prix 26000 dh négociable visible a benslimane Annonceur : brahim Répondre l'annonceur Imprimer Signaler cette annonce Envoyer à un ami Partager sur Facebook Twitter LinkedIn Retour à la page précédente
7543389,https://www.marocannonces.com/categorie/314/Voitures-occasion/annonce/7543389/Ford-fiesta-neuf.html,marocannonces,2026-10-02,2026-10-02 02:39:33,Ford fiesta neuf,Ford,Fiesta,,2012.0,170000.0,Diesel,,05-07 chevaux,,Neuf,1,,Particulier,,,Meknès,Fès-Meknès,95000.0,1.0,95 000 DH Ford fiesta neuf Meknès Vue: 23 Annonce N°: 7543389 Marque: Ford Modèle: Fiesta Année : 2012 Kilométrage : 170000 Carburant  : Diesel Puissance : 05-07 chevaux Ville : Meknès Detail de l'annonce : Je met en vente ma voiture Ford Fiesta très bon état . Première main et toute les entretiens sont faites auprès de auto hall . Annonceur : Mehdi Répondre l'annonceur Imprimer Signaler cette annonce Envoyer à un ami Partager sur Facebook Twitter LinkedIn Retour à la page précédente
7543333,https://www.marocannonces.com/categorie/314/Voitures-occasion/annonce/7543333/Ford-transit.html,marocannonces,2026-10-02,2026-10-02 02:39:33,Ford transit,Ford,Transit,,2014.0,140000.0,Diesel,,08-10 chevaux,,Occasion,,,Particulier,,,Marrakech,Marrakech-Safi,140000.0,2.0,140 000 DH Ford transit Marrakech Vue: 36 Annonce N°: 7543333 Marque: Ford Modèle: Transit Année : 2014 Kilométrage : 140000 Carburant  : Diesel Puissance : 08-10 chevaux Ville : Marrakech Detail de l'annonce : Ford transit 4014 Annonceur : Mohmed Répondre l'annonceur Imprimer Signaler cette annonce Envoyer à un ami Partager sur Facebook Twitter LinkedIn Retour à la page précédente
7543286,https://www.marocannonces.com/categorie/314/Voitures-occasion/annonce/7543286/Peuget-307-TAMESNA.html,marocannonces,2026-10-02,2026-10-02 02:39:35,Peuget 307 TAMESNA,Peugeot,307,,2002.0,450000.0,Diesel,,08-10 chevaux,,Occasion,,,Particulier,,,Temara,Rabat-Salé-Kénitra,50000.0,2.0,50 000 DH Peuget 307 TAMESNA Temara Vue: 116 Annonce N°: 7543286 Marque: Peugeot Modèle: 307 Année : 2002 Kilométrage : 450000 Carburant  : Diesel Puissance : 08-10 chevaux Ville : Temara Detail de l'annonce : Voiture en bon état Annonceur : Soumaya Répondre l'annonceur Imprimer Signaler cette annonce Envoyer à un ami Partager sur Facebook Twitter LinkedIn Retour à la page précédente
7543180,https://www.marocannonces.com/categorie/314/Voitures-occasion/annonce/7543180/Opel-corsa.html,marocannonces,2026-10-02,2026-10-02 02:39:35,Opel corsa,Opel,Corsa,,2010.0,130000.0,Essence,,05-07 chevaux,,Occasion,,,Particulier,,,Casablanca,Casablanca-Settat,65000.0,3.0,65 000 DH Opel corsa Casablanca Vue: 80 Annonce N°: 7543180 Marque: Opel Modèle: Corsa Année : 2010 Kilométrage : 130000 Carburant  : Essence Puissance : 05-07 chevaux Ville : Casablanca Detail de l'annonce : Model 2010 Tout options Fiable consumation Essence Annonceur : Maher Répondre l'annonceur Imprimer Signaler cette annonce Envoyer à un ami Partager sur Facebook Twitter LinkedIn Retour à la page précédente
7543108,https://www.marocannonces.com/categorie/314/Voitures-occasion/annonce/7543108/Laguna-7-cv.html,marocannonces,2026-10-02,2026-10-02 02:39:36,Laguna 7 cv,Renault,Laguna,,1999.0,,Diesel,,,,Occasion,,,Particulier,,,Agadir,Souss-Massa,49000.0,4.0,49 000 DH Laguna 7 cv Agadir Vue: 89 Annonce N°: 7543108 Marque: Renault Modèle: Laguna Année : 1999 Carburant  : Diesel Ville : Agadir Detail de l'annonce : Tout option moteur mli7 Annonceur : Anoir Répondre l'annonceur Imprimer Signaler cette annonce Envoyer à un ami Partager sur Facebook Twitter LinkedIn Retour à la page précédente
6025226,https://www.marocannonces.com/categorie/314/Voitures-occasion/annonce/6025226/Chevrolet-spark-modele-2006.html,marocannonces,2026-10-02,2026-10-02 02:39:37,Chevrolet spark modele 2006,Chevrolet,Spark,,2006.0,,,,,,Occasion,,,Particulier,0664292671,631dc6390ad59ce372f0b2c980479cc7b48b57cee1baa24445ea5a29bdf13db6,Casablanca,Casablanca-Settat,33000.0,1.0,"33 000 DH Chevrolet spark modele 2006 Casablanca Vue: 14 Annonce N°: 6025226 Marque: Chevrolet Modèle: Spark Detail de l'annonce : je me met a vendre ma voiture chevrolet spark essence , 5cv, model 2006 ,en bon etat , equipee de climatisation , pour plus d'info : 0664292671. . . . . . . . Annonceur : spark Répondre l'annonceur Imprimer Signaler cette annonce Envoyer à un ami Partager sur Facebook Twitter LinkedIn Retour à la page précédente"
7542972,https://www.marocannonces.com/categorie/314/Voitures-occasion/annonce/7542972/VOITURE-A-VENDRE.html,marocannonces,2026-10-02,2026-10-02 02:39:38,VOITURE A VENDRE,Mercedes-Benz,C220,,1999.0,,Diesel,,08-10 chevaux,,Occasion,,,Particulier,,,Casablanca,Casablanca-Settat,65000.0,1.0,65 000 DH VOITURE A VENDRE Casablanca Vue: 22 Annonce N°: 7542972 Marque: Mercedes-Benz Modèle: C220 Année : 1999 Carburant  : Diesel Puissance : 08-10 chevaux Ville : Casablanca Detail de l'annonce : JE METS UNE VOITURE  MERCEDES A VENDRE ANNEE :1999    DED:  2011 BON ETAT COULEUR BLEUE Annonceur : SP-TEXTILE Répondre l'annonceur Imprimer Signaler cette annonce Envoyer à un ami Partager sur Facebook Twitter LinkedIn Retour à la page précédente
7542929,https://www.marocannonces.com/categorie/314/Voitures-occasion/annonce/7542929/C4-2014-diesel.html,marocannonces,2026-10-02,2026-10-02 02:39:38,C4 2014 diesel,Citroën,C4,,2014.0,100000.0,Diesel,,,,Occasion,,,Particulier,,,Casablanca,Casablanca-Settat,114000.0,2.0,114 000 DH C4 2014 diesel Casablanca Vue: 40 Annonce N°: 7542929 Marque: Citroen Modèle: C4 Année : 2014 Kilométrage : 100000 Carburant  : Diesel Ville : Casablanca Detail de l'annonce : Voiture en bonne état a vendre diesel Annonceur : Karam Répondre l'annonceur Imprimer Signaler cette annonce Envoyer à un ami Partager sur Facebook Twitter LinkedIn Retour à la page précédente
7542779,https://www.marocannonces.com/categorie/314/Voitures-occasion/annonce/7542779/Skoda-octavia-elegance.html,marocannonces,2026-10-02,2026-10-02 02:39:39,Skoda octavia elegance,Skoda,Octavia,,2012.0,123000.0,Diesel,Automatique,08-10 chevaux,,Occasion,,,Particulier,,,Casablanca,Casablanca-Settat,140000.0,1.0,"140 000 DH Skoda octavia elegance Casablanca Vue: 35 Annonce N°: 7542779 Marque: Skoda Modèle: Octavia Année : 2012 Kilométrage : 123000 Carburant  : Diesel Puissance : 08-10 chevaux Ville : Casablanca Detail de l'annonce : Skoda octavia élégance 2.0 modèle 12/2012 8ch transmission manuelle 5 rapports 120000km. Equipements: ABS, Accoudoir arrière, Accoudoir central AR avec trappe à skis, Aide au démarrage en côte, Aide au freinage d'urgence, Airbag conducteur, Airbag passager déconnectable, Airbags latéraux avant, Airbags rideaux AV et AR, Antidémarrage électronique, Antipatinage, Appuis-tête avant actifs, Bacs de portes arrière, Bacs de portes avant, Banquette 1/3-2/3, Banquette AR rabattable, Banquette arrière 3 places, Barres de toit, Boite à gants fermée réfrigérée, Boucliers AV et AR couleur caisse, Capteur de luminosité, Capteur de pluie, Catadioptres actifs, Ceintures avant ajustables en hauteur, Clim automatique bi-zones, Compte tours, Configuration 5 places, Contrôle de freinage en courbe, Contrôle élect. de la pression des pneus, Direction assistée asservie à la vitesse, EBD, Eclairage au sol, ESP, Essuie-glace arrière, Feux de freinage d'urgence, Filets de coffre, Filtre à particules, Filtre à Pollen, Jantes Alu 17"", Kit mains-libres Bluetooth, Lampe de coffre, Lampes de lecture à l'avant, Miroir de courtoisie conducteur, Miroir de courtoisie passager, Ordinateur de bord, Ouverture des vitres séquentielle, Phares antibrouillard, Phares halogènes, Poches d'aumonières, Pommeau de levier vitesse en cuir, Porte-gobelets avant, Préparation Isofix, Prise 12V, Prise auxiliaire de connexion audio, Radio CD MP3 8HP, Rangement sous siège passager avant, Verrouillage auto. des portes en roulant, Verrouillage centralisé à distance, Vitres arrière électriques, Vitres avant électriques, Vitres teintées, salon cuir, Volant cuir + commandes audio au volant, Volant réglable en profondeur et hauteur,régulateur et limiteur de vitesse Annonceur : Abderrahim Répondre l'annonceur Imprimer Signaler cette annonce Envoyer à un ami Partager sur Facebook Twitter LinkedIn Retour à la page précédente"
7542709,https://www.marocannonces.com/categorie/314/Voitures-occasion/annonce/7542709/KANGOO-D65.html,marocannonces,2026-10-02,2026-10-02 02:39:41,KANGOO D65,Renault,Kangoo,,2004.0,222244.0,Diesel,,05-07 chevaux,,Occasion,,,Particulier,,,El jadida,Casablanca-Settat,60000.0,4.0,60 000 DH KANGOO D65 El jadida Vue: 46 Annonce N°: 7542709 Marque: Renault Modèle: Kangoo Année : 2004 Kilométrage : 222244 Carburant  : Diesel Puissance : 05-07 chevaux Ville : El jadida Detail de l'annonce : Je mets en vente ma voiture Kangoo en très bon état avec un prix négociable. Annonceur : Abdaljabbar sassioui Répondre l'annonceur Imprimer Signaler cette annonce Envoyer à un ami Partager sur Facebook Twitter LinkedIn Retour à la page précédente
7542673,https://www.marocannonces.com/categorie/314/Voitures-occasion/annonce/7542673/voiture-à-vendre-سيارة-للبيع.html,marocannonces,2026-10-02,2026-10-02 02:39:42,voiture à vendre سيارة للبيع,Renault,19,,2007.0,338850.0,Diesel,,,,Occasion,,,Particulier,,,Agadir,Souss-Massa,50000.0,4.0,50 000 DH voiture à vendre سيارة للبيع Agadir Vue: 31 Annonce N°: 7542673 Marque: Renault Modèle: 19 Année : 2007 Kilométrage : 338850 Carburant  : Diesel Ville : Agadir Detail de l'annonce : R 19 Diezel Model: 97 Diwana: 2007 Motor n9i 7ch prix. 50.000 dh Annonceur : abderahim Répondre l'annonceur Imprimer Signaler cette annonce Envoyer à un ami Partager sur Facebook Twitter LinkedIn Retour à la page précédente
7542656,https://www.marocannonces.com/categorie/314/Voitures-occasion/annonce/7542656/R18-normal.html,marocannonces,2026-10-02,2026-10-02 02:39:43,R18 normal,Renault,R18,,1984.0,254408.0,Diesel,,08-10 chevaux,,Occasion,,,Particulier,,,Guelmim,Guelmim-Oued Noun,27000.0,1.0,27 000 DH R18 normal Guelmim Vue: 56 Annonce N°: 7542656 Marque: Renault Modèle: R18 Année : 1984 Kilométrage : 254408 Carburant  : Diesel Puissance : 08-10 chevaux Ville : Guelmim Detail de l'annonce : R18 normal m3fya dwana 93 motor mzyan 4 pneu jdad barriers jdid Annonceur : Aziz Répondre l'annonceur Imprimer Signaler cette annonce Envoyer à un ami Partager sur Facebook Twitter LinkedIn Retour à la page précédente
7542535,https://www.marocannonces.com/categorie/314/Voitures-occasion/annonce/7542535/206-hdi-55000dh.html,marocannonces,2026-10-02,2026-10-02 02:39:44,206 hdi 55000dh,Peugeot,206,,2005.0,,Diesel,,05-07 chevaux,,Occasion,,,Particulier,,,Casablanca,Casablanca-Settat,55000.0,1.0,55 000 DH 206 hdi 55000dh Casablanca Vue: 90 Annonce N°: 7542535 Marque: Peugeot Modèle: 206 Année : 2005 Carburant  : Diesel Puissance : 05-07 chevaux Ville : Casablanca Detail de l'annonce : je met en vente 206 hdi 6cv diesel avec clim conduite par une femme Annonceur : safae Répondre l'annonceur Imprimer Signaler cette annonce Envoyer à un ami Partager sur Facebook Twitter LinkedIn Retour à la page précédente
7542446,https://www.marocannonces.com/categorie/314/Voitures-occasion/annonce/7542446/fiat-500.html,marocannonces,2026-10-02,2026-10-02 02:39:45,fiat 500,Fiat,500,,2015.0,50000.0,Diesel,,05-07 chevaux,,Occasion,,,Particulier,,,Temara,Rabat-Salé-Kénitra,102000.0,5.0,102 000 DH fiat 500 Temara Vue: 48 Annonce N°: 7542446 Marque: Fiat Modèle: 500 Année : 2015 Kilométrage : 50000 Carburant  : Diesel Puissance : 05-07 chevaux Ville : Temara Detail de l'annonce : Fiat 500 Diesel en très trés bon état Annonceur : slimani Répondre l'annonceur Imprimer Signaler cette annonce Envoyer à un ami Partager sur Facebook Twitter LinkedIn Retour à la page précédente
7542420,https://www.marocannonces.com/categorie/314/Voitures-occasion/annonce/7542420/voiture-a-vendre.html,marocannonces,2026-10-02,2026-10-02 02:39:45,voiture a vendre,Citroën,C3,,2010.0,71000.0,Essence,,,,Occasion,,,Particulier,0614018208,5032fdf51a2033eb3aee83df6a834d1ba046b0f9eac0ad32f44cf09c78530d52,Safi,Marrakech-Safi,65000.0,1.0,65 000 DH voiture a vendre Safi Vue: 13 Annonce N°: 7542420 Marque: Citroen Modèle: C3 Année : 2010 Kilométrage : 71000 Carburant  : Essence Ville : Safi Detail de l'annonce : citroen c3  noir 0614018208 Annonceur : zouhair sidqy Répondre l'annonceur Imprimer Signaler cette annonce Envoyer à un ami Partager sur Facebook Twitter LinkedIn Retour à la page précédente
7542404,https://www.marocannonces.com/categorie/314/Voitures-occasion/annonce/7542404/voiture-citadine-bonne-occasion.html,marocannonces,2026-10-02,2026-10-02 02:39:46,voiture citadine  bonne occasion,Opel,Corsa,,2011.0,29000.0,Essence,,05-07 chevaux,,Occasion,,,Particulier,0707564855,2a216268caf9f03e9589309c3d7959f0fcdb681803d06f6394743c226f1acfe2,Casablanca,Casablanca-Settat,79000.0,3.0,"79 000 DH voiture citadine  bonne occasion Casablanca Vue: 54 Annonce N°: 7542404 Marque: Opel Modèle: Corsa Année : 2011 Kilométrage : 29000 Carburant  : Essence Puissance : 05-07 chevaux Ville : Casablanca Detail de l'annonce : Je mets en vente ma voiture opel corsa essence fin 2011 , très bon état , très faible km 29700 au compteur, 1 ere main , idéale pour une femme , très économique fermeture centralisée , airbag , clim , radio cd , pneu de rechange et matériel de dépannage ... Prix  79000 non négociable Tel  0707564855 Annonceur : Opel corsa Répondre l'annonceur Imprimer Signaler cette annonce Envoyer à un ami Partager sur Facebook Twitter LinkedIn Retour à la page précédente"
7542311,https://www.marocannonces.com/categorie/314/Voitures-occasion/annonce/7542311/Toyota-hi-ace.html,marocannonces,2026-10-02,2026-10-02 02:39:47,Toyota hi ace,Toyota,Hi Ace,,1981.0,0.0,Diesel,,08-10 chevaux,,Occasion,,,Particulier,,,Casablanca,Casablanca-Settat,26000.0,1.0,"26 000 DH Toyota hi ace Casablanca Vue: 33 Annonce N°: 7542311 Marque: Toyota Modèle: Hi Ace Année : 1981 Kilométrage : 0 Carburant  : Diesel Puissance : 08-10 chevaux Ville : Casablanca Detail de l'annonce : Je mets en vente ma voiture en super état toyota hiace 3 places modèle 81, carburant diesel 9 chevaux, faible consommation n'hésitez pas à me contacter Annonceur : Younes Répondre l'annonceur Imprimer Signaler cette annonce Envoyer à un ami Partager sur Facebook Twitter LinkedIn Retour à la page précédente"
7542179,https://www.marocannonces.com/categorie/314/Voitures-occasion/annonce/7542179/Renault-19-storia.html,marocannonces,2026-10-02,2026-10-02 02:39:48,Renault 19 storia,Renault,19,,1995.0,500000.0,Diesel,,05-07 chevaux,,Occasion,,,Particulier,,,Agadir,Souss-Massa,50000.0,5.0,50 000 DH Renault 19 storia Agadir Vue: 38 Annonce N°: 7542179 Marque: Renault Modèle: 19 Année : 1995 Kilométrage : 500000 Carburant  : Diesel Puissance : 05-07 chevaux Ville : Agadir Detail de l'annonce : Renault 19 storia                a vendre merci de me contacter Annonceur : Abdlhadi ait alkadi Répondre l'annonceur Imprimer Signaler cette annonce Envoyer à un ami Partager sur Facebook Twitter LinkedIn Retour à la page précédente
7542111,https://www.marocannonces.com/categorie/314/Voitures-occasion/annonce/7542111/Vente-dun-monospace-Lancia-Musa.html,marocannonces,2026-10-02,2026-10-02 02:39:49,Vente d'un monospace Lancia Musa,Lancia,MUSA,,2010.0,98000.0,Essence,,,,Occasion,,,Particulier,,,Casablanca,Casablanca-Settat,82000.0,6.0,"82 000 DH Vente d'un monospace Lancia Musa Casablanca Vue: 41 Annonce N°: 7542111 Marque: Lancia Modèle: MUSA Année : 2010 Kilométrage : 98000 Carburant  : Essence Ville : Casablanca Detail de l'annonce : Je mets en vente une Lancia modele fin 2010, TOUTES OPTIONS (TOIT OUVRANT DEVANT ET TOIT PANORAMIQUE, JANTES ALUMINIUM, SIEGES EN CUIR, CLIMATISATION, BLEUTOOTH, LECTEUR USB ET CARTE MEMOIRE, DETECTEUR DE PLUIE, COULEUR NOIR ROYAL ET BIEN D AUTRES OPTIONS. Annonceur : BADR Répondre l'annonceur Imprimer Signaler cette annonce Envoyer à un ami Partager sur Facebook Twitter LinkedIn Retour à la page précédente"
7542209,https://www.marocannonces.com/categorie/314/Voitures-occasion/annonce/7542209/Voiture-a-vendre.html,marocannonces,2026-10-02,2026-10-02 02:39:50,Voiture a vendre,Peugeot,Autre,,,,,,,,Occasion,,,Particulier,,,Rabat,Rabat-Salé-Kénitra,55000.0,1.0,55 000 DH Voiture a vendre Rabat Vue: 33 Annonce N°: 7542209 Marque : Peugeot Ville : Rabat Detail de l'annonce : Li kay hami 2amer ytasal f tel Annonceur : El khadiri Répondre l'annonceur Imprimer Signaler cette annonce Envoyer à un ami Partager sur Facebook Twitter LinkedIn Retour à la page précédente
7541853,https://www.marocannonces.com/categorie/314/Voitures-occasion/annonce/7541853/Voiture-peugeot-modele-2006.html,marocannonces,2026-10-02,2026-10-02 02:39:51,Voiture peugeot modele 2006,Peugeot,206,,2006.0,199000.0,Essence,,05-07 chevaux,,Occasion,,,Particulier,,,Kénitra,Rabat-Salé-Kénitra,50000.0,3.0,50 000 DH Voiture peugeot modele 2006 Kénitra Vue: 54 Annonce N°: 7541853 Marque: Peugeot Modèle: 206 Année : 2006 Kilométrage : 199000 Carburant  : Essence Puissance : 05-07 chevaux Ville : Kénitra Detail de l'annonce : Voiture en très bon état Annonceur : Achraf Répondre l'annonceur Imprimer Signaler cette annonce Envoyer à un ami Partager sur Facebook Twitter LinkedIn Retour à la page précédente
7541703,https://www.marocannonces.com/categorie/314/Voitures-occasion/annonce/7541703/DACIA-LOGAN-A-VENDRE.html,marocannonces,2026-10-02,2026-10-02 02:39:52,DACIA LOGAN A VENDRE,Dacia,Logan,,2010.0,52400.0,Essence,,08-10 chevaux,,Occasion,,,Particulier,,,Casablanca,Casablanca-Settat,56000.0,6.0,56 000 DH DACIA LOGAN A VENDRE Casablanca Vue: 87 Annonce N°: 7541703 Marque: Dacia Modèle: Logan Année : 2010 Kilométrage : 52400 Carburant  : Essence Puissance : 08-10 chevaux Ville : Casablanca Detail de l'annonce : particulier  vend dacia logan 2éme main. Annonceur : FOUAD Répondre l'annonceur Imprimer Signaler cette annonce Envoyer à un ami Partager sur Facebook Twitter LinkedIn Retour à la page précédente
7541587,https://www.marocannonces.com/categorie/314/Voitures-occasion/annonce/7541587/Passat-CC-2012.html,marocannonces,2026-10-02,2026-10-02 02:39:53,Passat CC 2012,Volkswagen,PASSAT CC,,2012.0,197000.0,Diesel,,08-10 chevaux,,Occasion,,,Particulier,,,Casablanca,Casablanca-Settat,200000.0,1.0,200 000 DH Passat CC 2012 Casablanca Vue: 45 Annonce N°: 7541587 Marque: Volkswagen Modèle: PASSAT CC Année : 2012 Kilométrage : 197 000 Carburant  : Diesel Puissance : 08-10 chevaux Ville : Casablanca Detail de l'annonce : voiture en bon etat Annonceur : el mehdi Répondre l'annonceur Imprimer Signaler cette annonce Envoyer à un ami Partager sur Facebook Twitter LinkedIn Retour à la page précédente
7541493,https://www.marocannonces.com/categorie/314/Voitures-occasion/annonce/7541493/Hyundai-accent-2008-new-a-vendre.html,marocannonces,2026-10-02,2026-10-02 02:39:54,Hyundai accent 2008 new a vendre,Hyundai,Accent,,2008.0,,Diesel,,,,Occasion,,,Particulier,,,Kénitra,Rabat-Salé-Kénitra,65000.0,1.0,65 000 DH Hyundai accent 2008 new a vendre Kénitra Vue: 25 Annonce N°: 7541493 Marque: Hyundai Modèle: Accent Année : 2008 Carburant  : Diesel Ville : Kénitra Detail de l'annonce : Je met a vendre mon hyundai accent modele 2008 tres bn offre Hamza Annonceur : Hamza Répondre l'annonceur Imprimer Signaler cette annonce Envoyer à un ami Partager sur Facebook Twitter LinkedIn Retour à la page précédente
7541428,https://www.marocannonces.com/categorie/314/Voitures-occasion/annonce/7541428/Mercedes-C-220-pack-AMG.html,marocannonces,2026-10-02,2026-10-02 02:39:55,Mercedes C 220 pack AMG,Mercedes-Benz,C220,,,,,,,Dédouanée,Neuf,,,Particulier,,,Oujda,Oriental,245000.0,5.0,"245 000 DH Mercedes C 220 pack AMG Oujda Vue: 76 Annonce N°: 7541428 Marque: Mercedes-Benz Modèle: C220 Detail de l'annonce : Voiture propre, dédouanée en 2015,toutes options , toit panoramique ouvrant et cuir tabac, pneus neufs, rare sur le marché. Annonceur : Utilisateur Répondre l'annonceur Imprimer Signaler cette annonce Envoyer à un ami Partager sur Facebook Twitter LinkedIn Retour à la page précédente"
7541438,https://www.marocannonces.com/categorie/314/Voitures-occasion/annonce/7541438/Mercedes-220-modele-2008.html,marocannonces,2026-10-02,2026-10-02 02:39:55,Mercedes 220 modele 2008,Mercedes-Benz,220,,2008.0,138000.0,Diesel,Automatique,08-10 chevaux,Dédouanée,Neuf,,,Particulier,,,Salé,Rabat-Salé-Kénitra,200000.0,5.0,"200 000 DH Mercedes 220 modele 2008 Salé Vue: 208 Annonce N°: 7541438 Marque: Mercedes-Benz Modèle: 220 Année : 2008 Kilométrage : 138000 Carburant  : Diesel Puissance : 08-10 chevaux Ville : Salé Detail de l'annonce : Je mets en vente ma Mercedes C220 Cdi achetée en France, Avangarde, mise en circulation en 2008, dédouanée en 2012. (Diesel / 138 000 km) La boite de vitesse est manuelle, Le Carnet d'entretien est à jour par des garages Mercedes et agréés. La voiture est en excellent état, (utilisé principalement pour les voyages) elle est bien entretenue et stationne toujours dans un garage fermée. Deux jeux de clés. 4 Pneus neufs (continental W) installés en sep 2017. Sièges en cuir, toutes les fonctionnalités high-tech ( Téléphone Bluetooth, USB, lecteur CD MP3, limiteur régulateur de vitesse, feux automatiques...) Les personnes non sérieuses et les intermédiaires : Merci de s'abstenir :). Plus d'informations et premier contact uniquement par téléphone. Annonceur : MILOUDKS Répondre l'annonceur Imprimer Signaler cette annonce Envoyer à un ami Partager sur Facebook Twitter LinkedIn Retour à la page précédente"
7541355,https://www.marocannonces.com/categorie/314/Voitures-occasion/annonce/7541355/Fiat-500.html,marocannonces,2026-10-02,2026-10-02 02:39:56,Fiat 500,Fiat,500,,2014.0,750000.0,Essence,,05-07 chevaux,,Occasion,1,,Particulier,,,Meknès,Fès-Meknès,85000.0,1.0,85 000 DH Fiat 500 Meknès Vue: 21 Annonce N°: 7541355 Marque: Fiat Modèle: 500 Année : 2014 Kilométrage : 750000 Carburant  : Essence Puissance : 05-07 chevaux Ville : Meknès Detail de l'annonce : Je cherche une voiture série Fiat 500 avec une reprise d une Ford Fiesta 2011 diesel que je dispose et qui est en très bon état et première main Annonceur : Talbi Mehdi Répondre l'annonceur Imprimer Signaler cette annonce Envoyer à un ami Partager sur Facebook Twitter LinkedIn Retour à la page précédente
7541151,https://www.marocannonces.com/categorie/314/Voitures-occasion/annonce/7541151/VW-Cc-pack-Business-automatique.html,marocannonces,2026-10-02,2026-10-02 02:39:57,VW Cc pack Business automatique,Volkswagen,CC,,2014.0,94000.0,Diesel,Automatique,08-10 chevaux,,Neuf,,,Particulier,,,Rabat,Rabat-Salé-Kénitra,225000.0,4.0,"225 000 DH VW Cc pack Business automatique Rabat Vue: 42 Annonce N°: 7541151 Marque: Volkswagen Modèle: CC Année : 2014 Kilométrage : 94000 Carburant  : Diesel Puissance : 08-10 chevaux Ville : Rabat Detail de l'annonce : vend ma Volkswagen CC 2.0 pack Business automatique modèle 06/2014, tableau de bord finition bois.comme neuve suivi régulier à la maison Volkswagen, carnet d'entretien à jour et 2 clés d'origine. Equipements : Sièges cuir alcantara chauffants et automatiques, phares xénon, park assit avec détecteurs avant et arrière, poste d'origine avec grand écran et bluetooth, climatisation bizones, assistance au démarrage en côte, frein à main électronique, start & stop, rétroviseurs nuits/jours automatiques,je viens de changer les 4 pneus neufs. Prix neuf 41 M.je la cède à 225000 Annonceur : Reda Répondre l'annonceur Imprimer Signaler cette annonce Envoyer à un ami Partager sur Facebook Twitter LinkedIn Retour à la page précédente"
7541060,https://www.marocannonces.com/categorie/314/Voitures-occasion/annonce/7541060/Dacia-stepway-prestige.html,marocannonces,2026-10-02,2026-10-02 02:39:58,Dacia stepway prestige,Dacia,Sandero,,2018.0,7800.0,Diesel,,05-07 chevaux,,Neuf,,,Particulier,,,El jadida,Casablanca-Settat,128000.0,1.0,128 000 DH Dacia stepway prestige El jadida Vue: 48 Annonce N°: 7541060 Marque: Dacia Modèle: Sandero Année : 2018 Kilométrage : 7800 Carburant  : Diesel Puissance : 05-07 chevaux Ville : El jadida Detail de l'annonce : Je vends ma dacia stepway achetee en janvier 2018.elle est toute neuve avec toutes les options du model prestige etc.Pour cause de mutation a l'etranger. Je viens juste de faire la revision des 5000km. Pour la voir je serais au Maroc entre le 10/09 et le 15/09. Annonceur : Mustafa Répondre l'annonceur Imprimer Signaler cette annonce Envoyer à un ami Partager sur Facebook Twitter LinkedIn Retour à la page précédente
7541047,https://www.marocannonces.com/categorie/314/Voitures-occasion/annonce/7541047/Ford-focus.html,marocannonces,2026-10-02,2026-10-02 02:40:00,Ford focus,Ford,Focus,,2009.0,200000.0,Diesel,,05-07 chevaux,,Occasion,,,Particulier,,,El jadida,Casablanca-Settat,95000.0,7.0,95 000 DH Ford focus El jadida Vue: 59 Annonce N°: 7541047 Marque: Ford Modèle: Focus Année : 2009 Kilométrage : 200 000_249 999 Carburant  : Diesel Puissance : 05-07 chevaux Ville : El jadida Detail de l'annonce : Je met mon voiture en vente avec tout les options et bon état diesel 7ch et je peux faire un reprise avec quelqu'un qui en nissan Qashqai au Volkswagen caddy. Annonceur : Brahim Répondre l'annonceur Imprimer Signaler cette annonce Envoyer à un ami Partager sur Facebook Twitter LinkedIn Retour à la page précédente
4812817,https://www.marocannonces.com/categorie/314/Voitures-occasion/annonce/4812817/Mini-cooper-modele-2010.html,marocannonces,2026-10-02,2026-10-02 02:40:01,Mini cooper modele 2010,Mini,Cooper,modele 2010,2010.0,,,,,,Occasion,,,Particulier,,,Marrakech,Marrakech-Safi,200000.0,6.0,200 000 DH Mini cooper modele 2010 Marrakech Vue: 20 Annonce N°: 4812817 Marque: Mini Modèle: Mini Detail de l'annonce : Je met en vente une mini cooper en très bon état  2 portes le prix a débattre  . . . . . . . . . . . . . . Annonceur : Fatine Répondre l'annonceur Imprimer Signaler cette annonce Envoyer à un ami Partager sur Facebook Twitter LinkedIn Retour à la page précédente
7540992,https://www.marocannonces.com/categorie/314/Voitures-occasion/annonce/7540992/Opel-Insignia-Diesel-Ctdi.html,marocannonces,2026-10-02,2026-10-02 02:40:02,Opel Insignia Diesel Ctdi,Opel,Insignia,,2010.0,170000.0,Diesel,,08-10 chevaux,,Occasion,,,Particulier,,,Casablanca,Casablanca-Settat,120000.0,6.0,120 000 DH Opel Insignia Diesel Ctdi Casablanca Vue: 55 Annonce N°: 7540992 Marque: Opel Modèle: Insignia Année : 2010 Kilométrage : 170 000 Carburant  : Diesel Puissance : 08-10 chevaux Ville : Casablanca Detail de l'annonce : Voiture en très bon état (avec carnet d'entretien). Prix négociable. Annonceur : Mehdi Répondre l'annonceur Imprimer Signaler cette annonce Envoyer à un ami Partager sur Facebook Twitter LinkedIn Retour à la page précédente
7540900,https://www.marocannonces.com/categorie/314/Voitures-occasion/annonce/7540900/Hyundai-santa-fe.html,marocannonces,2026-10-02,2026-10-02 02:40:03,Hyundai santa fe,Hyundai,Santa Fe,,2008.0,158874.0,Diesel,Automatique,08-10 chevaux,,Occasion,,,Particulier,,,Casablanca,Casablanca-Settat,108000.0,8.0,108 000 DH Hyundai santa fe Casablanca Vue: 44 Annonce N°: 7540900 Marque: Hyundai Modèle: Santa Fe Année : 2008 Kilométrage : 158874 Carburant  : Diesel Puissance : 08-10 chevaux Ville : Casablanca Detail de l'annonce : Voiture tt option clim digital bva crapotage automatique deja change a 140000 km turbo deja change aussi a 156000 regulateur de vitesse siege electrique etc vignette  kolchi khals koulshi mebedel fiha Annonceur : chadi Répondre l'annonceur Imprimer Signaler cette annonce Envoyer à un ami Partager sur Facebook Twitter LinkedIn Retour à la page précédente
7540857,https://www.marocannonces.com/categorie/314/Voitures-occasion/annonce/7540857/C4-picasso.html,marocannonces,2026-10-02,2026-10-02 02:40:03,C4 picasso,Citroën,C4 Picasso,,2014.0,80000.0,Diesel,,05-07 chevaux,,Occasion,,,Particulier,,,Casablanca,Casablanca-Settat,160000.0,6.0,160 000 DH C4 picasso Casablanca Vue: 27 Annonce N°: 7540857 Marque: Citroen Modèle: C4 Picasso Année : 2014 Kilométrage : 80000 Carburant  : Diesel Puissance : 05-07 chevaux Ville : Casablanca Detail de l'annonce : C4 Picasso très propre suivi chez citroen Annonceur : Rachid Répondre l'annonceur Imprimer Signaler cette annonce Envoyer à un ami Partager sur Facebook Twitter LinkedIn Retour à la page précédente
7540830,https://www.marocannonces.com/categorie/314/Voitures-occasion/annonce/7540830/Fiat-punto-1999-diesel.html,marocannonces,2026-10-02,2026-10-02 02:40:04,Fiat punto 1999 diesel,Fiat,Punto,,1999.0,260000.0,Diesel,,05-07 chevaux,,Occasion,,,Particulier,,,Fès,Fès-Meknès,35000.0,1.0,35 000 DH Fiat punto 1999 diesel Fès Vue: 44 Annonce N°: 7540830 Marque: Fiat Modèle: Punto Année : 1999 Kilométrage : 260000 Carburant  : Diesel Puissance : 05-07 chevaux Ville : Fès Detail de l'annonce : Je met en vente Fiat punto diesel en très bonne état de marche de couleur gris 4porte très économique intérieur/extérieur très propre prix 35000dh Annonceur : Khalid Répondre l'annonceur Imprimer Signaler cette annonce Envoyer à un ami Partager sur Facebook Twitter LinkedIn Retour à la page précédente
4287609,https://www.marocannonces.com/categorie/314/Voitures-occasion/annonce/4287609/Suzuki-celerio-modele-2012.html,marocannonces,2026-10-02,2026-10-02 02:40:06,Suzuki celerio modele 2012,Suzuki,Swift,,2012.0,,,,,,Occasion,,,Particulier,,,Fès,Fès-Meknès,75000.0,5.0,"75 000 DH Suzuki celerio modele 2012 Fès Vue: 12 Annonce N°: 4287609 Marque: Suzuki Modèle: Swift Detail de l'annonce : Je mets en vente mon suzuki celerio modèle 11/2011, toutes options, faible consommation, conduite par une femme. . . . . . . . . . . . . Annonceur : driss Répondre l'annonceur Imprimer Signaler cette annonce Envoyer à un ami Partager sur Facebook Twitter LinkedIn Retour à la page précédente"
7540669,https://www.marocannonces.com/categorie/314/Voitures-occasion/annonce/7540669/Citreon-c3-2008.html,marocannonces,2026-10-02,2026-10-02 02:40:06,Citreon c3 2008,Citroën,C3,,2008.0,107000.0,Essence,,05-07 chevaux,,Occasion,1,,Particulier,,,Rabat,Rabat-Salé-Kénitra,55000.0,6.0,"55 000 DH Citreon c3 2008 Rabat Vue: 84 Annonce N°: 7540669 Marque: Citroen Modèle: C3 Année : 2008 Kilométrage : 107000 Carburant  : Essence Puissance : 05-07 chevaux Ville : Rabat Detail de l'annonce : Je mets en vente ma voiture C3 première main, en très bon état Prix négociable Annonceur : Rachida Répondre l'annonceur Imprimer Signaler cette annonce Envoyer à un ami Partager sur Facebook Twitter LinkedIn Retour à la page précédente"
7540578,https://www.marocannonces.com/categorie/314/Voitures-occasion/annonce/7540578/Passat-dedoinie-2012.html,marocannonces,2026-10-02,2026-10-02 02:40:07,Passat dedoinie 2012,Volkswagen,Passat,,2009.0,16780000.0,Diesel,Automatique,08-10 chevaux,,Occasion,,,Particulier,,,Casablanca,Casablanca-Settat,130000.0,4.0,130 000 DH Passat dedoinie 2012 Casablanca Vue: 26 Annonce N°: 7540578 Marque: Volkswagen Modèle: Passat Année : 2009 Kilométrage : 16780000 Carburant  : Diesel Puissance : 08-10 chevaux Ville : Casablanca Detail de l'annonce : Passat modèle 2009 dedoinie 2012 boîte automatique 2l 10airbague climatisation digital siège conducteur avec massage boîte à gants avec frigo Radio tactile chargeur cd etdvd téléphone Intégré GPS bleutooth intégré régulateur 3chargeurs 12v plus chrgeur 220v couleur gris noir 2 clés d'origine Annonceur : Mohamed Répondre l'annonceur Imprimer Signaler cette annonce Envoyer à un ami Partager sur Facebook Twitter LinkedIn Retour à la page précédente
7540557,https://www.marocannonces.com/categorie/314/Voitures-occasion/annonce/7540557/PASSAT-CC-BON-ETAT.html,marocannonces,2026-10-02,2026-10-02 02:40:08,PASSAT CC BON ETAT,Volkswagen,PASSAT CC,,2012.0,197000.0,Diesel,,08-10 chevaux,,Occasion,,,Particulier,,,Casablanca,Casablanca-Settat,200000.0,1.0,200 000 DH PASSAT CC BON ETAT Casablanca Vue: 19 Annonce N°: 7540557 Marque: Volkswagen Modèle: PASSAT CC Année : 2012 Kilométrage : 197 000 Carburant  : Diesel Puissance : 08-10 chevaux Ville : Casablanca Detail de l'annonce : Je mets en vente une passat cc en bon etat (voir photo) Si vous etes serieux appelez moi Annonceur : el mehdi Répondre l'annonceur Imprimer Signaler cette annonce Envoyer à un ami Partager sur Facebook Twitter LinkedIn Retour à la page précédente
7540494,https://www.marocannonces.com/categorie/314/Voitures-occasion/annonce/7540494/Peugeot-206.html,marocannonces,2026-10-02,2026-10-02 02:40:09,Peugeot  206,Peugeot,206,,1999.0,,Essence,,08-10 chevaux,,Occasion,,,Particulier,,,Casablanca,Casablanca-Settat,42000.0,4.0,42 000 DH Peugeot  206 Casablanca Vue: 94 Annonce N°: 7540494 Marque: Peugeot Modèle: 206 Année : 1999 Carburant  : Essence Puissance : 08-10 chevaux Ville : Casablanca Detail de l'annonce : Belle voiture en bonne état essence 8cv volant assisté airbag climat jantes aluminium vitres avant électriques Annonceur : Hamid mohamed Répondre l'annonceur Imprimer Signaler cette annonce Envoyer à un ami Partager sur Facebook Twitter LinkedIn Retour à la page précédente
5476704,https://www.marocannonces.com/categorie/314/Voitures-occasion/annonce/5476704/Dacia-logan-modele-2007.html,marocannonces,2026-10-02,2026-10-02 02:40:10,Dacia logan modele 2007,Dacia,Logan,,2007.0,150000.0,Diesel,,05-07 chevaux,,Occasion,,,Particulier,,,Casablanca,Casablanca-Settat,58000.0,2.0,58 000 DH Dacia logan modele 2007 Casablanca Vue: 13 Annonce N°: 5476704 Marque: Dacia Modèle: Logan Année : 2007 Kilométrage : 150000 Carburant  : Diesel Puissance : 05-07 chevaux Ville : Casablanca Detail de l'annonce : voiture vide diesel 6cv 2007 tres bon etat carosserie et motor non fumee faible consomation et tres puissante samsar non . . . . . . . . . . . . . . Annonceur : abdo Répondre l'annonceur Imprimer Signaler cette annonce Envoyer à un ami Partager sur Facebook Twitter LinkedIn Retour à la page précédente
5476691,https://www.marocannonces.com/categorie/314/Voitures-occasion/annonce/5476691/Hyundai-accent-modele-2007.html,marocannonces,2026-10-02,2026-10-02 02:40:11,Hyundai accent modele 2007,Hyundai,Accent,,2007.0,138000.0,Diesel,,05-07 chevaux,,Occasion,,,Particulier,0661098206,848a436859bc7f3cc7e5f334330c42063f91daf1cfc8a5c1bc7c37ea3d0773f3,Casablanca,Casablanca-Settat,65000.0,3.0,65 000 DH Hyundai accent modele 2007 Casablanca Vue: 17 Annonce N°: 5476691 Marque: Hyundai Modèle: Accent Année : 2007 Kilométrage : 138000 Carburant  : Diesel Puissance : 05-07 chevaux Ville : Casablanca Detail de l'annonce : Je met en vente ma voiture Hyundai Accent gris modèle 2007 diesel vitre électrique centraliser climatisé lecteur MP3 3 cylindres très faible consommation turbo diesel tel: 0661098206 . . . . . . . . . . . . . . Annonceur : tarik Répondre l'annonceur Imprimer Signaler cette annonce Envoyer à un ami Partager sur Facebook Twitter LinkedIn Retour à la page précédente
7540195,https://www.marocannonces.com/categorie/314/Voitures-occasion/annonce/7540195/Toyota-Corolla-Milinium-5-CV-1ére-main.html,marocannonces,2026-10-02,2026-10-02 02:40:12,Toyota Corolla Milinium 5 CV 1ére main,Toyota,Corolla,,2011.0,170000.0,Diesel,,05-07 chevaux,,Occasion,1,,Particulier,,,Casablanca,Casablanca-Settat,110000.0,2.0,110 000 DH Toyota Corolla Milinium 5 CV 1ére main Casablanca Vue: 48 Annonce N°: 7540195 Marque: Toyota Modèle: Corolla Année : 2011 Kilométrage : 170000 Carburant  : Diesel Puissance : 05-07 chevaux Ville : Casablanca Detail de l'annonce : toyota corolla milinium. 5ch.model novembre 2011.tt option. 1er main. Intermédiaire s'abstenir Annonceur : Kamil Répondre l'annonceur Imprimer Signaler cette annonce Envoyer à un ami Partager sur Facebook Twitter LinkedIn Retour à la page précédente
7540194,https://www.marocannonces.com/categorie/314/Voitures-occasion/annonce/7540194/Mercedes-220-C-Diesel-Douane-0815.html,marocannonces,2026-10-02,2026-10-02 02:40:13,Mercedes 220 C Diesel Douane 08/15,Mercedes-Benz,C220,,2011.0,195000.0,Diesel,Automatique,08-10 chevaux,,Neuf,,,Particulier,,,Casablanca,Casablanca-Settat,230000.0,4.0,"230 000 DH Mercedes 220 C Diesel Douane 08/15 Casablanca Vue: 53 Annonce N°: 7540194 Marque: Mercedes-Benz Modèle: C220 Année : 2011 Kilométrage : 195000 Carburant  : Diesel Puissance : 08-10 chevaux Ville : Casablanca Detail de l'annonce : je mets en vente Mercedes Classe C 220 Avant garde ,modelé juillet 2011 Dédouane en Aout 2015 CV9 toutes options - Siège semi cuir, CD, MP3, Bluetooth, GPS, Prise AUX et USB, Ecran Multimédia, Volant Multi-fonctions, grand écran avec système de navigation, Climatisation Automatique bi-zone, Sièges ventilés, Ventilation arrière, Volant électrique ajustable en hauteur et en profondeur, Sart Stop, Sièges électriques, Support Lombaire, Vitres électriques, Miroirs électriques et auto ajustable en marche arrière, Miroirs rabattables électriques, 4 pneus neufs, Jantes en aluminium AMG , Limiteur et Régulateur de vitesse, Détecteur de pluie, lecteur de plaques de vitesse et signalisation, sièges chauffants, Lumières Automatiques, Phares au xénon, Bi-xenon, LED de jour, Phares anti-brouillard.toutes options--- Intermédiaire s'abstenir Annonceur : Kamil Répondre l'annonceur Imprimer Signaler cette annonce Envoyer à un ami Partager sur Facebook Twitter LinkedIn Retour à la page précédente"
7540069,https://www.marocannonces.com/categorie/314/Voitures-occasion/annonce/7540069/Mercedes-C250-TD-elegance.html,marocannonces,2026-10-02,2026-10-02 02:40:13,Mercedes C250 TD elegance,Mercedes-Benz,250 D,,1997.0,,Diesel,,,,Occasion,,,Particulier,,,Al hoceima,Tanger-Tétouan-Al Hoceïma,75000.0,5.0,"75 000 DH Mercedes C250 TD elegance Al hoceima Vue: 43 Annonce N°: 7540069 Marque: Mercedes-Benz Modèle: 250 D Année : 1997 Carburant  : Diesel Ville : Al hoceima Detail de l'annonce : Mercedes C250 turbo diesel élégance année 1997 douane 2003 en très bon état. clim, vitre électrique, voiture toujours en garage depuis la douanèrent. pour plus d'info, contacter moi................ ville Targuist. Annonceur : HICHAM Répondre l'annonceur Imprimer Signaler cette annonce Envoyer à un ami Partager sur Facebook Twitter LinkedIn Retour à la page précédente"
7540040,https://www.marocannonces.com/categorie/314/Voitures-occasion/annonce/7540040/Mercedes-E-280.html,marocannonces,2026-10-02,2026-10-02 02:40:14,Mercedes E 280,Mercedes-Benz,Classe E,,2007.0,243000.0,Diesel,,11-13 chevaux,,Occasion,,,Particulier,,,Rabat,Rabat-Salé-Kénitra,115000.0,5.0,115 000 DH Mercedes E 280 Rabat Vue: 24 Annonce N°: 7540040 Marque: Mercedes-Benz Modèle: Classe E Année : 2007 Kilométrage : 243000 Carburant  : Diesel Puissance : 11-13 chevaux Ville : Rabat Detail de l'annonce : Mercedes E 280 model 2007 dédouaner en 2012 très bon état Annonceur : Achraf Répondre l'annonceur Imprimer Signaler cette annonce Envoyer à un ami Partager sur Facebook Twitter LinkedIn Retour à la page précédente
6058867,https://www.marocannonces.com/categorie/314/Voitures-occasion/annonce/6058867/peugeot-206-hdi-diesel.html,marocannonces,2026-10-02,2026-10-02 02:40:16,peugeot 206 hdi diesel,Peugeot,206,,2005.0,130000.0,Diesel,,05-07 chevaux,,Occasion,,,Particulier,,,Marrakech,Marrakech-Safi,73000.0,1.0,73 000 DH peugeot 206 hdi diesel Marrakech Vue: 15 Annonce N°: 6058867 Marque: Peugeot Modèle: 206 Année : 2005 Kilométrage : 130000 Carburant  : Diesel Puissance : 05-07 chevaux Ville : Marrakech Detail de l'annonce : je mets en vente Peugeot 206 hdi diesel prix 73000 dhs   . . . . . . . . . . . Annonceur : mostafa Répondre l'annonceur Imprimer Signaler cette annonce Envoyer à un ami Partager sur Facebook Twitter LinkedIn Retour à la page précédente
7539744,https://www.marocannonces.com/categorie/314/Voitures-occasion/annonce/7539744/Golf6.html,marocannonces,2026-10-02,2026-10-02 02:40:16,Golf6,Autre,Autre,,,,,Automatique,,,Occasion,,,Particulier,,,Casablanca,Casablanca-Settat,140000.0,7.0,140 000 DH Golf6 Casablanca Vue: 26 Annonce N°: 7539744 Ville : Casablanca Detail de l'annonce : Golf6 tdi 2.0L diwana 2012 Automatique Tt options Pack GTd Optick led+gzeno Feurouge led Annonceur : Amine Répondre l'annonceur Imprimer Signaler cette annonce Envoyer à un ami Partager sur Facebook Twitter LinkedIn Retour à la page précédente
7539892,https://www.marocannonces.com/categorie/314/Voitures-occasion/annonce/7539892/Ford-focus-2012.html,marocannonces,2026-10-02,2026-10-02 02:40:17,Ford focus 2012,Ford,Focus,,2012.0,110.0,Diesel,,05-07 chevaux,,Occasion,,,Particulier,,,El jadida,Casablanca-Settat,118000.0,3.0,"118 000 DH Ford focus 2012 El jadida Vue: 42 Annonce N°: 7539892 Marque: Ford Modèle: Focus Année : 2012 Kilométrage : 110.000 Carburant  : Diesel Puissance : 05-07 chevaux Ville : El jadida Detail de l'annonce : Bonjour, je mets en vente ma voiture Ford Focus 2012 6CV en très bonne état. Annonceur : Zakaria Répondre l'annonceur Imprimer Signaler cette annonce Envoyer à un ami Partager sur Facebook Twitter LinkedIn Retour à la page précédente"
7535673,https://www.marocannonces.com/categorie/314/Voitures-occasion/annonce/7535673/Toyota-Rav4.html,marocannonces,2026-10-02,2026-10-02 02:40:19,Toyota Rav4,Toyota,RAV 4,,2013.0,75000.0,Diesel,,08-10 chevaux,,Neuf,1,,Particulier,0645114381,ac22cf82a9abfc5c75fcb30b6543b7744ea6472e32f89269779cfac584db7153,Casablanca,Casablanca-Settat,195000.0,7.0,"195 000 DH Toyota Rav4 Casablanca Vue: 38 Annonce N°: 7535673 Marque: Toyota Modèle: RAV 4 Année : 2013 Kilométrage : 75000 Carburant  : Diesel Puissance : 08-10 chevaux Ville : Casablanca Detail de l'annonce : On met en vente une voiture Toyota Rav4 1ère main, comme neuve, jamais accidentée diesel modele 2013 9 chv 75000 km tva 1500 dh pour plus d'info contactez-nous sur le 0645114381 Intermédiaires s'abstenir Annonceur : Hamza Répondre l'annonceur Imprimer Signaler cette annonce Envoyer à un ami Partager sur Facebook Twitter LinkedIn Retour à la page précédente"
7539709,https://www.marocannonces.com/categorie/314/Voitures-occasion/annonce/7539709/Hyundai-accent-2008-new-a-vendre.html,marocannonces,2026-10-02,2026-10-02 02:40:20,Hyundai accent 2008 new a vendre,Hyundai,Accent,,2008.0,,Diesel,,,,Occasion,,,Particulier,,,Sidi Slimane,Rabat-Salé-Kénitra,650000.0,1.0,650 000 DH Hyundai accent 2008 new a vendre Sidi Slimane Vue: 12 Annonce N°: 7539709 Marque: Hyundai Modèle: Accent Année : 2008 Carburant  : Diesel Ville : Sidi Slimane Detail de l'annonce : Je met a vendre mon hyundai accent 2008 Le prix 650.000dh Urgence Annonceur : Hamza Répondre l'annonceur Imprimer Signaler cette annonce Envoyer à un ami Partager sur Facebook Twitter LinkedIn Retour à la page précédente
7539693,https://www.marocannonces.com/categorie/314/Voitures-occasion/annonce/7539693/Renault-Clio-4.html,marocannonces,2026-10-02,2026-10-02 02:40:21,Renault Clio 4,Renault,Clio,,2014.0,64197.0,Diesel,,,,Occasion,,,Particulier,,,Tanger,Tanger-Tétouan-Al Hoceïma,119000.0,6.0,"119 000 DH Renault Clio 4 Tanger Vue: 77 Annonce N°: 7539693 Marque: Renault Modèle: Clio Année : 2014 Kilométrage : 64197 Carburant  : Diesel Ville : Tanger Detail de l'annonce : Je met ma voiture Renault clio 4.modèle 2014/8.1ér main.en très bon état.jamais accédente.avec la clim,2vitre électrique, volant assistée,retroviseur électrique,démarrage star, 2clé,centralisée,6airbag, jante aluminum,Piratate,Led, Regilateur de vitesse, abs,Écran tactile:aux Usb,Dvd,bluetooth. accepte roplize. Annonceur : Oussama Répondre l'annonceur Imprimer Signaler cette annonce Envoyer à un ami Partager sur Facebook Twitter LinkedIn Retour à la page précédente"
7539572,https://www.marocannonces.com/categorie/314/Voitures-occasion/annonce/7539572/Honda-accord-a-vendre.html,marocannonces,2026-10-02,2026-10-02 02:40:22,Honda accord a vendre,Honda,Accord,,2002.0,,Essence,Automatique,11-13 chevaux,,Occasion,,,Particulier,,,Mohammedia,Casablanca-Settat,23000.0,7.0,23 000 DH Honda accord a vendre Mohammedia Vue: 50 Annonce N°: 7539572 Marque: Honda Modèle: Accord Année : 2002 Carburant  : Essence Puissance : 11-13 chevaux Ville : Mohammedia Detail de l'annonce : Très belle voiture ..bien entretenu.. Aucune réparation a prevoire ..boite automatisé Annonceur : Abdo Répondre l'annonceur Imprimer Signaler cette annonce Envoyer à un ami Partager sur Facebook Twitter LinkedIn Retour à la page précédente
7539075,https://www.marocannonces.com/categorie/314/Voitures-occasion/annonce/7539075/Fiat-Punto.html,marocannonces,2026-10-02,2026-10-02 02:40:23,Fiat Punto,Fiat,Punto,,2008.0,169855.0,Diesel,,05-07 chevaux,,Occasion,,,Particulier,,,Rabat,Rabat-Salé-Kénitra,45000.0,1.0,45 000 DH Fiat Punto Rabat Vue: 41 Annonce N°: 7539075 Marque: Fiat Modèle: Punto Année : 2008 Kilométrage : 169855 Carburant  : Diesel Puissance : 05-07 chevaux Ville : Rabat Detail de l'annonce : Je met en vente ma voiture punto classique diesel 5 chevaux fiscaux vignette 650 dhs faible consommation. Annonceur : amina Répondre l'annonceur Imprimer Signaler cette annonce Envoyer à un ami Partager sur Facebook Twitter LinkedIn Retour à la page précédente
7539012,https://www.marocannonces.com/categorie/314/Voitures-occasion/annonce/7539012/Bmw-serie-3-automatique.html,marocannonces,2026-10-02,2026-10-02 02:40:23,Bmw serie 3 automatique,BMW,Serie 3,,2007.0,15000.0,Essence,Automatique,11-13 chevaux,,Occasion,,,Particulier,,,Casablanca,Casablanca-Settat,90000.0,2.0,"90 000 DH Bmw serie 3 automatique Casablanca Vue: 83 Annonce N°: 7539012 Marque: BMW Modèle: Serie 3 Année : 2007 Kilométrage : 15000 Carburant  : Essence Puissance : 11-13 chevaux Ville : Casablanca Detail de l'annonce : Serie 3 bon état automatique                 ,merci de me contacter Annonceur : Said M Répondre l'annonceur Imprimer Signaler cette annonce Envoyer à un ami Partager sur Facebook Twitter LinkedIn Retour à la page précédente"
7538858,https://www.marocannonces.com/categorie/314/Voitures-occasion/annonce/7538858/Peugeot-partner.html,marocannonces,2026-10-02,2026-10-02 02:40:24,Peugeot partner,Peugeot,PARTNER TEPEE,,2001.0,400000.0,Diesel,,05-07 chevaux,,Neuf,,,Particulier,,,Meknès,Fès-Meknès,520000.0,1.0,520 000 DH Peugeot partner Meknès Vue: 19 Annonce N°: 7538858 Marque: Peugeot Modèle: PARTNER TEPEE Année : 2001 Kilométrage : 400000 Carburant  : Diesel Puissance : 05-07 chevaux Ville : Meknès Detail de l'annonce : je met en vente ma Peugeot partner chinwia model 06/2001 moteur original diesel faible consommation pour travail ou famille couleur gris argent pneus neufs bien entretenue libghaha Meghan pas de semsara svp. Annonceur : Tarik boumajane Répondre l'annonceur Imprimer Signaler cette annonce Envoyer à un ami Partager sur Facebook Twitter LinkedIn Retour à la page précédente
7538459,https://www.marocannonces.com/categorie/314/Voitures-occasion/annonce/7538459/Voiture-hyundai.html,marocannonces,2026-10-02,2026-10-02 02:40:25,Voiture hyundai,Hyundai,Accent,,2011.0,130000.0,Diesel,,05-07 chevaux,,Occasion,,,Particulier,,,Salé,Rabat-Salé-Kénitra,95000.0,3.0,"95 000 DH Voiture hyundai Salé Vue: 27 Annonce N°: 7538459 Marque: Hyundai Modèle: Accent Année : 2011 Kilométrage : 130000 Carburant  : Diesel Puissance : 05-07 chevaux Ville : Salé Detail de l'annonce : Voiture en bonne état                 ,merci de me contacter Annonceur : Nabil Répondre l'annonceur Imprimer Signaler cette annonce Envoyer à un ami Partager sur Facebook Twitter LinkedIn Retour à la page précédente"
7538592,https://www.marocannonces.com/categorie/314/Voitures-occasion/annonce/7538592/Fiat-freemont-44.html,marocannonces,2026-10-02,2026-10-02 02:40:26,Fiat freemont 4*4,Fiat,FREEMONT,,2015.0,50000.0,Diesel,Automatique,08-10 chevaux,,Occasion,,,Particulier,,,Casablanca,Casablanca-Settat,175000.0,2.0,"175 000 DH Fiat freemont 4*4 Casablanca Vue: 60 Annonce N°: 7538592 Marque: Fiat Modèle: FREEMONT Année : 2015 Kilométrage : 50000 Carburant  : Diesel Puissance : 08-10 chevaux Ville : Casablanca Detail de l'annonce : Fiat FREEMONT Diesel 4*4 Full 2.0 MultiJet 16v 170ch boîte automatique 6 rapports 6 Airbags Fiat® (conducteur, passager et fenêtres sur les 3 rangées) * 7 vraies places • ABS - antiblocage des roues • Alerte de non bouclage des ceintures de sécurité avant • Appuie-tête actifs • Bacs de rangement sous le plancher de la 2e rangée de sièges • Bouchon de réservoir verrouillable • Boucliers couleur carrosserie • Climatisation automatique tri zone • Commandes autoradio au volant • Condamnation centralisée à distance • Direction assistée • ESP - avec “ Hill Holder™ • Feux arrière à LED • Fixations Isofi x • Indicateur de changement de vitesse • Kit fumeur • Ordinateur de bord • Poignées de portes couleur carrosserie • Projecteurs antibrouillard • Régulateur de vitesse • Rétroviseurs extérieurs électriques et dégivrants couleur carrosserie • Roue de secours compacte •• Sièges 2e rangée rabattable 60/40 • Sièges 3e rangée rabattable 50/50 avec système “ Easy Entry • Système de contrôle de la pression des pneus • Système “Easy Go” - démarrage et ouverture/fermeture des portes sans clé • Système électronique anti-retournement (ERM) • Tapis de sol avant et arrière • Vitres électriques avant et arrière (descente à commande séquentielle pour conducteur) • Allumage automatique des feux - • Autoradio CD MP3 avec écran tactile 8,4”, lecteur DVD et lecteur de carte SD • Barres de toit longitudinales noires • Filet de rangement dans le coffre • Radar de recul -• Toit ouvrant• Rétroviseurs extérieurs rabattables électriquement • Siège conducteur à réglage électrique 6 points et 4 réglages lombaire • Siège passager rabattable à plat avec rangement sous l’assise • Système Bluetooth® pour téléphonie mains libres • Vitres électriques avant et arrière (montée et descente à commande séquentielle côté conducteur) • Vitres et lunette arrière surteintées • Volant et pommeau de levier de vitesses gainés de cuir •Jantes alliage 19 Annonceur : Tarik Répondre l'annonceur Imprimer Signaler cette annonce Envoyer à un ami Partager sur Facebook Twitter LinkedIn Retour à la page précédente"
7538543,https://www.marocannonces.com/categorie/314/Voitures-occasion/annonce/7538543/Megane-19.html,marocannonces,2026-10-02,2026-10-02 02:40:27,Megane 1.9,Renault,Megane,,2010.0,130000.0,Diesel,,05-07 chevaux,,Occasion,,,Particulier,,,Casablanca,Casablanca-Settat,107000.0,6.0,"107 000 DH Megane 1.9 Casablanca Vue: 50 Annonce N°: 7538543 Marque: Renault Modèle: Megane Année : 2010 Kilométrage : 130000 Carburant  : Diesel Puissance : 05-07 chevaux Ville : Casablanca Detail de l'annonce : Casablanca, Bourgogne Megane 1.9 dci, très bon état, toutes options, bien entretenue, jamais accidentée.stationnement au garage à domicile et au travail Aucune modification à prévoir, pneus ont été changés depuis 3mois Habillage complet en carbone d une très bonne qualité qui m’a couté 6 milles dh Pour les personnes qui ont un esprit jeune dynamique et douwa9a c votre occasion, smassrya ghir bla matssad3ou ryousskoum Annonceur : khalilsa Répondre l'annonceur Imprimer Signaler cette annonce Envoyer à un ami Partager sur Facebook Twitter LinkedIn Retour à la page précédente"
7538557,https://www.marocannonces.com/categorie/314/Voitures-occasion/annonce/7538557/Audi-A5-S-line-32l-v6.html,marocannonces,2026-10-02,2026-10-02 02:40:28,Audi A5 S line 3.2l v6,Audi,A5,,2011.0,180000.0,Essence,Automatique,13 chevaux,,Occasion,,,Particulier,,,Rabat,Rabat-Salé-Kénitra,160000.0,8.0,"160 000 DH Audi A5 S line 3.2l v6 Rabat Vue: 102 Annonce N°: 7538557 Marque: Audi Modèle: A5 Année : 2011 Kilométrage : 180000 Carburant  : Essence Puissance : 13 chevaux Ville : Rabat Detail de l'annonce : Toutes options incluant automatique, climatisation, chauffage, xénon, antibrouillard, mode sport, jantes 19 pouces, rétroviseurs S type, palette au volant... Annonceur : Kamal Youssouf Répondre l'annonceur Imprimer Signaler cette annonce Envoyer à un ami Partager sur Facebook Twitter LinkedIn Retour à la page précédente"
7538536,https://www.marocannonces.com/categorie/314/Voitures-occasion/annonce/7538536/Bmw-320d-e90.html,marocannonces,2026-10-02,2026-10-02 02:40:29,Bmw 320d e90,BMW,320D,,2006.0,175000.0,Diesel,,08-10 chevaux,,Occasion,,,Particulier,,,Casablanca,Casablanca-Settat,95000.0,5.0,"95 000 DH Bmw 320d e90 Casablanca Vue: 117 Annonce N°: 7538536 Marque: BMW Modèle: 320D Année : 2006 Kilométrage : 175000km Carburant  : Diesel Puissance : 08-10 chevaux Ville : Casablanca Detail de l'annonce : Bonjour, Je met en vente ma bmw 320d, le moteur est en très bonne état 177 chevaux, 8ch , bien entretenue, vidange régulière, changement des filtres etc. Annonceur : Zouhair Répondre l'annonceur Imprimer Signaler cette annonce Envoyer à un ami Partager sur Facebook Twitter LinkedIn Retour à la page précédente"
7538493,https://www.marocannonces.com/categorie/314/Voitures-occasion/annonce/7538493/Vente-opel-vectra.html,marocannonces,2026-10-02,2026-10-02 02:40:30,Vente opel vectra,Opel,Vectra,,2007.0,219000.0,Diesel,,08-10 chevaux,,Occasion,,,Particulier,,,Casablanca,Casablanca-Settat,83000.0,6.0,83 000 DH Vente opel vectra Casablanca Vue: 27 Annonce N°: 7538493 Marque: Opel Modèle: Vectra Année : 2007 Kilométrage : 219000 Carburant  : Diesel Puissance : 08-10 chevaux Ville : Casablanca Detail de l'annonce : Je mets en vente ma voiture opel vectra prix légèrement negociable Annonceur : abderrahim Répondre l'annonceur Imprimer Signaler cette annonce Envoyer à un ami Partager sur Facebook Twitter LinkedIn Retour à la page précédente
7538397,https://www.marocannonces.com/categorie/314/Voitures-occasion/annonce/7538397/Mercedes-250-e-classe.html,marocannonces,2026-10-02,2026-10-02 02:40:31,Mercedes 250 e classe,Mercedes-Benz,Classe E,,1994.0,0.0,Diesel,,08-10 chevaux,,Occasion,,,Particulier,,,Marrakech,Marrakech-Safi,63000.0,1.0,"63 000 DH Mercedes 250 e classe Marrakech Vue: 23 Annonce N°: 7538397 Marque: Mercedes-Benz Modèle: Classe E Année : 1994 Kilométrage : 000000 Carburant  : Diesel Puissance : 08-10 chevaux Ville : Marrakech Detail de l'annonce : Bonjour je mets en vente ma mercedes 250 e classe, diesel diwana 1994 . 10 che Annonceur : Abderrahim Répondre l'annonceur Imprimer Signaler cette annonce Envoyer à un ami Partager sur Facebook Twitter LinkedIn Retour à la page précédente"
7538362,https://www.marocannonces.com/categorie/314/Voitures-occasion/annonce/7538362/Mercedes-classe-a.html,marocannonces,2026-10-02,2026-10-02 02:40:31,Mercedes classe a,Mercedes-Benz,Classe A,,2015.0,75000.0,Diesel,,05-07 chevaux,,Occasion,,,Particulier,,,Casablanca,Casablanca-Settat,200000.0,1.0,200 000 DH Mercedes classe a Casablanca Vue: 23 Annonce N°: 7538362 Marque: Mercedes-Benz Modèle: Classe A Année : 2015 Kilométrage : 75 000-80 ppp Carburant  : Diesel Puissance : 05-07 chevaux Ville : Casablanca Detail de l'annonce : Mercedes classe a 160 model fin 2015 diesel toute option jamais accidenté à vendre Annonceur : Aniss Répondre l'annonceur Imprimer Signaler cette annonce Envoyer à un ami Partager sur Facebook Twitter LinkedIn Retour à la page précédente
7538076,https://www.marocannonces.com/categorie/314/Voitures-occasion/annonce/7538076/Dacia-Logan-Diesel.html,marocannonces,2026-10-02,2026-10-02 02:40:33,Dacia Logan Diesel,Dacia,Logan,,2011.0,135000.0,Diesel,,05-07 chevaux,,Occasion,,,Particulier,,,Tanger,Tanger-Tétouan-Al Hoceïma,61000.0,2.0,"61 000 DH Dacia Logan Diesel Tanger Vue: 41 Annonce N°: 7538076 Marque: Dacia Modèle: Logan Année : 2011 Kilométrage : 135000 Carburant  : Diesel Puissance : 05-07 chevaux Ville : Tanger Detail de l'annonce : Je mets en vente ma voiture Dacia Logan, Diesel, 2011. Tanger Annonceur : Omar Répondre l'annonceur Imprimer Signaler cette annonce Envoyer à un ami Partager sur Facebook Twitter LinkedIn Retour à la page précédente"
6051767,https://www.marocannonces.com/categorie/314/Voitures-occasion/annonce/6051767/Voiture-offre-volkswagen-polo.html,marocannonces,2026-10-02,2026-10-02 02:40:33,Voiture offre  volkswagen polo,Volkswagen,Polo,,1998.0,98000.0,Diesel,,08-10 chevaux,,Neuf,,,Particulier,,,Casablanca,Casablanca-Settat,42000.0,6.0,"42 000 DH Voiture offre  volkswagen polo Casablanca Vue: 13 Annonce N°: 6051767 Marque: Volkswagen Modèle: Polo Année : 1998 Kilométrage : 98000 Carburant  : Diesel Puissance : 08-10 chevaux Ville : Casablanca Detail de l'annonce : Volkswagen polo excellente état ,faible consommation vitres Électriques,fermeture centralisée, direction assistée radio ,lecteur cd;clé usb,je viens de la peindre en bleu cette mois avec 5.000dh, jantes aluminium ,batterie neuf,moteur puissant;très bien propre jamais accidentée  . . . . . . . . . . . Annonceur : El mostafa Répondre l'annonceur Imprimer Signaler cette annonce Envoyer à un ami Partager sur Facebook Twitter LinkedIn Retour à la page précédente"
6051682,https://www.marocannonces.com/categorie/314/Voitures-occasion/annonce/6051682/seat-mli7a.html,marocannonces,2026-10-02,2026-10-02 02:40:34,seat mli7a,Seat,Cordoba,,2000.0,300000.0,Diesel,,08-10 chevaux,,Occasion,,,Particulier,,,Marrakech,Marrakech-Safi,51000.0,7.0,"51 000 DH seat mli7a Marrakech Vue: 13 Annonce N°: 6051682 Marque: Seat Modèle: Cordoba Année : 2000 Kilométrage : 300000 Carburant  : Diesel Puissance : 08-10 chevaux Ville : Marrakech Detail de l'annonce : Moteur GOLF 4 (1,9 SDI) -2 Airbags -Jamais accidentée -Grand coffre -TRES BON ETAT clima et zaje electric 8ch . . . . . . . . . . . Annonceur : anas Répondre l'annonceur Imprimer Signaler cette annonce Envoyer à un ami Partager sur Facebook Twitter LinkedIn Retour à la page précédente"
7537975,https://www.marocannonces.com/categorie/314/Voitures-occasion/annonce/7537975/Citroën-C-4-diesel.html,marocannonces,2026-10-02,2026-10-02 02:40:35,Citroën C 4 diesel,Citroën,C4,,2006.0,122000.0,Diesel,,05-07 chevaux,,Occasion,,,Particulier,,,Bouznika,,68500.0,1.0,68 500 DH Citroën C 4 diesel Bouznika Vue: 46 Annonce N°: 7537975 Marque: Citroen Modèle: C4 Année : 2006 Kilométrage : 122000 Carburant  : Diesel Puissance : 05-07 chevaux Ville : Bouznika Detail de l'annonce : Une très bonne occasion pour plus d'informations contactez moi sur mon téléphone Annonceur : Ouch Fatah Répondre l'annonceur Imprimer Signaler cette annonce Envoyer à un ami Partager sur Facebook Twitter LinkedIn Retour à la page précédente
7537501,https://www.marocannonces.com/categorie/314/Voitures-occasion/annonce/7537501/voiture-essence.html,marocannonces,2026-10-02,2026-10-02 02:40:36,voiture essence,Renault,R9,,1983.0,300000.0,Essence,,08-10 chevaux,,Occasion,,,Particulier,,,Meknès,Fès-Meknès,17000.0,2.0,17 000 DH voiture essence Meknès Vue: 72 Annonce N°: 7537501 Marque: Renault Modèle: R9 Année : 1983 Kilométrage : 300000 Carburant  : Essence Puissance : 08-10 chevaux Ville : Meknès Detail de l'annonce : R9 essence  en bonne etat; mrhba Annonceur : abdellah Répondre l'annonceur Imprimer Signaler cette annonce Envoyer à un ami Partager sur Facebook Twitter LinkedIn Retour à la page précédente
7537343,https://www.marocannonces.com/categorie/314/Voitures-occasion/annonce/7537343/Hyaundai-accent-confort.html,marocannonces,2026-10-02,2026-10-02 02:40:38,Hyaundai accent confort,Hyundai,Accent,,2016.0,58000.0,Diesel,,05-07 chevaux,,Occasion,,,Particulier,,,Casablanca,Casablanca-Settat,124000.0,4.0,124 000 DH Hyaundai accent confort Casablanca Vue: 40 Annonce N°: 7537343 Marque: Hyundai Modèle: Accent Année : 2016 Kilométrage : 58000 Carburant  : Diesel Puissance : 05-07 chevaux Ville : Casablanca Detail de l'annonce : Je mets à votre disposition une voiture diesel de luxe spacieuse confortable toute options modèle 2016 Annonceur : Abdelilah Répondre l'annonceur Imprimer Signaler cette annonce Envoyer à un ami Partager sur Facebook Twitter LinkedIn Retour à la page précédente
7537326,https://www.marocannonces.com/categorie/314/Voitures-occasion/annonce/7537326/Audi-Q5-Automatique.html,marocannonces,2026-10-02,2026-10-02 02:40:39,Audi Q5 Automatique,Audi,Q5,,2009.0,190.0,Essence,Automatique,,,Occasion,,,Particulier,,,Rabat,Rabat-Salé-Kénitra,145000.0,5.0,"145 000 DH Audi Q5 Automatique Rabat Vue: 90 Annonce N°: 7537326 Marque: Audi Modèle: Q5 Année : 2009 Kilométrage : 190 Carburant  : Essence Ville : Rabat Detail de l'annonce : Audi Q5 Essance 2,litre tout option Automatique Annonceur : Khalid Répondre l'annonceur Imprimer Signaler cette annonce Envoyer à un ami Partager sur Facebook Twitter LinkedIn Retour à la page précédente"
7537298,https://www.marocannonces.com/categorie/314/Voitures-occasion/annonce/7537298/Renault-Kangoo-à-vendre.html,marocannonces,2026-10-02,2026-10-02 02:40:40,Renault Kangoo à vendre,Renault,Kangoo,,2004.0,204244.0,Diesel,,05-07 chevaux,,Occasion,,,Particulier,,,El jadida,Casablanca-Settat,60000.0,2.0,60 000 DH Renault Kangoo à vendre El jadida Vue: 45 Annonce N°: 7537298 Marque: Renault Modèle: Kangoo Année : 2004 Kilométrage : 204244 Carburant  : Diesel Puissance : 05-07 chevaux Ville : El jadida Detail de l'annonce : Je mets en vente ma voiture kangoo modèle 2004 en très bon état et avec prix négociable. Annonceur : Abdaljabbar Répondre l'annonceur Imprimer Signaler cette annonce Envoyer à un ami Partager sur Facebook Twitter LinkedIn Retour à la page précédente
7537248,https://www.marocannonces.com/categorie/314/Voitures-occasion/annonce/7537248/Citroën-Berlingo-Diesel-2009.html,marocannonces,2026-10-02,2026-10-02 02:40:41,Citroën Berlingo Diesel -2009,Citroën,Berlingo,,2009.0,136500.0,Diesel,,05-07 chevaux,Dédouanée,Occasion,,,Particulier,,,Casablanca,Casablanca-Settat,45000.0,3.0,"45 000 DH Citroën Berlingo Diesel -2009 Casablanca Vue: 163 Annonce N°: 7537248 Marque: Citroen Modèle: Berlingo Année : 2009 Kilométrage : 136500 Carburant  : Diesel Puissance : 05-07 chevaux Ville : Casablanca Detail de l'annonce : Voiture Citroën berlingo hdi diesel 2009, multispace très bon état ,2 portes coulissantes,climatisation,jante aluminium,peinture d'origine,voiture dédouanée.Aucune réparation à faire Annonceur : meriema Répondre l'annonceur Imprimer Signaler cette annonce Envoyer à un ami Partager sur Facebook Twitter LinkedIn Retour à la page précédente"
7536945,https://www.marocannonces.com/categorie/314/Voitures-occasion/annonce/7536945/Volkswagen-new-beetle-toute-options.html,marocannonces,2026-10-02,2026-10-02 02:40:42,Volkswagen new beetle toute options,Volkswagen,Beetle,,2000.0,140000.0,Essence,,,,Occasion,,,Particulier,,,Casablanca,Casablanca-Settat,65000.0,4.0,65 000 DH Volkswagen new beetle toute options Casablanca Vue: 141 Annonce N°: 7536945 Marque: Volkswagen Modèle: Beetle Année : 2000 Kilométrage : 140000 Carburant  : Essence Ville : Casablanca Detail de l'annonce : Je met en vente ma volkswagen new beetle coccinelle toute option clim vitre electrique jante alluminium centralisé dedouanné en 2008 Annonceur : Youssef Répondre l'annonceur Imprimer Signaler cette annonce Envoyer à un ami Partager sur Facebook Twitter LinkedIn Retour à la page précédente
7536874,https://www.marocannonces.com/categorie/314/Voitures-occasion/annonce/7536874/Doblo-maxi.html,marocannonces,2026-10-02,2026-10-02 02:40:42,Doblo maxi,Fiat,Doblo,,2012.0,300000.0,Diesel,,05-07 chevaux,,Occasion,,,Particulier,,,Casablanca,Casablanca-Settat,78000.0,3.0,"78 000 DH Doblo maxi Casablanca Vue: 50 Annonce N°: 7536874 Marque: Fiat Modèle: Doblo Année : 2012 Kilométrage : 300000 Carburant  : Diesel Puissance : 05-07 chevaux Ville : Casablanca Detail de l'annonce : Bonjour je suis abdo je met a vendre ma voiture doblo maxi  avec clim ,               merci de me contacter Annonceur : Abdou Répondre l'annonceur Imprimer Signaler cette annonce Envoyer à un ami Partager sur Facebook Twitter LinkedIn Retour à la page précédente"
5468706,https://www.marocannonces.com/categorie/314/Voitures-occasion/annonce/5468706/Chevrolet-spark-modele-2007.html,marocannonces,2026-10-02,2026-10-02 02:40:43,Chevrolet spark modele 2007,Chevrolet,Autre,,2007.0,62000.0,Essence,,05-07 chevaux,,Occasion,,,Particulier,,,Casablanca,Casablanca-Settat,38000.0,1.0,38 000 DH Chevrolet spark modele 2007 Casablanca Vue: 8 Annonce N°: 5468706 Année : 2007 Kilométrage : 62000 Carburant  : Essence Puissance : 05-07 chevaux Ville : Casablanca Detail de l'annonce : je met en vente une petite citadine chevrolet spatk model 2007 faible consomation 5chevaux tte option . . . . . . . . . . . . . Annonceur : mouna Répondre l'annonceur Imprimer Signaler cette annonce Envoyer à un ami Partager sur Facebook Twitter LinkedIn Retour à la page précédente
7536726,https://www.marocannonces.com/categorie/314/Voitures-occasion/annonce/7536726/Citroen-C3.html,marocannonces,2026-10-02,2026-10-02 02:40:44,Citroen C3,Citroën,C3,,2017.0,24000.0,Essence,,05-07 chevaux,,Neuf,,,Particulier,,,Rabat,Rabat-Salé-Kénitra,130000.0,2.0,"130 000 DH Citroen C3 Rabat Vue: 72 Annonce N°: 7536726 Marque: Citroen Modèle: C3 Année : 2017 Kilométrage : 24000 Carburant  : Essence Puissance : 05-07 chevaux Ville : Rabat Detail de l'annonce : Voiture quasi neuve toute options                 ,merci de me contacter Annonceur : Sara Répondre l'annonceur Imprimer Signaler cette annonce Envoyer à un ami Partager sur Facebook Twitter LinkedIn Retour à la page précédente"
7536312,https://www.marocannonces.com/categorie/314/Voitures-occasion/annonce/7536312/Fiesta-titanuim.html,marocannonces,2026-10-02,2026-10-02 02:40:45,Fiesta titanuim,Ford,Fiesta,,2010.0,213000.0,Diesel,,05-07 chevaux,,Occasion,,,Particulier,,,Casablanca,Casablanca-Settat,84000.0,2.0,84 000 DH Fiesta titanuim Casablanca Vue: 111 Annonce N°: 7536312 Marque: Ford Modèle: Fiesta Année : 2010 Kilométrage : 213000 Carburant  : Diesel Puissance : 05-07 chevaux Ville : Casablanca Detail de l'annonce : Couleur aubergine. Peinture d origine disponible sur Casablanca beausejour Annonceur : Adil Répondre l'annonceur Imprimer Signaler cette annonce Envoyer à un ami Partager sur Facebook Twitter LinkedIn Retour à la page précédente
7536272,https://www.marocannonces.com/categorie/314/Voitures-occasion/annonce/7536272/Fiat-freemont-44.html,marocannonces,2026-10-02,2026-10-02 02:40:46,Fiat freemont 4*4,Fiat,FREEMONT,,2015.0,50000.0,Diesel,Automatique,08-10 chevaux,,Occasion,,,Particulier,,,Casablanca,Casablanca-Settat,175000.0,2.0,"175 000 DH Fiat freemont 4*4 Casablanca Vue: 40 Annonce N°: 7536272 Marque: Fiat Modèle: FREEMONT Année : 2015 Kilométrage : 50000 Carburant  : Diesel Puissance : 08-10 chevaux Ville : Casablanca Detail de l'annonce : Fiat FREEMONT Diesel 4*4 Full 2.0 MultiJet 16v 170ch boîte automatique 6 rapports 6 Airbags Fiat® (conducteur, passager et fenêtres sur les 3 rangées) * 7 vraies places • ABS - antiblocage des roues • Alerte de non bouclage des ceintures de sécurité avant • Appuie-tête actifs • Bacs de rangement sous le plancher de la 2e rangée de sièges • Bouchon de réservoir verrouillable • Boucliers couleur carrosserie • Climatisation automatique tri zone • Commandes autoradio au volant • Condamnation centralisée à distance • Direction assistée • ESP - avec “ Hill Holder™ • Feux arrière à LED • Fixations Isofi x • Indicateur de changement de vitesse • Kit fumeur • Ordinateur de bord • Poignées de portes couleur carrosserie • Projecteurs antibrouillard • Régulateur de vitesse • Rétroviseurs extérieurs électriques et dégivrants couleur carrosserie • Roue de secours compacte •• Sièges 2e rangée rabattable 60/40 • Sièges 3e rangée rabattable 50/50 avec système “ Easy Entry • Système de contrôle de la pression des pneus • Système “Easy Go” - démarrage et ouverture/fermeture des portes sans clé • Système électronique anti-retournement (ERM) • Tapis de sol avant et arrière • Vitres électriques avant et arrière (descente à commande séquentielle pour conducteur) • Allumage automatique des feux - • Autoradio CD MP3 avec écran tactile 8,4”, lecteur DVD et lecteur de carte SD • Barres de toit longitudinales noires • Filet de rangement dans le coffre • Radar de recul -• Toit ouvrant• Rétroviseurs extérieurs rabattables électriquement • Siège conducteur à réglage électrique 6 points et 4 réglages lombaire • Siège passager rabattable à plat avec rangement sous l’assise • Système Bluetooth® pour téléphonie mains libres • Vitres électriques avant et arrière (montée et descente à commande séquentielle côté conducteur) • Vitres et lunette arrière surteintées • Volant et pommeau de levier de vitesses gainés de cuir •Jantes alliage 19 Annonceur : Tarik Répondre l'annonceur Imprimer Signaler cette annonce Envoyer à un ami Partager sur Facebook Twitter LinkedIn Retour à la page précédente"
7517012,https://www.marocannonces.com/categorie/314/Voitures-occasion/annonce/7517012/Renault-megane-3.html,marocannonces,2026-10-02,2026-10-02 02:40:47,Renault megane 3,Renault,Megane,,,,,Manuelle,,,Occasion,1,,Particulier,,,Casablanca,Casablanca-Settat,112000.0,4.0,"112 000 DH Renault megane 3 Casablanca Vue: 43 Annonce N°: 7517012 Marque: Renault Modèle: Megane Detail de l'annonce : Bonjour, Je mets en vente ma voiture Renault Mégane diesel toutes options bon état première main, vitres arrières électriques, salon semi cuir, limiteur et régulateur de vitesse,frein a main électrique, manuelle 6 vitesses. Annonceur : toufik Répondre l'annonceur Imprimer Signaler cette annonce Envoyer à un ami Partager sur Facebook Twitter LinkedIn Retour à la page précédente"
5678388,https://www.marocannonces.com/categorie/314/Voitures-occasion/annonce/5678388/Citroën-C5-6ch.html,marocannonces,2026-10-02,2026-10-02 02:40:48,Citroën C5 6ch,Citroën,C5,,2006.0,200000.0,Diesel,,05-07 chevaux,,Occasion,,,Particulier,0666444330,a2fda2214995872bc237e1773906d4b7927e5a55056cd8c877b27fa6815e0140,Marrakech,Marrakech-Safi,78000.0,5.0,78 000 DH Citroën C5 6ch Marrakech Vue: 24 Annonce N°: 5678388 Marque: Citroen Modèle: C5 Année : 2006 Kilométrage : 200000 Carburant  : Diesel Puissance : 05-07 chevaux Ville : Marrakech Detail de l'annonce : Salam je met en vente CITROEN C5 model 2006 desiel 6 ch Clim - airbage - assistée - vitres électriques - réglage de vitesse - amortisseurs Hydraulique ... le confort pour plus d'info 0666444330 . . . . . . . . . . . . . Annonceur : jatar hassan Répondre l'annonceur Imprimer Signaler cette annonce Envoyer à un ami Partager sur Facebook Twitter LinkedIn Retour à la page précédente
7536198,https://www.marocannonces.com/categorie/314/Voitures-occasion/annonce/7536198/polo-essence.html,marocannonces,2026-10-02,2026-10-02 02:40:49,polo essence,Volkswagen,Polo,,2007.0,87000.0,Essence,,08-10 chevaux,,Occasion,,,Particulier,,,Casablanca,Casablanca-Settat,63000.0,5.0,"63 000 DH polo essence Casablanca Vue: 75 Annonce N°: 7536198 Marque: Volkswagen Modèle: Polo Année : 2007 Kilométrage : 87000 Carburant  : Essence Puissance : 08-10 chevaux Ville : Casablanca Detail de l'annonce : Je mets en vente une polo 1.4  80CH 16V   très robuste comme motorisation pour sont segment de voiture, 2 Emme main, très faible KM puisque j’ai une voiture de service c’est la toute option avec un salon double couleur , abs , asr ,esp ,clim , volant , siège conducteur et passagers réglable en hauteur et profondeur ,retro réglage électrique , tiroir de rangement sur les deux sièges , jante en alliages , deux clé et d autre option a découvrir La voiture es en parfaite état de marche : - 4 pneus, plaquette et disque de frein acheter  il ya 8 mois avec facture - amortisseur arrière vient d’être changer -vidange fait a 80000KM et changement de tous les filtres ,et l’huile de très très très bonne qualité utiliser il coute 550 dhs , bougie achète chez la maison VW avec facture -les courroies et leurs tendeurs viennent d être changer il ya même pas 3 semaines Brefs  ( ji ou rkeeb ) il faux juste un lavage pour le salon Annonceur : anass Répondre l'annonceur Imprimer Signaler cette annonce Envoyer à un ami Partager sur Facebook Twitter LinkedIn Retour à la page précédente"
7535901,https://www.marocannonces.com/categorie/314/Voitures-occasion/annonce/7535901/Peugeot-301-Diesel.html,marocannonces,2026-10-02,2026-10-02 02:40:50,Peugeot 301 Diesel,Peugeot,301,,2016.0,54000.0,Diesel,,05-07 chevaux,,Occasion,,,Particulier,,,Casablanca,Casablanca-Settat,92000.0,3.0,92 000 DH Peugeot 301 Diesel Casablanca Vue: 105 Annonce N°: 7535901 Marque: Peugeot Modèle: 301 Année : 2016 Kilométrage : 54000 Carburant  : Diesel Puissance : 05-07 chevaux Ville : Casablanca Detail de l'annonce : La voiture est en très bon état prix peu négociable Annonceur : Mouad Répondre l'annonceur Imprimer Signaler cette annonce Envoyer à un ami Partager sur Facebook Twitter LinkedIn Retour à la page précédente
7518579,"https://www.marocannonces.com/categorie/314/Voitures-occasion/annonce/7518579/Audi-A3-Sportback-1,6-TDI-2011.html",marocannonces,2026-10-02,2026-10-02 02:40:51,"Audi A3 Sportback 1,6 TDI 2011",Audi,A3,,2011.0,,,Automatique,,WW au Maroc,Occasion,,,Particulier,,,Casablanca,Casablanca-Settat,145000.0,6.0,"145 000 DH Audi A3 Sportback 1,6 TDI 2011 Casablanca Vue: 50 Annonce N°: 7518579 Marque: Audi Modèle: A3 Detail de l'annonce : Audi A3 Sportback tdi 1.6, ww Maroc octobre 2011, très bien entretenue (vidange à temps huile motul ou castrol, chaîne de distribution changée, plaquettes et filtres aussi...), Boite automatique s-tronic Dsg7, poste multimédia (cd, dvd, bluetooth..) de marque Alpine. Aucune réparation à prévoir Annonceur : Zouheir Répondre l'annonceur Imprimer Signaler cette annonce Envoyer à un ami Partager sur Facebook Twitter LinkedIn Retour à la page précédente"
6048320,https://www.marocannonces.com/categorie/314/Voitures-occasion/annonce/6048320/Toyota-Yaris-YARIS-133-VVT-I-AUTOMAAT.html,marocannonces,2026-10-02,2026-10-02 02:40:52,Toyota Yaris-YARIS 1.33 VVT-I AUTOMAAT,Toyota,Yaris,,2011.0,7745.0,Diesel,,05-07 chevaux,,Occasion,,,Particulier,,,Agadir,Souss-Massa,60000.0,1.0,"60 000 DH Toyota Yaris-YARIS 1.33 VVT-I AUTOMAAT Agadir Vue: 71 Annonce N°: 6048320 Marque: Toyota Modèle: Yaris Année : 2011 Kilométrage : 7745 Carburant  : Diesel Puissance : 05-07 chevaux Ville : Agadir Detail de l'annonce : ABS, Climatisation, Airbag, Alarme, Rétroviseur extérieur électrique, Système de navigation, Direction assistée, Banquette rabattabl . . . . . . . . . . . Annonceur : steeve Répondre l'annonceur Imprimer Signaler cette annonce Envoyer à un ami Partager sur Facebook Twitter LinkedIn Retour à la page précédente"
6048311,https://www.marocannonces.com/categorie/314/Voitures-occasion/annonce/6048311/Toyota-yaris-diesel-gps-airco.html,marocannonces,2026-10-02,2026-10-02 02:40:53,Toyota yaris diesel gps airco,Toyota,Yaris,,2014.0,10000.0,Diesel,,05-07 chevaux,,Occasion,,,Particulier,,,Casablanca,Casablanca-Settat,80000.0,1.0,"80 000 DH Toyota yaris diesel gps airco Casablanca Vue: 76 Annonce N°: 6048311 Marque: Toyota Modèle: Yaris Année : 2014 Kilométrage : 10000 Carburant  : Diesel Puissance : 05-07 chevaux Ville : Casablanca Detail de l'annonce : ABS, Climatisation, Airbag, Vitres colorées, Roues en alliage léger, Système de navigation, Direction assistée, Lève-glaces électriques, Lecteur CD/DVD, Contrôle de traction Marque et modèle : Toyota, Yaris Dsl . . . . . . . . . . . Annonceur : CAMOR Répondre l'annonceur Imprimer Signaler cette annonce Envoyer à un ami Partager sur Facebook Twitter LinkedIn Retour à la page précédente"
7535035,https://www.marocannonces.com/categorie/314/Voitures-occasion/annonce/7535035/POLO-OCCASIONNELLLE.html,marocannonces,2026-10-02,2026-10-02 02:40:53,POLO OCCASIONNELLLE,Volkswagen,Polo,,2004.0,219000.0,Diesel,,08-10 chevaux,,Occasion,,,Particulier,,,Tetouan,Tanger-Tétouan-Al Hoceïma,57000.0,5.0,"57 000 DH POLO OCCASIONNELLLE Tetouan Vue: 30 Annonce N°: 7535035 Marque: Volkswagen Modèle: Polo Année : 2004 Kilométrage : 219000 Carburant  : Diesel Puissance : 08-10 chevaux Ville : Tetouan Detail de l'annonce : Je met en vente une belle voiture d'occasion économique, à ne pas manquer Annonceur : Mohamed Répondre l'annonceur Imprimer Signaler cette annonce Envoyer à un ami Partager sur Facebook Twitter LinkedIn Retour à la page précédente"
7535732,"https://www.marocannonces.com/categorie/314/Voitures-occasion/annonce/7535732/Vends-Opela-Astra-20-CDTI,-072015.html",marocannonces,2026-10-02,2026-10-02 02:40:54,"Vends Opela Astra 2.0 CDTI, 07/2015",Opel,Astra,,2015.0,16900.0,Diesel,Automatique,08-10 chevaux,,Occasion,1,,Particulier,0664927391,9c6cfec23e7347401a809e338f6ade6d7f433513620ceb6fda5ffa6a794de5bf,Casablanca,Casablanca-Settat,195000.0,4.0,"195 000 DH Vends Opela Astra 2.0 CDTI, 07/2015 Casablanca Vue: 28 Annonce N°: 7535732 Marque: Opel Modèle: Astra Année : 2015 Kilométrage : 16900 Carburant  : Diesel Puissance : 08-10 chevaux Ville : Casablanca Detail de l'annonce : Première main, 16 900 Km, Boite auto, toutes options, entretien concessionnaire. Pour plus d'informations, contacter Hasna au 06.64.92.73.91 Annonceur : Hasna Répondre l'annonceur Imprimer Signaler cette annonce Envoyer à un ami Partager sur Facebook Twitter LinkedIn Retour à la page précédente"
7534637,https://www.marocannonces.com/categorie/314/Voitures-occasion/annonce/7534637/Voiture-accidentée-mazda.html,marocannonces,2026-10-02,2026-10-02 02:40:55,Voiture accidentée mazda,Mazda,3,,,,,,,,Occasion,,,Particulier,,,Casablanca,Casablanca-Settat,15000.0,3.0,15 000 DH Voiture accidentée mazda Casablanca Vue: 124 Annonce N°: 7534637 Marque: Mazda Modèle: 3 Detail de l'annonce : Je vends 1 mazda accidentée a très peu roulé. Prix  très intéressant. Annonceur : Hannane Répondre l'annonceur Imprimer Signaler cette annonce Envoyer à un ami Partager sur Facebook Twitter LinkedIn Retour à la page précédente
7534575,https://www.marocannonces.com/categorie/314/Voitures-occasion/annonce/7534575/Toyota-corolla-millinium.html,marocannonces,2026-10-02,2026-10-02 02:40:57,Toyota corolla millinium,Toyota,Corolla,,2011.0,80000.0,Diesel,,05-07 chevaux,,Occasion,1,,Particulier,,,Casablanca,Casablanca-Settat,120000.0,2.0,120 000 DH Toyota corolla millinium Casablanca Vue: 27 Annonce N°: 7534575 Marque: Toyota Modèle: Corolla Année : 2011 Kilométrage : 80000 Carburant  : Diesel Puissance : 05-07 chevaux Ville : Casablanca Detail de l'annonce : Je mets en vente ma voiture Toyota Corolla Millinium en très bon état Première main Toutes options (Elle elle n'a pas beaucoup roulé 80000 km a date d'aujourd'hui). Annonceur : Bikr Répondre l'annonceur Imprimer Signaler cette annonce Envoyer à un ami Partager sur Facebook Twitter LinkedIn Retour à la page précédente
7535288,https://www.marocannonces.com/categorie/314/Voitures-occasion/annonce/7535288/Fiat-Siena-Diesel.html,marocannonces,2026-10-02,2026-10-02 02:40:57,Fiat Siena Diesel,Fiat,Siena,,2004.0,20000.0,Diesel,,05-07 chevaux,,Occasion,,,Particulier,,,Marrakech,Marrakech-Safi,40000.0,3.0,40 000 DH Fiat Siena Diesel Marrakech Vue: 36 Annonce N°: 7535288 Marque: Fiat Modèle: Siena Année : 2004 Kilométrage : 20000 Carburant  : Diesel Puissance : 05-07 chevaux Ville : Marrakech Detail de l'annonce : Je mets en vente une voiture de la marque Fiat Siena bien entretenue et dont les caractéristiques suivantes: Année-modèle: 2004 Carburant: Diesel puissance fiscale: 7 CV Les non sérieux merci de s'abstenir Annonceur : Abdo Répondre l'annonceur Imprimer Signaler cette annonce Envoyer à un ami Partager sur Facebook Twitter LinkedIn Retour à la page précédente
7535192,https://www.marocannonces.com/categorie/314/Voitures-occasion/annonce/7535192/Hyundai-a-vendre.html,marocannonces,2026-10-02,2026-10-02 02:40:58,Hyundai a vendre,Hyundai,Accent,,2017.0,50000.0,Diesel,,05-07 chevaux,,Occasion,,,Particulier,,,Casablanca,Casablanca-Settat,135000.0,5.0,135 000 DH Hyundai a vendre Casablanca Vue: 39 Annonce N°: 7535192 Marque: Hyundai Modèle: Accent Année : 2017 Kilométrage : 50000 Carburant  : Diesel Puissance : 05-07 chevaux Ville : Casablanca Detail de l'annonce : 6 chevaux 50000 kilométrage Annonceur : Rachid hamdi Répondre l'annonceur Imprimer Signaler cette annonce Envoyer à un ami Partager sur Facebook Twitter LinkedIn Retour à la page précédente
7534826,https://www.marocannonces.com/categorie/314/Voitures-occasion/annonce/7534826/voiture-en-bonne-etat-de-marche.html,marocannonces,2026-10-02,2026-10-02 02:40:59,voiture en bonne etat de marche,Hyundai,Accent,,2006.0,,Diesel,,05-07 chevaux,,Occasion,,,Particulier,,,Sidi kacem,Rabat-Salé-Kénitra,45000.0,3.0,45 000 DH voiture en bonne etat de marche Sidi kacem Vue: 44 Annonce N°: 7534826 Marque: Hyundai Modèle: Accent Année : 2006 Carburant  : Diesel Puissance : 05-07 chevaux Ville : Sidi kacem Detail de l'annonce : je met ma voiture en vente centralisée -  clim - 3 cylindres - Annonceur : khalid Répondre l'annonceur Imprimer Signaler cette annonce Envoyer à un ami Partager sur Facebook Twitter LinkedIn Retour à la page précédente
7534724,https://www.marocannonces.com/categorie/314/Voitures-occasion/annonce/7534724/Vends-fiesta-2013.html,marocannonces,2026-10-02,2026-10-02 02:40:59,Vends fiesta 2013,Ford,Fiesta,,2013.0,60000.0,Essence,,05-07 chevaux,,Occasion,,,Particulier,,,Rabat,Rabat-Salé-Kénitra,80000.0,6.0,"80 000 DH Vends fiesta 2013 Rabat Vue: 85 Annonce N°: 7534724 Marque: Ford Modèle: Fiesta Année : 2013 Kilométrage : 60000 Carburant  : Essence Puissance : 05-07 chevaux Ville : Rabat Detail de l'annonce : je vends ma fiesta 2013 toutes options,  jamais accidenté et bonne carrosserie Annonceur : said Répondre l'annonceur Imprimer Signaler cette annonce Envoyer à un ami Partager sur Facebook Twitter LinkedIn Retour à la page précédente"
7534824,https://www.marocannonces.com/categorie/314/Voitures-occasion/annonce/7534824/opel-corsa.html,marocannonces,2026-10-02,2026-10-02 02:41:00,opel corsa,Opel,Corsa,,2009.0,180000.0,Essence,,05-07 chevaux,,Occasion,,,Particulier,,,Temara,Rabat-Salé-Kénitra,58000.0,1.0,"58 000 DH opel corsa Temara Vue: 20 Annonce N°: 7534824 Marque: Opel Modèle: Corsa Année : 2009 Kilométrage : 180000 Carburant  : Essence Puissance : 05-07 chevaux Ville : Temara Detail de l'annonce : Je mets en vente, ma voiture OPEL CORSA  essance, modèle 2009 . Annonceur : ZOUFI TARIK Répondre l'annonceur Imprimer Signaler cette annonce Envoyer à un ami Partager sur Facebook Twitter LinkedIn Retour à la page précédente"
7534799,https://www.marocannonces.com/categorie/314/Voitures-occasion/annonce/7534799/Citreon-c3.html,marocannonces,2026-10-02,2026-10-02 02:41:01,Citreon c3,Citroën,C3,,2008.0,121000.0,Essence,,05-07 chevaux,,Occasion,,,Particulier,,,Rabat,Rabat-Salé-Kénitra,55000.0,2.0,55 000 DH Citreon c3 Rabat Vue: 41 Annonce N°: 7534799 Marque: Citroen Modèle: C3 Année : 2008 Kilométrage : 121000 Carburant  : Essence Puissance : 05-07 chevaux Ville : Rabat Detail de l'annonce : C3 en très bon état 6ch fiha la clim rbatea Annonceur : Naim Répondre l'annonceur Imprimer Signaler cette annonce Envoyer à un ami Partager sur Facebook Twitter LinkedIn Retour à la page précédente
7532164,https://www.marocannonces.com/categorie/314/Voitures-occasion/annonce/7532164/Dacia-Sandero-Diesel-2013.html,marocannonces,2026-10-02,2026-10-02 02:41:02,Dacia Sandero Diesel -2013,Dacia,Sandero,,2013.0,,,,,,Occasion,,,Particulier,,,Casablanca,Casablanca-Settat,72000.0,3.0,72 000 DH Dacia Sandero Diesel -2013 Casablanca Vue: 35 Annonce N°: 7532164 Marque: Dacia Modèle: Sandero Detail de l'annonce : Je mets en vente ma voiture Dacia sandero modèle 2013. pour plus d'information contacter moi. Annonceur : khadija Répondre l'annonceur Imprimer Signaler cette annonce Envoyer à un ami Partager sur Facebook Twitter LinkedIn Retour à la page précédente
7534505,https://www.marocannonces.com/categorie/314/Voitures-occasion/annonce/7534505/Hyundai-Galloper-diessel.html,marocannonces,2026-10-02,2026-10-02 02:41:03,Hyundai Galloper diessel,Hyundai,Galloper,,2002.0,145000.0,Diesel,,11-13 chevaux,,Occasion,,,Particulier,,,Kénitra,Rabat-Salé-Kénitra,95000.0,5.0,95 000 DH Hyundai Galloper diessel Kénitra Vue: 56 Annonce N°: 7534505 Marque: Hyundai Modèle: Galloper Année : 2002 Kilométrage : 145000 Carburant  : Diesel Puissance : 11-13 chevaux Ville : Kénitra Detail de l'annonce : Bonjour je mete en vente ma Hyundai Galloper diesel 10chev .voiture tout options très bonne état  jamais accidenté  1 er main pour plus d'informations contacter moi Annonceur : partuculier Répondre l'annonceur Imprimer Signaler cette annonce Envoyer à un ami Partager sur Facebook Twitter LinkedIn Retour à la page précédente
6045325,https://www.marocannonces.com/categorie/314/Voitures-occasion/annonce/6045325/Ford-transit.html,marocannonces,2026-10-02,2026-10-02 02:41:04,Ford transit,Ford,Transit,,1994.0,11111.0,Diesel,,08-10 chevaux,,Occasion,,,Particulier,0657740543,172d89e9a924cf46f52b81af625b3c7fe1dd7acc553fb1e88fe308085b804661,Casablanca,Casablanca-Settat,100000.0,1.0,100 000 DH Ford transit Casablanca Vue: 11 Annonce N°: 6045325 Marque: Ford Modèle: Transit Année : 1994 Kilométrage : 11111 Carburant  : Diesel Puissance : 08-10 chevaux Ville : Casablanca Detail de l'annonce : Je met vendu ford transit model 1994 dewana 2012 bon carosri pas consmies prix 100.000dh mon numéro 0657740543 . . . . . . . . . . . Annonceur : aminé jeddad Répondre l'annonceur Imprimer Signaler cette annonce Envoyer à un ami Partager sur Facebook Twitter LinkedIn Retour à la page précédente
7534301,https://www.marocannonces.com/categorie/314/Voitures-occasion/annonce/7534301/Vente-Fiat-500-en-très-bon-état.html,marocannonces,2026-10-02,2026-10-02 02:41:05,Vente Fiat 500 en très bon état,Fiat,500,,2015.0,15600.0,Essence,,05-07 chevaux,,Occasion,,,Particulier,,,Casablanca,Casablanca-Settat,110000.0,1.0,110 000 DH Vente Fiat 500 en très bon état Casablanca Vue: 29 Annonce N°: 7534301 Marque: Fiat Modèle: 500 Année : 2015 Kilométrage : 15600KM Carburant  : Essence Puissance : 05-07 chevaux Ville : Casablanca Detail de l'annonce : Bonjour Je mets en vente ma voiture Fiat 500 en très bon état pour plus d’inform Veuillez me contacter Annonceur : Zireb Répondre l'annonceur Imprimer Signaler cette annonce Envoyer à un ami Partager sur Facebook Twitter LinkedIn Retour à la page précédente
7534259,https://www.marocannonces.com/categorie/314/Voitures-occasion/annonce/7534259/Golf-6-16.html,marocannonces,2026-10-02,2026-10-02 02:41:05,Golf 6 1.6,Volkswagen,Golf,,2009.0,270000.0,Diesel,,05-07 chevaux,,Occasion,1,,Particulier,,,Rabat,Rabat-Salé-Kénitra,175000.0,3.0,175 000 DH Golf 6 1.6 Rabat Vue: 35 Annonce N°: 7534259 Marque: Volkswagen Modèle: Golf Année : 2009 Kilométrage : 270000 Carburant  : Diesel Puissance : 05-07 chevaux Ville : Rabat Detail de l'annonce : Je mets en vente ma propre voiture golf 6 premiere main importe de l'allemagne tout option Annonceur : Madrane Sifeddine Répondre l'annonceur Imprimer Signaler cette annonce Envoyer à un ami Partager sur Facebook Twitter LinkedIn Retour à la page précédente
7534244,https://www.marocannonces.com/categorie/314/Voitures-occasion/annonce/7534244/Bmw-320d.html,marocannonces,2026-10-02,2026-10-02 02:41:06,Bmw 320d,BMW,320D,,2006.0,174000.0,Diesel,,08-10 chevaux,,Occasion,,,Particulier,,,Casablanca,Casablanca-Settat,95000.0,2.0,"95 000 DH Bmw 320d Casablanca Vue: 111 Annonce N°: 7534244 Marque: BMW Modèle: 320D Année : 2006 Kilométrage : 174000 Carburant  : Diesel Puissance : 08-10 chevaux Ville : Casablanca Detail de l'annonce : Je vend ma voiture bmw serie 320d mod 2006 ,8ch(1500dh) en excellent etat full options boite a 6 vitesses, start stop auto, sieges cuir ...entretien à jour Annonceur : RACHID Répondre l'annonceur Imprimer Signaler cette annonce Envoyer à un ami Partager sur Facebook Twitter LinkedIn Retour à la page précédente"
7534089,https://www.marocannonces.com/categorie/314/Voitures-occasion/annonce/7534089/Kia-Picanto-Essence.html,marocannonces,2026-10-02,2026-10-02 02:41:07,Kia Picanto Essence,Kia,Picanto,,2008.0,181000.0,Essence,,05-07 chevaux,,Occasion,,,Particulier,,,Marrakech,Marrakech-Safi,55000.0,7.0,55 000 DH Kia Picanto Essence Marrakech Vue: 60 Annonce N°: 7534089 Marque: Kia Modèle: Picanto Année : 2008 Kilométrage : 181000 Carburant  : Essence Puissance : 05-07 chevaux Ville : Marrakech Detail de l'annonce : Je mets en vente ma voiture Kia Picanto 181'000km climatisé centralisé vitre avant électriques radio cd en bon état faible consommation caméra avant et recule Je suis disponible au cours de la semaine à partir de 18h et le samedi et dimanche. modèle 2008 Annonceur : Mahdi Répondre l'annonceur Imprimer Signaler cette annonce Envoyer à un ami Partager sur Facebook Twitter LinkedIn Retour à la page précédente
7534081,https://www.marocannonces.com/categorie/314/Voitures-occasion/annonce/7534081/vente-de-Mercedes-190.html,marocannonces,2026-10-02,2026-10-02 02:41:08,vente de Mercedes 190,Mercedes-Benz,190,,1993.0,336000.0,Diesel,,08-10 chevaux,,Neuf,,,Particulier,,,Fès,Fès-Meknès,57000.0,3.0,"57 000 DH vente de Mercedes 190 Fès Vue: 87 Annonce N°: 7534081 Marque: Mercedes-Benz Modèle: 190 Année : 1993 Kilométrage : 336000 Carburant  : Diesel Puissance : 08-10 chevaux Ville : Fès Detail de l'annonce : Je mets en vente ma chère voiture Mercedes benz 190 model décembre 1992 en bon état Moteur  «  DARJA « échangé il y a 2 ans, toit ouvrant; jantes alluminum. Batterie neuve(07-04-2018 ) , injecteurs échangés la 08-06-2018 avec le nécessaire de la pompe. Démarreur et alternateur révisés il y a un mois. Housses nouvelles depuis deux mois. Annonceur : Msiyah Mohamed Répondre l'annonceur Imprimer Signaler cette annonce Envoyer à un ami Partager sur Facebook Twitter LinkedIn Retour à la page précédente"
7534070,https://www.marocannonces.com/categorie/314/Voitures-occasion/annonce/7534070/Peugeot-206.html,marocannonces,2026-10-02,2026-10-02 02:41:09,Peugeot 206,Peugeot,206,,2011.0,79000.0,Essence,,05-07 chevaux,,Occasion,,,Particulier,,,Marrakech,Marrakech-Safi,63000.0,4.0,63 000 DH Peugeot 206 Marrakech Vue: 32 Annonce N°: 7534070 Marque: Peugeot Modèle: 206 Année : 2011 Kilométrage : 79000 Carburant  : Essence Puissance : 05-07 chevaux Ville : Marrakech Detail de l'annonce : Je met en vente une voiture 206+ modèle 10/2011 avec climatisation et haut parleur poinner et systeme d alarme Annonceur : Adil Répondre l'annonceur Imprimer Signaler cette annonce Envoyer à un ami Partager sur Facebook Twitter LinkedIn Retour à la page précédente
7533743,https://www.marocannonces.com/categorie/314/Voitures-occasion/annonce/7533743/Voiture-a-vendre.html,marocannonces,2026-10-02,2026-10-02 02:41:10,Voiture a vendre,Mercedes-Benz,Classe B,,2015.0,100000.0,Diesel,Automatique,05-07 chevaux,,Occasion,,,Particulier,,,Errachidia,Drâa-Tafilalet,250000.0,1.0,250 000 DH Voiture a vendre Errachidia Vue: 13 Annonce N°: 7533743 Marque: Mercedes-Benz Modèle: Classe B Année : 2015 Kilométrage : 100000 Carburant  : Diesel Puissance : 05-07 chevaux Ville : Errachidia Detail de l'annonce : Voiture 3 ans 1ere main bien entretenue jamais accedente b180 pack sport 7 vitesse boite auto bonne opportunite a saisir Annonceur : Amoun Répondre l'annonceur Imprimer Signaler cette annonce Envoyer à un ami Partager sur Facebook Twitter LinkedIn Retour à la page précédente
7533938,https://www.marocannonces.com/categorie/314/Voitures-occasion/annonce/7533938/Voiture-a-vendre.html,marocannonces,2026-10-02,2026-10-02 02:41:11,Voiture a vendre,Peugeot,206,,2006.0,199000.0,Essence,,05-07 chevaux,,Occasion,,,Particulier,,,Kénitra,Rabat-Salé-Kénitra,52000.0,4.0,52 000 DH Voiture a vendre Kénitra Vue: 32 Annonce N°: 7533938 Marque: Peugeot Modèle: 206 Année : 2006 Kilométrage : 199000 Carburant  : Essence Puissance : 05-07 chevaux Ville : Kénitra Detail de l'annonce : Voiture en très bon état Annonceur : Achraf Répondre l'annonceur Imprimer Signaler cette annonce Envoyer à un ami Partager sur Facebook Twitter LinkedIn Retour à la page précédente
7533684,https://www.marocannonces.com/categorie/314/Voitures-occasion/annonce/7533684/Opel-insignia-cosmo.html,marocannonces,2026-10-02,2026-10-02 02:41:12,Opel insignia cosmo,Opel,Insignia,,,,,Manuelle,,,Occasion,,,Particulier,,,Salé,Rabat-Salé-Kénitra,138000.0,5.0,"138 000 DH Opel insignia cosmo Salé Vue: 33 Annonce N°: 7533684 Marque: Opel Modèle: Insignia Detail de l'annonce : Bonjour; je mets en vente ma voiture( Opel insignia Cosmo Pack) toute option (fin de 2011); optiques Directionnels, allumage auto des feux, modes de conduite: sport, tour (confortable), et normale; 2.0L 170 cv Boîte Manuelle 6 rapports, jantes aluminium 18”; Régulateur de vitesse, siège conducteur électrique avec mémoire, climatisation bi-zone, Aide au Freinage d’urgence ESP, Pack assistance Radar de stationnement AV et AR Rétroviseurs rabattables Électriquement. Annonceur : Adil Répondre l'annonceur Imprimer Signaler cette annonce Envoyer à un ami Partager sur Facebook Twitter LinkedIn Retour à la page précédente"
7533723,https://www.marocannonces.com/categorie/314/Voitures-occasion/annonce/7533723/Peugeot-207.html,marocannonces,2026-10-02,2026-10-02 02:41:13,Peugeot 207,Peugeot,207,,2009.0,129000.0,Diesel,,05-07 chevaux,,Occasion,,,Particulier,,,Marrakech,Marrakech-Safi,85000.0,8.0,85 000 DH Peugeot 207 Marrakech Vue: 28 Annonce N°: 7533723 Marque: Peugeot Modèle: 207 Année : 2009 Kilométrage : 129000 Carburant  : Diesel Puissance : 05-07 chevaux Ville : Marrakech Detail de l'annonce : Voiture n9ya. Annonceur : Houssam Répondre l'annonceur Imprimer Signaler cette annonce Envoyer à un ami Partager sur Facebook Twitter LinkedIn Retour à la page précédente
7533610,https://www.marocannonces.com/categorie/314/Voitures-occasion/annonce/7533610/Vw-golf-5.html,marocannonces,2026-10-02,2026-10-02 02:41:14,Vw golf 5,Volkswagen,Golf,,2005.0,250000.0,Diesel,,08-10 chevaux,,Occasion,,,Particulier,,,Casablanca,Casablanca-Settat,85000.0,6.0,85 000 DH Vw golf 5 Casablanca Vue: 45 Annonce N°: 7533610 Marque: Volkswagen Modèle: Golf Année : 2005 Kilométrage : 250000 Carburant  : Diesel Puissance : 08-10 chevaux Ville : Casablanca Detail de l'annonce : salam.golf 5 8cv modil 2005 Klm 250000 tamn 8.5000 ba9a n9iya li begha Annonceur : yassin Répondre l'annonceur Imprimer Signaler cette annonce Envoyer à un ami Partager sur Facebook Twitter LinkedIn Retour à la page précédente
7533516,https://www.marocannonces.com/categorie/314/Voitures-occasion/annonce/7533516/Peugeot-206.html,marocannonces,2026-10-02,2026-10-02 02:41:15,Peugeot 206,Peugeot,206,,2006.0,199000.0,Essence,,05-07 chevaux,,Occasion,,,Particulier,,,Kénitra,Rabat-Salé-Kénitra,52000.0,4.0,52 000 DH Peugeot 206 Kénitra Vue: 24 Annonce N°: 7533516 Marque: Peugeot Modèle: 206 Année : 2006 Kilométrage : 199000 Carburant  : Essence Puissance : 05-07 chevaux Ville : Kénitra Detail de l'annonce : Voiture en très bon état Annonceur : Achraf Répondre l'annonceur Imprimer Signaler cette annonce Envoyer à un ami Partager sur Facebook Twitter LinkedIn Retour à la page précédente
7533465,https://www.marocannonces.com/categorie/314/Voitures-occasion/annonce/7533465/Kia-cerato.html,marocannonces,2026-10-02,2026-10-02 02:41:16,Kia cerato,Kia,Cerato,,2007.0,214000.0,Diesel,,08-10 chevaux,,Occasion,1,,Particulier,,,Rabat,Rabat-Salé-Kénitra,62000.0,4.0,62 000 DH Kia cerato Rabat Vue: 40 Annonce N°: 7533465 Marque: Kia Modèle: Cerato Année : 2007 Kilométrage : 214000 Carburant  : Diesel Puissance : 08-10 chevaux Ville : Rabat Detail de l'annonce : Je met en vente kia cerato économique en bon état 4 vitre électrique clima mod 2007 1ère main li intérêt mrahba Annonceur : Mehdi Répondre l'annonceur Imprimer Signaler cette annonce Envoyer à un ami Partager sur Facebook Twitter LinkedIn Retour à la page précédente
7533429,https://www.marocannonces.com/categorie/314/Voitures-occasion/annonce/7533429/Opel-corsa-2014-en-vente.html,marocannonces,2026-10-02,2026-10-02 02:41:17,Opel corsa 2014 en vente,Opel,Corsa,,2014.0,92000.0,Diesel,,05-07 chevaux,,Occasion,1,,Particulier,,,Rabat,Rabat-Salé-Kénitra,113000.0,4.0,"113 000 DH Opel corsa 2014 en vente Rabat Vue: 39 Annonce N°: 7533429 Marque: Opel Modèle: Corsa Année : 2014 Kilométrage : 92000 Carburant  : Diesel Puissance : 05-07 chevaux Ville : Rabat Detail de l'annonce : Opel corsa toute option, de première main, mise en circulation en mois d'août 2014 est en vente à un prix raisonable de 113.000 dh. SVP, samsara s'abstenir. Annonceur : hassan Répondre l'annonceur Imprimer Signaler cette annonce Envoyer à un ami Partager sur Facebook Twitter LinkedIn Retour à la page précédente"
7533331,https://www.marocannonces.com/categorie/314/Voitures-occasion/annonce/7533331/renault-fluence.html,marocannonces,2026-10-02,2026-10-02 02:41:18,renault fluence,Renault,Fluence,,2012.0,97000.0,Diesel,,,,Occasion,,,Particulier,,,Fès,Fès-Meknès,100000.0,2.0,100 000 DH renault fluence Fès Vue: 27 Annonce N°: 7533331 Marque: Renault Modèle: Fluence Année : 2012 Kilométrage : 97000km Carburant  : Diesel Ville : Fès Detail de l'annonce : Economique clim digital Annonceur : abdellah Répondre l'annonceur Imprimer Signaler cette annonce Envoyer à un ami Partager sur Facebook Twitter LinkedIn Retour à la page précédente
7533324,https://www.marocannonces.com/categorie/314/Voitures-occasion/annonce/7533324/Volkswagen-Gol-Diesel-à-vendre.html,marocannonces,2026-10-02,2026-10-02 02:41:19,Volkswagen Gol Diesel à vendre,Volkswagen,Gol,,2005.0,23000.0,Diesel,,08-10 chevaux,,Occasion,,,Particulier,,,Casablanca,Casablanca-Settat,32000.0,1.0,32 000 DH Volkswagen Gol Diesel à vendre Casablanca Vue: 28 Annonce N°: 7533324 Marque: Volkswagen Modèle: Gol Année : 2005 Kilométrage : 23000 Carburant  : Diesel Puissance : 08-10 chevaux Ville : Casablanca Detail de l'annonce : Volkswagen Gol Diesel à vendre model 2005 8 CHEVALES PRIX / 32000 Annonceur : YOUNES Répondre l'annonceur Imprimer Signaler cette annonce Envoyer à un ami Partager sur Facebook Twitter LinkedIn Retour à la page précédente
7533302,https://www.marocannonces.com/categorie/314/Voitures-occasion/annonce/7533302/Hyundai-I40.html,marocannonces,2026-10-02,2026-10-02 02:41:19,Hyundai I40,Hyundai,I40,,2013.0,188000.0,Diesel,Manuelle,05-07 chevaux,,Occasion,1,,Particulier,,,Mohammedia,Casablanca-Settat,150000.0,4.0,"150 000 DH Hyundai I40 Mohammedia Vue: 51 Annonce N°: 7533302 Marque: Hyundai Modèle: I40 Année : 2013 Kilométrage : 188000 Carburant  : Diesel Puissance : 05-07 chevaux Ville : Mohammedia Detail de l'annonce : Je met en vente une voiture Hyundai i40: - Première main, - Entretiens et Vidanges  fait a 100 % chez Hyundai, - Manuel en très bonne état - Moteur 1.7 l Diesel 7cv (vignette 700 dh) - 6 Airbag, - Clim auto bizone, - Frein parking électrique plus auto-hold, - Détecteur de pluie, - Allumage des optiques auto (détecteur de nuit, Rideau électrique derrière, 	détecteur de pluie), - Siège conducteur électrique, - Rétroviseur rabattable électrique, - Vitres auto-électrique - Régulateur de vitesse, - Bluetooth, - Radar de stationnement, - Système d'alarme, - Jante alu … Annonceur : Alaoui Répondre l'annonceur Imprimer Signaler cette annonce Envoyer à un ami Partager sur Facebook Twitter LinkedIn Retour à la page précédente"
7533237,https://www.marocannonces.com/categorie/314/Voitures-occasion/annonce/7533237/Dacia-a-vendre.html,marocannonces,2026-10-02,2026-10-02 02:41:20,Dacia a vendre,Dacia,Logan,,2014.0,86000.0,Diesel,,05-07 chevaux,,Occasion,1,,Particulier,,,Rabat,Rabat-Salé-Kénitra,83000.0,1.0,83 000 DH Dacia a vendre Rabat Vue: 16 Annonce N°: 7533237 Marque: Dacia Modèle: Logan Année : 2014 Kilométrage : 86000 Carburant  : Diesel Puissance : 05-07 chevaux Ville : Rabat Detail de l'annonce : Je met en vente une dacia Logan 04/2014 première main.  Mafihach clim.  Éclairage led.  Radar recule. Alarme. Bien entretenue. Annonceur : Nabil nabil Répondre l'annonceur Imprimer Signaler cette annonce Envoyer à un ami Partager sur Facebook Twitter LinkedIn Retour à la page précédente
7533196,https://www.marocannonces.com/categorie/314/Voitures-occasion/annonce/7533196/Kia-picanto.html,marocannonces,2026-10-02,2026-10-02 02:41:21,Kia picanto,Kia,Picanto,,2010.0,129000.0,Essence,,05-07 chevaux,,Occasion,,,Particulier,,,Marrakech,Marrakech-Safi,46000.0,5.0,46 000 DH Kia picanto Marrakech Vue: 58 Annonce N°: 7533196 Marque: Kia Modèle: Picanto Année : 2010 Kilométrage : 129000 Carburant  : Essence Puissance : 05-07 chevaux Ville : Marrakech Detail de l'annonce : Je met en vente mon kia picabto model 2010 essence Annonceur : Simohamed Répondre l'annonceur Imprimer Signaler cette annonce Envoyer à un ami Partager sur Facebook Twitter LinkedIn Retour à la page précédente
7533113,https://www.marocannonces.com/categorie/314/Voitures-occasion/annonce/7533113/Fiât-uno-essence.html,marocannonces,2026-10-02,2026-10-02 02:41:22,Fiât uno essence,Fiat,Uno,,2000.0,16.0,Essence,,05-07 chevaux,,Occasion,,,Particulier,,,El jadida,Casablanca-Settat,28000.0,1.0,28 000 DH Fiât uno essence El jadida Vue: 23 Annonce N°: 7533113 Marque: Fiat Modèle: Uno Année : 2000 Kilométrage : 16.000 Carburant  : Essence Puissance : 05-07 chevaux Ville : El jadida Detail de l'annonce : Je mets de vente une voiture bonne état général avec un prix raisonnable Annonceur : Abdeljalil Répondre l'annonceur Imprimer Signaler cette annonce Envoyer à un ami Partager sur Facebook Twitter LinkedIn Retour à la page précédente
7533112,https://www.marocannonces.com/categorie/314/Voitures-occasion/annonce/7533112/Fiât-uno-essence.html,marocannonces,2026-10-02,2026-10-02 02:41:23,Fiât uno essence,Fiat,Uno,,1996.0,16.0,Essence,,05-07 chevaux,,Occasion,,,Particulier,,,El jadida,Casablanca-Settat,28000.0,1.0,28 000 DH Fiât uno essence El jadida Vue: 14 Annonce N°: 7533112 Marque: Fiat Modèle: Uno Année : 1996 Kilométrage : 16.000 Carburant  : Essence Puissance : 05-07 chevaux Ville : El jadida Detail de l'annonce : Je mets de vente une voiture bonne état général avec un prix raisonnable Annonceur : Abdeljalil Répondre l'annonceur Imprimer Signaler cette annonce Envoyer à un ami Partager sur Facebook Twitter LinkedIn Retour à la page précédente
7532668,https://www.marocannonces.com/categorie/314/Voitures-occasion/annonce/7532668/Fiat-palio.html,marocannonces,2026-10-02,2026-10-02 02:41:24,Fiat palio,Fiat,Palio,,2000.0,,Essence,,05-07 chevaux,,Occasion,,,Particulier,,,Kénitra,Rabat-Salé-Kénitra,32000.0,7.0,32 000 DH Fiat palio Kénitra Vue: 35 Annonce N°: 7532668 Marque: Fiat Modèle: Palio Année : 2000 Carburant  : Essence Puissance : 05-07 chevaux Ville : Kénitra Detail de l'annonce : Fiat palio n9a li bghaha marhba kolchy fiha n9i ou f smiti Annonceur : Housson Répondre l'annonceur Imprimer Signaler cette annonce Envoyer à un ami Partager sur Facebook Twitter LinkedIn Retour à la page précédente
7532983,https://www.marocannonces.com/categorie/314/Voitures-occasion/annonce/7532983/seat-leon.html,marocannonces,2026-10-02,2026-10-02 02:41:25,seat leon,Seat,Leon,,2009.0,76950.0,Essence,,08-10 chevaux,,Neuf,,,Particulier,,,Casablanca,Casablanca-Settat,,8.0,Prix : N/A seat leon Casablanca Vue: 50 Annonce N°: 7532983 Marque: Seat Modèle: Leon Année : 2009 Kilométrage : 76950 Carburant  : Essence Puissance : 08-10 chevaux Ville : Casablanca Detail de l'annonce : Salam Seat Leon ModeL 2009 Essence 1.6  litre 9cv  Jamais Accidenter Sortie De La Maison en tres Bn Etat Faible Consomation avec 4 pneu Neuf michelin Darba 76900 km Vignette 650 dh avec un prix Raisonnable Dispoible a casa Contactez Mo negociable Annonceur : oussama Répondre l'annonceur Imprimer Signaler cette annonce Envoyer à un ami Partager sur Facebook Twitter LinkedIn Retour à la page précédente
7532982,https://www.marocannonces.com/categorie/314/Voitures-occasion/annonce/7532982/Peugeot-306-diesel-mdl-94.html,marocannonces,2026-10-02,2026-10-02 02:41:26,Peugeot 306 diesel mdl 94,Peugeot,306,,1994.0,450000.0,Diesel,,08-10 chevaux,,Neuf,,,Particulier,,,Casablanca,Casablanca-Settat,42000.0,2.0,"42 000 DH Peugeot 306 diesel mdl 94 Casablanca Vue: 27 Annonce N°: 7532982 Marque: Peugeot Modèle: 306 Année : 1994 Kilométrage : 450000 Carburant  : Diesel Puissance : 08-10 chevaux Ville : Casablanca Detail de l'annonce : Je met en vente ma voiture peugeot 306 diesel mdl 94 ,8 ch; moteur bien entrenue tres bonne etat; carosrie bien ; roues changer dernierement, batteri neuf; volent assiste; fermeture de porte et fonetre electrique d'origine;alarme etc..... . . . . voiture dial lwakt (darwich ou darwicha) piece ne coute presque rien. rkab o zid Annonceur : Hicham Répondre l'annonceur Imprimer Signaler cette annonce Envoyer à un ami Partager sur Facebook Twitter LinkedIn Retour à la page précédente"
7532942,https://www.marocannonces.com/categorie/314/Voitures-occasion/annonce/7532942/Volkswagen-bora.html,marocannonces,2026-10-02,2026-10-02 02:41:26,Volkswagen bora,Volkswagen,Bora,,2001.0,400000.0,Diesel,,08-10 chevaux,,Occasion,,,Particulier,,,Marrakech,Marrakech-Safi,70000.0,2.0,"70 000 DH Volkswagen bora Marrakech Vue: 44 Annonce N°: 7532942 Marque: Volkswagen Modèle: Bora Année : 2001 Kilométrage : 400000  /  450000 Carburant  : Diesel Puissance : 08-10 chevaux Ville : Marrakech Detail de l'annonce : je m'appelle Hamza de Marrakech et je voudrais vendre ma voiture Volkswagen bora , elle est occasion, ça consomme pas de diesel  et aussi elle est climatisé le prix est adéquat Annonceur : hamza ait ben bouazza Répondre l'annonceur Imprimer Signaler cette annonce Envoyer à un ami Partager sur Facebook Twitter LinkedIn Retour à la page précédente"
7532925,https://www.marocannonces.com/categorie/314/Voitures-occasion/annonce/7532925/Renault-19.html,marocannonces,2026-10-02,2026-10-02 02:41:27,Renault 19,Renault,19,,2010.0,,Diesel,,05-07 chevaux,,Occasion,,,Particulier,,,Salé,Rabat-Salé-Kénitra,49000.0,2.0,49 000 DH Renault 19 Salé Vue: 27 Annonce N°: 7532925 Marque: Renault Modèle: 19 Année : 2010 Carburant  : Diesel Puissance : 05-07 chevaux Ville : Salé Detail de l'annonce : Je met en vente ma voiture Renault Alizée turbo Annonceur : Brahim Répondre l'annonceur Imprimer Signaler cette annonce Envoyer à un ami Partager sur Facebook Twitter LinkedIn Retour à la page précédente
7532797,https://www.marocannonces.com/categorie/314/Voitures-occasion/annonce/7532797/Mercedes-c250-élégance.html,marocannonces,2026-10-02,2026-10-02 02:41:28,Mercedes c250 élégance,Mercedes-Benz,250 D,,1997.0,,Diesel,,,,Neuf,,,Particulier,,,Al hoceima,Tanger-Tétouan-Al Hoceïma,75000.0,3.0,"75 000 DH Mercedes c250 élégance Al hoceima Vue: 41 Annonce N°: 7532797 Marque: Mercedes-Benz Modèle: 250 D Année : 1997 Carburant  : Diesel Ville : Al hoceima Detail de l'annonce : Marque:Mercedes-Benz Type de carburant:Diesel Kilométrage:0 - 4 999 Modèle:250 Immo Neuf:0 Année-Modèle:1997 Ville/Secteur:Al Hoceïma, Toute la ville Mercedes C250 turbo diesel élégance année 1997 douane 2003 en très bon état. clim , vitre électrique, voiture tous jour coucher au garage de puis la douanement. pour plus d'info contacter moi.....ville Targuist. Annonceur : ABATTOY Hicham Répondre l'annonceur Imprimer Signaler cette annonce Envoyer à un ami Partager sur Facebook Twitter LinkedIn Retour à la page précédente"
7532382,https://www.marocannonces.com/categorie/314/Voitures-occasion/annonce/7532382/Peugeot-206-essence.html,marocannonces,2026-10-02,2026-10-02 02:41:29,Peugeot 206 essence,Peugeot,206,,,,,,,,Occasion,,,Particulier,,,Kénitra,Rabat-Salé-Kénitra,52000.0,5.0,"52 000 DH Peugeot 206 essence Kénitra Vue: 18 Annonce N°: 7532382 Marque: Peugeot Modèle: 206 Detail de l'annonce : Jolie voiture en très bonne état                ,merci de me contacter Annonceur : Achraf Répondre l'annonceur Imprimer Signaler cette annonce Envoyer à un ami Partager sur Facebook Twitter LinkedIn Retour à la page précédente"
7532655,https://www.marocannonces.com/categorie/314/Voitures-occasion/annonce/7532655/Chevrolet-cruze-à-vendre.html,marocannonces,2026-10-02,2026-10-02 02:41:30,Chevrolet cruze à vendre,Chevrolet,Cruze,,2013.0,135000.0,Essence,Automatique,,,Occasion,,,Particulier,0661229169,5572f1650cc8b0d5373bf570d4aa348a1d34f1245c897dd37ea6da5162a0fe29,Temara,Rabat-Salé-Kénitra,85000.0,1.0,85 000 DH Chevrolet cruze à vendre Temara Vue: 29 Annonce N°: 7532655 Marque: Chevrolet Modèle: Cruze Année : 2013 Kilométrage : 135000 Carburant  : Essence Ville : Temara Detail de l'annonce : Chevrolet Cruz LT à vendre à 85 000 dh Modèle 2013 Kilométrage 134 000 Essence Automatique En très bon état aucune réparation a faire 1 ere main achetée en juin 2013 Prix demandé 85 000 dh Contacter 0661 22 91 69 ou 06 61 93 34 34 Annonceur : nadine Répondre l'annonceur Imprimer Signaler cette annonce Envoyer à un ami Partager sur Facebook Twitter LinkedIn Retour à la page précédente
7532612,https://www.marocannonces.com/categorie/314/Voitures-occasion/annonce/7532612/Vend-peugeot-206.html,marocannonces,2026-10-02,2026-10-02 02:41:31,Vend peugeot 206,Peugeot,206,,2008.0,120000.0,Essence,,05-07 chevaux,,Occasion,,,Particulier,,,Marrakech,Marrakech-Safi,55000.0,1.0,55 000 DH Vend peugeot 206 Marrakech Vue: 44 Annonce N°: 7532612 Marque: Peugeot Modèle: 206 Année : 2008 Kilométrage : 120000 Carburant  : Essence Puissance : 05-07 chevaux Ville : Marrakech Detail de l'annonce : particulier vend une voiture Peugeot 206 Modèle année 2008 Climatisée Annonceur : Utilisateur Répondre l'annonceur Imprimer Signaler cette annonce Envoyer à un ami Partager sur Facebook Twitter LinkedIn Retour à la page précédente
7532277,https://www.marocannonces.com/categorie/314/Voitures-occasion/annonce/7532277/Ford-focus.html,marocannonces,2026-10-02,2026-10-02 02:41:32,Ford focus,Ford,Focus,,2008.0,130000.0,Diesel,,05-07 chevaux,,Occasion,,,Particulier,0661146027,9c0d13b1c365c8b15f79d42c2eb5815acb94599e28a302e4d36bd896737ce791,Casablanca,Casablanca-Settat,110000.0,2.0,110 000 DH Ford focus Casablanca Vue: 38 Annonce N°: 7532277 Marque: Ford Modèle: Focus Année : 2008 Kilométrage : 130 000 Carburant  : Diesel Puissance : 05-07 chevaux Ville : Casablanca Detail de l'annonce : je mets ma voiture a vendre toute propre une ford focus model 2008 diesel très faible consommation bien entretenu aucune réparation a faire pour plus d'information merci de nous contacter sur le 0661146027 Annonceur : mohamed marhraoui Répondre l'annonceur Imprimer Signaler cette annonce Envoyer à un ami Partager sur Facebook Twitter LinkedIn Retour à la page précédente
7531399,https://www.marocannonces.com/categorie/314/Voitures-occasion/annonce/7531399/Vente-bva-chrysler.html,marocannonces,2026-10-02,2026-10-02 02:41:33,Vente bva chrysler,Chrysler,Neon,,2015.0,,Essence,Automatique,08-10 chevaux,,Neuf,,,Particulier,,,Rabat,Rabat-Salé-Kénitra,,5.0,Prix : N/A Vente bva chrysler Rabat Vue: 38 Annonce N°: 7531399 Marque: Chrysler Modèle: Neon Année : 2015 Carburant  : Essence Puissance : 08-10 chevaux Ville : Rabat Detail de l'annonce : Je met en vente une belle voiture presque neuf bva chrysler 200 non dédouane visible a rabat . prix intéressant Annonceur : Hakim Répondre l'annonceur Imprimer Signaler cette annonce Envoyer à un ami Partager sur Facebook Twitter LinkedIn Retour à la page précédente
7531406,https://www.marocannonces.com/categorie/314/Voitures-occasion/annonce/7531406/Volkswagan-TIGUAN.html,marocannonces,2026-10-02,2026-10-02 02:41:34,Volkswagan TIGUAN,Volkswagen,TIGUAN,,2014.0,130000.0,Diesel,,,,Occasion,1,,Particulier,,,Kénitra,Rabat-Salé-Kénitra,135000.0,5.0,135 000 DH Volkswagan TIGUAN Kénitra Vue: 133 Annonce N°: 7531406 Marque: Volkswagen Modèle: TIGUAN Année : 2014 Kilométrage : 130000 Carburant  : Diesel Puissance : Ville : Kénitra Detail de l'annonce : Volkswagen tiguan 2l tdi sportline 110cv première main origine France boite 6 GPS Radar avant arrière Annonceur : Jaouad Répondre l'annonceur Imprimer Signaler cette annonce Envoyer à un ami Partager sur Facebook Twitter LinkedIn Retour à la page précédente
6038689,https://www.marocannonces.com/categorie/314/Voitures-occasion/annonce/6038689/Ford-focus.html,marocannonces,2026-10-02,2026-10-02 02:41:35,Ford focus,Ford,Focus,,2014.0,28500.0,Diesel,,05-07 chevaux,,Occasion,,,Particulier,,,Nador,Oriental,70000.0,1.0,"70 000 DH Ford focus Nador Vue: 31 Annonce N°: 6038689 Marque: Ford Modèle: Focus Année : 2014 Kilométrage : 28500 Carburant  : Diesel Puissance : 05-07 chevaux Ville : Nador Detail de l'annonce : Cache-bagages Ceintures de sécurité 3 points AV et AR Contrôle de stabilité ESP Contrôle vectoriel de couple TVC Dégivrage de la lunette AR Direction assistée EBA (Assistance au freinage d'urgence) Eclairage de courtoisie Eclairage du coffre Essuie-glace à balayage intermittent et lave-glace électrique Feux AR antibrouillard et 3ème feu stop Fixations ISOFIX aux places latérales sur la banquette AR Ford SYNC avec Interface Bluetooth et Commandes Vocales Inserts façon aluminum sur la planche de bord Jantes alliage 16"" 5x2 branches avec pneus 215/55 R16 Kit de réparation pneumatique Lève-vitres AV électriques Ordinateur de bord Pare-soleil AV avec miroir de courtoisie Poignées de portes couleur carrosserie Régulateur et limiteur de vitesse Rétroviseurs extérieurs électriques et chauffants couleur carrosserie Sellerie Tissu spécifique Siège conducteur réglable en hauteur Système Audio Ford CD MP3 avec commandes au volant et prise USB & prise auxiliaire Système de surveillance de la pression des pneus Système Stop & Start Trappe à carburant avec système Ford EasyFuel Verrouillage centralisé avec commande à distance Volant 4 branches gainé cuir Volant réglable en hauteur et en profondeur ACCESSOIRE(S) Radio . . . . . . . . . . . Annonceur : PAUL Répondre l'annonceur Imprimer Signaler cette annonce Envoyer à un ami Partager sur Facebook Twitter LinkedIn Retour à la page précédente"
7532187,https://www.marocannonces.com/categorie/314/Voitures-occasion/annonce/7532187/Dacia-Logan-essence.html,marocannonces,2026-10-02,2026-10-02 02:41:36,Dacia Logan essence,Dacia,Logan,,2006.0,83000.0,Essence,,08-10 chevaux,,Occasion,,,Particulier,,,Rabat,Rabat-Salé-Kénitra,39000.0,7.0,39 000 DH Dacia Logan essence Rabat Vue: 47 Annonce N°: 7532187 Marque: Dacia Modèle: Logan Année : 2006 Kilométrage : 83000 Carburant  : Essence Puissance : 08-10 chevaux Ville : Rabat Detail de l'annonce : Salm bgit nbi3 Dacia essence kasbha  modèle 2006 baka nkia omadarbach bzaf zaj électrique libgaha marhba Samsar bla mytasal merci Annonceur : Rachid Répondre l'annonceur Imprimer Signaler cette annonce Envoyer à un ami Partager sur Facebook Twitter LinkedIn Retour à la page précédente
7532141,https://www.marocannonces.com/categorie/314/Voitures-occasion/annonce/7532141/Vente-Citroën-c1-modèle-2017.html,marocannonces,2026-10-02,2026-10-02 02:41:37,Vente Citroën c1 modèle 2017,Citroën,C1,,2017.0,7000.0,Essence,,05-07 chevaux,,Occasion,,,Particulier,,,Nador,Oriental,95000.0,2.0,95 000 DH Vente Citroën c1 modèle 2017 Nador Vue: 44 Annonce N°: 7532141 Marque: Citroen Modèle: C1 Année : 2017 Kilométrage : 7000 Carburant  : Essence Puissance : 05-07 chevaux Ville : Nador Detail de l'annonce : Vente Citroën c1 modèle 2017. Annonceur : Hassani Répondre l'annonceur Imprimer Signaler cette annonce Envoyer à un ami Partager sur Facebook Twitter LinkedIn Retour à la page précédente
7532072,https://www.marocannonces.com/categorie/314/Voitures-occasion/annonce/7532072/R5-bonne-état-a-vendre.html,marocannonces,2026-10-02,2026-10-02 02:41:38,R5 bonne état a vendre,Renault,R6,,1987.0,30000.0,Essence,,05-07 chevaux,,Occasion,,,Particulier,,,Agadir,Souss-Massa,12000.0,3.0,12 000 DH R5 bonne état a vendre Agadir Vue: 46 Annonce N°: 7532072 Marque: Renault Modèle: R6 Année : 1987 Kilométrage : 30000 Carburant  : Essence Puissance : 05-07 chevaux Ville : Agadir Detail de l'annonce : Je mets ma voiture R5 bonne état a vendre modèle 1987 cv 5 ..Prix négociable Annonceur : Lahssen Répondre l'annonceur Imprimer Signaler cette annonce Envoyer à un ami Partager sur Facebook Twitter LinkedIn Retour à la page précédente
7532028,https://www.marocannonces.com/categorie/314/Voitures-occasion/annonce/7532028/Jaguar-xj6.html,marocannonces,2026-10-02,2026-10-02 02:41:39,Jaguar xj6,Jaguar,Sovreign,,2006.0,110000.0,Essence,,13 chevaux,,Occasion,,,Particulier,,,Casablanca,Casablanca-Settat,120000.0,6.0,"120 000 DH Jaguar xj6 Casablanca Vue: 73 Annonce N°: 7532028 Marque: Jaguar Modèle: Sovreign Année : 2006 Kilométrage : 110000 Carburant  : Essence Puissance : 13 chevaux Ville : Casablanca Detail de l'annonce : : Casablanca Bonjour je mets en vente une jaguar xj6 sovreign v6 essence (ww maroc ) jamais accidenté et très propres options ( jantes allu 19"", sièges cuir électriques chauffants mémoires,limitateur et régulateur de vitesses,commande au volants , clim 4zone, rideau arrière latéraux,bi-xenon, cd,mp3...pour plus d'infos contacter moi merci Annonceur : Benchekroun Répondre l'annonceur Imprimer Signaler cette annonce Envoyer à un ami Partager sur Facebook Twitter LinkedIn Retour à la page précédente"
7531916,https://www.marocannonces.com/categorie/314/Voitures-occasion/annonce/7531916/Seat-leon-style-2017-diesel.html,marocannonces,2026-10-02,2026-10-02 02:41:40,Seat leon style 2017 diesel,Seat,Leon,,2017.0,9000.0,Diesel,,05-07 chevaux,,Neuf,,,Particulier,,,Casablanca,Casablanca-Settat,175000.0,5.0,175 000 DH Seat leon style 2017 diesel Casablanca Vue: 50 Annonce N°: 7531916 Marque: Seat Modèle: Leon Année : 2017 Kilométrage : 9000 Carburant  : Diesel Puissance : 05-07 chevaux Ville : Casablanca Detail de l'annonce : Je vends ma seat leon diesel 6cv etat neuf toutes options Annonceur : Particulier Répondre l'annonceur Imprimer Signaler cette annonce Envoyer à un ami Partager sur Facebook Twitter LinkedIn Retour à la page précédente
7531863,https://www.marocannonces.com/categorie/314/Voitures-occasion/annonce/7531863/Megane-2.html,marocannonces,2026-10-02,2026-10-02 02:41:41,Megane 2,Renault,Megane,,2007.0,238000.0,Diesel,,05-07 chevaux,,Occasion,,,Particulier,,,Casablanca,Casablanca-Settat,80000.0,6.0,80 000 DH Megane 2 Casablanca Vue: 25 Annonce N°: 7531863 Marque: Renault Modèle: Megane Année : 2007 Kilométrage : 238000 Carburant  : Diesel Puissance : 05-07 chevaux Ville : Casablanca Detail de l'annonce : Bonjour je mets en vente ma voiture megane 2 dci 6cv excellent état moteur et carroserie aucun réparation prevu 2 carte de démarrage clim. ordinateur de bord. 6 airbag. fermeture centralise. volan cuir. opprtunite pour les sérieux svp Annonceur : MOHAMED Répondre l'annonceur Imprimer Signaler cette annonce Envoyer à un ami Partager sur Facebook Twitter LinkedIn Retour à la page précédente
7528534,https://www.marocannonces.com/categorie/314/Voitures-occasion/annonce/7528534/Honda-civic.html,marocannonces,2026-10-02,2026-10-02 02:41:42,Honda civic,Honda,Civic,,,,,Manuelle,,,Occasion,,,Particulier,,,Rabat,Rabat-Salé-Kénitra,128000.0,7.0,128 000 DH Honda civic Rabat Vue: 25 Annonce N°: 7528534 Marque: Honda Modèle: Civic Detail de l'annonce : Je met en vente une honda civic model 11/2012 en tres bonne etat tt option 8cv/ manuel Annonceur : Faouzi Répondre l'annonceur Imprimer Signaler cette annonce Envoyer à un ami Partager sur Facebook Twitter LinkedIn Retour à la page précédente
7531566,https://www.marocannonces.com/categorie/314/Voitures-occasion/annonce/7531566/Peugeot-206-plus-essence-2012.html,marocannonces,2026-10-02,2026-10-02 02:41:43,Peugeot 206 plus essence 2012,Peugeot,206+,,2012.0,128000.0,Essence,,05-07 chevaux,,Occasion,,,Particulier,,,Rabat,Rabat-Salé-Kénitra,590000.0,4.0,590 000 DH Peugeot 206 plus essence 2012 Rabat Vue: 167 Annonce N°: 7531566 Marque: Peugeot Modèle: 206+ Année : 2012 Kilométrage : 128000 Carburant  : Essence Puissance : 05-07 chevaux Ville : Rabat Detail de l'annonce : Je met en vente ma peugeot 206 plus essence modele 2012 disposant de: Climatisation Vitres avant electriques Pneux Michelin recemment changés Plaquettes recement changees Intermediaires s abstenir tres tres serieusement Annonceur : hicham Répondre l'annonceur Imprimer Signaler cette annonce Envoyer à un ami Partager sur Facebook Twitter LinkedIn Retour à la page précédente
7531416,https://www.marocannonces.com/categorie/314/Voitures-occasion/annonce/7531416/Clio-campus-2012.html,marocannonces,2026-10-02,2026-10-02 02:41:44,Clio campus 2012,Renault,Clio,,2012.0,1000.0,Essence,,05-07 chevaux,,Occasion,,,Particulier,,,Settat,Casablanca-Settat,57000.0,3.0,57 000 DH Clio campus 2012 Settat Vue: 75 Annonce N°: 7531416 Marque: Renault Modèle: Clio Année : 2012 Kilométrage : 1000p0 Carburant  : Essence Puissance : 05-07 chevaux Ville : Settat Detail de l'annonce : Je mets en vente ma voiture clip essence 6cv sans climatisation moteur efficace et en très bon ètat Annonceur : Mail abdou Répondre l'annonceur Imprimer Signaler cette annonce Envoyer à un ami Partager sur Facebook Twitter LinkedIn Retour à la page précédente
6837478,https://www.marocannonces.com/categorie/314/Voitures-occasion/annonce/6837478/Volkswagen-new-beetle-type-s.html,marocannonces,2026-10-02,2026-10-02 02:41:45,Volkswagen  new beetle type s,Volkswagen,COCCINELLE,,,,,,,,Occasion,,,Particulier,,,Casablanca,Casablanca-Settat,65000.0,4.0,65 000 DH Volkswagen  new beetle type s Casablanca Vue: 88 Annonce N°: 6837478 Marque: Volkswagen Modèle: COCCINELLE Detail de l'annonce : Je met en vente ma coccinelle volkswagen new beetle type s avec jante alluminium et clim/ centralisé en tres bon etat Annonceur : youssef Répondre l'annonceur Imprimer Signaler cette annonce Envoyer à un ami Partager sur Facebook Twitter LinkedIn Retour à la page précédente
7531339,https://www.marocannonces.com/categorie/314/Voitures-occasion/annonce/7531339/FIAT-SIENA-A-VENDRE.html,marocannonces,2026-10-02,2026-10-02 02:41:46,FIAT SIENA A VENDRE,Fiat,Siena,,2001.0,4000.0,Essence,,05-07 chevaux,,Occasion,,,Particulier,,,Casablanca,Casablanca-Settat,25000.0,5.0,25 000 DH FIAT SIENA A VENDRE Casablanca Vue: 53 Annonce N°: 7531339 Marque: Fiat Modèle: Siena Année : 2001 Kilométrage : 4000/000 Carburant  : Essence Puissance : 05-07 chevaux Ville : Casablanca Detail de l'annonce : je met en vente fiat siena en bon etat WKALA 7 ch essence Annonceur : hamie Répondre l'annonceur Imprimer Signaler cette annonce Envoyer à un ami Partager sur Facebook Twitter LinkedIn Retour à la page précédente
7530687,https://www.marocannonces.com/categorie/314/Voitures-occasion/annonce/7530687/Ford-focus-sport.html,marocannonces,2026-10-02,2026-10-02 02:41:47,Ford focus sport,Ford,Focus,,2014.0,77000.0,Diesel,Automatique,05-07 chevaux,,Occasion,,,Particulier,,,Salé,Rabat-Salé-Kénitra,147000.0,6.0,147 000 DH Ford focus sport Salé Vue: 57 Annonce N°: 7530687 Marque: Ford Modèle: Focus Année : 2014 Kilométrage : 77000 Carburant  : Diesel Puissance : 05-07 chevaux Ville : Salé Detail de l'annonce : Mod: 31-12-2014 Km : 77000 Pneus : nouveau Jantes : aluminium Baguettes portes : chromées Tout option : limiteur-fixation- commande vocale- essuie glace auto- radar de parking- allumage lumière automatique.... Intermédiaire : merci de s'abstenir Prix : légèrement négociable Annonceur : Charaf addine riteb Répondre l'annonceur Imprimer Signaler cette annonce Envoyer à un ami Partager sur Facebook Twitter LinkedIn Retour à la page précédente
7529446,https://www.marocannonces.com/categorie/314/Voitures-occasion/annonce/7529446/Mercedes-benz-E270-11-cheveaux.html,marocannonces,2026-10-02,2026-10-02 02:41:47,Mercedes benz E270 11 cheveaux,Mercedes-Benz,Classe E,,,,,,,,Occasion,,,Particulier,0678985093,9f3723a4e36c555f6b51144ce38f89a9c351b34e00de80481127b41248bad5e9,Salé,Rabat-Salé-Kénitra,75000.0,5.0,75 000 DH Mercedes benz E270 11 cheveaux Salé Vue: 28 Annonce N°: 7529446 Marque: Mercedes-Benz Modèle: Classe E Detail de l'annonce : Je met en vente une mercedes-benz E270 advantgarde 11 cheveaux en très bon état . 0678985093 Annonceur : soufiane safouani Répondre l'annonceur Imprimer Signaler cette annonce Envoyer à un ami Partager sur Facebook Twitter LinkedIn Retour à la page précédente
7530649,https://www.marocannonces.com/categorie/314/Voitures-occasion/annonce/7530649/Uno-diesel-modèle-1998.html,marocannonces,2026-10-02,2026-10-02 02:41:48,Uno diesel modèle 1998,Fiat,Uno,,1998.0,,Diesel,,05-07 chevaux,,Occasion,,,Particulier,,,Mohammedia,Casablanca-Settat,25000.0,1.0,25 000 DH Uno diesel modèle 1998 Mohammedia Vue: 13 Annonce N°: 7530649 Marque: Fiat Modèle: Uno Année : 1998 Carburant  : Diesel Puissance : 05-07 chevaux Ville : Mohammedia Detail de l'annonce : Ventre d'une uno diesel modèle 1998 jamais servi au taxi très bonne état. Annonceur : Mohamed Répondre l'annonceur Imprimer Signaler cette annonce Envoyer à un ami Partager sur Facebook Twitter LinkedIn Retour à la page précédente
7530676,https://www.marocannonces.com/categorie/314/Voitures-occasion/annonce/7530676/Volkswagen-touran.html,marocannonces,2026-10-02,2026-10-02 02:41:49,Volkswagen touran,Volkswagen,TOURAN,,2014.0,162000.0,Diesel,Automatique,08-10 chevaux,,Occasion,,,Particulier,,,Casablanca,Casablanca-Settat,85000.0,7.0,85 000 DH Volkswagen touran Casablanca Vue: 83 Annonce N°: 7530676 Marque: Volkswagen Modèle: TOURAN Année : 2014 Kilométrage : 162000 Carburant  : Diesel Puissance : 08-10 chevaux Ville : Casablanca Detail de l'annonce : Je met en vente ma voiture Volkswagen touran 7 place tout options avec boîte automatique Annonceur : Tarik Répondre l'annonceur Imprimer Signaler cette annonce Envoyer à un ami Partager sur Facebook Twitter LinkedIn Retour à la page précédente
7530530,https://www.marocannonces.com/categorie/314/Voitures-occasion/annonce/7530530/Golf-5.html,marocannonces,2026-10-02,2026-10-02 02:41:50,Golf 5,Volkswagen,Golf,,2006.0,250000.0,Diesel,,08-10 chevaux,,Occasion,,,Particulier,,,Casablanca,Casablanca-Settat,82000.0,6.0,82 000 DH Golf 5 Casablanca Vue: 61 Annonce N°: 7530530 Marque: Volkswagen Modèle: Golf Année : 2006 Kilométrage : 250000 Carburant  : Diesel Puissance : 08-10 chevaux Ville : Casablanca Detail de l'annonce : Ded 2008 en bon état Annonceur : achraf Répondre l'annonceur Imprimer Signaler cette annonce Envoyer à un ami Partager sur Facebook Twitter LinkedIn Retour à la page précédente
7530328,https://www.marocannonces.com/categorie/314/Voitures-occasion/annonce/7530328/Mercedes-Benz-Classe-A160.html,marocannonces,2026-10-02,2026-10-02 02:41:52,Mercedes-Benz Classe A160,Mercedes-Benz,Classe A,,1998.0,183300.0,Essence,,08-10 chevaux,,Occasion,,,Particulier,,,Marrakech,Marrakech-Safi,50000.0,3.0,"50 000 DH Mercedes-Benz Classe A160 Marrakech Vue: 49 Annonce N°: 7530328 Marque: Mercedes-Benz Modèle: Classe A Année : 1998 Kilométrage : 183300 Carburant  : Essence Puissance : 08-10 chevaux Ville : Marrakech Detail de l'annonce : Mercedes-Benz classe A160 Mod 98 Diw 2002, essence 9chv et faible consomation moin 70 dh/100km, 183300 klm faible  aussi, moteur d'origine et aussi peinture gris d'origine et la carrosserie jamais accidentee et avec salon propre.. poste CD, 4 vitres electriques, les pneus sont encors propre, roues 15 pc, vignette 650 dh payee, visite technique aussi avec 15 jrs d'assurrance... manque une battrie et un vidange, pour plus d'infos contacter moi.. Merci Annonceur : Charaf Eddine Répondre l'annonceur Imprimer Signaler cette annonce Envoyer à un ami Partager sur Facebook Twitter LinkedIn Retour à la page précédente"
7530214,https://www.marocannonces.com/categorie/314/Voitures-occasion/annonce/7530214/Peugeot-207-Diesel-2011.html,marocannonces,2026-10-02,2026-10-02 02:41:52,Peugeot 207 Diesel 2011,Peugeot,207,,2011.0,129000.0,Diesel,,05-07 chevaux,,Occasion,,,Particulier,,,Casablanca,Casablanca-Settat,90000.0,4.0,"90 000 DH Peugeot 207 Diesel 2011 Casablanca Vue: 42 Annonce N°: 7530214 Marque: Peugeot Modèle: 207 Année : 2011 Kilométrage : 129000 Carburant  : Diesel Puissance : 05-07 chevaux Ville : Casablanca Detail de l'annonce : Je mets en vente Peugeot 207 Diesel  2011 toutes options (clim, tableau de bord, limiteur de vitesse, jantes aluminium, 4vitres électriques teinté, Bluetooth) Annonceur : Imad Répondre l'annonceur Imprimer Signaler cette annonce Envoyer à un ami Partager sur Facebook Twitter LinkedIn Retour à la page précédente"
7529989,https://www.marocannonces.com/categorie/314/Voitures-occasion/annonce/7529989/fiat-uno-bon-etat.html,marocannonces,2026-10-02,2026-10-02 02:41:53,fiat uno bon etat,Fiat,Uno,,1995.0,,Diesel,,05-07 chevaux,,Occasion,,,Particulier,,,Fès,Fès-Meknès,25000.0,2.0,25 000 DH fiat uno bon etat Fès Vue: 55 Annonce N°: 7529989 Marque: Fiat Modèle: Uno Année : 1995 Carburant  : Diesel Puissance : 05-07 chevaux Ville : Fès Detail de l'annonce : سيارة  ليس فيها اي مشكل وفي حالة جيدة وبثمن جد مناسب Annonceur : Abdelaziz Lamrabet Répondre l'annonceur Imprimer Signaler cette annonce Envoyer à un ami Partager sur Facebook Twitter LinkedIn Retour à la page précédente
7529899,https://www.marocannonces.com/categorie/314/Voitures-occasion/annonce/7529899/Vendre-voiture-megane.html,marocannonces,2026-10-02,2026-10-02 02:41:54,Vendre voiture megane,Renault,Megane,,2008.0,180000.0,Diesel,,05-07 chevaux,,Occasion,,,Particulier,,,Rabat,Rabat-Salé-Kénitra,80000.0,1.0,80 000 DH Vendre voiture megane Rabat Vue: 41 Annonce N°: 7529899 Marque: Renault Modèle: Megane Année : 2008 Kilométrage : 180000 Carburant  : Diesel Puissance : 05-07 chevaux Ville : Rabat Detail de l'annonce : vendre voiture mégane noire diésel   TB occasion; toutes options. Bien entretenue et faible consommation Annonceur : Abdellah Répondre l'annonceur Imprimer Signaler cette annonce Envoyer à un ami Partager sur Facebook Twitter LinkedIn Retour à la page précédente
7529894,https://www.marocannonces.com/categorie/314/Voitures-occasion/annonce/7529894/Mini-Cooper-One.html,marocannonces,2026-10-02,2026-10-02 02:41:55,Mini Cooper One,Mini,ONE,,2007.0,125000.0,Essence,,08-10 chevaux,,Occasion,,,Particulier,,,Rabat,Rabat-Salé-Kénitra,80000.0,6.0,80 000 DH Mini Cooper One Rabat Vue: 100 Annonce N°: 7529894 Marque: Mini Modèle: ONE Année : 2007 Kilométrage : 125000 Carburant  : Essence Puissance : 08-10 chevaux Ville : Rabat Detail de l'annonce : Mini Cooper One à vendre. Modèle 2007. Très bon état. Curieux et SEMSAR s'abstenir. Annonceur : Ismail Répondre l'annonceur Imprimer Signaler cette annonce Envoyer à un ami Partager sur Facebook Twitter LinkedIn Retour à la page précédente
7529833,https://www.marocannonces.com/categorie/314/Voitures-occasion/annonce/7529833/renault-scenic-diesel.html,marocannonces,2026-10-02,2026-10-02 02:41:56,renault scenic diesel,Renault,Scenic,,2000.0,200000.0,Diesel,,05-07 chevaux,,Occasion,,,Particulier,,,Casablanca,Casablanca-Settat,55000.0,3.0,"55 000 DH renault scenic diesel Casablanca Vue: 43 Annonce N°: 7529833 Marque: Renault Modèle: Scenic Année : 2000 Kilométrage : 200000 Carburant  : Diesel Puissance : 05-07 chevaux Ville : Casablanca Detail de l'annonce : je mets en vente ma renault scenic 7cv,, 2ème main, peinture d'origine, jamais accidentée, prix légèrement négociable. Annonceur : amine Répondre l'annonceur Imprimer Signaler cette annonce Envoyer à un ami Partager sur Facebook Twitter LinkedIn Retour à la page précédente"
7529804,https://www.marocannonces.com/categorie/314/Voitures-occasion/annonce/7529804/Peugeot-205-mazot-2-ports.html,marocannonces,2026-10-02,2026-10-02 02:41:57,Peugeot 205 mazot 2 ports,Peugeot,205,,1985.0,100000.0,Diesel,,05-07 chevaux,,Occasion,,,Particulier,,,Casablanca,Casablanca-Settat,27000.0,8.0,27 000 DH Peugeot 205 mazot 2 ports Casablanca Vue: 120 Annonce N°: 7529804 Marque: Peugeot Modèle: 205 Année : 1985 Kilométrage : 100000 Carburant  : Diesel Puissance : 05-07 chevaux Ville : Casablanca Detail de l'annonce : 205 mazot 2 ports model 85 diwana 92 7 lkhayl moteur mli777 Annonceur : Ali Répondre l'annonceur Imprimer Signaler cette annonce Envoyer à un ami Partager sur Facebook Twitter LinkedIn Retour à la page précédente
6131364,https://www.marocannonces.com/categorie/314/Voitures-occasion/annonce/6131364/Seat-leon-diesel-2008-à-vendre.html,marocannonces,2026-10-02,2026-10-02 02:41:58,Seat leon diesel 2008 à vendre,Seat,Leon,,2008.0,,,,,,Occasion,,,Particulier,,,Casablanca,Casablanca-Settat,115000.0,1.0,115 000 DH Seat leon diesel 2008 à vendre Casablanca Vue: 17 Annonce N°: 6131364 Marque: Seat Modèle: Leon Detail de l'annonce : Seat leon bonne état diesel tout option modèle 2008 . . . . . . . . . Annonceur : Abdellah Répondre l'annonceur Imprimer Signaler cette annonce Envoyer à un ami Partager sur Facebook Twitter LinkedIn Retour à la page précédente
7529652,https://www.marocannonces.com/categorie/314/Voitures-occasion/annonce/7529652/Voiture-i10-a-vendre.html,marocannonces,2026-10-02,2026-10-02 02:41:58,Voiture i10 a vendre,Hyundai,I10,,2012.0,,Essence,,05-07 chevaux,,Occasion,,,Particulier,,,Casablanca,Casablanca-Settat,55000.0,1.0,55 000 DH Voiture i10 a vendre Casablanca Vue: 35 Annonce N°: 7529652 Marque: Hyundai Modèle: I10 Année : 2012 Carburant  : Essence Puissance : 05-07 chevaux Ville : Casablanca Detail de l'annonce : I10 2 EME MAIN A VENDRE MODULE 2012 ESSENCE 6 CHEUVEUX PRIX 55000DH Annonceur : soumia ouzzani Répondre l'annonceur Imprimer Signaler cette annonce Envoyer à un ami Partager sur Facebook Twitter LinkedIn Retour à la page précédente
7529649,https://www.marocannonces.com/categorie/314/Voitures-occasion/annonce/7529649/A-vendre-voiture-modele-2010.html,marocannonces,2026-10-02,2026-10-02 02:41:59,A vendre  voiture modele 2010,Volvo,S40,,2010.0,190000.0,Diesel,,05-07 chevaux,,Occasion,,,Particulier,,,Rabat,Rabat-Salé-Kénitra,95000.0,7.0,"95 000 DH A vendre  voiture modele 2010 Rabat Vue: 52 Annonce N°: 7529649 Marque: Volvo Modèle: S40 Année : 2010 Kilométrage : 190000 Carburant  : Diesel Puissance : 05-07 chevaux Ville : Rabat Detail de l'annonce : Voiture en tres bonne etat entrain regulier toutes option limiteur de vitesse, climatisation auto,retroviseur pliable... A ne pas rater Annonceur : Ben saad Répondre l'annonceur Imprimer Signaler cette annonce Envoyer à un ami Partager sur Facebook Twitter LinkedIn Retour à la page précédente"
7529616,https://www.marocannonces.com/categorie/314/Voitures-occasion/annonce/7529616/Peugeot-206-plus-diesel.html,marocannonces,2026-10-02,2026-10-02 02:42:00,Peugeot 206 plus diesel,Peugeot,206,,2010.0,151000.0,Diesel,,05-07 chevaux,,Occasion,,,Particulier,,,Safi,Marrakech-Safi,75000.0,4.0,75 000 DH Peugeot 206 plus diesel Safi Vue: 37 Annonce N°: 7529616 Marque: Peugeot Modèle: 206 Année : 2010 Kilométrage : 151000 Carburant  : Diesel Puissance : 05-07 chevaux Ville : Safi Detail de l'annonce : Je mets en vente 206+ diesel modèle 2010 en très bon état Et jamais accidentésvp semsar nn Annonceur : Khadija Répondre l'annonceur Imprimer Signaler cette annonce Envoyer à un ami Partager sur Facebook Twitter LinkedIn Retour à la page précédente
7529576,https://www.marocannonces.com/categorie/314/Voitures-occasion/annonce/7529576/Renault-megane.html,marocannonces,2026-10-02,2026-10-02 02:42:01,Renault megane,Renault,Megane,,2009.0,166500.0,Diesel,,05-07 chevaux,,Occasion,,,Particulier,,,Casablanca,Casablanca-Settat,103000.0,1.0,103 000 DH Renault megane Casablanca Vue: 13 Annonce N°: 7529576 Marque: Renault Modèle: Megane Année : 2009 Kilométrage : 166500KM Carburant  : Diesel Puissance : 05-07 chevaux Ville : Casablanca Detail de l'annonce : Je vends une voiture Renault Mégane modèle novembre 2009 avec régulateur de vitesse et radar de recule et clim noir bonne état Annonceur : TOURIA Répondre l'annonceur Imprimer Signaler cette annonce Envoyer à un ami Partager sur Facebook Twitter LinkedIn Retour à la page précédente
5454155,https://www.marocannonces.com/categorie/314/Voitures-occasion/annonce/5454155/Chevrolet-Cruze-Diesel-TT-Options-2012.html,marocannonces,2026-10-02,2026-10-02 02:42:02,Chevrolet Cruze Diesel-TT Options-2012,Chevrolet,Cruze,,2012.0,25000.0,Diesel,,08-10 chevaux,,Occasion,,,Particulier,,,Casablanca,Casablanca-Settat,152000.0,3.0,152 000 DH Chevrolet Cruze Diesel-TT Options-2012 Casablanca Vue: 11 Annonce N°: 5454155 Marque: Chevrolet Modèle: Cruze Année : 2012 Kilométrage : 25000 Carburant  : Diesel Puissance : 08-10 chevaux Ville : Casablanca Detail de l'annonce : Je mets en vente ma voiture Chevrolet Cruze diesel 2012 toutes options. . . . . . . . . . . . . . Annonceur : Mme BERRADA Répondre l'annonceur Imprimer Signaler cette annonce Envoyer à un ami Partager sur Facebook Twitter LinkedIn Retour à la page précédente
7529377,https://www.marocannonces.com/categorie/314/Voitures-occasion/annonce/7529377/Hyundai-i10-a-vendre.html,marocannonces,2026-10-02,2026-10-02 02:42:03,Hyundai  i10 a vendre,Hyundai,I10,,2012.0,162000.0,Essence,,05-07 chevaux,,Occasion,,,Particulier,,,Casablanca,Casablanca-Settat,60000.0,4.0,"60 000 DH Hyundai  i10 a vendre Casablanca Vue: 73 Annonce N°: 7529377 Marque: Hyundai Modèle: I10 Année : 2012 Kilométrage : 162000 Carburant  : Essence Puissance : 05-07 chevaux Ville : Casablanca Detail de l'annonce : Bonjour je vends ma voiture hyundai  i10, la clime +station radar ,les fare ,secoure et en bonne etat Annonceur : Mourad Répondre l'annonceur Imprimer Signaler cette annonce Envoyer à un ami Partager sur Facebook Twitter LinkedIn Retour à la page précédente"
7529276,https://www.marocannonces.com/categorie/314/Voitures-occasion/annonce/7529276/SEAT-IBIZA-DIESEL.html,marocannonces,2026-10-02,2026-10-02 02:42:04,SEAT IBIZA DIESEL,Seat,Ibiza,,2006.0,200000.0,Diesel,,08-10 chevaux,,Occasion,,,Particulier,,,Casablanca,Casablanca-Settat,60000.0,8.0,"60 000 DH SEAT IBIZA DIESEL Casablanca Vue: 77 Annonce N°: 7529276 Marque: Seat Modèle: Ibiza Année : 2006 Kilométrage : 200000 Carburant  : Diesel Puissance : 08-10 chevaux Ville : Casablanca Detail de l'annonce : Je mets en vente ma SEAT IBIZA Date de mise en circulation :10/2006 Diesel ,faible consommation Vitres électriques (avant) 4 pneus et batterie récemment changés Vidange 10000 km fait le 03/08/2018 Annonceur : ADIL BOUZAIDI Répondre l'annonceur Imprimer Signaler cette annonce Envoyer à un ami Partager sur Facebook Twitter LinkedIn Retour à la page précédente"
7529186,https://www.marocannonces.com/categorie/314/Voitures-occasion/annonce/7529186/Fiat-siena.html,marocannonces,2026-10-02,2026-10-02 02:42:05,Fiat siena,Fiat,Siena ELX,,2002.0,260000.0,Diesel,,05-07 chevaux,,Occasion,,,Particulier,,,Fès,Fès-Meknès,43000.0,1.0,43 000 DH Fiat siena Fès Vue: 17 Annonce N°: 7529186 Marque: Fiat Modèle: Siena ELX Année : 2002 Kilométrage : 260000 Carburant  : Diesel Puissance : 05-07 chevaux Ville : Fès Detail de l'annonce : Fiat siena en bonne état Vitre électrique avant Faible consommation Annonceur : Taoufik Répondre l'annonceur Imprimer Signaler cette annonce Envoyer à un ami Partager sur Facebook Twitter LinkedIn Retour à la page précédente
7529159,https://www.marocannonces.com/categorie/314/Voitures-occasion/annonce/7529159/Hyundai-Accent-Diesel.html,marocannonces,2026-10-02,2026-10-02 02:42:06,Hyundai Accent Diesel,Hyundai,Accent,,2017.0,50000.0,Diesel,Automatique,05-07 chevaux,,Occasion,,,Particulier,,,Casablanca,Casablanca-Settat,135000.0,1.0,135 000 DH Hyundai Accent Diesel Casablanca Vue: 49 Annonce N°: 7529159 Marque: Hyundai Modèle: Accent Année : 2017 Kilométrage : 50 000 Carburant  : Diesel Puissance : 05-07 chevaux Ville : Casablanca Detail de l'annonce : Hyundai Accent Diesel modele 2017 50 000km 6 chevaux / 4 cylindres tout option Automatique Annonceur : HAMDI RACHID Répondre l'annonceur Imprimer Signaler cette annonce Envoyer à un ami Partager sur Facebook Twitter LinkedIn Retour à la page précédente
5663989,https://www.marocannonces.com/categorie/314/Voitures-occasion/annonce/5663989/Xsara-Citroën.html,marocannonces,2026-10-02,2026-10-02 02:42:06,Xsara Citroën,Citroën,Xsara Picasso,,2004.0,199000.0,Diesel,,05-07 chevaux,,Occasion,,,Particulier,,,Casablanca,Casablanca-Settat,55000.0,4.0,55 000 DH Xsara Citroën Casablanca Vue: 16 Annonce N°: 5663989 Marque: Citroen Modèle: Xsara Picasso Année : 2004 Kilométrage : 199000 Carburant  : Diesel Puissance : 05-07 chevaux Ville : Casablanca Detail de l'annonce : Je met en vent une xsara tout option clima bien à march radare de recul GPS ... . . . . . . . . . . . . . Annonceur : Mustapha Répondre l'annonceur Imprimer Signaler cette annonce Envoyer à un ami Partager sur Facebook Twitter LinkedIn Retour à la page précédente
5664002,https://www.marocannonces.com/categorie/314/Voitures-occasion/annonce/5664002/Dacia-logan-diesel-6-ch.html,marocannonces,2026-10-02,2026-10-02 02:42:07,Dacia logan diesel 6 ch,Dacia,Logan,,2006.0,120000.0,Diesel,,05-07 chevaux,,Occasion,,,Particulier,,,Casablanca,Casablanca-Settat,62000.0,3.0,62 000 DH Dacia logan diesel 6 ch Casablanca Vue: 9 Annonce N°: 5664002 Marque: Dacia Modèle: Logan Année : 2006 Kilométrage : 120000 Carburant  : Diesel Puissance : 05-07 chevaux Ville : Casablanca Detail de l'annonce : Je mets en vente ma belle voiture Logan diesel très bien propre jamais accidentée peinture d origine et toute options sauf clim 2 clés d origine... . . . . . . . . . . . . . Annonceur : Utilisateur Répondre l'annonceur Imprimer Signaler cette annonce Envoyer à un ami Partager sur Facebook Twitter LinkedIn Retour à la page précédente
7529107,https://www.marocannonces.com/categorie/314/Voitures-occasion/annonce/7529107/Vente-309.html,marocannonces,2026-10-02,2026-10-02 02:42:08,Vente 309,Peugeot,Autre,,,,,,,,Neuf,,,Particulier,,,Casablanca,Casablanca-Settat,27000.0,3.0,27 000 DH Vente 309 Casablanca Vue: 31 Annonce N°: 7529107 Marque : Peugeot Ville : Casablanca Detail de l'annonce : Met ma voiture peugeot 309 2port à vendre model 1987 douane /08/1998 motour 205 neuf diesel 8che jamais accidenté Annonceur : Mourad Répondre l'annonceur Imprimer Signaler cette annonce Envoyer à un ami Partager sur Facebook Twitter LinkedIn Retour à la page précédente
7529063,"https://www.marocannonces.com/categorie/314/Voitures-occasion/annonce/7529063/ford-focus-à-vendre-,-bon-occasion.html",marocannonces,2026-10-02,2026-10-02 02:42:09,"ford focus à vendre , bon occasion",Ford,Focus,,2011.0,200000.0,Diesel,,05-07 chevaux,,Occasion,,,Particulier,,,Agadir,Souss-Massa,120000.0,1.0,"120 000 DH ford focus à vendre , bon occasion Agadir Vue: 18 Annonce N°: 7529063 Marque: Ford Modèle: Focus Année : 2011 Kilométrage : 200000 Carburant  : Diesel Puissance : 05-07 chevaux Ville : Agadir Detail de l'annonce : je mets ma voiture fors focus disponible à agadir en vente, très bonne état, pour plus d'information merci de me contacter par téléphone Annonceur : mustapha lahricha Répondre l'annonceur Imprimer Signaler cette annonce Envoyer à un ami Partager sur Facebook Twitter LinkedIn Retour à la page précédente"
6111901,https://www.marocannonces.com/categorie/314/Voitures-occasion/annonce/6111901/PEUGEOT-508-DIESEL.html,marocannonces,2026-10-02,2026-10-02 02:42:10,PEUGEOT 508 DIESEL,Peugeot,508,,2011.0,153000.0,Diesel,,05-07 chevaux,,Occasion,,,Particulier,,,Casablanca,Casablanca-Settat,127000.0,1.0,127 000 DH PEUGEOT 508 DIESEL Casablanca Vue: 6 Annonce N°: 6111901 Marque: Peugeot Modèle: 508 Année : 2011 Kilométrage : 153000 Carburant  : Diesel Puissance : 05-07 chevaux Ville : Casablanca Detail de l'annonce : PEUGEOT 508 DIESEL TOUTES OPTION CLIM 4VITRES ELECTRIQUES JANTES ALLU EN BON ETAT MOTEUR ET CARROSSERIES. VOIR LES PHOTOS . . . . . . . . . Annonceur : youssef Répondre l'annonceur Imprimer Signaler cette annonce Envoyer à un ami Partager sur Facebook Twitter LinkedIn Retour à la page précédente
7528911,https://www.marocannonces.com/categorie/314/Voitures-occasion/annonce/7528911/Citroen-DS4.html,marocannonces,2026-10-02,2026-10-02 02:42:11,Citroen DS4,Citroën,C4,,2013.0,84000.0,Diesel,Automatique,08-10 chevaux,,Occasion,,,Particulier,,,Agadir,Souss-Massa,140000.0,6.0,"140 000 DH Citroen DS4 Agadir Vue: 51 Annonce N°: 7528911 Marque: Citroen Modèle: C4 Année : 2013 Kilométrage : 84000 Carburant  : Diesel Puissance : 08-10 chevaux Ville : Agadir Detail de l'annonce : Je mets en vente Une très belle voiture Citroën DS4 model 2013 boite Manuelle diesel 8cv peinture original , Moteur 2l . 164chvl , 84000klm,  palette au volant Volant multifonctions ordinateur de bord limiteur de vitesse . GPS EUROP allumage feux automatique. Siége cuir , Aide stationement AV/AR , Plaquette frein 10.000klm , détecteur pluie automatique. Clim digitale , téléphone -bluetooth - mp3 - auxiliaire . Jantes Aluminium , Acheter en France , Dédouanement en 2017 . merci Annonceur : Mehdi Répondre l'annonceur Imprimer Signaler cette annonce Envoyer à un ami Partager sur Facebook Twitter LinkedIn Retour à la page précédente"
7528896,https://www.marocannonces.com/categorie/314/Voitures-occasion/annonce/7528896/jeep-compass.html,marocannonces,2026-10-02,2026-10-02 02:42:12,jeep compass,Jeep,COMPASS,,2007.0,250000.0,Diesel,,08-10 chevaux,,Occasion,,,Particulier,,,Casablanca,Casablanca-Settat,48000.0,1.0,48 000 DH jeep compass Casablanca Vue: 46 Annonce N°: 7528896 Marque: Jeep Modèle: COMPASS Année : 2007 Kilométrage : 250000 Carburant  : Diesel Puissance : 08-10 chevaux Ville : Casablanca Detail de l'annonce : je met en vente ma jeep compaas 8chs modele 2007 dans l etat ou elle est Annonceur : hassan Répondre l'annonceur Imprimer Signaler cette annonce Envoyer à un ami Partager sur Facebook Twitter LinkedIn Retour à la page précédente
7528820,https://www.marocannonces.com/categorie/314/Voitures-occasion/annonce/7528820/peugeot-309-1990-diesel.html,marocannonces,2026-10-02,2026-10-02 02:42:12,peugeot 309 1990 diesel,Peugeot,309,,1990.0,,Diesel,,05-07 chevaux,,Occasion,,,Particulier,,,Marrakech,Marrakech-Safi,38000.0,2.0,38 000 DH peugeot 309 1990 diesel Marrakech Vue: 43 Annonce N°: 7528820 Marque: Peugeot Modèle: 309 Année : 1990 Carburant  : Diesel Puissance : 05-07 chevaux Ville : Marrakech Detail de l'annonce : peugeot  309 7 chevaux  model 1990 Annonceur : rakassi abderrahim Répondre l'annonceur Imprimer Signaler cette annonce Envoyer à un ami Partager sur Facebook Twitter LinkedIn Retour à la page précédente
7528802,https://www.marocannonces.com/categorie/314/Voitures-occasion/annonce/7528802/Vend-DACIA-SANDERO-couleur-BORDEAUX80000-Kms.html,marocannonces,2026-10-02,2026-10-02 02:42:13,Vend DACIA SANDERO couleur BORDEAUX.80000 Kms,Dacia,Sandero,,2010.0,80000.0,Diesel,,05-07 chevaux,,Occasion,,,Particulier,,,Casablanca,Casablanca-Settat,80000.0,1.0,80 000 DH Vend DACIA SANDERO couleur BORDEAUX.80000 Kms Casablanca Vue: 20 Annonce N°: 7528802 Marque: Dacia Modèle: Sandero Année : 2010 Kilométrage : 80000 Carburant  : Diesel Puissance : 05-07 chevaux Ville : Casablanca Detail de l'annonce : DACIA SANDERO 80.000 Kilomètres. Modèle 2010 Annonceur : Bouchra Répondre l'annonceur Imprimer Signaler cette annonce Envoyer à un ami Partager sur Facebook Twitter LinkedIn Retour à la page précédente
7528630,https://www.marocannonces.com/categorie/314/Voitures-occasion/annonce/7528630/RENAULT19-CHAMADE.html,marocannonces,2026-10-02,2026-10-02 02:42:14,RENAULT19 CHAMADE,Renault,19,,1990.0,300000.0,Diesel,,05-07 chevaux,,Occasion,,,Particulier,0667469467,993f8dcabbfbe4ec7ecbb66c1c91f6e6d767b3eab779faa33c93c5e19935c81b,Sidi kacem,Rabat-Salé-Kénitra,31000.0,5.0,31 000 DH RENAULT19 CHAMADE Sidi kacem Vue: 33 Annonce N°: 7528630 Marque: Renault Modèle: 19 Année : 1990 Kilométrage : 300000 Carburant  : Diesel Puissance : 05-07 chevaux Ville : Sidi kacem Detail de l'annonce : طموبيل مليحة كل شيء خالص لي بغا مرحبا الهاتف:0667469467 Annonceur : SALM Répondre l'annonceur Imprimer Signaler cette annonce Envoyer à un ami Partager sur Facebook Twitter LinkedIn Retour à la page précédente
7517096,https://www.marocannonces.com/categorie/314/Voitures-occasion/annonce/7517096/Opel-astra-à-vendre.html,marocannonces,2026-10-02,2026-10-02 02:42:15,Opel astra à vendre,Opel,Astra,,2012.0,120000.0,Diesel,,05-07 chevaux,,Occasion,,,Particulier,,,Casablanca,Casablanca-Settat,110000.0,4.0,110 000 DH Opel astra à vendre Casablanca Vue: 32 Annonce N°: 7517096 Marque: Opel Modèle: Astra Année : 2012 Kilométrage : 120000 Carburant  : Diesel Puissance : 05-07 chevaux Ville : Casablanca Detail de l'annonce : Opel astra salon propre moteur impecaple carrosserie aucune reparation toute option 2eme maint jante alume ext Annonceur : Asafi saif Répondre l'annonceur Imprimer Signaler cette annonce Envoyer à un ami Partager sur Facebook Twitter LinkedIn Retour à la page précédente
7528433,https://www.marocannonces.com/categorie/314/Voitures-occasion/annonce/7528433/citroen-berlingo.html,marocannonces,2026-10-02,2026-10-02 02:42:16,citroen berlingo,Citroën,Berlingo,,2000.0,0.0,Diesel,,05-07 chevaux,,Occasion,,,Particulier,,,Casablanca,Casablanca-Settat,64000.0,5.0,64 000 DH citroen berlingo Casablanca Vue: 39 Annonce N°: 7528433 Marque: Citroen Modèle: Berlingo Année : 2000 Kilométrage : 0 Carburant  : Diesel Puissance : 05-07 chevaux Ville : Casablanca Detail de l'annonce : citroen berlingo sur commande Annonceur : soufiane Répondre l'annonceur Imprimer Signaler cette annonce Envoyer à un ami Partager sur Facebook Twitter LinkedIn Retour à la page précédente
7528408,https://www.marocannonces.com/categorie/314/Voitures-occasion/annonce/7528408/C-220-cdi.html,marocannonces,2026-10-02,2026-10-02 02:42:17,C 220 cdi,Mercedes-Benz,C220,,1999.0,347800.0,Diesel,,08-10 chevaux,,Occasion,,,Particulier,,,Agadir,Souss-Massa,88000.0,8.0,"88 000 DH C 220 cdi Agadir Vue: 41 Annonce N°: 7528408 Marque: Mercedes-Benz Modèle: C220 Année : 1999 Kilométrage : 347800 Carburant  : Diesel Puissance : 08-10 chevaux Ville : Agadir Detail de l'annonce : Je met en vente une belle c 220 cdi mod: 1999 déd : 2009 verte ( khziya )vitesse auto ,vitr éléct ,clim cd ,jant allum . Annonceur : hatim Répondre l'annonceur Imprimer Signaler cette annonce Envoyer à un ami Partager sur Facebook Twitter LinkedIn Retour à la page précédente"
7517306,https://www.marocannonces.com/categorie/314/Voitures-occasion/annonce/7517306/Dacia-logan.html,marocannonces,2026-10-02,2026-10-02 02:42:17,Dacia logan,Dacia,Logan,,2009.0,,Diesel,,05-07 chevaux,,Occasion,,,Particulier,0614392139,7c70f2723b703481b9a8aa6a180dca0dbd79cffc829ff6a94578aca251e99cd7,Casablanca,Casablanca-Settat,71000.0,1.0,71 000 DH Dacia logan Casablanca Vue: 29 Annonce N°: 7517306 Marque: Dacia Modèle: Logan Année : 2009 Carburant  : Diesel Puissance : 05-07 chevaux Ville : Casablanca Detail de l'annonce : Bonjour je mets en vente ma voiture logan baka nkia modèle 2009 merci de me contacter sur le 0614392139 Annonceur : Khadija Répondre l'annonceur Imprimer Signaler cette annonce Envoyer à un ami Partager sur Facebook Twitter LinkedIn Retour à la page précédente
7528169,https://www.marocannonces.com/categorie/314/Voitures-occasion/annonce/7528169/RENAULT-LAGUNA-2003.html,marocannonces,2026-10-02,2026-10-02 02:42:18,RENAULT LAGUNA 2003,Renault,Laguna,,2003.0,150000.0,Essence,Automatique,13 chevaux,,Occasion,,,Particulier,,,El jadida,Casablanca-Settat,14000.0,5.0,14 000 DH RENAULT LAGUNA 2003 El jadida Vue: 126 Annonce N°: 7528169 Marque: Renault Modèle: Laguna Année : 2003 Kilométrage : 150000 Carburant  : Essence Puissance : 13 chevaux Ville : El jadida Detail de l'annonce : je mets en vente ma voiture Renault Laguna Essence vignette 8000dh nom payé 2017/2018 la boite a vitesse automatique Annonceur : KAMAL Répondre l'annonceur Imprimer Signaler cette annonce Envoyer à un ami Partager sur Facebook Twitter LinkedIn Retour à la page précédente
7524849,https://www.marocannonces.com/categorie/314/Voitures-occasion/annonce/7524849/citroen-c4-diesel.html,marocannonces,2026-10-02,2026-10-02 02:42:19,citroen c4 diesel,Citroën,C4,,,,,,,,Occasion,,,Particulier,,,Casablanca,Casablanca-Settat,62000.0,1.0,"62 000 DH citroen c4 diesel Casablanca Vue: 19 Annonce N°: 7524849 Marque: Citroen Modèle: C4 Detail de l'annonce : Je mets en vente ma voiture citroen c4 2005 diesel Toute option: régulateur et limiteur de vitesse,vitres électriques,juantes aluminium,radar de recul,climat digital,commande sur volant.... 6cv vignette 700dhs si vs êtes intéressé contactez moi sur mon num wtsp prix 62000dhs. Annonceur : achraf Répondre l'annonceur Imprimer Signaler cette annonce Envoyer à un ami Partager sur Facebook Twitter LinkedIn Retour à la page précédente"
7527961,https://www.marocannonces.com/categorie/314/Voitures-occasion/annonce/7527961/Peugeot-407.html,marocannonces,2026-10-02,2026-10-02 02:42:20,Peugeot 407,Peugeot,407,,2007.0,160000.0,Diesel,Automatique,08-10 chevaux,,Occasion,,,Particulier,,,Casablanca,Casablanca-Settat,65000.0,7.0,65 000 DH Peugeot 407 Casablanca Vue: 78 Annonce N°: 7527961 Marque: Peugeot Modèle: 407 Année : 2007 Kilométrage : 160000 Carburant  : Diesel Puissance : 08-10 chevaux Ville : Casablanca Detail de l'annonce : Je mets en vente Peugeot 407 Diesel mars 2007 8cvx. Climatisation auto bizone régulateur limiteur de vitesse détecteur de pluie allumage automatique des feux rétroviseurs électriques. ... Annonceur : Abdelkader Répondre l'annonceur Imprimer Signaler cette annonce Envoyer à un ami Partager sur Facebook Twitter LinkedIn Retour à la page précédente
7506736,https://www.marocannonces.com/categorie/314/Voitures-occasion/annonce/7506736/Voiture-touran.html,marocannonces,2026-10-02,2026-10-02 02:42:20,Voiture touran,Volkswagen,TOURAN,,,,,Automatique,,Dédouanée,Occasion,,,Particulier,,,Casablanca,Casablanca-Settat,170000.0,4.0,"170 000 DH Voiture touran Casablanca Vue: 22 Annonce N°: 7506736 Marque: Volkswagen Modèle: TOURAN Detail de l'annonce : Voiture en trés bon état automatique, salon cuir,7 places model 2014 dédouanée en 2017 Annonceur : Oumaima rabi Répondre l'annonceur Imprimer Signaler cette annonce Envoyer à un ami Partager sur Facebook Twitter LinkedIn Retour à la page précédente"
7527740,https://www.marocannonces.com/categorie/314/Voitures-occasion/annonce/7527740/Vente-Fiat-500-neuve.html,marocannonces,2026-10-02,2026-10-02 02:42:21,Vente Fiat 500 neuve,Fiat,500,,2016.0,15600.0,Diesel,,05-07 chevaux,,Neuf,,,Particulier,,,Casablanca,Casablanca-Settat,115000.0,3.0,115 000 DH Vente Fiat 500 neuve Casablanca Vue: 33 Annonce N°: 7527740 Marque: Fiat Modèle: 500 Année : 2016 Kilométrage : 15600KM Carburant  : Diesel Puissance : 05-07 chevaux Ville : Casablanca Detail de l'annonce : Bonjour Je mets en ventre ma voiture Fiat 500 en très bonne état Annonceur : Zireb Répondre l'annonceur Imprimer Signaler cette annonce Envoyer à un ami Partager sur Facebook Twitter LinkedIn Retour à la page précédente
7527641,https://www.marocannonces.com/categorie/314/Voitures-occasion/annonce/7527641/DACIA-SANDERO.html,marocannonces,2026-10-02,2026-10-02 02:42:22,DACIA SANDERO,Dacia,Sandero,,2014.0,115000.0,Diesel,,05-07 chevaux,,Occasion,,,Particulier,,,Casablanca,Casablanca-Settat,79000.0,5.0,79 000 DH DACIA SANDERO Casablanca Vue: 46 Annonce N°: 7527641 Marque: Dacia Modèle: Sandero Année : 2014 Kilométrage : 115000 Carburant  : Diesel Puissance : 05-07 chevaux Ville : Casablanca Detail de l'annonce : je met en vente ma voiture dacia sandero modele 11.2013 tout options sauf lecrant tactel Annonceur : NIZAR Répondre l'annonceur Imprimer Signaler cette annonce Envoyer à un ami Partager sur Facebook Twitter LinkedIn Retour à la page précédente
7527513,https://www.marocannonces.com/categorie/314/Voitures-occasion/annonce/7527513/PEUGEOT-307-HDI.html,marocannonces,2026-10-02,2026-10-02 02:42:23,PEUGEOT 307 HDI,Peugeot,307,,2003.0,258000.0,Diesel,,05-07 chevaux,,Occasion,,,Particulier,,,Fès,Fès-Meknès,68000.0,5.0,"68 000 DH PEUGEOT 307 HDI Fès Vue: 47 Annonce N°: 7527513 Marque: Peugeot Modèle: 307 Année : 2003 Kilométrage : 258000 Carburant  : Diesel Puissance : 05-07 chevaux Ville : Fès Detail de l'annonce : JE MET EN VENTE MA VOITURE TOUTE OPTION,EN TRES BONNE ETAT. Annonceur : YASSINE Répondre l'annonceur Imprimer Signaler cette annonce Envoyer à un ami Partager sur Facebook Twitter LinkedIn Retour à la page précédente"
7527585,https://www.marocannonces.com/categorie/314/Voitures-occasion/annonce/7527585/clio-diesel-a-vendre.html,marocannonces,2026-10-02,2026-10-02 02:42:24,clio diesel a vendre,Renault,Clio,,2016.0,58000.0,Diesel,,05-07 chevaux,,Occasion,,,Particulier,,,Casablanca,Casablanca-Settat,125000.0,7.0,125 000 DH clio diesel a vendre Casablanca Vue: 62 Annonce N°: 7527585 Marque: Renault Modèle: Clio Année : 2016 Kilométrage : 58000 Carburant  : Diesel Puissance : 05-07 chevaux Ville : Casablanca Detail de l'annonce : Marque : Renault Modèle : Clio 4 Mise en circulation : 22/06/2016 Kilométrage : 58000km Jantes : 17 pouces Finition : Intense Révisions effectués Chez Renault Toujours sous garantie jusqu’au 22/06/2019 Renault dCi 1.5 125000 peu négociable Annonceur : Abdelhadi Répondre l'annonceur Imprimer Signaler cette annonce Envoyer à un ami Partager sur Facebook Twitter LinkedIn Retour à la page précédente
7527464,https://www.marocannonces.com/categorie/314/Voitures-occasion/annonce/7527464/Peugeot-307-essence.html,marocannonces,2026-10-02,2026-10-02 02:42:25,Peugeot 307 essence,Peugeot,307,,2003.0,165000.0,Essence,,05-07 chevaux,,Occasion,,,Particulier,,,Tout le Maroc,,35000.0,5.0,"35 000 DH Peugeot 307 essence Tout le Maroc Vue: 143 Annonce N°: 7527464 Marque: Peugeot Modèle: 307 Année : 2003 Kilométrage : 165000 Carburant  : Essence Puissance : 05-07 chevaux Ville : Tout le Maroc Detail de l'annonce : je mets en vente ma voiture qui est très en forme ,sans aucun problème,à un prix très abordable .pour plus d'informations veuillez me contacter !merci Annonceur : Denis Emiline Répondre l'annonceur Imprimer Signaler cette annonce Envoyer à un ami Partager sur Facebook Twitter LinkedIn Retour à la page précédente"
7527255,https://www.marocannonces.com/categorie/314/Voitures-occasion/annonce/7527255/Opel-Astra-1993-diesel.html,marocannonces,2026-10-02,2026-10-02 02:42:26,Opel Astra 1993 diesel,Opel,Astra,,1993.0,,Diesel,,05-07 chevaux,,Occasion,,,Particulier,,,Safi,Marrakech-Safi,55000.0,1.0,"55 000 DH Opel Astra 1993 diesel Safi Vue: 37 Annonce N°: 7527255 Marque: Opel Modèle: Astra Année : 1993 Carburant  : Diesel Puissance : 05-07 chevaux Ville : Safi Detail de l'annonce : Je mets en vente une voiture Opel Astra 1993 Diesel, en bonne état. Annonceur : abdelkader Répondre l'annonceur Imprimer Signaler cette annonce Envoyer à un ami Partager sur Facebook Twitter LinkedIn Retour à la page précédente"
7527247,https://www.marocannonces.com/categorie/314/Voitures-occasion/annonce/7527247/Hyundai-i30-diesel-2010.html,marocannonces,2026-10-02,2026-10-02 02:42:27,Hyundai i30 diesel-2010,Hyundai,I30,,2010.0,334000.0,Diesel,Manuelle,05-07 chevaux,,Occasion,,,Particulier,,,Rabat,Rabat-Salé-Kénitra,88000.0,3.0,"88 000 DH Hyundai i30 diesel-2010 Rabat Vue: 85 Annonce N°: 7527247 Marque: Hyundai Modèle: I30 Année : 2010 Kilométrage : 334000 Carburant  : Diesel Puissance : 05-07 chevaux Ville : Rabat Detail de l'annonce : Je vends une hyundai i30 mod 08/2010 diesel 6 cv,puissnace 128 chv, bv manuelle 6 rapport, 334K km,clim auto digitale  commande au volant volant reglable hauteur et profondeur, cd mp3 allumage auto des feux retros électriques rabattables 4 vitres électriques , voiture en bon état, entretien régulier. Prix 8800 légèrement négociable Annonceur : Mohamed anas Répondre l'annonceur Imprimer Signaler cette annonce Envoyer à un ami Partager sur Facebook Twitter LinkedIn Retour à la page précédente"
7527212,https://www.marocannonces.com/categorie/314/Voitures-occasion/annonce/7527212/Dacia-dokker.html,marocannonces,2026-10-02,2026-10-02 02:42:28,Dacia dokker,Dacia,Dokker,,2017.0,30000.0,Diesel,,05-07 chevaux,,Occasion,,,Particulier,,,El jadida,Casablanca-Settat,129000.0,2.0,129 000 DH Dacia dokker El jadida Vue: 44 Annonce N°: 7527212 Marque: Dacia Modèle: Dokker Année : 2017 Kilométrage : 30000 Carburant  : Diesel Puissance : 05-07 chevaux Ville : El jadida Detail de l'annonce : Je met en vente dacia dokker 1 ère main acheté le 07/08/2017 avec 6 portes tt option (clim +régulateur/limiteur de vitesse + commande au volant + vitre/rétroviseur éléctrique + pare choc/rétroviseur teinté ) Annonceur : Khaled yahia badr Répondre l'annonceur Imprimer Signaler cette annonce Envoyer à un ami Partager sur Facebook Twitter LinkedIn Retour à la page précédente
7527208,https://www.marocannonces.com/categorie/314/Voitures-occasion/annonce/7527208/Volkswagen-golf-4-diesel.html,marocannonces,2026-10-02,2026-10-02 02:42:29,Volkswagen golf 4 diesel,Volkswagen,GOLF+,,2001.0,198.0,Diesel,,08-10 chevaux,Dédouanée,Occasion,1,,Particulier,,,Casablanca,Casablanca-Settat,82000.0,3.0,"82 000 DH Volkswagen golf 4 diesel Casablanca Vue: 29 Annonce N°: 7527208 Marque: Volkswagen Modèle: GOLF+ Année : 2001 Kilométrage : 198 Carburant  : Diesel Puissance : 08-10 chevaux Ville : Casablanca Detail de l'annonce : Volkswagen golf 4 diesel modèle 2001 dédouané 2011 (Allemagne, première main) Puissance fiscale  8cv 6éme  Consommation très  faible  ABS Climatisation digitale 4 airbags Verrouillage centralisé des portes Vitres électriques Moteur 130 Anti patinage  Poste radio cd/mp3 Rétroviseurs électriques Jantes aluminium Système d alarme Antibrouillard Immatriculation Casablanca 72 Jamais accidenté Salon propre Annonceur : mjd Répondre l'annonceur Imprimer Signaler cette annonce Envoyer à un ami Partager sur Facebook Twitter LinkedIn Retour à la page précédente"
7527144,https://www.marocannonces.com/categorie/314/Voitures-occasion/annonce/7527144/Toyota-Corolla-Diesel-2002.html,marocannonces,2026-10-02,2026-10-02 02:42:30,Toyota Corolla Diesel -2002,Toyota,Corolla,,2002.0,299000.0,Diesel,,08-10 chevaux,,Occasion,,,Particulier,,,Rabat,Rabat-Salé-Kénitra,47000.0,4.0,47 000 DH Toyota Corolla Diesel -2002 Rabat Vue: 42 Annonce N°: 7527144 Marque: Toyota Modèle: Corolla Année : 2002 Kilométrage : 299000 Carburant  : Diesel Puissance : 08-10 chevaux Ville : Rabat Detail de l'annonce : Je met en vente ma Toyota Corolla Diesel 2002. En bonne état par rapport à son modèle..Avec un bon prix 47 000 DH Annonceur : Ibaroui Abdelmajid Répondre l'annonceur Imprimer Signaler cette annonce Envoyer à un ami Partager sur Facebook Twitter LinkedIn Retour à la page précédente
7527142,https://www.marocannonces.com/categorie/314/Voitures-occasion/annonce/7527142/Audi-A3-8p-Sportback.html,marocannonces,2026-10-02,2026-10-02 02:42:31,Audi A3 8p Sportback,Audi,A3,,2008.0,230000.0,Diesel,,08-10 chevaux,,Neuf,,,Particulier,,,Marrakech,Marrakech-Safi,130000.0,2.0,"130 000 DH Audi A3 8p Sportback Marrakech Vue: 64 Annonce N°: 7527142 Marque: Audi Modèle: A3 Année : 2008 Kilométrage : 230000 Carburant  : Diesel Puissance : 08-10 chevaux Ville : Marrakech Detail de l'annonce : Audi A3 dedouané en fin 2012 avec 170 ch en moteur,très puissante et toute neuve Annonceur : Adil Répondre l'annonceur Imprimer Signaler cette annonce Envoyer à un ami Partager sur Facebook Twitter LinkedIn Retour à la page précédente"
7527117,https://www.marocannonces.com/categorie/314/Voitures-occasion/annonce/7527117/partner-a-vendre.html,marocannonces,2026-10-02,2026-10-02 02:42:32,partner a vendre,Peugeot,Partner,,2007.0,400.0,Diesel,,05-07 chevaux,,Occasion,,,Particulier,,,Marrakech,Marrakech-Safi,48000.0,4.0,48 000 DH partner a vendre Marrakech Vue: 30 Annonce N°: 7527117 Marque: Peugeot Modèle: Partner Année : 2007 Kilométrage : 400 Carburant  : Diesel Puissance : 05-07 chevaux Ville : Marrakech Detail de l'annonce : بارتنير 2007 نقية موتور مليح او جديد ما كاينش فيماج البوراج والو بنوات جداد باتري جديد االكروا يلاه مبدلة سيارة مليحة التمن  دد48000 درهم تمن مزيان او غير قابل للنقاش Annonceur : احمد Répondre l'annonceur Imprimer Signaler cette annonce Envoyer à un ami Partager sur Facebook Twitter LinkedIn Retour à la page précédente
7527065,https://www.marocannonces.com/categorie/314/Voitures-occasion/annonce/7527065/renault-19.html,marocannonces,2026-10-02,2026-10-02 02:42:32,renault 19,Renault,19,,1994.0,200000.0,Diesel,,05-07 chevaux,,Occasion,,,Particulier,,,Casablanca,Casablanca-Settat,47000.0,2.0,47 000 DH renault 19 Casablanca Vue: 29 Annonce N°: 7527065 Marque: Renault Modèle: 19 Année : 1994 Kilométrage : ~_  200000 Carburant  : Diesel Puissance : 05-07 chevaux Ville : Casablanca Detail de l'annonce : Renault 19  storia vendre modele 1994 diwana 2008 couleur rouge Bonne etat Annonceur : khalid Répondre l'annonceur Imprimer Signaler cette annonce Envoyer à un ami Partager sur Facebook Twitter LinkedIn Retour à la page précédente
7527013,https://www.marocannonces.com/categorie/314/Voitures-occasion/annonce/7527013/Volkswagen-touran.html,marocannonces,2026-10-02,2026-10-02 02:42:33,Volkswagen touran,Volkswagen,TOURAN,,2014.0,162000.0,Diesel,Automatique,08-10 chevaux,,Occasion,,,Particulier,,,Casablanca,Casablanca-Settat,95000.0,8.0,95 000 DH Volkswagen touran Casablanca Vue: 35 Annonce N°: 7527013 Marque: Volkswagen Modèle: TOURAN Année : 2014 Kilométrage : 162000 Carburant  : Diesel Puissance : 08-10 chevaux Ville : Casablanca Detail de l'annonce : Je met en vente ma voiture Volkswagen touran 7 place tout options 2l avec boîte automatique siège cuir Nb: voiture non dédouaner. Frais de dédouanement 92500dh Annonceur : Taril Répondre l'annonceur Imprimer Signaler cette annonce Envoyer à un ami Partager sur Facebook Twitter LinkedIn Retour à la page précédente
7526818,https://www.marocannonces.com/categorie/314/Voitures-occasion/annonce/7526818/Toyota-corolla-diesel.html,marocannonces,2026-10-02,2026-10-02 02:42:34,Toyota corolla diesel,Toyota,Corolla,,2014.0,34000.0,Diesel,,05-07 chevaux,,Occasion,1,,Particulier,,,Casablanca,Casablanca-Settat,140000.0,4.0,"140 000 DH Toyota corolla diesel Casablanca Vue: 52 Annonce N°: 7526818 Marque: Toyota Modèle: Corolla Année : 2014 Kilométrage : 34000 Carburant  : Diesel Puissance : 05-07 chevaux Ville : Casablanca Detail de l'annonce : Je vends une Corolla, très bon état 1ère main modèle 2014. Kilométrage 34000. Jantes Alu 17, Bluetooth, Lecteur CD/MP3, Clim auto, Fermeture centralisée, Airbag, commande d'ouverture intérieure coffre… Faible consommation, 6,1L en ville. 5L sur autoroute Toutes les vidanges ont été faites chez Toyota. Annonceur : Amal Répondre l'annonceur Imprimer Signaler cette annonce Envoyer à un ami Partager sur Facebook Twitter LinkedIn Retour à la page précédente"
7526815,https://www.marocannonces.com/categorie/314/Voitures-occasion/annonce/7526815/Vente-peugeot-309.html,marocannonces,2026-10-02,2026-10-02 02:42:35,Vente peugeot 309,Peugeot,Autre,,,,,,,,Neuf,,,Particulier,,,Casablanca,Casablanca-Settat,27000.0,3.0,27 000 DH Vente peugeot 309 Casablanca Vue: 24 Annonce N°: 7526815 Marque : Peugeot Ville : Casablanca Detail de l'annonce : met ma voiture peugeot 309 2port à vendre model 1987 douane /08/1998 motour 205 neuf diesel 8che jamais accidenté Annonceur : Mourad Répondre l'annonceur Imprimer Signaler cette annonce Envoyer à un ami Partager sur Facebook Twitter LinkedIn Retour à la page précédente
7526799,https://www.marocannonces.com/categorie/314/Voitures-occasion/annonce/7526799/Mini-couper.html,marocannonces,2026-10-02,2026-10-02 02:42:36,Mini couper,Mini,Cabrio,,2007.0,,Essence,,05-07 chevaux,,Occasion,,,Particulier,,,Rabat,Rabat-Salé-Kénitra,97000.0,6.0,97 000 DH Mini couper Rabat Vue: 40 Annonce N°: 7526799 Marque: Mini Modèle: Cabrio Année : 2007 Carburant  : Essence Puissance : 05-07 chevaux Ville : Rabat Detail de l'annonce : Je met en vente une mini couper model 2007 full option cabriolet model usa Annonceur : Adil Répondre l'annonceur Imprimer Signaler cette annonce Envoyer à un ami Partager sur Facebook Twitter LinkedIn Retour à la page précédente
7526585,https://www.marocannonces.com/categorie/314/Voitures-occasion/annonce/7526585/Range-Rover-Evoque.html,marocannonces,2026-10-02,2026-10-02 02:42:37,Range Rover Evoque,Land Rover,Range Rover Evoque,,2014.0,72000.0,Diesel,,08-10 chevaux,,Neuf,1,,Particulier,,,Casablanca,Casablanca-Settat,285000.0,5.0,"285 000 DH Range Rover Evoque Casablanca Vue: 100 Annonce N°: 7526585 Marque: Land Rover Modèle: Range Rover Evoque Année : 2014 Kilométrage : 72000 Carburant  : Diesel Puissance : 08-10 chevaux Ville : Casablanca Detail de l'annonce : Je mets en vente mon range rover Evoque modèle juillet 2014, immatriculée casa anfa. 1ère main, en très bon état, 2,2L SD4 190cv. Intérieur cuir, clim auto bi-zone, Toutes les révisions ont été faites en concession, moteur range et non renault comme la majorité des Evoque qui circulent sur casa. 1 : garantie toujours en vigueur pour 1 an encore 2 : 9 vitesses elle n'a rien roulée, a peine 71000 km Elle est quasi neuve... Prix très légèrement négociable. Intermédiaire s'abstenir. Annonceur : fakir nacim Répondre l'annonceur Imprimer Signaler cette annonce Envoyer à un ami Partager sur Facebook Twitter LinkedIn Retour à la page précédente"
6029999,https://www.marocannonces.com/categorie/314/Voitures-occasion/annonce/6029999/peugeot-206-diesel.html,marocannonces,2026-10-02,2026-10-02 02:42:38,peugeot 206 diesel,Peugeot,206,,2000.0,,Diesel,,05-07 chevaux,,Occasion,,,Particulier,,,Casablanca,Casablanca-Settat,65000.0,3.0,65 000 DH peugeot 206 diesel Casablanca Vue: 10 Annonce N°: 6029999 Marque: Peugeot Modèle: 206 Année : 2000 Carburant  : Diesel Puissance : 05-07 chevaux Ville : Casablanca Detail de l'annonce : je mets en vente ma peugeot 206 diesel fermeture centralisée+ clima ... en bon etat que les intermediaires s'abstiennent . . . . . . . . . . . Annonceur : driss Répondre l'annonceur Imprimer Signaler cette annonce Envoyer à un ami Partager sur Facebook Twitter LinkedIn Retour à la page précédente
7526476,https://www.marocannonces.com/categorie/314/Voitures-occasion/annonce/7526476/FORD-KA-A-VENDRE.html,marocannonces,2026-10-02,2026-10-02 02:42:39,FORD KA A VENDRE,Ford,Ka,,2015.0,60000.0,Essence,,,,Occasion,1,,Particulier,,,Marrakech,Marrakech-Safi,75000.0,3.0,75 000 DH FORD KA A VENDRE Marrakech Vue: 42 Annonce N°: 7526476 Marque: Ford Modèle: Ka Année : 2015 Kilométrage : 60000 Carburant  : Essence Ville : Marrakech Detail de l'annonce : FORD KA A VENDRE ANNEE 2015 PREMIÈRE MAIN IDEALE POUR LA VILLE Annonceur : Bruno Répondre l'annonceur Imprimer Signaler cette annonce Envoyer à un ami Partager sur Facebook Twitter LinkedIn Retour à la page précédente
7525769,https://www.marocannonces.com/categorie/314/Voitures-occasion/annonce/7525769/partner-2006-n9ya-occasion.html,marocannonces,2026-10-02,2026-10-02 02:42:40,partner 2006 n9ya occasion,Peugeot,Partner,,2006.0,0.0,Diesel,,05-07 chevaux,,Occasion,,,Particulier,,,Agadir,Souss-Massa,50000.0,1.0,50 000 DH partner 2006 n9ya occasion Agadir Vue: 20 Annonce N°: 7525769 Marque: Peugeot Modèle: Partner Année : 2006 Kilométrage : 00000000000 Carburant  : Diesel Puissance : 05-07 chevaux Ville : Agadir Detail de l'annonce : bon prix li bgha lpartner ..khasha dariba  maghalyach w ghir mzyr 3la lflous maskhitch biha  mais machi mochkil..li bghaha raha mazala n9ya . Annonceur : benatia hamid Répondre l'annonceur Imprimer Signaler cette annonce Envoyer à un ami Partager sur Facebook Twitter LinkedIn Retour à la page précédente
7504882,https://www.marocannonces.com/categorie/314/Voitures-occasion/annonce/7504882/FIAT-DUCATO.html,marocannonces,2026-10-02,2026-10-02 02:42:41,FIAT DUCATO,Fiat,Ducato,,2010.0,56000.0,Diesel,,08-10 chevaux,,Occasion,,,Particulier,,,Casablanca,Casablanca-Settat,,1.0,Prix : N/A FIAT DUCATO Casablanca Vue: 12 Annonce N°: 7504882 Marque: Fiat Modèle: Ducato Année : 2010 Kilométrage : 56000 Carburant  : Diesel Puissance : 08-10 chevaux Ville : Casablanca Detail de l'annonce : VOITURE DE SERVICE EN BON ETAT Annonceur : ABDERRAHIM Répondre l'annonceur Imprimer Signaler cette annonce Envoyer à un ami Partager sur Facebook Twitter LinkedIn Retour à la page précédente
7526113,https://www.marocannonces.com/categorie/314/Voitures-occasion/annonce/7526113/ford-Cmax-Diesel-2007.html,marocannonces,2026-10-02,2026-10-02 02:42:42,ford Cmax Diesel 2007,Ford,C-Max,,2007.0,260000.0,Diesel,,05-07 chevaux,,Occasion,,,Particulier,,,Agadir,Souss-Massa,76000.0,6.0,"76 000 DH ford Cmax Diesel 2007 Agadir Vue: 46 Annonce N°: 7526113 Marque: Ford Modèle: C-Max Année : 2007 Kilométrage : 260 000 Carburant  : Diesel Puissance : 05-07 chevaux Ville : Agadir Detail de l'annonce : je mets en vente ma voiture Ford Cmax 2007; Diesel, 7CV. Voiture puissante, robuste et spacieuse...Toutes options Annonceur : mokhlisse yassin Répondre l'annonceur Imprimer Signaler cette annonce Envoyer à un ami Partager sur Facebook Twitter LinkedIn Retour à la page précédente"
7526069,https://www.marocannonces.com/categorie/314/Voitures-occasion/annonce/7526069/Honda-suzuki.html,marocannonces,2026-10-02,2026-10-02 02:42:43,Honda suzuki,Suzuki,Carry,,1991.0,1356892.0,Essence,,05-07 chevaux,,Occasion,,,Particulier,,,Casablanca,Casablanca-Settat,33000.0,1.0,33 000 DH Honda suzuki Casablanca Vue: 27 Annonce N°: 7526069 Marque: Suzuki Modèle: Carry Année : 1991 Kilométrage : 1356892 Carburant  : Essence Puissance : 05-07 chevaux Ville : Casablanca Detail de l'annonce : Hounda super carry dalco électronique Annonceur : Hmed Répondre l'annonceur Imprimer Signaler cette annonce Envoyer à un ami Partager sur Facebook Twitter LinkedIn Retour à la page précédente
7526240,https://www.marocannonces.com/categorie/314/Voitures-occasion/annonce/7526240/Citroën-c4-6chv-md-2006.html,marocannonces,2026-10-02,2026-10-02 02:42:44,Citroën c4 6chv md 2006,Citroën,C4,,2006.0,23000.0,Diesel,Automatique,05-07 chevaux,,Neuf,,,Particulier,,,Casablanca,Casablanca-Settat,72000.0,6.0,72 000 DH Citroën c4 6chv md 2006 Casablanca Vue: 36 Annonce N°: 7526240 Marque: Citroen Modèle: C4 Année : 2006 Kilométrage : 23000 Carburant  : Diesel Puissance : 05-07 chevaux Ville : Casablanca Detail de l'annonce : Citroën c4 6chv modèle 2006 toute option complè clim digital alarme airbag abs esp 4 vitre électrique batre pneus neufs swiglas automatique lemeir automatique 2 clé originale sécurité enfants sécurité démarrage Annonceur : Mohamed Répondre l'annonceur Imprimer Signaler cette annonce Envoyer à un ami Partager sur Facebook Twitter LinkedIn Retour à la page précédente
7525972,https://www.marocannonces.com/categorie/314/Voitures-occasion/annonce/7525972/Ford-Transit-Custom-neuf.html,marocannonces,2026-10-02,2026-10-02 02:42:45,Ford Transit Custom neuf,Ford,Transit,,2017.0,170000.0,Diesel,,08-10 chevaux,,Neuf,,,Particulier,,,Casablanca,Casablanca-Settat,162000.0,8.0,"162 000 DH Ford Transit Custom neuf Casablanca Vue: 616 Annonce N°: 7525972 Marque: Ford Modèle: Transit Année : 2017 Kilométrage : 170000 Carburant  : Diesel Puissance : 08-10 chevaux Ville : Casablanca Detail de l'annonce : Sté met en vente 5 Ford Transit Custom en état neuf. moteur 2.2l TDCI de 100 cv. Vitres électriques, Abs, airbags, bluetooth,..... Kilométrage réalisé exclusivement sur route. Annonceur : monsieurhicham Répondre l'annonceur Imprimer Signaler cette annonce Envoyer à un ami Partager sur Facebook Twitter LinkedIn Retour à la page précédente"
7525969,https://www.marocannonces.com/categorie/314/Voitures-occasion/annonce/7525969/Dokker-6-portes-clim-en-très-bon-état.html,marocannonces,2026-10-02,2026-10-02 02:42:46,Dokker 6 portes clim en très bon état,Dacia,Dokker,,2013.0,120000.0,Diesel,,05-07 chevaux,,Occasion,,,Particulier,,,Casablanca,Casablanca-Settat,89000.0,5.0,89 000 DH Dokker 6 portes clim en très bon état Casablanca Vue: 43 Annonce N°: 7525969 Marque: Dacia Modèle: Dokker Année : 2013 Kilométrage : 120000 Carburant  : Diesel Puissance : 05-07 chevaux Ville : Casablanca Detail de l'annonce : Je vends ma Dokker 6 portes clim en parfait état. 1 ère Main. Peinture d'origine. Annonceur : monsieurhicham Répondre l'annonceur Imprimer Signaler cette annonce Envoyer à un ami Partager sur Facebook Twitter LinkedIn Retour à la page précédente
7525672,https://www.marocannonces.com/categorie/314/Voitures-occasion/annonce/7525672/Peugeot-206-essence.html,marocannonces,2026-10-02,2026-10-02 02:42:47,Peugeot 206+ essence,Peugeot,206,,2012.0,57000.0,Essence,,05-07 chevaux,Dédouanée,Occasion,,,Particulier,,,Kénitra,Rabat-Salé-Kénitra,72000.0,4.0,"72 000 DH Peugeot 206+ essence Kénitra Vue: 25 Annonce N°: 7525672 Marque: Peugeot Modèle: 206 Année : 2012 Kilométrage : 57000 Carburant  : Essence Puissance : 05-07 chevaux Ville : Kénitra Detail de l'annonce : Je mets en vente ma Peugeot 206+ modèle 2012 série limitée fabriquée en Europe. Véhicule dédouané, mis en circulation depuis 2014 et ayant très peu servie (57.000km au compteur). Voiture en excellent état, jamais accidentée, toutes options , 3 airbags, moteur 1.4 essence, jantes aluminium 14"", avec climatisation. Prix non négociable. Non sérieux s'abstenir Annonceur : Jalal Répondre l'annonceur Imprimer Signaler cette annonce Envoyer à un ami Partager sur Facebook Twitter LinkedIn Retour à la page précédente"
7525482,https://www.marocannonces.com/categorie/314/Voitures-occasion/annonce/7525482/Vendre-voiture-suzuki-celerio.html,marocannonces,2026-10-02,2026-10-02 02:42:48,Vendre  voiture suzuki celerio,Suzuki,Autre,,,,,,,,Occasion,,,Particulier,,,Casablanca,Casablanca-Settat,52000.0,1.0,52 000 DH Vendre  voiture suzuki celerio Casablanca Vue: 16 Annonce N°: 7525482 Ville : Casablanca Detail de l'annonce : Je veux vendre ma voiture suzuki celerio model 2012 6cv pour plus info applle moi Annonceur : Zerradi mastafa Répondre l'annonceur Imprimer Signaler cette annonce Envoyer à un ami Partager sur Facebook Twitter LinkedIn Retour à la page précédente
6028175,https://www.marocannonces.com/categorie/314/Voitures-occasion/annonce/6028175/Ford-fiesta-als-nieuw.html,marocannonces,2026-10-02,2026-10-02 02:42:49,Ford fiesta als nieuw,Ford,Fiesta,,2013.0,36200.0,Diesel,,05-07 chevaux,,Occasion,,,Particulier,,,Rabat,Rabat-Salé-Kénitra,70000.0,1.0,"70 000 DH Ford fiesta als nieuw Rabat Vue: 46 Annonce N°: 6028175 Marque: Ford Modèle: Fiesta Année : 2013 Kilométrage : 36200 Carburant  : Diesel Puissance : 05-07 chevaux Ville : Rabat Detail de l'annonce : ABS, Climatisation, Airbag, Verrouillage central, Vitres colorées, Rétroviseur extérieur électrique, Phare antibrouillard, Roues en alliage léger, Direction assistée, Lève-glaces électriques, Banquette rabattable, Lecteur CD/DVD, Contrôle de traction . . . . . . . . . . . Annonceur : seraphin Répondre l'annonceur Imprimer Signaler cette annonce Envoyer à un ami Partager sur Facebook Twitter LinkedIn Retour à la page précédente"
6028029,https://www.marocannonces.com/categorie/314/Voitures-occasion/annonce/6028029/DACIA-LOGAN.html,marocannonces,2026-10-02,2026-10-02 02:42:50,DACIA LOGAN,Dacia,Logan,,2006.0,138.0,Diesel,,05-07 chevaux,,Neuf,,,Particulier,,,Meknès,Fès-Meknès,70000.0,8.0,70 000 DH DACIA LOGAN Meknès Vue: 15 Annonce N°: 6028029 Marque: Dacia Modèle: Logan Année : 2006 Kilométrage : 138M Carburant  : Diesel Puissance : 05-07 chevaux Ville : Meknès Detail de l'annonce : une belle voiture dacia logan tt option sauf clm 4vitres élec;centralisée;direction assisté;ouverture de coffre a distace(électrique);airbag;les 4 pneu neuf . . . . . . . . . . . Annonceur : Mr Répondre l'annonceur Imprimer Signaler cette annonce Envoyer à un ami Partager sur Facebook Twitter LinkedIn Retour à la page précédente
7525578,https://www.marocannonces.com/categorie/314/Voitures-occasion/annonce/7525578/Megane-3.html,marocannonces,2026-10-02,2026-10-02 02:42:51,Megane 3,Renault,Megane,,2015.0,62000.0,Diesel,,05-07 chevaux,,Occasion,,,Particulier,,,Casablanca,Casablanca-Settat,125000.0,6.0,125 000 DH Megane 3 Casablanca Vue: 70 Annonce N°: 7525578 Marque: Renault Modèle: Megane Année : 2015 Kilométrage : 62000 Carburant  : Diesel Puissance : 05-07 chevaux Ville : Casablanca Detail de l'annonce : Je mets en vente Megane 3 en très bonne état peinture d’origine climatisation régulateur de vitesse limiteur de vitesse radar de recul rétroviseur électrique radio mp3 CD Bluetooth Annonceur : Utilisateur Répondre l'annonceur Imprimer Signaler cette annonce Envoyer à un ami Partager sur Facebook Twitter LinkedIn Retour à la page précédente
7525476,https://www.marocannonces.com/categorie/314/Voitures-occasion/annonce/7525476/CITROEN-C4-NAVI-SPORT.html,marocannonces,2026-10-02,2026-10-02 02:42:52,CITROEN C4 NAVI SPORT,Citroën,C4,,2013.0,130000.0,Diesel,,05-07 chevaux,,Neuf,1,,Particulier,,,Casablanca,Casablanca-Settat,125000.0,3.0,"125 000 DH CITROEN C4 NAVI SPORT Casablanca Vue: 44 Annonce N°: 7525476 Marque: Citroen Modèle: C4 Année : 2013 Kilométrage : 130000 Carburant  : Diesel Puissance : 05-07 chevaux Ville : Casablanca Detail de l'annonce : PARTICULIER VEND C4 HDI 2013 1ER MAIN CLIM, REGUL VITESSE, ACCOUDOIR CENTRALE ORDINATEUR BORD (GRAND ECRAN INTEGRE) GANTE 17 , PNEU NEUF 130 CV ENTRETIEN BIEN SUIVI Annonceur : EL AMRANI Répondre l'annonceur Imprimer Signaler cette annonce Envoyer à un ami Partager sur Facebook Twitter LinkedIn Retour à la page précédente"
7525418,https://www.marocannonces.com/categorie/314/Voitures-occasion/annonce/7525418/nissan-2007.html,marocannonces,2026-10-02,2026-10-02 02:42:52,nissan 2007,Nissan,Tiida,,2007.0,140000.0,Essence,Automatique,08-10 chevaux,,Occasion,,,Particulier,,,Casablanca,Casablanca-Settat,50000.0,2.0,50 000 DH nissan 2007 Casablanca Vue: 54 Annonce N°: 7525418 Marque: Nissan Modèle: Tiida Année : 2007 Kilométrage : 140000 Carburant  : Essence Puissance : 08-10 chevaux Ville : Casablanca Detail de l'annonce : nissan tiida . essence . TOUTE OPTION . salon cuir . 9cv . vignette : 650DH . AUTOMATIQUE . bon état   :) Annonceur : zakaria Répondre l'annonceur Imprimer Signaler cette annonce Envoyer à un ami Partager sur Facebook Twitter LinkedIn Retour à la page précédente
7525225,https://www.marocannonces.com/categorie/314/Voitures-occasion/annonce/7525225/TOYOTA-COROLLA-2D-XLI.html,marocannonces,2026-10-02,2026-10-02 02:42:54,TOYOTA COROLLA 2D XLI,Toyota,Corolla,,2007.0,164800.0,Diesel,,08-10 chevaux,,Occasion,,,Particulier,,,Rabat,Rabat-Salé-Kénitra,72500.0,5.0,"72 500 DH TOYOTA COROLLA 2D XLI Rabat Vue: 51 Annonce N°: 7525225 Marque: Toyota Modèle: Corolla Année : 2007 Kilométrage : 164800 Carburant  : Diesel Puissance : 08-10 chevaux Ville : Rabat Detail de l'annonce : Voiture en Bonne état de marche. Modèle août 2007. Climatisée. Faible consomation (5l/100km). Faible kilomètrage 164800 km. Moteur robustre et propre, jamais jamais touché. Tous les vidanges et entretiens sont faits à la maison Toyota chaque 5000 km (Preuves: Cahier et factures). 3 clés d'origines. Vente direct / pas de Samsar. Annonceur : Si Med Répondre l'annonceur Imprimer Signaler cette annonce Envoyer à un ami Partager sur Facebook Twitter LinkedIn Retour à la page précédente"
6201214,https://www.marocannonces.com/categorie/314/Voitures-occasion/annonce/6201214/seat-leaon-19-TDI-diesel-à-Rabat.html,marocannonces,2026-10-02,2026-10-02 02:42:54,seat leaon 1.9 TDI diesel à Rabat,Seat,Leon,,2011.0,88000.0,Diesel,,08-10 chevaux,,Neuf,1,,Particulier,,,Rabat,Rabat-Salé-Kénitra,133000.0,4.0,"133 000 DH seat leaon 1.9 TDI diesel à Rabat Rabat Vue: 17 Annonce N°: 6201214 Marque: Seat Modèle: Leon Année : 2011 Kilométrage : 88000 Carburant  : Diesel Puissance : 08-10 chevaux Ville : Rabat Detail de l'annonce : Je met en vente une seat leaon 1.9 tdi diesel, model 05/2011, première main, toute option, 88.000 km, jamais accidentée, carnet d'entretien a la maison, pneus neuf, 133000 dh . . . . . . . . . . Annonceur : oussama Répondre l'annonceur Imprimer Signaler cette annonce Envoyer à un ami Partager sur Facebook Twitter LinkedIn Retour à la page précédente"
6201127,https://www.marocannonces.com/categorie/314/Voitures-occasion/annonce/6201127/Dokker-neuf.html,marocannonces,2026-10-02,2026-10-02 02:42:55,Dokker neuf,Dacia,DUSTER,,2013.0,89000.0,Diesel,,05-07 chevaux,,Neuf,,,Particulier,0663888009,042f6f9d8dbdaa64a8a8868fe28a6bf191d182d8cb1c76784e924ba1802c7e87,Casablanca,Casablanca-Settat,100000.0,1.0,100 000 DH Dokker neuf Casablanca Vue: 8 Annonce N°: 6201127 Marque: Dacia Modèle: DUSTER Année : 2013 Kilométrage : 89000 Carburant  : Diesel Puissance : 05-07 chevaux Ville : Casablanca Detail de l'annonce : Dacia Dokker Diesel 6ch modèle 07/2013 voiture toujours neuf toutes options clim air bag téléphone radio Mp3 Clé usb six porte commande au volant pour toute information contacter 0663888009 prix 100.000.00 négociable. . . . . . . . . . . Annonceur : younes Répondre l'annonceur Imprimer Signaler cette annonce Envoyer à un ami Partager sur Facebook Twitter LinkedIn Retour à la page précédente
6201118,https://www.marocannonces.com/categorie/314/Voitures-occasion/annonce/6201118/peugeot-206-plus.html,marocannonces,2026-10-02,2026-10-02 02:42:56,peugeot 206 plus,Peugeot,206,,2012.0,70000.0,Diesel,,05-07 chevaux,,Neuf,,,Particulier,0665989654,d00b20dc19911786e1abaacbce5990854a0ada07109e9afbc15c867c254f9df5,Casablanca,Casablanca-Settat,88000.0,1.0,88 000 DH peugeot 206 plus Casablanca Vue: 18 Annonce N°: 6201118 Marque: Peugeot Modèle: 206 Année : 2012 Kilométrage : 70000 Carburant  : Diesel Puissance : 05-07 chevaux Ville : Casablanca Detail de l'annonce : Peugeot 206 plus 6ch modèle 2012 voiture neuf toute option clim air bag conducteur et passager baguette chromé far de secoure ...etc pour toute information contacter 0665989654 prix 88000.00 négociable . . . . . . . . . . Annonceur : younes Répondre l'annonceur Imprimer Signaler cette annonce Envoyer à un ami Partager sur Facebook Twitter LinkedIn Retour à la page précédente
7525070,https://www.marocannonces.com/categorie/314/Voitures-occasion/annonce/7525070/Volkswagen-touran.html,marocannonces,2026-10-02,2026-10-02 02:42:57,Volkswagen touran,Volkswagen,TOURAN,,2014.0,162000.0,Diesel,Automatique,08-10 chevaux,,Occasion,,,Particulier,,,Casablanca,Casablanca-Settat,95000.0,7.0,95 000 DH Volkswagen touran Casablanca Vue: 30 Annonce N°: 7525070 Marque: Volkswagen Modèle: TOURAN Année : 2014 Kilométrage : 162000 Carburant  : Diesel Puissance : 08-10 chevaux Ville : Casablanca Detail de l'annonce : Je met en vente ma voiture Volkswagen touran 2l tout option avec boîte automatique Nb: voiture non dédouaner Annonceur : Tarik Répondre l'annonceur Imprimer Signaler cette annonce Envoyer à un ami Partager sur Facebook Twitter LinkedIn Retour à la page précédente
7525030,https://www.marocannonces.com/categorie/314/Voitures-occasion/annonce/7525030/Atos-Prime.html,marocannonces,2026-10-02,2026-10-02 02:42:58,Atos Prime,Hyundai,Atos Prime,,2004.0,120000.0,Essence,,05-07 chevaux,,Occasion,,,Particulier,,,Casablanca,Casablanca-Settat,39000.0,5.0,"39 000 DH Atos Prime Casablanca Vue: 73 Annonce N°: 7525030 Marque: Hyundai Modèle: Atos Prime Année : 2004 Kilométrage : 120000-129000 Carburant  : Essence Puissance : 05-07 chevaux Ville : Casablanca Detail de l'annonce : Bonjour, Je mets en vente ma voiture Atos Prime, modèle 2004, toute option, bien entretenue, vitre électrique en très bon état. Prix légèrement négociable. Annonceur : UTILISATEUR Répondre l'annonceur Imprimer Signaler cette annonce Envoyer à un ami Partager sur Facebook Twitter LinkedIn Retour à la page précédente"
7525024,https://www.marocannonces.com/categorie/314/Voitures-occasion/annonce/7525024/voiture-a-vendre.html,marocannonces,2026-10-02,2026-10-02 02:42:58,voiture a vendre,Daihatsu,Terios,,2007.0,,Essence,,08-10 chevaux,,Occasion,,,Particulier,,,Marrakech,Marrakech-Safi,55000.0,7.0,55 000 DH voiture a vendre Marrakech Vue: 63 Annonce N°: 7525024 Marque: Daihatsu Modèle: Terios Année : 2007 Carburant  : Essence Puissance : 08-10 chevaux Ville : Marrakech Detail de l'annonce : je met en vente ma voiture de bon état Annonceur : mohamed Répondre l'annonceur Imprimer Signaler cette annonce Envoyer à un ami Partager sur Facebook Twitter LinkedIn Retour à la page précédente
7524924,https://www.marocannonces.com/categorie/314/Voitures-occasion/annonce/7524924/Hyundai-i10.html,marocannonces,2026-10-02,2026-10-02 02:42:59,Hyundai i10,Hyundai,I10,,2011.0,99000.0,Essence,,05-07 chevaux,,Occasion,,,Particulier,,,Casablanca,Casablanca-Settat,55000.0,1.0,55 000 DH Hyundai i10 Casablanca Vue: 26 Annonce N°: 7524924 Marque: Hyundai Modèle: I10 Année : 2011 Kilométrage : 99000 Carburant  : Essence Puissance : 05-07 chevaux Ville : Casablanca Detail de l'annonce : He mets en vente Hyundai I10 tres bonne etat tt option Annonceur : Fatiha Répondre l'annonceur Imprimer Signaler cette annonce Envoyer à un ami Partager sur Facebook Twitter LinkedIn Retour à la page précédente
7524242,https://www.marocannonces.com/categorie/314/Voitures-occasion/annonce/7524242/Mercedes-clk-200-kompressor.html,marocannonces,2026-10-02,2026-10-02 02:43:00,Mercedes clk 200 kompressor,Mercedes-Benz,CLK,,2005.0,170000.0,Essence,,11-13 chevaux,,Occasion,,,Particulier,,,El jadida,Casablanca-Settat,47000.0,1.0,47 000 DH Mercedes clk 200 kompressor El jadida Vue: 73 Annonce N°: 7524242 Marque: Mercedes-Benz Modèle: CLK Année : 2005 Kilométrage : 170000 Carburant  : Essence Puissance : 11-13 chevaux Ville : El jadida Detail de l'annonce : Clk 200 kompressor a vendre vignettes payee. 4 cilinders faible consommé Annonceur : Abdelmalek Répondre l'annonceur Imprimer Signaler cette annonce Envoyer à un ami Partager sur Facebook Twitter LinkedIn Retour à la page précédente
5748626,https://www.marocannonces.com/categorie/314/Voitures-occasion/annonce/5748626/Bmw-320i-cabriolet.html,marocannonces,2026-10-02,2026-10-02 02:43:01,Bmw 320i cabriolet,BMW,Serie 3,,2000.0,185000.0,Essence,,11-13 chevaux,,Occasion,,,Particulier,,,Marrakech,Marrakech-Safi,54000.0,4.0,"54 000 DH Bmw 320i cabriolet Marrakech Vue: 131 Annonce N°: 5748626 Marque: BMW Modèle: Serie 3 Année : 2000 Kilométrage : 185000 Carburant  : Essence Puissance : 11-13 chevaux Ville : Marrakech Detail de l'annonce : en bonne condition propre, pas endommagé, va tres bien, toute équipée, interieur cuir noir, air climatisé, roues M3, silencieux spécial, 5 vitesses, économique. prix:54000dh, reprise acceptée . . . . . . . . . . . . Annonceur : Utilisateur Répondre l'annonceur Imprimer Signaler cette annonce Envoyer à un ami Partager sur Facebook Twitter LinkedIn Retour à la page précédente"
5841974,https://www.marocannonces.com/categorie/314/Voitures-occasion/annonce/5841974/kia-sorento-bon-etat.html,marocannonces,2026-10-02,2026-10-02 02:43:02,kia sorento bon etat,Kia,Sorento,,2007.0,,Diesel,,08-10 chevaux,,Occasion,,,Particulier,,,Casablanca,Casablanca-Settat,95000.0,1.0,95 000 DH kia sorento bon etat Casablanca Vue: 11 Annonce N°: 5841974 Marque: Kia Modèle: Sorento Année : 2007 Carburant  : Diesel Puissance : 08-10 chevaux Ville : Casablanca Detail de l'annonce : Slt j offre une kia sorento 12-2007 bon etat tt optiont prix negociable . . . . . . . . . . . . Annonceur : Abdelaziz Répondre l'annonceur Imprimer Signaler cette annonce Envoyer à un ami Partager sur Facebook Twitter LinkedIn Retour à la page précédente
5841900,https://www.marocannonces.com/categorie/314/Voitures-occasion/annonce/5841900/Vw-touran-modele-2010.html,marocannonces,2026-10-02,2026-10-02 02:43:04,Vw touran modele 2010,Volkswagen,TOURAN,,2010.0,90000.0,Diesel,Manuelle,08-10 chevaux,,Occasion,,,Particulier,,,Kénitra,Rabat-Salé-Kénitra,190000.0,3.0,190 000 DH Vw touran modele 2010 Kénitra Vue: 20 Annonce N°: 5841900 Marque: Volkswagen Modèle: TOURAN Année : 2010 Kilométrage : 90 000 Carburant  : Diesel Puissance : 08-10 chevaux Ville : Kénitra Detail de l'annonce : VOLKSWAGEN TOURAN MODÈLE 2010  DÉDOUANE 1014; TOUT OPTION MAIS MANUELLE.CLIM DIGiTAL ecran tactile radar de recul . . . . . . . . . . . . Annonceur : mohamed Répondre l'annonceur Imprimer Signaler cette annonce Envoyer à un ami Partager sur Facebook Twitter LinkedIn Retour à la page précédente
7524653,https://www.marocannonces.com/categorie/314/Voitures-occasion/annonce/7524653/Ford-Kuga-diesel-bon-Etat.html,marocannonces,2026-10-02,2026-10-02 02:43:04,Ford Kuga diesel bon Etat,Ford,KUGA,,2016.0,190000.0,Diesel,Automatique,11-13 chevaux,,Occasion,1,,Particulier,,,Fès,Fès-Meknès,210000.0,4.0,"210 000 DH Ford Kuga diesel bon Etat Fès Vue: 34 Annonce N°: 7524653 Marque: Ford Modèle: KUGA Année : 2016 Kilométrage : 190000 Carburant  : Diesel Puissance : 11-13 chevaux Ville : Fès Detail de l'annonce : Bonjour tout le monde, (Prix négociable) Je vends une ford Kuga en trés trés bon état, première main, gris foncé, *4 vitres électriques Bluetoothclimatisation automatique configuration 5PL direction assistée démarrage sans clef prise audio USB vitres ar. surteintées volant réglable en hauteur et profondeur écran tactile GPS accoudoir central avant banquette 1/3 - 2/3 boite automatique caméra de recul Annonceur : Bekkaoui Mohammed Répondre l'annonceur Imprimer Signaler cette annonce Envoyer à un ami Partager sur Facebook Twitter LinkedIn Retour à la page précédente"
7524497,https://www.marocannonces.com/categorie/314/Voitures-occasion/annonce/7524497/megane-à-vendre.html,marocannonces,2026-10-02,2026-10-02 02:43:05,megane à vendre,Renault,Megane,,2006.0,,Diesel,,05-07 chevaux,,Occasion,,,Particulier,,,Tanger,Tanger-Tétouan-Al Hoceïma,72000.0,5.0,"72 000 DH megane à vendre Tanger Vue: 48 Annonce N°: 7524497 Marque: Renault Modèle: Megane Année : 2006 Carburant  : Diesel Puissance : 05-07 chevaux Ville : Tanger Detail de l'annonce : Bonjour , je vend megane avec clim. frein abs.... Annonceur : Ahmed Répondre l'annonceur Imprimer Signaler cette annonce Envoyer à un ami Partager sur Facebook Twitter LinkedIn Retour à la page précédente"
7524354,https://www.marocannonces.com/categorie/314/Voitures-occasion/annonce/7524354/Classe-220-d-model-2016.html,marocannonces,2026-10-02,2026-10-02 02:43:06,Classe 220 d model 2016,Mercedes-Benz,Classe E,,2016.0,90000.0,Diesel,,08-10 chevaux,,Occasion,,,Particulier,,,Rabat,Rabat-Salé-Kénitra,360000.0,1.0,360 000 DH Classe 220 d model 2016 Rabat Vue: 34 Annonce N°: 7524354 Marque: Mercedes-Benz Modèle: Classe E Année : 2016 Kilométrage : 90000 Carburant  : Diesel Puissance : 08-10 chevaux Ville : Rabat Detail de l'annonce : Classe e 220 diesel avendre a rabat hay ryad toute optiions coulour noir diamant plus d'infors contacter moi Annonceur : Karim Répondre l'annonceur Imprimer Signaler cette annonce Envoyer à un ami Partager sur Facebook Twitter LinkedIn Retour à la page précédente
7524328,https://www.marocannonces.com/categorie/314/Voitures-occasion/annonce/7524328/renault-kangoo-diesel-D65.html,marocannonces,2026-10-02,2026-10-02 02:43:07,renault kangoo diesel D65,Renault,Kangoo,,2003.0,,Diesel,,,Dédouanée,Occasion,,,Particulier,,,Errachidia,Drâa-Tafilalet,78000.0,8.0,78 000 DH renault kangoo diesel D65 Errachidia Vue: 53 Annonce N°: 7524328 Marque: Renault Modèle: Kangoo Année : 2003 Carburant  : Diesel Ville : Errachidia Detail de l'annonce : renault kangoo diesel D65 modèle 2003 dédouané en 2012 Annonceur : med Répondre l'annonceur Imprimer Signaler cette annonce Envoyer à un ami Partager sur Facebook Twitter LinkedIn Retour à la page précédente
7524192,https://www.marocannonces.com/categorie/314/Voitures-occasion/annonce/7524192/Volkswagen-GOLF-6-Diesel.html,marocannonces,2026-10-02,2026-10-02 02:43:08,Volkswagen GOLF 6 Diesel,Volkswagen,GOLF+,,2009.0,240000.0,Diesel,,,Dédouanée,Occasion,,,Particulier,,,Tanger,Tanger-Tétouan-Al Hoceïma,138000.0,5.0,138 000 DH Volkswagen GOLF 6 Diesel Tanger Vue: 35 Annonce N°: 7524192 Marque: Volkswagen Modèle: GOLF+ Année : 2009 Kilométrage : 240000 Carburant  : Diesel Ville : Tanger Detail de l'annonce : je met en vente mon volkswagen golf 6 modele 2009 dédouané en 2013 peu roulé diesel Annonceur : Khaled Répondre l'annonceur Imprimer Signaler cette annonce Envoyer à un ami Partager sur Facebook Twitter LinkedIn Retour à la page précédente
7524045,https://www.marocannonces.com/categorie/314/Voitures-occasion/annonce/7524045/Fait-ducato.html,marocannonces,2026-10-02,2026-10-02 02:43:09,Fait ducato,Fiat,Ducato,,,,,,,,Occasion,,,Particulier,,,Kénitra,Rabat-Salé-Kénitra,105000.0,4.0,105 000 DH Fait ducato Kénitra Vue: 25 Annonce N°: 7524045 Marque: Fiat Modèle: Ducato Detail de l'annonce : Je mets en vente mon fait ducato en très bon etat Annonceur : Driss Répondre l'annonceur Imprimer Signaler cette annonce Envoyer à un ami Partager sur Facebook Twitter LinkedIn Retour à la page précédente
7520059,https://www.marocannonces.com/categorie/314/Voitures-occasion/annonce/7520059/MEGANE-CLASSIC.html,marocannonces,2026-10-02,2026-10-02 02:43:10,MEGANE CLASSIC,Renault,Megane,,2007.0,238000.0,Diesel,,05-07 chevaux,,Occasion,,,Particulier,,,Casablanca,Casablanca-Settat,80000.0,6.0,80 000 DH MEGANE CLASSIC Casablanca Vue: 40 Annonce N°: 7520059 Marque: Renault Modèle: Megane Année : 2007 Kilométrage : 238000 Carburant  : Diesel Puissance : 05-07 chevaux Ville : Casablanca Detail de l'annonce : Salam je mets en vente ma voiture megane 2 dci 6cv excellent état moteur et carroserie aucun réparation prevu 2 carte de démarrage clim. Ordinateur de bord. 6 Airbag. Fermeture centralise. Volan cuir et reglable annonce pour les sérieux Annonceur : MOHAMED Répondre l'annonceur Imprimer Signaler cette annonce Envoyer à un ami Partager sur Facebook Twitter LinkedIn Retour à la page précédente
7523644,https://www.marocannonces.com/categorie/314/Voitures-occasion/annonce/7523644/honda-civic.html,marocannonces,2026-10-02,2026-10-02 02:43:11,honda civic,Honda,Civic,,1993.0,,Essence,,08-10 chevaux,,Occasion,,,Particulier,,,Casablanca,Casablanca-Settat,28000.0,7.0,28 000 DH honda civic Casablanca Vue: 32 Annonce N°: 7523644 Marque: Honda Modèle: Civic Année : 1993 Carburant  : Essence Puissance : 08-10 chevaux Ville : Casablanca Detail de l'annonce : honda civic model 93 (9ch) dariba 650 dh Annonceur : abdelaziz Répondre l'annonceur Imprimer Signaler cette annonce Envoyer à un ami Partager sur Facebook Twitter LinkedIn Retour à la page précédente
7523296,https://www.marocannonces.com/categorie/314/Voitures-occasion/annonce/7523296/Ford-fiesta-model-2015.html,marocannonces,2026-10-02,2026-10-02 02:43:12,Ford fiesta model 2015,Ford,Fiesta,,2015.0,63000.0,Diesel,,05-07 chevaux,,Occasion,,,Particulier,,,Marrakech,Marrakech-Safi,110000.0,3.0,110 000 DH Ford fiesta model 2015 Marrakech Vue: 60 Annonce N°: 7523296 Marque: Ford Modèle: Fiesta Année : 2015 Kilométrage : 63000 Carburant  : Diesel Puissance : 05-07 chevaux Ville : Marrakech Detail de l'annonce : Tres bonne etat climatisée avec deux clés originales et radar de recul Annonceur : Abdelillah Répondre l'annonceur Imprimer Signaler cette annonce Envoyer à un ami Partager sur Facebook Twitter LinkedIn Retour à la page précédente
7523290,https://www.marocannonces.com/categorie/314/Voitures-occasion/annonce/7523290/Ford-Kuga-BVA.html,marocannonces,2026-10-02,2026-10-02 02:43:13,Ford Kuga BVA,Ford,KUGA,,2012.0,125000.0,Diesel,Automatique,08-10 chevaux,,Occasion,,,Particulier,,,Casablanca,Casablanca-Settat,155000.0,4.0,"155 000 DH Ford Kuga BVA Casablanca Vue: 88 Annonce N°: 7523290 Marque: Ford Modèle: KUGA Année : 2012 Kilométrage : 125000 Carburant  : Diesel Puissance : 08-10 chevaux Ville : Casablanca Detail de l'annonce : Je met en vente une ford kuga, toutes options, boîte à vitesse automatique, en bon état. Annonceur : Noureddine Répondre l'annonceur Imprimer Signaler cette annonce Envoyer à un ami Partager sur Facebook Twitter LinkedIn Retour à la page précédente"
6023450,https://www.marocannonces.com/categorie/314/Voitures-occasion/annonce/6023450/volkswagen-golf-6-16-tdi-105-cv-5-portes-super-et.html,marocannonces,2026-10-02,2026-10-02 02:43:13,volkswagen golf 6 1.6 tdi 105 cv 5 portes super et,Volkswagen,Golf,,2009.0,120000.0,Diesel,,08-10 chevaux,,Occasion,,,Particulier,,,Essaouira,Marrakech-Safi,65000.0,1.0,65 000 DH volkswagen golf 6 1.6 tdi 105 cv 5 portes super et Essaouira Vue: 35 Annonce N°: 6023450 Marque: Volkswagen Modèle: Golf Année : 2009 Kilométrage : 120000 Carburant  : Diesel Puissance : 08-10 chevaux Ville : Essaouira Detail de l'annonce : VW GOLF 6 1.6 TDI 105 CV 5 PORTES SUPER ETAT Km : 120.000 km avec carnet d'entretien complet GPS - CLIM - CRUISE CONTRÔLE - CD - JANTES ALU - CAPTEUR AVANT + ARRIERRE . . . . . . . . . . . Annonceur : M Répondre l'annonceur Imprimer Signaler cette annonce Envoyer à un ami Partager sur Facebook Twitter LinkedIn Retour à la page précédente
6023415,https://www.marocannonces.com/categorie/314/Voitures-occasion/annonce/6023415/Ford-fiesta-ECOnetic-16-TDCI.html,marocannonces,2026-10-02,2026-10-02 02:43:14,Ford fiesta ECOnetic 1.6 TDCI,Ford,Fiesta,,2015.0,17000.0,Diesel,,05-07 chevaux,,Occasion,,,Particulier,,,Oujda,Oriental,65000.0,1.0,"65 000 DH Ford fiesta ECOnetic 1.6 TDCI Oujda Vue: 68 Annonce N°: 6023415 Marque: Ford Modèle: Fiesta Année : 2015 Kilométrage : 17000 Carburant  : Diesel Puissance : 05-07 chevaux Ville : Oujda Detail de l'annonce : ABS,Air conditionné,Airbag,Direction assistée,Double airbag,GPS,Ordinateur de bord,Peinture métallisée,Radio & CD,Rétroviseurs électriques,Verrouillage central,Vitres électriques avant,Vitres électriques avt. & arr. . . . . . . . . . . . Annonceur : s Répondre l'annonceur Imprimer Signaler cette annonce Envoyer à un ami Partager sur Facebook Twitter LinkedIn Retour à la page précédente"
7522853,https://www.marocannonces.com/categorie/314/Voitures-occasion/annonce/7522853/Mercedes-Class-B-très-très-bon-état-à-Vendre.html,marocannonces,2026-10-02,2026-10-02 02:43:15,Mercedes Class B très très bon état à Vendre,Mercedes-Benz,Classe B,,2014.0,17900.0,Diesel,,05-07 chevaux,,Occasion,,,Particulier,,,Casablanca,Casablanca-Settat,210000.0,1.0,210 000 DH Mercedes Class B très très bon état à Vendre Casablanca Vue: 20 Annonce N°: 7522853 Marque: Mercedes-Benz Modèle: Classe B Année : 2014 Kilométrage : 17900 Carburant  : Diesel Puissance : 05-07 chevaux Ville : Casablanca Detail de l'annonce : Je mets en vente ma Mercedes Class B couleur grise métallisée en très très bon état modèle 2014. Annonceur : hafid Répondre l'annonceur Imprimer Signaler cette annonce Envoyer à un ami Partager sur Facebook Twitter LinkedIn Retour à la page précédente
7522755,https://www.marocannonces.com/categorie/314/Voitures-occasion/annonce/7522755/Peugeot-206-Essence.html,marocannonces,2026-10-02,2026-10-02 02:43:15,Peugeot 206 Essence,Peugeot,206,,2008.0,73500.0,Essence,,05-07 chevaux,,Occasion,,,Particulier,,,Kénitra,Rabat-Salé-Kénitra,55000.0,6.0,"55 000 DH Peugeot 206 Essence Kénitra Vue: 20 Annonce N°: 7522755 Marque: Peugeot Modèle: 206 Année : 2008 Kilométrage : 73500 Carburant  : Essence Puissance : 05-07 chevaux Ville : Kénitra Detail de l'annonce : je mets en vente directe (Intermédiaire s'abstenir) ma voiture peugeot 206 modèle novembre 2008 en bon état, prix légèrement négociable Annonceur : Mazi Rabai Répondre l'annonceur Imprimer Signaler cette annonce Envoyer à un ami Partager sur Facebook Twitter LinkedIn Retour à la page précédente"
5651037,https://www.marocannonces.com/categorie/314/Voitures-occasion/annonce/5651037/Ford-Focus-coupée.html,marocannonces,2026-10-02,2026-10-02 02:43:16,Ford Focus coupée,Ford,Focus,,2010.0,83000.0,Diesel,,05-07 chevaux,,Occasion,1,,Particulier,,,Casablanca,Casablanca-Settat,120000.0,1.0,"120 000 DH Ford Focus coupée Casablanca Vue: 10 Annonce N°: 5651037 Marque: Ford Modèle: Focus Année : 2010 Kilométrage : 83000 Carburant  : Diesel Puissance : 05-07 chevaux Ville : Casablanca Detail de l'annonce : Bonjour, particulier met en vente une belle ford focus coupée  7ch mod 2010 en excellent état de marche et très bien entretenue .Première main . . . . . . . . . . . . . Annonceur : SENHAJI Omar Répondre l'annonceur Imprimer Signaler cette annonce Envoyer à un ami Partager sur Facebook Twitter LinkedIn Retour à la page précédente"
5651021,https://www.marocannonces.com/categorie/314/Voitures-occasion/annonce/5651021/Renault-Megane-Diesel-Mod-2008-FULL-OPTION.html,marocannonces,2026-10-02,2026-10-02 02:43:17,Renault Megane Diesel Mod 2008 FULL OPTION,Renault,Megane,,2008.0,180000.0,Diesel,,05-07 chevaux,,Occasion,,,Particulier,,,Casablanca,Casablanca-Settat,97000.0,3.0,97 000 DH Renault Megane Diesel Mod 2008 FULL OPTION Casablanca Vue: 11 Annonce N°: 5651021 Marque: Renault Modèle: Megane Année : 2008 Kilométrage : 180000 Carburant  : Diesel Puissance : 05-07 chevaux Ville : Casablanca Detail de l'annonce : RENAULT MEGANE MOD 2008 DIESEL 6CH 1.5DCI TOUTE OPTION CLIM DIGITAL ETC .... BREF VOITURE EN TRÈS BONNE ETAT ET BIEN ENTRETENU   . . . . . . . . . . . . . Annonceur : BADR Répondre l'annonceur Imprimer Signaler cette annonce Envoyer à un ami Partager sur Facebook Twitter LinkedIn Retour à la page précédente
7522443,https://www.marocannonces.com/categorie/314/Voitures-occasion/annonce/7522443/dacia-sandero.html,marocannonces,2026-10-02,2026-10-02 02:43:18,dacia sandero,Dacia,Sandero,,2014.0,,Diesel,,05-07 chevaux,,Neuf,,,Particulier,,,Casablanca,Casablanca-Settat,98000.0,6.0,98 000 DH dacia sandero Casablanca Vue: 39 Annonce N°: 7522443 Marque: Dacia Modèle: Sandero Année : 2014 Carburant  : Diesel Puissance : 05-07 chevaux Ville : Casablanca Detail de l'annonce : bonjour je met ma voiture dacia sandero stepway en vente elle est toute option 2eme main modèle 2014 en très bonne etet comme neuve jamais accidenté pour plus d'info veuillez me contacter Annonceur : Utilisateur Répondre l'annonceur Imprimer Signaler cette annonce Envoyer à un ami Partager sur Facebook Twitter LinkedIn Retour à la page précédente
7522348,https://www.marocannonces.com/categorie/314/Voitures-occasion/annonce/7522348/Dacia-Logan-bon-état.html,marocannonces,2026-10-02,2026-10-02 02:43:19,Dacia Logan bon état,Dacia,Logan,,2009.0,93000.0,Diesel,,05-07 chevaux,,Occasion,,,Particulier,,,Casablanca,Casablanca-Settat,70000.0,5.0,70 000 DH Dacia Logan bon état Casablanca Vue: 36 Annonce N°: 7522348 Marque: Dacia Modèle: Logan Année : 2009 Kilométrage : 93000 Carburant  : Diesel Puissance : 05-07 chevaux Ville : Casablanca Detail de l'annonce : Je mets en vente une Dacia Logan modèle 2009 93000 Km 6 chevaux fiscaux Jamais accidentée Garniture originale Annonceur : Samir Répondre l'annonceur Imprimer Signaler cette annonce Envoyer à un ami Partager sur Facebook Twitter LinkedIn Retour à la page précédente
7522294,https://www.marocannonces.com/categorie/314/Voitures-occasion/annonce/7522294/Laguna3.html,marocannonces,2026-10-02,2026-10-02 02:43:20,Laguna3,Renault,Laguna,,2009.0,,Diesel,,05-07 chevaux,,Occasion,,,Particulier,,,Casablanca,Casablanca-Settat,80000.0,3.0,"80 000 DH Laguna3 Casablanca Vue: 57 Annonce N°: 7522294 Marque: Renault Modèle: Laguna Année : 2009 Carburant  : Diesel Puissance : 05-07 chevaux Ville : Casablanca Detail de l'annonce : Bonjour, je met vent ma voiture laguna 3 6ch,6vitesse, bon état,ntsayeb fi taman inchalah Annonceur : Mustapha Répondre l'annonceur Imprimer Signaler cette annonce Envoyer à un ami Partager sur Facebook Twitter LinkedIn Retour à la page précédente"
7522229,https://www.marocannonces.com/categorie/314/Voitures-occasion/annonce/7522229/XSARA-a-ne-pas-ratter.html,marocannonces,2026-10-02,2026-10-02 02:43:21,XSARA a ne pas ratter,Citroën,Xsara,,2004.0,214000.0,Diesel,,05-07 chevaux,,Occasion,,,Particulier,,,Khouribga,Béni Mellal-Khénifra,50000.0,8.0,50 000 DH XSARA a ne pas ratter Khouribga Vue: 39 Annonce N°: 7522229 Marque: Citroen Modèle: Xsara Année : 2004 Kilométrage : 214000 Carburant  : Diesel Puissance : 05-07 chevaux Ville : Khouribga Detail de l'annonce : Citroen Xsara bien entretenue a vendre.model 2004 diesel Toute option . Prix negociable. Annonceur : Abdel Répondre l'annonceur Imprimer Signaler cette annonce Envoyer à un ami Partager sur Facebook Twitter LinkedIn Retour à la page précédente
7521566,https://www.marocannonces.com/categorie/314/Voitures-occasion/annonce/7521566/voiture-a-ne-pas-raté.html,marocannonces,2026-10-02,2026-10-02 02:43:22,voiture a ne pas raté,Toyota,Yaris,,2017.0,15000.0,Diesel,,,,Neuf,,,Particulier,,,Agadir,Souss-Massa,110000.0,4.0,110 000 DH voiture a ne pas raté Agadir Vue: 65 Annonce N°: 7521566 Marque: Toyota Modèle: Yaris Année : 2017 Kilométrage : 15000 Carburant  : Diesel Ville : Agadir Detail de l'annonce : Bonne occasion a ne pas raté Belle voiture comme neuf Avec un prix raisonnable Appeler moi Que les sérieux s’il vous plais Annonceur : khadija12 Répondre l'annonceur Imprimer Signaler cette annonce Envoyer à un ami Partager sur Facebook Twitter LinkedIn Retour à la page précédente
7522134,https://www.marocannonces.com/categorie/314/Voitures-occasion/annonce/7522134/Renault-megan-3-16.html,marocannonces,2026-10-02,2026-10-02 02:43:23,Renault megan 3 1.6,Renault,Megane,,2014.0,114000.0,Diesel,,05-07 chevaux,,Occasion,,,Particulier,,,Mohammedia,Casablanca-Settat,120000.0,7.0,"120 000 DH Renault megan 3 1.6 Mohammedia Vue: 45 Annonce N°: 7522134 Marque: Renault Modèle: Megane Année : 2014 Kilométrage : 114000 Carburant  : Diesel Puissance : 05-07 chevaux Ville : Mohammedia Detail de l'annonce : Je met en vente  ma megane 3  model 30/09/2014. en très bonne état. pour plus d'informations , veuillez me contacter Annonceur : abdellatif Répondre l'annonceur Imprimer Signaler cette annonce Envoyer à un ami Partager sur Facebook Twitter LinkedIn Retour à la page précédente"
7521790,https://www.marocannonces.com/categorie/314/Voitures-occasion/annonce/7521790/Peugeot-206.html,marocannonces,2026-10-02,2026-10-02 02:43:24,Peugeot 206,Peugeot,206,,2009.0,215000.0,Diesel,,05-07 chevaux,,Occasion,,,Particulier,,,Casablanca,Casablanca-Settat,75000.0,4.0,75 000 DH Peugeot 206 Casablanca Vue: 45 Annonce N°: 7521790 Marque: Peugeot Modèle: 206 Année : 2009 Kilométrage : 215000 Carburant  : Diesel Puissance : 05-07 chevaux Ville : Casablanca Detail de l'annonce : Je mets en vente une voiture peugeot 206 Annonceur : zahra Répondre l'annonceur Imprimer Signaler cette annonce Envoyer à un ami Partager sur Facebook Twitter LinkedIn Retour à la page précédente
7521768,https://www.marocannonces.com/categorie/314/Voitures-occasion/annonce/7521768/Renault-Scenic-Conquest-Diesel-2009.html,marocannonces,2026-10-02,2026-10-02 02:43:25,Renault Scenic Conquest Diesel -2009,Renault,Scenic,,2009.0,250000.0,Diesel,Automatique,05-07 chevaux,,Occasion,,,Particulier,,,Casablanca,Casablanca-Settat,95000.0,1.0,95 000 DH Renault Scenic Conquest Diesel -2009 Casablanca Vue: 16 Annonce N°: 7521768 Marque: Renault Modèle: Scenic Année : 2009 Kilométrage : 250000 Carburant  : Diesel Puissance : 05-07 chevaux Ville : Casablanca Detail de l'annonce : OPTIONS ET EQUIPEMENTS : Extérieur : - allumage automatique des feux - barres de toit - rétroviseurs électriques - peinture intégrale Intérieur et confort : - accoudoir central - carte main libre - ordinateur de bord - rideaux pare-soleil - volant multifonctions - volant réglable - Non-fumeur - volant cuir - radio CD - climatisation automatique - intérieur tissu - AIDE STATIONNEMENT ARRIERE Sécurité : - détecteur de pluie - fermeture centralisée - rétroviseurs dégivrants - ABS - airbags frontaux - airbags latéraux - anti-démarrage - ESP - frein parking automatique - phares antibrouillard - Contrôle de pression des pneus pour plus d'information n'hésitez pas a me contacter prix négociable Annonceur : Utilisateur Répondre l'annonceur Imprimer Signaler cette annonce Envoyer à un ami Partager sur Facebook Twitter LinkedIn Retour à la page précédente
7521521,https://www.marocannonces.com/categorie/314/Voitures-occasion/annonce/7521521/voiture-presque-neuve.html,marocannonces,2026-10-02,2026-10-02 02:43:26,voiture presque neuve,Renault,Megane,,2016.0,95000.0,Diesel,,05-07 chevaux,,Neuf,,,Particulier,,,Salé,Rabat-Salé-Kénitra,45000.0,1.0,45 000 DH voiture presque neuve Salé Vue: 330 Annonce N°: 7521521 Marque: Renault Modèle: Megane Année : 2016 Kilométrage : 95000 Carburant  : Diesel Puissance : 05-07 chevaux Ville : Salé Detail de l'annonce : Je veux vendre ma voiture car g un voyage urgent à l'étranger ... voiture presque neuve Annonceur : leila Répondre l'annonceur Imprimer Signaler cette annonce Envoyer à un ami Partager sur Facebook Twitter LinkedIn Retour à la page précédente
7521509,https://www.marocannonces.com/categorie/314/Voitures-occasion/annonce/7521509/fiat-palio-bon-état.html,marocannonces,2026-10-02,2026-10-02 02:43:26,fiat palio bon état,Fiat,Palio,,1998.0,314958.0,Diesel,,05-07 chevaux,,Occasion,,,Particulier,,,Rabat,Rabat-Salé-Kénitra,38000.0,4.0,38 000 DH fiat palio bon état Rabat Vue: 47 Annonce N°: 7521509 Marque: Fiat Modèle: Palio Année : 1998 Kilométrage : 314958 Carburant  : Diesel Puissance : 05-07 chevaux Ville : Rabat Detail de l'annonce : fiat palio bon état Annonceur : LHCEN Répondre l'annonceur Imprimer Signaler cette annonce Envoyer à un ami Partager sur Facebook Twitter LinkedIn Retour à la page précédente
7521494,https://www.marocannonces.com/categorie/314/Voitures-occasion/annonce/7521494/VOITURE-206-a-vendre.html,marocannonces,2026-10-02,2026-10-02 02:43:27,VOITURE 206 a vendre,Peugeot,206,,2013.0,7.0,Essence,,05-07 chevaux,,Occasion,,,Particulier,,,Rabat,Rabat-Salé-Kénitra,65000.0,3.0,65 000 DH VOITURE 206 a vendre Rabat Vue: 32 Annonce N°: 7521494 Marque: Peugeot Modèle: 206 Année : 2013 Kilométrage : 7OOOO Carburant  : Essence Puissance : 05-07 chevaux Ville : Rabat Detail de l'annonce : voiture 206 a vendre model 2013 tres bon etat Annonceur : GUESSOUS MOUAD Répondre l'annonceur Imprimer Signaler cette annonce Envoyer à un ami Partager sur Facebook Twitter LinkedIn Retour à la page précédente
7521481,https://www.marocannonces.com/categorie/314/Voitures-occasion/annonce/7521481/Vente-dodge.html,marocannonces,2026-10-02,2026-10-02 02:43:28,Vente dodge,Dodge,Viper,,2003.0,,Essence,,13 chevaux,,Occasion,,,Particulier,,,Casablanca,Casablanca-Settat,60000.0,1.0,60 000 DH Vente dodge Casablanca Vue: 41 Annonce N°: 7521481 Marque: Dodge Modèle: Viper Année : 2003 Carburant  : Essence Puissance : 13 chevaux Ville : Casablanca Detail de l'annonce : Voiture à vendre dodge 19 chevaux Annonceur : Mustapha Chakhman Répondre l'annonceur Imprimer Signaler cette annonce Envoyer à un ami Partager sur Facebook Twitter LinkedIn Retour à la page précédente
7521396,https://www.marocannonces.com/categorie/314/Voitures-occasion/annonce/7521396/Nissan-qashqai.html,marocannonces,2026-10-02,2026-10-02 02:43:29,Nissan qashqai,Nissan,QASHQAI,,2014.0,73000.0,Diesel,Manuelle,05-07 chevaux,,Occasion,,,Particulier,,,Casablanca,Casablanca-Settat,180000.0,3.0,180 000 DH Nissan qashqai Casablanca Vue: 70 Annonce N°: 7521396 Marque: Nissan Modèle: QASHQAI Année : 2014 Kilométrage : 73000 Carburant  : Diesel Puissance : 05-07 chevaux Ville : Casablanca Detail de l'annonce : Bonsoir je vend une nissan qashqai 2014 1.5 dci manuelle a 73000km toute options a 180000dh Annonceur : Qashqai Répondre l'annonceur Imprimer Signaler cette annonce Envoyer à un ami Partager sur Facebook Twitter LinkedIn Retour à la page précédente
6195543,https://www.marocannonces.com/categorie/314/Voitures-occasion/annonce/6195543/jetta-a-vendre-possiblite-de-reprise-av-kangoo.html,marocannonces,2026-10-02,2026-10-02 02:43:30,jetta a vendre possiblite de reprise av kangoo,Volkswagen,Jetta,,1984.0,800000.0,Diesel,,05-07 chevaux,,Occasion,,,Particulier,,,Berrechid,Casablanca-Settat,35000.0,4.0,35 000 DH jetta a vendre possiblite de reprise av kangoo Berrechid Vue: 11 Annonce N°: 6195543 Marque: Volkswagen Modèle: Jetta Année : 1984 Kilométrage : 800000 Carburant  : Diesel Puissance : 05-07 chevaux Ville : Berrechid Detail de l'annonce : salam particulier met a vendre ma voiture en bonne etat prix 35000dh ou  reprise avec kangoo ou ancienne berlingo merci . . . . . . . . . . Annonceur : abdelali Répondre l'annonceur Imprimer Signaler cette annonce Envoyer à un ami Partager sur Facebook Twitter LinkedIn Retour à la page précédente
7520953,https://www.marocannonces.com/categorie/314/Voitures-occasion/annonce/7520953/Passat-20-FSI-2006-essence.html,marocannonces,2026-10-02,2026-10-02 02:43:31,Passat 2.0 FSI - 2006 essence,Volkswagen,Passat,,2006.0,164000.0,Essence,Automatique,11-13 chevaux,,Occasion,,,Particulier,,,Casablanca,Casablanca-Settat,65000.0,5.0,65 000 DH Passat 2.0 FSI - 2006 essence Casablanca Vue: 47 Annonce N°: 7520953 Marque: Volkswagen Modèle: Passat Année : 2006 Kilométrage : 164000 Carburant  : Essence Puissance : 11-13 chevaux Ville : Casablanca Detail de l'annonce : Passat 2006 FSI 2.0 essence 2006. Boîte auto 11 cv semi cuir sieges chauffants radar recul clim alarme verrouillage centralisé. Prévoir qques réparations (carrosserie) Annonceur : Nizar Répondre l'annonceur Imprimer Signaler cette annonce Envoyer à un ami Partager sur Facebook Twitter LinkedIn Retour à la page précédente
6195168,https://www.marocannonces.com/categorie/314/Voitures-occasion/annonce/6195168/CITROEN-XSARA.html,marocannonces,2026-10-02,2026-10-02 02:43:32,CITROEN XSARA,Citroën,Xsara,,2004.0,,Diesel,,,,Occasion,,,Particulier,,,Marrakech,Marrakech-Safi,50000.0,1.0,50 000 DH CITROEN XSARA Marrakech Vue: 5 Annonce N°: 6195168 Marque: Citroen Modèle: Xsara Année : 2004 Carburant  : Diesel Ville : Marrakech Detail de l'annonce : je met en vente voiture xsara modèle 2004 en bonne etat. prix 50 000 dh négociable; si vous êtes intéressé veuillez me contacter . . . . . . . . . . Annonceur : TARIQ Répondre l'annonceur Imprimer Signaler cette annonce Envoyer à un ami Partager sur Facebook Twitter LinkedIn Retour à la page précédente
7520486,https://www.marocannonces.com/categorie/314/Voitures-occasion/annonce/7520486/Dacia-dokker.html,marocannonces,2026-10-02,2026-10-02 02:43:33,Dacia dokker,Dacia,Dokker,,2017.0,38800.0,Diesel,,05-07 chevaux,,Occasion,,,Particulier,,,Casablanca,Casablanca-Settat,110000.0,4.0,110 000 DH Dacia dokker Casablanca Vue: 26 Annonce N°: 7520486 Marque: Dacia Modèle: Dokker Année : 2017 Kilométrage : 38800 Carburant  : Diesel Puissance : 05-07 chevaux Ville : Casablanca Detail de l'annonce : Bonjour Dacia dokker bon état Annonceur : Abdellah Répondre l'annonceur Imprimer Signaler cette annonce Envoyer à un ami Partager sur Facebook Twitter LinkedIn Retour à la page précédente
6192783,https://www.marocannonces.com/categorie/314/Voitures-occasion/annonce/6192783/Audi-A4-20L.html,marocannonces,2026-10-02,2026-10-02 02:43:34,Audi A4 2.0L,Audi,A4,,2007.0,,Diesel,,08-10 chevaux,,Occasion,,,Particulier,,,Casablanca,Casablanca-Settat,130000.0,7.0,"130 000 DH Audi A4 2.0L Casablanca Vue: 9 Annonce N°: 6192783 Marque: Audi Modèle: A4 Année : 2007 Carburant  : Diesel Puissance : 08-10 chevaux Ville : Casablanca Detail de l'annonce : Je met en vente audi A4 2.0L Modèle fin 2007diesel en parfaite état. Tout options Intérieur cuir gris, climatisation bizone, Radar de recule, antibrouillard, volant multifonctions ....(2ème main & non-fumeur) . . . . . . . . . Annonceur : Med Répondre l'annonceur Imprimer Signaler cette annonce Envoyer à un ami Partager sur Facebook Twitter LinkedIn Retour à la page précédente"
7520269,https://www.marocannonces.com/categorie/314/Voitures-occasion/annonce/7520269/309-MAZOUT.html,marocannonces,2026-10-02,2026-10-02 02:43:35,309 MAZOUT,Peugeot,309,,1987.0,220000.0,Diesel,,08-10 chevaux,,Occasion,,,Particulier,,,Casablanca,Casablanca-Settat,18000.0,4.0,18 000 DH 309 MAZOUT Casablanca Vue: 53 Annonce N°: 7520269 Marque: Peugeot Modèle: 309 Année : 1987 Kilométrage : 220000 Carburant  : Diesel Puissance : 08-10 chevaux Ville : Casablanca Detail de l'annonce : tres bon etat general 8chv diesel diwana 1994 vitres electrique Annonceur : aimad Répondre l'annonceur Imprimer Signaler cette annonce Envoyer à un ami Partager sur Facebook Twitter LinkedIn Retour à la page précédente
7520243,https://www.marocannonces.com/categorie/314/Voitures-occasion/annonce/7520243/Logan-2006-bon-état.html,marocannonces,2026-10-02,2026-10-02 02:43:36,Logan 2006 bon état,Renault,Logan,,2006.0,196000.0,Diesel,,05-07 chevaux,,Neuf,1,,Particulier,,,Casablanca,Casablanca-Settat,60000.0,4.0,60 000 DH Logan 2006 bon état Casablanca Vue: 71 Annonce N°: 7520243 Marque: Renault Modèle: Logan Année : 2006 Kilométrage : 196000 Carburant  : Diesel Puissance : 05-07 chevaux Ville : Casablanca Detail de l'annonce : j'offre une voiture LOGAN mod 2006 1er main moteur jamais réparée et jamais accidentée entretien a la maison depuis 2006 radar de recul radio CD fermeture centralisée 2 clé pneus de secours d'origine jamais utilisée 4 pneus Michelin housse d'origine état neuf volant assistée Réservoir carburant depuis sa sortie jamais vide  toujours au delà de 15 litres dernier prix 60000dh  intermédiaire a ne pas appeller svp Annonceur : majid Répondre l'annonceur Imprimer Signaler cette annonce Envoyer à un ami Partager sur Facebook Twitter LinkedIn Retour à la page précédente
5254891,https://www.marocannonces.com/categorie/314/Voitures-occasion/annonce/5254891/سيارة-للبيع.html,marocannonces,2026-10-02,2026-10-02 02:43:37,سيارة للبيع,Ford,Mondeo,,1998.0,,Essence,,08-10 chevaux,,Occasion,,,Particulier,0675745737,f49b1611c15959e05c67ba3e2f41b68604e4083e37aee5b80f043fcc2919a4fd,Khemisset,Rabat-Salé-Kénitra,30000.0,1.0,30 000 DH سيارة للبيع Khemisset Vue: 6 Annonce N°: 5254891 Marque: Ford Modèle: Mondeo Année : 1998 Carburant  : Essence Puissance : 08-10 chevaux Ville : Khemisset Detail de l'annonce : لمن يهمه الامر سيارة فورد مونديو للبيع موديل 98 اصانص 1Oعدد الخيول- السعر  -      30   الف درهم الهاتف-     0675745737                . . . . . . . . . . . . . Annonceur : mouhcine Répondre l'annonceur Imprimer Signaler cette annonce Envoyer à un ami Partager sur Facebook Twitter LinkedIn Retour à la page précédente
7516020,https://www.marocannonces.com/categorie/314/Voitures-occasion/annonce/7516020/Renault-mégane-2.html,marocannonces,2026-10-02,2026-10-02 02:43:38,Renault mégane 2,Renault,Megane,,2006.0,257000.0,Diesel,,05-07 chevaux,,Occasion,,,Particulier,,,Tout le Maroc,,68000.0,4.0,68 000 DH Renault mégane 2 Tout le Maroc Vue: 67 Annonce N°: 7516020 Marque: Renault Modèle: Megane Année : 2006 Kilométrage : 257000 Carburant  : Diesel Puissance : 05-07 chevaux Ville : Tout le Maroc Detail de l'annonce : Mégane 2 tt options bn état Peinture de la maison Prix négociable Disponible à benguerir Pour les intéressé mrehba Annonceur : Mohamed Répondre l'annonceur Imprimer Signaler cette annonce Envoyer à un ami Partager sur Facebook Twitter LinkedIn Retour à la page précédente
7519857,https://www.marocannonces.com/categorie/314/Voitures-occasion/annonce/7519857/Renault-clio-clsssique-mod-2007-a-vendre.html,marocannonces,2026-10-02,2026-10-02 02:43:39,Renault clio clsssique mod 2007 a vendre,Renault,Clio,,2007.0,200000.0,Diesel,,05-07 chevaux,,Occasion,,,Particulier,,,Casablanca,Casablanca-Settat,58000.0,2.0,"58 000 DH Renault clio clsssique mod 2007 a vendre Casablanca Vue: 72 Annonce N°: 7519857 Marque: Renault Modèle: Clio Année : 2007 Kilométrage : 200000 km Carburant  : Diesel Puissance : 05-07 chevaux Ville : Casablanca Detail de l'annonce : Je met en vente ma renault clio classique 6 cv mod 2007   en bonne etat Clima,centralise,vitres avant electrique,airbag Pour plus de details contactez moi. Prix legerment negociable Annonceur : Fouad Répondre l'annonceur Imprimer Signaler cette annonce Envoyer à un ami Partager sur Facebook Twitter LinkedIn Retour à la page précédente"
7519710,https://www.marocannonces.com/categorie/314/Voitures-occasion/annonce/7519710/golf-5-a-vendre.html,marocannonces,2026-10-02,2026-10-02 02:43:41,golf 5 a vendre,Volkswagen,Golf,,2005.0,25000.0,Diesel,,08-10 chevaux,,Occasion,,,Particulier,,,Casablanca,Casablanca-Settat,75000.0,4.0,75 000 DH golf 5 a vendre Casablanca Vue: 166 Annonce N°: 7519710 Marque: Volkswagen Modèle: Golf Année : 2005 Kilométrage : 25000 Carburant  : Diesel Puissance : 08-10 chevaux Ville : Casablanca Detail de l'annonce : je mets en vente ma voiture golf 5 gris 1.9 tdi Annonceur : zakaria mohib Répondre l'annonceur Imprimer Signaler cette annonce Envoyer à un ami Partager sur Facebook Twitter LinkedIn Retour à la page précédente
6138023,https://www.marocannonces.com/categorie/314/Voitures-occasion/annonce/6138023/Renault-laguna-modele-2005.html,marocannonces,2026-10-02,2026-10-02 02:43:41,Renault laguna  modele 2005,Renault,Laguna,,2005.0,122000.0,Diesel,Automatique,05-07 chevaux,,Occasion,,,Particulier,0661151323,1f021d2eb4a1289e82eaa00e7735f53dbd6e5901dc683d71f178dd26a50196e5,Casablanca,Casablanca-Settat,80000.0,5.0,80 000 DH Renault laguna  modele 2005 Casablanca Vue: 15 Annonce N°: 6138023 Marque: Renault Modèle: Laguna Année : 2005 Kilométrage : 122000 Carburant  : Diesel Puissance : 05-07 chevaux Ville : Casablanca Detail de l'annonce : A VENDRE LAGUNA 2  (carte) couleur Noire Model 25/11/2005 diesel. 7 cv bien équipée : climatisation + airbag + fermeture a distance Automatique : Kilométrage : 122000 km T 06 61 15 13 23 T 06 61 78 14 80 . . . . . . . . . . . . . . . . . . . . . . . Annonceur : bennani Répondre l'annonceur Imprimer Signaler cette annonce Envoyer à un ami Partager sur Facebook Twitter LinkedIn Retour à la page précédente
6149043,https://www.marocannonces.com/categorie/314/Voitures-occasion/annonce/6149043/MERCEDES-R500-4-Matic.html,marocannonces,2026-10-02,2026-10-02 02:43:42,MERCEDES R500 4 Matic,Mercedes-Benz,CLASSE R,,2007.0,,Essence,Automatique,,,Occasion,,,Particulier,0661189769,7335db3762ae35f1dc3aa24b6689267a37d34bc1830d7fd9af55b9a1ec092564,Fès,Fès-Meknès,,8.0,"Prix : N/A MERCEDES R500 4 Matic Fès Vue: 20 Annonce N°: 6149043 Marque: Mercedes-Benz Modèle: CLASSE R Année : 2007 Carburant  : Essence Ville : Fès Detail de l'annonce : Taiiba car vous offre attractive voiture familiale c'est une mercedes r500 4 matic, model 2007, toit panoramique ouvrant, essence, boite de vitesse automatique, radars de recul av/arr., sièges semi-cuir électriques, système de navigation, direction assistée, ordinateur de bord, climatisation aut., airbags, volant multifonctions, bluetooth, téléphone intégré, jantes alum., projecteurs xénon, rétroviseurs électriques, vitres teintées électriques, verrouillage centralisé, capote électrique... allez viiiiiite cette occasion à ne pas rater, pour plus de renseignements bienvenue chez taiiba car *adresse: 8, bis bd. imam ali v.n fès *gsm: 0661.189.769 meilleur cordialement . . . . . . . . . Annonceur : Utilisateur Répondre l'annonceur Imprimer Signaler cette annonce Envoyer à un ami Partager sur Facebook Twitter LinkedIn Retour à la page précédente"
7519612,https://www.marocannonces.com/categorie/314/Voitures-occasion/annonce/7519612/c4-my-way-tout-option.html,marocannonces,2026-10-02,2026-10-02 02:43:43,c4 my way tout option,Citroën,C4,,2013.0,77980.0,Diesel,,05-07 chevaux,,Occasion,,,Particulier,,,Casablanca,Casablanca-Settat,120000.0,5.0,120 000 DH c4 my way tout option Casablanca Vue: 91 Annonce N°: 7519612 Marque: Citroen Modèle: C4 Année : 2013 Kilométrage : 77980 Carburant  : Diesel Puissance : 05-07 chevaux Ville : Casablanca Detail de l'annonce : C4 citroën c4 my way diesel tt options modèle 2013 voiture en très bon état peinture d'origine dernier prix 120 000 dhs Annonceur : said Répondre l'annonceur Imprimer Signaler cette annonce Envoyer à un ami Partager sur Facebook Twitter LinkedIn Retour à la page précédente
7519594,https://www.marocannonces.com/categorie/314/Voitures-occasion/annonce/7519594/Mercedes-benz-classe-cls(2009).html,marocannonces,2026-10-02,2026-10-02 02:43:44,Mercedes benz classe cls(2009),Mercedes-Benz,Classe CLS,,2009.0,220000.0,Essence,,13 chevaux,,Occasion,,,Particulier,,,Marrakech,Marrakech-Safi,85000.0,4.0,"85 000 DH Mercedes benz classe cls(2009) Marrakech Vue: 98 Annonce N°: 7519594 Marque: Mercedes-Benz Modèle: Classe CLS Année : 2009 Kilométrage : 220000 Carburant  : Essence Puissance : 13 chevaux Ville : Marrakech Detail de l'annonce : Mercedes classe cls 280 essence , noir intérieur cuir rouge , 1ere main sortie à autonejma casablanca, 220 000km , prix 85 000 dh Annonceur : Taoufiki Kacem Répondre l'annonceur Imprimer Signaler cette annonce Envoyer à un ami Partager sur Facebook Twitter LinkedIn Retour à la page précédente"
7519552,https://www.marocannonces.com/categorie/314/Voitures-occasion/annonce/7519552/PASSAT-TDI-19-2008.html,marocannonces,2026-10-02,2026-10-02 02:43:45,PASSAT TDI 1.9 2008,Volkswagen,Passat,,2008.0,149900.0,Diesel,,08-10 chevaux,,Occasion,,,Particulier,,,Tanger,Tanger-Tétouan-Al Hoceïma,130000.0,8.0,130 000 DH PASSAT TDI 1.9 2008 Tanger Vue: 29 Annonce N°: 7519552 Marque: Volkswagen Modèle: Passat Année : 2008 Kilométrage : 149900 Carburant  : Diesel Puissance : 08-10 chevaux Ville : Tanger Detail de l'annonce : VENDS PASSAT TDI 2008 très bien entretenue Annonceur : hammadi Répondre l'annonceur Imprimer Signaler cette annonce Envoyer à un ami Partager sur Facebook Twitter LinkedIn Retour à la page précédente
7519317,https://www.marocannonces.com/categorie/314/Voitures-occasion/annonce/7519317/Classe-C-première-main-excellent-état.html,marocannonces,2026-10-02,2026-10-02 02:43:46,Classe C première main excellent état,Mercedes-Benz,Classe C,,2013.0,110000.0,Diesel,,08-10 chevaux,,Occasion,1,,Particulier,,,Rabat,Rabat-Salé-Kénitra,220000.0,7.0,"220 000 DH Classe C première main excellent état Rabat Vue: 86 Annonce N°: 7519317 Marque: Mercedes-Benz Modèle: Classe C Année : 2013 Kilométrage : 110000 Carburant  : Diesel Puissance : 08-10 chevaux Ville : Rabat Detail de l'annonce : Excellent véhicule très bien entretenu, une occasion à saisir pour ceux à la recherche d'une voiture très fiable pour les années à venir. Annonceur : DAOUD ESSAM Répondre l'annonceur Imprimer Signaler cette annonce Envoyer à un ami Partager sur Facebook Twitter LinkedIn Retour à la page précédente"
7519295,https://www.marocannonces.com/categorie/314/Voitures-occasion/annonce/7519295/AUDI-A4.html,marocannonces,2026-10-02,2026-10-02 02:43:47,AUDI A4,Audi,A4,,2011.0,150000.0,Essence,,08-10 chevaux,,Occasion,,,Particulier,,,Rabat,Rabat-Salé-Kénitra,100000000.0,6.0,"100 000 000 DH AUDI A4 Rabat Vue: 93 Annonce N°: 7519295 Marque: Audi Modèle: A4 Année : 2011 Kilométrage : 150000 Carburant  : Essence Puissance : 08-10 chevaux Ville : Rabat Detail de l'annonce : je mest en vente une AUDI A4 essence, modele 2011 Annonceur : albaraka Répondre l'annonceur Imprimer Signaler cette annonce Envoyer à un ami Partager sur Facebook Twitter LinkedIn Retour à la page précédente"
5077145,https://www.marocannonces.com/categorie/314/Voitures-occasion/annonce/5077145/Volkswagen-golf-5-modele-2008.html,marocannonces,2026-10-02,2026-10-02 02:43:47,Volkswagen golf 5 modele 2008,Volkswagen,Golf,,2008.0,100000.0,Diesel,,08-10 chevaux,,Occasion,,,Particulier,,,Casablanca,Casablanca-Settat,175000.0,3.0,175 000 DH Volkswagen golf 5 modele 2008 Casablanca Vue: 9 Annonce N°: 5077145 Marque: Volkswagen Modèle: Golf Année : 2008 Kilométrage : 100000 Carburant  : Diesel Puissance : 08-10 chevaux Ville : Casablanca Detail de l'annonce : J'ai besoin de vendre ma voiture Volsvagen golf 5 tout option ( a négocier ;) . . . . . . . . . . . . . Annonceur : Najib Répondre l'annonceur Imprimer Signaler cette annonce Envoyer à un ami Partager sur Facebook Twitter LinkedIn Retour à la page précédente
7519148,https://www.marocannonces.com/categorie/314/Voitures-occasion/annonce/7519148/Ford-focus.html,marocannonces,2026-10-02,2026-10-02 02:43:48,Ford focus,Ford,Focus,,2012.0,110000.0,Diesel,,05-07 chevaux,,Occasion,,,Particulier,,,Casablanca,Casablanca-Settat,135000.0,4.0,135 000 DH Ford focus Casablanca Vue: 33 Annonce N°: 7519148 Marque: Ford Modèle: Focus Année : 2012 Kilométrage : 110000 Carburant  : Diesel Puissance : 05-07 chevaux Ville : Casablanca Detail de l'annonce : Je met en vente ma voiture ford focus 2ème main a très bon état et a bon prix Annonceur : Simo Répondre l'annonceur Imprimer Signaler cette annonce Envoyer à un ami Partager sur Facebook Twitter LinkedIn Retour à la page précédente
7518948,https://www.marocannonces.com/categorie/314/Voitures-occasion/annonce/7518948/Vend-renault-mégane-2-15-dci.html,marocannonces,2026-10-02,2026-10-02 02:43:49,Vend renault mégane 2 1.5 dci,Renault,Megane,,2006.0,200000.0,Diesel,,05-07 chevaux,,Occasion,,,Particulier,,,Casablanca,Casablanca-Settat,68000.0,1.0,68 000 DH Vend renault mégane 2 1.5 dci Casablanca Vue: 17 Annonce N°: 7518948 Marque: Renault Modèle: Megane Année : 2006 Kilométrage : 200000 Carburant  : Diesel Puissance : 05-07 chevaux Ville : Casablanca Detail de l'annonce : Vend Mégane 2 1.5 DCI année :08/2006 climatisée Annonceur : SIMOHAMED Répondre l'annonceur Imprimer Signaler cette annonce Envoyer à un ami Partager sur Facebook Twitter LinkedIn Retour à la page précédente
7518938,https://www.marocannonces.com/categorie/314/Voitures-occasion/annonce/7518938/Citroen-grand-c4-Picasso-7-Places.html,marocannonces,2026-10-02,2026-10-02 02:43:50,Citroen grand c4 Picasso 7 Places,Citroën,C4 Picasso,,2008.0,114000.0,Diesel,Automatique,08-10 chevaux,,Occasion,,,Particulier,,,Salé,Rabat-Salé-Kénitra,95000.0,3.0,95 000 DH Citroen grand c4 Picasso 7 Places Salé Vue: 39 Annonce N°: 7518938 Marque: Citroen Modèle: C4 Picasso Année : 2008 Kilométrage : 114000 Carburant  : Diesel Puissance : 08-10 chevaux Ville : Salé Detail de l'annonce : Citroen grand c4 Picasso diesel toutes options 7 places confortables Vitesse automatique Jantes alimunium Voiture familiale économique Annonceur : Amina Répondre l'annonceur Imprimer Signaler cette annonce Envoyer à un ami Partager sur Facebook Twitter LinkedIn Retour à la page précédente
7518957,https://www.marocannonces.com/categorie/314/Voitures-occasion/annonce/7518957/Volkswagen-polo.html,marocannonces,2026-10-02,2026-10-02 02:43:51,Volkswagen polo,Volkswagen,Polo,,2000.0,,Diesel,,08-10 chevaux,,Occasion,,,Particulier,0627640488,8db5a5881072bca0899e44642bbe0e4db2fc398251006c9d10905da059862516,Casablanca,Casablanca-Settat,32000.0,3.0,"32 000 DH Volkswagen polo Casablanca Vue: 39 Annonce N°: 7518957 Marque: Volkswagen Modèle: Polo Année : 2000 Carburant  : Diesel Puissance : 08-10 chevaux Ville : Casablanca Detail de l'annonce : Je met en vente une voiture Volkswagen polo diesel. Consommation très faible, vitre électrique, motore en bonne état. 0627640488 Annonceur : Said Répondre l'annonceur Imprimer Signaler cette annonce Envoyer à un ami Partager sur Facebook Twitter LinkedIn Retour à la page précédente"
5076671,https://www.marocannonces.com/categorie/314/Voitures-occasion/annonce/5076671/Cherche-citroen-c4.html,marocannonces,2026-10-02,2026-10-02 02:43:52,Cherche citroen c4,Citroën,C4,,2006.0,100000.0,Diesel,,05-07 chevaux,,Occasion,,,Particulier,,,Rabat,Rabat-Salé-Kénitra,15000.0,1.0,15 000 DH Cherche citroen c4 Rabat Vue: 10 Annonce N°: 5076671 Marque: Citroen Modèle: C4 Année : 2006 Kilométrage : 100000 Carburant  : Diesel Puissance : 05-07 chevaux Ville : Rabat Detail de l'annonce : bonjour je cherche une citroen C4 non dédouaner. . . . . . . . . . . . . . Annonceur : abdo Répondre l'annonceur Imprimer Signaler cette annonce Envoyer à un ami Partager sur Facebook Twitter LinkedIn Retour à la page précédente
5076667,https://www.marocannonces.com/categorie/314/Voitures-occasion/annonce/5076667/Chevrolet-aveo-modele-2007.html,marocannonces,2026-10-02,2026-10-02 02:43:53,Chevrolet  aveo modele 2007,Chevrolet,Aveo,,2007.0,85000.0,Essence,Manuelle,05-07 chevaux,WW au Maroc,Occasion,1,,Particulier,,,Casablanca,Casablanca-Settat,68000.0,5.0,"68 000 DH Chevrolet  aveo modele 2007 Casablanca Vue: 13 Annonce N°: 5076667 Marque: Chevrolet Modèle: Aveo Année : 2007 Kilométrage : 85000 Carburant  : Essence Puissance : 05-07 chevaux Ville : Casablanca Detail de l'annonce : Chevrolet aveo berlines modéle 2007 trés bonne état ,1er main, vitres électriques, fermeture centralisée, direction assistée, airbag, clim,tte option. CHEVROLET Aveo 1.2 l LS uncore ww Air bag , Climatisation, Système audio Radio-CD/mp3 ,Antidémarrage ,Condamnation des ouvrants en roulant,  Direction assistée, Fermeture centralisée des portes, Commande à distance des portes, Vitres électriques à l'avant, Volant réglable en hauteur,Banquette arrière rabattables 1/3 - 2/3,Jantes en alliage Catégorie Citadine Nombre de portes 5 Energie  Essence Puissance fiscale (cv) 7 Puissance réelle (ch) 83 Boîte à vitesse Manuelle Nombre de rapports 5 Vitesse maximale (km/h) 200 Consommation en cycle urbain (l/100 km) 5,2 Consommation en cycle extra-urbain (l/100 km) 3,6 Consommation en cycle mixte (l/100 km) 4,5 Emission du CO2 (g/km) 132 Volume du réservoir (litres) 45 . . . . . . . . . . . . . Annonceur : mac mac Répondre l'annonceur Imprimer Signaler cette annonce Envoyer à un ami Partager sur Facebook Twitter LinkedIn Retour à la page précédente"
7518431,https://www.marocannonces.com/categorie/314/Voitures-occasion/annonce/7518431/Uno-diesel-a-vendrr.html,marocannonces,2026-10-02,2026-10-02 02:43:53,Uno diesel a vendrr,Fiat,Uno,,1995.0,,Diesel,,,,Occasion,,,Particulier,,,Rabat,Rabat-Salé-Kénitra,22000.0,4.0,22 000 DH Uno diesel a vendrr Rabat Vue: 45 Annonce N°: 7518431 Marque: Fiat Modèle: Uno Année : 1995 Carburant  : Diesel Ville : Rabat Detail de l'annonce : Uno diesel modèle fin 21-12-1995 Visible sur rabat Annonceur : Rachid Répondre l'annonceur Imprimer Signaler cette annonce Envoyer à un ami Partager sur Facebook Twitter LinkedIn Retour à la page précédente
7518355,https://www.marocannonces.com/categorie/314/Voitures-occasion/annonce/7518355/citroen-cx-pallas.html,marocannonces,2026-10-02,2026-10-02 02:43:54,citroen cx pallas,Citroën,BX,,,890435.0,Diesel,,08-10 chevaux,Dédouanée,Occasion,,,Particulier,,,Agadir,Souss-Massa,27000.0,3.0,27 000 DH citroen cx pallas Agadir Vue: 240 Annonce N°: 7518355 Marque: Citroen Modèle: BX Année : 1978 Kilométrage : 890435 Carburant  : Diesel Puissance : 08-10 chevaux Ville : Agadir Detail de l'annonce : citroen cx pallas dédouané a 1978 carrosserie et moteur en bon état il a tous les accessoire les coussin en cuire ADS toujours fonction Annonceur : mohamed Répondre l'annonceur Imprimer Signaler cette annonce Envoyer à un ami Partager sur Facebook Twitter LinkedIn Retour à la page précédente
7518332,https://www.marocannonces.com/categorie/314/Voitures-occasion/annonce/7518332/Voiture-hyundai-accent.html,marocannonces,2026-10-02,2026-10-02 02:43:55,Voiture hyundai accent,Hyundai,Accent,,2011.0,85000.0,Diesel,,05-07 chevaux,,Occasion,,,Particulier,,,Ouarzazate,Drâa-Tafilalet,11500.0,3.0,"11 500 DH Voiture hyundai accent Ouarzazate Vue: 53 Annonce N°: 7518332 Marque: Hyundai Modèle: Accent Année : 2011 Kilométrage : 85000 Carburant  : Diesel Puissance : 05-07 chevaux Ville : Ouarzazate Detail de l'annonce : Salam . Je met en vente hyundai accent model 12/2011 avec clim volent assité ,volant réglable , vitre électrique av/ ar , air bag volant ,lecteur usb , rétroviseur électrique , radar parking, téléphone , phar antibrouillar elc ... pour plus d'information n'hésitez pas de m'appelle Merci Annonceur : Ftah Répondre l'annonceur Imprimer Signaler cette annonce Envoyer à un ami Partager sur Facebook Twitter LinkedIn Retour à la page précédente"
7518218,https://www.marocannonces.com/categorie/314/Voitures-occasion/annonce/7518218/Fiat-punto.html,marocannonces,2026-10-02,2026-10-02 02:43:56,Fiat punto,Fiat,Punto,,2012.0,97000.0,Essence,,,,Neuf,,,Particulier,,,Marrakech,Marrakech-Safi,52000.0,3.0,"52 000 DH Fiat punto Marrakech Vue: 79 Annonce N°: 7518218 Marque: Fiat Modèle: Punto Année : 2012 Kilométrage : 97000 Carburant  : Essence Ville : Marrakech Detail de l'annonce : Fiat Punto model 2012 essence tout option.climatisation,airbags,vitres electrique.. salon très propre,moteur neuf à très faible consommation 1,2L km 97980km...jamais accidentée.rien à prévoir comme réparation même service de vidange est fait 5jrs avant..prix imbattable 52000dh légèrement négociable. Annonceur : Toufik Répondre l'annonceur Imprimer Signaler cette annonce Envoyer à un ami Partager sur Facebook Twitter LinkedIn Retour à la page précédente"
7507951,https://www.marocannonces.com/categorie/314/Voitures-occasion/annonce/7507951/Toyota-Auris-Silver.html,marocannonces,2026-10-02,2026-10-02 02:43:57,Toyota Auris Silver,Toyota,Auris,,,,,,,,Occasion,1,,Particulier,,,Rabat,Rabat-Salé-Kénitra,130000.0,1.0,"130 000 DH Toyota Auris Silver Rabat Vue: 30 Annonce N°: 7507951 Marque: Toyota Modèle: Auris Detail de l'annonce : 1ère main, bien entretenue à la maison Toyota, peinture d'origine, très bon état Annonceur : Sami Répondre l'annonceur Imprimer Signaler cette annonce Envoyer à un ami Partager sur Facebook Twitter LinkedIn Retour à la page précédente"
7517998,https://www.marocannonces.com/categorie/314/Voitures-occasion/annonce/7517998/Hyundai-accent.html,marocannonces,2026-10-02,2026-10-02 02:43:58,Hyundai accent,Hyundai,Accent,,2012.0,134000.0,Diesel,,05-07 chevaux,,Occasion,,,Particulier,,,Agadir,Souss-Massa,93000.0,4.0,93 000 DH Hyundai accent Agadir Vue: 45 Annonce N°: 7517998 Marque: Hyundai Modèle: Accent Année : 2012 Kilométrage : 134000 Carburant  : Diesel Puissance : 05-07 chevaux Ville : Agadir Detail de l'annonce : Je mets en vente hyundai accent tres bonne etat Annonceur : Abdelhak Répondre l'annonceur Imprimer Signaler cette annonce Envoyer à un ami Partager sur Facebook Twitter LinkedIn Retour à la page précédente
7517885,https://www.marocannonces.com/categorie/314/Voitures-occasion/annonce/7517885/Citreon-c4-a-vendre.html,marocannonces,2026-10-02,2026-10-02 02:43:59,Citreon c4 a vendre,Citroën,C4,,2010.0,150000.0,Diesel,,05-07 chevaux,,Occasion,,,Particulier,,,Casablanca,Casablanca-Settat,84000.0,6.0,84 000 DH Citreon c4 a vendre Casablanca Vue: 25 Annonce N°: 7517885 Marque: Citroen Modèle: C4 Année : 2010 Kilométrage : 150000 Carburant  : Diesel Puissance : 05-07 chevaux Ville : Casablanca Detail de l'annonce : salam;je met en vente ma voiture en tres bonne etat tt option : la clim l'airbag PC de bord bluetooth et gentes aluminum la peinture d'origine jamais accidenté. pour les sérieux marrhba Annonceur : JED/ABDELLAH Répondre l'annonceur Imprimer Signaler cette annonce Envoyer à un ami Partager sur Facebook Twitter LinkedIn Retour à la page précédente
7517543,https://www.marocannonces.com/categorie/314/Voitures-occasion/annonce/7517543/Fiat-500-ess-tt-opt-louge-boîte-man-toit-panor.html,marocannonces,2026-10-02,2026-10-02 02:44:00,Fiat 500 ess tt opt louge boîte man toit panor,Fiat,500,,2016.0,38000.0,Essence,Manuelle,05-07 chevaux,,Occasion,,,Particulier,0661299160,acf2397e9eec11bf2a357894016b24d46343d45642c8227120d0caca43a50573,Casablanca,Casablanca-Settat,115000.0,5.0,"115 000 DH Fiat 500 ess tt opt louge boîte man toit panor Casablanca Vue: 55 Annonce N°: 7517543 Marque: Fiat Modèle: 500 Année : 2016 Kilométrage : 38000 Carburant  : Essence Puissance : 05-07 chevaux Ville : Casablanca Detail de l'annonce : Vend fiat 500 essence,lounge,noir,tt options,38.000 kms,boîte manuelle,jante alu,bande laterale,clim auto,toit panoramique,rétroviseur chrome électrique,ordinateur de bord avec Systeme navigation,commande au volant et vocale tel radio et autres,support audio avec connexion USB et bluetooth+service UConnect,vignette 350 dhs. prix 115.000 dhs 0661299160 Annonceur : Adil kettani Répondre l'annonceur Imprimer Signaler cette annonce Envoyer à un ami Partager sur Facebook Twitter LinkedIn Retour à la page précédente"
7517522,https://www.marocannonces.com/categorie/314/Voitures-occasion/annonce/7517522/Dacia-duster-44-diesel-a-vendre.html,marocannonces,2026-10-02,2026-10-02 02:44:01,Dacia duster 4/4 diesel a vendre,Dacia,DUSTER,,2011.0,200000.0,Diesel,,05-07 chevaux,,Occasion,,,Particulier,,,Casablanca,Casablanca-Settat,100000.0,3.0,100 000 DH Dacia duster 4/4 diesel a vendre Casablanca Vue: 61 Annonce N°: 7517522 Marque: Dacia Modèle: DUSTER Année : 2011 Kilométrage : 200000 Carburant  : Diesel Puissance : 05-07 chevaux Ville : Casablanca Detail de l'annonce : Dacia duster 4/4 a vendre diesel toute option model 2011 bon état. Annonceur : Bourzayq Mohammed Répondre l'annonceur Imprimer Signaler cette annonce Envoyer à un ami Partager sur Facebook Twitter LinkedIn Retour à la page précédente
7517502,https://www.marocannonces.com/categorie/314/Voitures-occasion/annonce/7517502/honda-crv-diesel-automatique.html,marocannonces,2026-10-02,2026-10-02 02:44:01,honda crv diesel automatique,Honda,CR-V,,2014.0,70500.0,Diesel,Automatique,08-10 chevaux,,Occasion,,,Particulier,,,Casablanca,Casablanca-Settat,187000.0,8.0,"187 000 DH honda crv diesel automatique Casablanca Vue: 111 Annonce N°: 7517502 Marque: Honda Modèle: CR-V Année : 2014 Kilométrage : 70500 Carburant  : Diesel Puissance : 08-10 chevaux Ville : Casablanca Detail de l'annonce : Je mets en vente honda cr-v diesel 4x4 boîte automatique avec palettes au volant, modèle 5/2014, très bien entretenue avec plein d'options :8 airbags, régulateur et limiteur de vitesse,réglage lombaire du siège conducteur électrique, clim automatique  bi-zone,rétroviseur électrique chauffant avec anti-éblouissement ,système de freinage automatique en descente, hill-holder, volant reglable , feux de jour led, jantes 19 pouces exclusif honda avec des pneus récemment changé, siège en daim ,fillet de coffre avec cache bagages démontable, vignette 1500dh déjà payé, abs/esp/contrôle de traction/awd/avertisseur de crevaison. prix légèrement négociable. mot clé : abarth alfa romeo audi bmw citroën chevrolet cadillac chery chrysler dacia daewoo dodge daimler fiat ford fisker geely gmc honda hyundai hummer jaguar jeep kia lada lancia land rover mercedes maserati nissan opel porsche renault range rover seat skoda tata volvo volkswagen zoyte 4x4 suv rav4 x1 x2 x3 x4 x5 x6 q2 q3 q5 q7 stelvio levante vitara xc60 xc90 xc40 f-pace f-pace qashqai juke koleos kadjar santa fe tucson creta 2008 4008 3008 5008 kodiaq karoq tiguan touareg cayenne macan sportage mohave sorento veracruz ix35 ix55 freemont countryman cherokee renegade wrangler pilot ch-r hr-v xtrail murano pajero terracan h1 h2 h3 gle glk gla ml gls g gl mokka crossland captiva pathfinder velar evoque discovery freelander defender actyon kyron rexton stavic korando galloper 500X 500L cactus cross ateca arona prado land cruiser patrol ridgeline kuga escape explorer expedition ecosport capture duster tahoe suburban escalade cx-3 cx-5 cx-7 cx-9 rav4 Annonceur : simo Répondre l'annonceur Imprimer Signaler cette annonce Envoyer à un ami Partager sur Facebook Twitter LinkedIn Retour à la page précédente"
7517460,https://www.marocannonces.com/categorie/314/Voitures-occasion/annonce/7517460/GOLF-5-diesel-19.html,marocannonces,2026-10-02,2026-10-02 02:44:02,GOLF 5 diesel 1.9,Volkswagen,GOLF+,,2010.0,278000.0,Diesel,,08-10 chevaux,,Occasion,,,Particulier,,,Kénitra,Rabat-Salé-Kénitra,91000.0,4.0,91 000 DH GOLF 5 diesel 1.9 Kénitra Vue: 31 Annonce N°: 7517460 Marque: Volkswagen Modèle: GOLF+ Année : 2010 Kilométrage : 278000 Carburant  : Diesel Puissance : 08-10 chevaux Ville : Kénitra Detail de l'annonce : Golf 5 diesel 1.9 mise en circulation juillet 2004 Diwana (2010) fin 2009 toutes options tonobil en bon état li braha mrhba kayna f kenitra Annonceur : YOUSSEF Répondre l'annonceur Imprimer Signaler cette annonce Envoyer à un ami Partager sur Facebook Twitter LinkedIn Retour à la page précédente
7517456,https://www.marocannonces.com/categorie/314/Voitures-occasion/annonce/7517456/peugeot-206-HDI-tout-option.html,marocannonces,2026-10-02,2026-10-02 02:44:03,peugeot 206 HDI tout option,Peugeot,206,,2007.0,,Diesel,,05-07 chevaux,,Neuf,,,Particulier,,,Casablanca,Casablanca-Settat,67000.0,3.0,67 000 DH peugeot 206 HDI tout option Casablanca Vue: 49 Annonce N°: 7517456 Marque: Peugeot Modèle: 206 Année : 2007 Carburant  : Diesel Puissance : 05-07 chevaux Ville : Casablanca Detail de l'annonce : Voiture en bon état.moteur comme neuf jamais réparé.04 vitre électrique.02 air bag.commande au voulant.fermeture des porte en roulant.anti brouillard.04 pneus neuf.verrouillage des porte arrière sécurité d'enfant.02 clé originale et plein d'option Annonceur : abdo Répondre l'annonceur Imprimer Signaler cette annonce Envoyer à un ami Partager sur Facebook Twitter LinkedIn Retour à la page précédente
7517396,https://www.marocannonces.com/categorie/314/Voitures-occasion/annonce/7517396/chevrolet-aveo.html,marocannonces,2026-10-02,2026-10-02 02:44:04,chevrolet aveo,Chevrolet,Aveo,,2009.0,34000.0,Essence,,05-07 chevaux,,Occasion,,,Particulier,,,Salé,Rabat-Salé-Kénitra,52000.0,6.0,52 000 DH chevrolet aveo Salé Vue: 29 Annonce N°: 7517396 Marque: Chevrolet Modèle: Aveo Année : 2009 Kilométrage : 34 000 Carburant  : Essence Puissance : 05-07 chevaux Ville : Salé Detail de l'annonce : voiture en bon état et tout option Annonceur : abdalah Répondre l'annonceur Imprimer Signaler cette annonce Envoyer à un ami Partager sur Facebook Twitter LinkedIn Retour à la page précédente
7517395,https://www.marocannonces.com/categorie/314/Voitures-occasion/annonce/7517395/Ford-fiesta.html,marocannonces,2026-10-02,2026-10-02 02:44:05,Ford fiesta,Ford,Fiesta,,2011.0,160000.0,Diesel,,05-07 chevaux,,Occasion,1,,Particulier,0639177700,e028a2da58362f5f9df2ba69902b0f558168f64e8c8dff5e941e691df3822a79,Rabat,Rabat-Salé-Kénitra,87000.0,7.0,"87 000 DH Ford fiesta Rabat Vue: 92 Annonce N°: 7517395 Marque: Ford Modèle: Fiesta Année : 2011 Kilométrage : 160000 Carburant  : Diesel Puissance : 05-07 chevaux Ville : Rabat Detail de l'annonce : À vendre Ford fiesta, première main, mise en service le 21/07/2011, diésel, 6 Cv climatisée, kilométrage autour de 160 000 km, couleur aubergine, en bon état 0639177700 Annonceur : Utilisateurna Répondre l'annonceur Imprimer Signaler cette annonce Envoyer à un ami Partager sur Facebook Twitter LinkedIn Retour à la page précédente"
7517213,https://www.marocannonces.com/categorie/314/Voitures-occasion/annonce/7517213/Mercedes-C220-blueTec.html,marocannonces,2026-10-02,2026-10-02 02:44:06,Mercedes C220 blueTec,Mercedes-Benz,C220,,,,,Automatique,,,Occasion,,,Particulier,,,Rabat,Rabat-Salé-Kénitra,400000.0,8.0,"400 000 DH Mercedes C220 blueTec Rabat Vue: 94 Annonce N°: 7517213 Marque: Mercedes-Benz Modèle: C220 Detail de l'annonce : Je mets en vente ma voiture, pour cause de mutation professionnelle et double usage avec voiture de service : Mercedes C220 BlueTec 2014 importé d'Allemagne depuis Décembre 2017 Boite automatique Première mise en circulation 08/05/2014 Voiture en excellent état Annonceur : mohamed Répondre l'annonceur Imprimer Signaler cette annonce Envoyer à un ami Partager sur Facebook Twitter LinkedIn Retour à la page précédente"
7517349,https://www.marocannonces.com/categorie/314/Voitures-occasion/annonce/7517349/Renault-Laguna-coupe-Diesel.html,marocannonces,2026-10-02,2026-10-02 02:44:07,Renault Laguna coupe Diesel,Renault,Laguna,,2012.0,100000.0,Diesel,Automatique,08-10 chevaux,,Occasion,,,Particulier,,,Marrakech,Marrakech-Safi,140000.0,8.0,"140 000 DH Renault Laguna coupe Diesel Marrakech Vue: 149 Annonce N°: 7517349 Marque: Renault Modèle: Laguna Année : 2012 Kilométrage : 100000 Carburant  : Diesel Puissance : 08-10 chevaux Ville : Marrakech Detail de l'annonce : e mets en vente mon Coupé Laguna GP Monaco 175CH BVA (Phase II) en excellent état, mis en circulation en avril 2013 : Diesel, 8CV fiscaux, toutes options (y compris : sellerie Cuir avec broderie Monaco GP, sonorisation BOSE, 6 airbags dont thorax et bassin av, ABS + ESP + AFU, GPS navigation TOMTOM (Maroc et Ibérie), aide au parking, boite à vitesse automatique, frein de parking électrique, climatisation régulée bizone, régulateur et limiteur de vitesse, essuie-vitres et allumage automatiques des feux, pédaliers en aluminium, , volant GT en cuir avec surpiqûres, bas de marches en aluminium, carte ouverture et démarrage mains libres, rétroviseurs extérieurs rabattables électriquement, rétroviseur intérieur électro chrome, double canule d’échappement chromée, jantes alu 18"" Noires). Pour obtenir plus d'infos sur ce véhicule, n'hésitez pas à me contacter par téléphone Annonceur : Abdel Répondre l'annonceur Imprimer Signaler cette annonce Envoyer à un ami Partager sur Facebook Twitter LinkedIn Retour à la page précédente"
7517214,https://www.marocannonces.com/categorie/314/Voitures-occasion/annonce/7517214/C4-Picasso-automatique.html,marocannonces,2026-10-02,2026-10-02 02:44:08,C4 Picasso automatique,Citroën,C4 Picasso,,2010.0,171000.0,Diesel,Automatique,08-10 chevaux,,Occasion,,,Particulier,,,Casablanca,Casablanca-Settat,93000.0,4.0,93 000 DH C4 Picasso automatique Casablanca Vue: 26 Annonce N°: 7517214 Marque: Citroen Modèle: C4 Picasso Année : 2010 Kilométrage : 171000 Carburant  : Diesel Puissance : 08-10 chevaux Ville : Casablanca Detail de l'annonce : Je met en vente une Citroën c4 Picasso boîte automatique toutes options modèle 2010 jantes aluminium radar de recul climatisation limiteur régulateur de vitesse... Annonceur : Simohamed Répondre l'annonceur Imprimer Signaler cette annonce Envoyer à un ami Partager sur Facebook Twitter LinkedIn Retour à la page précédente
7517042,https://www.marocannonces.com/categorie/314/Voitures-occasion/annonce/7517042/Jetta-a-vendre.html,marocannonces,2026-10-02,2026-10-02 02:44:09,Jetta a vendre,Volkswagen,Jetta,,2016.0,52000.0,Diesel,Manuelle,05-07 chevaux,,Occasion,,,Particulier,,,Mohammedia,Casablanca-Settat,210000.0,1.0,210 000 DH Jetta a vendre Mohammedia Vue: 23 Annonce N°: 7517042 Marque: Volkswagen Modèle: Jetta Année : 2016 Kilométrage : 52000 Carburant  : Diesel Puissance : 05-07 chevaux Ville : Mohammedia Detail de l'annonce : ENTRETIEN MAISON. ABS. AIRBAGS. VITRES ELECTRIQUES. CLIMATISEES. JANTES ALUMIN. DVD. ORDINATEUR BORD. REGULATEUR VITESSE. BOITE MANUELLE. 6CH. TRES BIEN ENTRETENUE. PRIX NEGOCIABLE. INTERMEDIAIRE S'ABSTENIR. O661109173 Annonceur : BRAHIM Répondre l'annonceur Imprimer Signaler cette annonce Envoyer à un ami Partager sur Facebook Twitter LinkedIn Retour à la page précédente
7516895,https://www.marocannonces.com/categorie/314/Voitures-occasion/annonce/7516895/Kia-carens.html,marocannonces,2026-10-02,2026-10-02 02:44:09,Kia carens,Kia,Carens,,2006.0,60000.0,Diesel,,08-10 chevaux,,Occasion,,,Particulier,,,Meknès,Fès-Meknès,65000.0,3.0,65 000 DH Kia carens Meknès Vue: 38 Annonce N°: 7516895 Marque: Kia Modèle: Carens Année : 2006 Kilométrage : 60000 Carburant  : Diesel Puissance : 08-10 chevaux Ville : Meknès Detail de l'annonce : 8chv n9ya Dispo a meknes Annonceur : Hamza Répondre l'annonceur Imprimer Signaler cette annonce Envoyer à un ami Partager sur Facebook Twitter LinkedIn Retour à la page précédente
7516882,https://www.marocannonces.com/categorie/314/Voitures-occasion/annonce/7516882/Peugeot-309-diesel.html,marocannonces,2026-10-02,2026-10-02 02:44:10,Peugeot 309 diesel,Peugeot,309,,1987.0,90000.0,Diesel,,05-07 chevaux,,Occasion,,,Particulier,,,Casablanca,Casablanca-Settat,40000.0,4.0,40 000 DH Peugeot 309 diesel Casablanca Vue: 76 Annonce N°: 7516882 Marque: Peugeot Modèle: 309 Année : 1987 Kilométrage : 90000 Carburant  : Diesel Puissance : 05-07 chevaux Ville : Casablanca Detail de l'annonce : Peugeot 309 bon etat diesel 7 cheveaux faible consomation Annonceur : mostafa Répondre l'annonceur Imprimer Signaler cette annonce Envoyer à un ami Partager sur Facebook Twitter LinkedIn Retour à la page précédente
7516830,https://www.marocannonces.com/categorie/314/Voitures-occasion/annonce/7516830/Dacia-sandero-2010-à-vendre.html,marocannonces,2026-10-02,2026-10-02 02:44:11,Dacia sandero 2010 à vendre,Dacia,Sandero,,2010.0,180000.0,Diesel,,05-07 chevaux,,Occasion,,,Particulier,,,Benslimane,Casablanca-Settat,70000.0,4.0,"70 000 DH Dacia sandero 2010 à vendre Benslimane Vue: 82 Annonce N°: 7516830 Marque: Dacia Modèle: Sandero Année : 2010 Kilométrage : 180000 Carburant  : Diesel Puissance : 05-07 chevaux Ville : Benslimane Detail de l'annonce : Voiture en bon état , (moteur et carosserie), rien à réparer Annonceur : Bouchaib Répondre l'annonceur Imprimer Signaler cette annonce Envoyer à un ami Partager sur Facebook Twitter LinkedIn Retour à la page précédente"
7516822,https://www.marocannonces.com/categorie/314/Voitures-occasion/annonce/7516822/Primera-à-vendre.html,marocannonces,2026-10-02,2026-10-02 02:44:11,Primera à vendre,Nissan,Primera,,2005.0,,Diesel,,,,Occasion,,,Particulier,,,Casablanca,Casablanca-Settat,52000.0,7.0,52 000 DH Primera à vendre Casablanca Vue: 35 Annonce N°: 7516822 Marque: Nissan Modèle: Primera Année : 2005 Carburant  : Diesel Ville : Casablanca Detail de l'annonce : Voiture en très bon état Annonceur : Jihad Répondre l'annonceur Imprimer Signaler cette annonce Envoyer à un ami Partager sur Facebook Twitter LinkedIn Retour à la page précédente
7516763,https://www.marocannonces.com/categorie/314/Voitures-occasion/annonce/7516763/Vw-modele-2009.html,marocannonces,2026-10-02,2026-10-02 02:44:12,Vw modele 2009,Volkswagen,Golf,,2009.0,195000.0,Diesel,,08-10 chevaux,,Occasion,,,Particulier,,,Khouribga,Béni Mellal-Khénifra,140000.0,1.0,140 000 DH Vw modele 2009 Khouribga Vue: 21 Annonce N°: 7516763 Marque: Volkswagen Modèle: Golf Année : 2009 Kilométrage : 195000 Carburant  : Diesel Puissance : 08-10 chevaux Ville : Khouribga Detail de l'annonce : pour plus info essayer  de me contacter et merci Annonceur : bouabid Répondre l'annonceur Imprimer Signaler cette annonce Envoyer à un ami Partager sur Facebook Twitter LinkedIn Retour à la page précédente
7516527,https://www.marocannonces.com/categorie/314/Voitures-occasion/annonce/7516527/Volkswagen-Caddy-Diesel.html,marocannonces,2026-10-02,2026-10-02 02:44:13,Volkswagen Caddy Diesel,Volkswagen,Caddy,,2014.0,109000.0,Diesel,,05-07 chevaux,,Occasion,,,Particulier,,,Rabat,Rabat-Salé-Kénitra,130000.0,6.0,130 000 DH Volkswagen Caddy Diesel Rabat Vue: 39 Annonce N°: 7516527 Marque: Volkswagen Modèle: Caddy Année : 2014 Kilométrage : 109000 Carburant  : Diesel Puissance : 05-07 chevaux Ville : Rabat Detail de l'annonce : Volkswagen Caddy Diesel 1.6 modéle fin 2014 trés bon etat 1ére main pour plus d'infos contactez moi Annonceur : Hakimi Ahmed Répondre l'annonceur Imprimer Signaler cette annonce Envoyer à un ami Partager sur Facebook Twitter LinkedIn Retour à la page précédente
7516388,https://www.marocannonces.com/categorie/314/Voitures-occasion/annonce/7516388/VENTE-CITROEN-C-ELYSEE.html,marocannonces,2026-10-02,2026-10-02 02:44:14,VENTE CITROEN C-ELYSEE,Citroën,C6,,2017.0,20400.0,Essence,,05-07 chevaux,,Neuf,,,Particulier,,,Tiznit,Souss-Massa,10500.0,2.0,10 500 DH VENTE CITROEN C-ELYSEE Tiznit Vue: 77 Annonce N°: 7516388 Marque: Citroen Modèle: C6 Année : 2017 Kilométrage : 20400 Carburant  : Essence Puissance : 05-07 chevaux Ville : Tiznit Detail de l'annonce : Je mets en vente ma voiture 1ere main comme neuf.                merci de me contacter Annonceur : bernard perrain Répondre l'annonceur Imprimer Signaler cette annonce Envoyer à un ami Partager sur Facebook Twitter LinkedIn Retour à la page précédente
7516369,https://www.marocannonces.com/categorie/314/Voitures-occasion/annonce/7516369/Ford-Fiesta-Diesel.html,marocannonces,2026-10-02,2026-10-02 02:44:16,Ford Fiesta Diesel,Ford,Fiesta,,2014.0,79000.0,Diesel,Manuelle,05-07 chevaux,,Occasion,,,Particulier,,,Agadir,Souss-Massa,105000.0,5.0,105 000 DH Ford Fiesta Diesel Agadir Vue: 52 Annonce N°: 7516369 Marque: Ford Modèle: Fiesta Année : 2014 Kilométrage : 79000 Carburant  : Diesel Puissance : 05-07 chevaux Ville : Agadir Detail de l'annonce : Année-Modèle: 2014 Kilométrage: 75 000 - 79 999 Type de carburant: Secteur: Hay Houda Marque: 18 Modèle: fiesta Puissance fiscale: modèle 2014 km 79 000km 6 chevaux / 4 cylindres 1/2 option manuelle veuillez nous contactez de 9h a 21 h merci Annonceur : yassine Répondre l'annonceur Imprimer Signaler cette annonce Envoyer à un ami Partager sur Facebook Twitter LinkedIn Retour à la page précédente
7365046,https://www.marocannonces.com/categorie/314/Voitures-occasion/annonce/7365046/peugeot-305-A-vendre.html,marocannonces,2026-10-02,2026-10-02 02:44:16,peugeot 305 A vendre,Peugeot,305,,1984.0,,Diesel,,05-07 chevaux,,Occasion,,,Particulier,,,Casablanca,Casablanca-Settat,28000.0,1.0,"28 000 DH peugeot 305 A vendre Casablanca Vue: 30 Annonce N°: 7365046 Marque: Peugeot Modèle: 305 Année : 1984 Carburant  : Diesel Puissance : 05-07 chevaux Ville : Casablanca Detail de l'annonce : bonjour, je mets  ma voiture peugeot 305  carreserie solide Annonceur : baki youssef Répondre l'annonceur Imprimer Signaler cette annonce Envoyer à un ami Partager sur Facebook Twitter LinkedIn Retour à la page précédente"
7514661,https://www.marocannonces.com/categorie/314/Voitures-occasion/annonce/7514661/Vente-de-BMW-316-TI-compact.html,marocannonces,2026-10-02,2026-10-02 02:44:17,Vente de BMW 316 TI compact,BMW,Serie 3,,,,,Automatique,,,Occasion,,,Particulier,,,Agadir,Souss-Massa,60000.0,5.0,"60 000 DH Vente de BMW 316 TI compact Agadir Vue: 56 Annonce N°: 7514661 Marque: BMW Modèle: Serie 3 Detail de l'annonce : Je met en vente ma voiture BMW bien entretenue vidange vient d'etre fait la prochaine a 10 mille km, jantes origines alluminium, pot d'échapement Akrapovic en cuivre salon confortable faible consommation carburant vitesse automatique caméra de recul pneus importe d'europe, pneu de secours d'origine, ABS, Pour tous renseignement me contacter. Prix à debattre J'ai une assurance tout risques voiture etait controlée par un expert Annonceur : Soumaia Répondre l'annonceur Imprimer Signaler cette annonce Envoyer à un ami Partager sur Facebook Twitter LinkedIn Retour à la page précédente"
7516080,https://www.marocannonces.com/categorie/314/Voitures-occasion/annonce/7516080/Dacia-logan.html,marocannonces,2026-10-02,2026-10-02 02:44:18,Dacia logan,Dacia,Logan,,2009.0,160000.0,Diesel,,05-07 chevaux,,Occasion,,,Particulier,,,Tanger,Tanger-Tétouan-Al Hoceïma,65000.0,3.0,"65 000 DH Dacia logan Tanger Vue: 34 Annonce N°: 7516080 Marque: Dacia Modèle: Logan Année : 2009 Kilométrage : 160000 Carburant  : Diesel Puissance : 05-07 chevaux Ville : Tanger Detail de l'annonce : dacia logan toutes option avec clim,airbag,volant assister Annonceur : redouan Répondre l'annonceur Imprimer Signaler cette annonce Envoyer à un ami Partager sur Facebook Twitter LinkedIn Retour à la page précédente"
7516047,https://www.marocannonces.com/categorie/314/Voitures-occasion/annonce/7516047/Ford-Fiesta-Diesel.html,marocannonces,2026-10-02,2026-10-02 02:44:19,Ford Fiesta Diesel,Ford,Fiesta,,2013.0,60000.0,Diesel,,05-07 chevaux,,Occasion,,,Particulier,,,Casablanca,Casablanca-Settat,105000.0,5.0,"105 000 DH Ford Fiesta Diesel Casablanca Vue: 38 Annonce N°: 7516047 Marque: Ford Modèle: Fiesta Année : 2013 Kilométrage : 60000 Carburant  : Diesel Puissance : 05-07 chevaux Ville : Casablanca Detail de l'annonce : Je mets en vente ma ford fiesta bien entretenu, kilométrage faible ( prix négociable) contacter moi pour plus d’info Annonceur : Marouane Répondre l'annonceur Imprimer Signaler cette annonce Envoyer à un ami Partager sur Facebook Twitter LinkedIn Retour à la page précédente"
6009266,"https://www.marocannonces.com/categorie/314/Voitures-occasion/annonce/6009266/Mercedes-Benz-190-2,5-diwana-2005.html",marocannonces,2026-10-02,2026-10-02 02:44:20,"Mercedes-Benz 190 2,5 diwana 2005",Mercedes-Benz,190,,1992.0,300000.0,Diesel,,08-10 chevaux,,Occasion,,,Particulier,,,Meknès,Fès-Meknès,95000.0,4.0,"95 000 DH Mercedes-Benz 190 2,5 diwana 2005 Meknès Vue: 13 Annonce N°: 6009266 Marque: Mercedes-Benz Modèle: 190 Année : 1992 Kilométrage : 300 000 Carburant  : Diesel Puissance : 08-10 chevaux Ville : Meknès Detail de l'annonce : Mercedes-Benz 190 2,5 diwana 2005 . . . . . . . . . . . Annonceur : farid Répondre l'annonceur Imprimer Signaler cette annonce Envoyer à un ami Partager sur Facebook Twitter LinkedIn Retour à la page précédente"
7515944,https://www.marocannonces.com/categorie/314/Voitures-occasion/annonce/7515944/Peugeot-309-model-1988.html,marocannonces,2026-10-02,2026-10-02 02:44:21,Peugeot 309 model 1988,Peugeot,Autre,,1988.0,,,,,,Occasion,,,Particulier,,,Berrechid,Casablanca-Settat,27000.0,2.0,27 000 DH Peugeot 309 model 1988 Berrechid Vue: 24 Annonce N°: 7515944 Ville : Berrechid Detail de l'annonce : 309 7cv model 88 diwan 94 Annonceur : Abdelilah Répondre l'annonceur Imprimer Signaler cette annonce Envoyer à un ami Partager sur Facebook Twitter LinkedIn Retour à la page précédente
7515988,https://www.marocannonces.com/categorie/314/Voitures-occasion/annonce/7515988/fiat-uno.html,marocannonces,2026-10-02,2026-10-02 02:44:22,fiat uno,Fiat,Uno,,1998.0,100000.0,Diesel,,05-07 chevaux,,Occasion,,,Particulier,,,Marrakech,Marrakech-Safi,26000.0,4.0,26 000 DH fiat uno Marrakech Vue: 39 Annonce N°: 7515988 Marque: Fiat Modèle: Uno Année : 1998 Kilométrage : 100000 Carburant  : Diesel Puissance : 05-07 chevaux Ville : Marrakech Detail de l'annonce : Uno diesel model 1998 Annonceur : jaouad Répondre l'annonceur Imprimer Signaler cette annonce Envoyer à un ami Partager sur Facebook Twitter LinkedIn Retour à la page précédente
7515861,https://www.marocannonces.com/categorie/314/Voitures-occasion/annonce/7515861/Mercedes-c220.html,marocannonces,2026-10-02,2026-10-02 02:44:22,Mercedes c220,Mercedes-Benz,C220,,1999.0,9999.0,Diesel,,08-10 chevaux,,Occasion,,,Particulier,,,Meknès,Fès-Meknès,85000.0,2.0,85 000 DH Mercedes c220 Meknès Vue: 33 Annonce N°: 7515861 Marque: Mercedes-Benz Modèle: C220 Année : 1999 Kilométrage : 9999 Carburant  : Diesel Puissance : 08-10 chevaux Ville : Meknès Detail de l'annonce : Mercedes c 220 à vendre. Douane 2004 modèle 1999. Prix à discuter Annonceur : Alaoui Répondre l'annonceur Imprimer Signaler cette annonce Envoyer à un ami Partager sur Facebook Twitter LinkedIn Retour à la page précédente
5429336,"https://www.marocannonces.com/categorie/314/Voitures-occasion/annonce/5429336/Renault-19-Diesel-Turbo,-model-93.html",marocannonces,2026-10-02,2026-10-02 02:44:23,"Renault 19 Diesel Turbo, model 93",Renault,19,,1993.0,,Diesel,,05-07 chevaux,Dédouanée,Occasion,,,Particulier,,,Meknès,Fès-Meknès,65000.0,3.0,"65 000 DH Renault 19 Diesel Turbo, model 93 Meknès Vue: 12 Annonce N°: 5429336 Marque: Renault Modèle: 19 Année : 1993 Carburant  : Diesel Puissance : 05-07 chevaux Ville : Meknès Detail de l'annonce : Je mets en vente ma voiture Renault 19 Diesel Turbo, model 93 dédouané en 2008, moteur et carrosserie en très bon état, vitres avant électriques, direction assistée, fermeture centralisée, La voiture et très bien entretenue ; avec un prix raisonnable.  . . . . . . . . . . . . . Annonceur : aissa Répondre l'annonceur Imprimer Signaler cette annonce Envoyer à un ami Partager sur Facebook Twitter LinkedIn Retour à la page précédente"
5429281,https://www.marocannonces.com/categorie/314/Voitures-occasion/annonce/5429281/palio-elx-diesel.html,marocannonces,2026-10-02,2026-10-02 02:44:24,palio elx diesel,Fiat,Paleo ELX,,2001.0,250000.0,Diesel,,05-07 chevaux,,Occasion,,,Particulier,,,Rabat,Rabat-Salé-Kénitra,50000.0,4.0,50 000 DH palio elx diesel Rabat Vue: 7 Annonce N°: 5429281 Marque: Fiat Modèle: Paleo ELX Année : 2001 Kilométrage : 250000 Carburant  : Diesel Puissance : 05-07 chevaux Ville : Rabat Detail de l'annonce : Palio elx diesel en bon état vitre électrique centralisé  . . . . . . . . . . . . . Annonceur : hamid Répondre l'annonceur Imprimer Signaler cette annonce Envoyer à un ami Partager sur Facebook Twitter LinkedIn Retour à la page précédente
7515400,https://www.marocannonces.com/categorie/314/Voitures-occasion/annonce/7515400/Opel-Astra-2017-6-chevaux-Diesel.html,marocannonces,2026-10-02,2026-10-02 02:44:24,Opel Astra 2017 6 chevaux Diesel,Opel,Astra,,2017.0,13000.0,Diesel,,05-07 chevaux,,Occasion,,,Particulier,,,Rabat,Rabat-Salé-Kénitra,185000.0,4.0,185 000 DH Opel Astra 2017 6 chevaux Diesel Rabat Vue: 39 Annonce N°: 7515400 Marque: Opel Modèle: Astra Année : 2017 Kilométrage : 13000 Carburant  : Diesel Puissance : 05-07 chevaux Ville : Rabat Detail de l'annonce : Je met en vente ma voiture Opel Astra 2017 6 chevaux Diesel - gente aluminium 17 p - radar et camera de recul - régulateur et limitateur de vitesse - Climatisation - Vitres électrique avant et arrière Annonceur : Yassine Répondre l'annonceur Imprimer Signaler cette annonce Envoyer à un ami Partager sur Facebook Twitter LinkedIn Retour à la page précédente
7515386,https://www.marocannonces.com/categorie/314/Voitures-occasion/annonce/7515386/Fiat-Doblo.html,marocannonces,2026-10-02,2026-10-02 02:44:25,Fiat Doblo,Fiat,Doblo,,2013.0,109261.0,Diesel,,,,Occasion,,,Particulier,,,Kénitra,Rabat-Salé-Kénitra,760000.0,5.0,760 000 DH Fiat Doblo Kénitra Vue: 59 Annonce N°: 7515386 Marque: Fiat Modèle: Doblo Année : 2013 Kilométrage : 109261 Carburant  : Diesel Ville : Kénitra Detail de l'annonce : je mets en vente ma voiture Fiat Doblo en excellent état mécanique très bon moteur salon propre modèle 2013 diesel Annonceur : Hafid Répondre l'annonceur Imprimer Signaler cette annonce Envoyer à un ami Partager sur Facebook Twitter LinkedIn Retour à la page précédente
7515216,https://www.marocannonces.com/categorie/314/Voitures-occasion/annonce/7515216/Vend-Mégane-2-15-DCI-année-082006-climatisée.html,marocannonces,2026-10-02,2026-10-02 02:44:26,Vend Mégane 2 1.5 DCI année :08/2006 climatisée,Renault,Megane,,2006.0,200000.0,Diesel,,05-07 chevaux,,Occasion,,,Particulier,,,Casablanca,Casablanca-Settat,68000.0,1.0,68 000 DH Vend Mégane 2 1.5 DCI année :08/2006 climatisée Casablanca Vue: 12 Annonce N°: 7515216 Marque: Renault Modèle: Megane Année : 2006 Kilométrage : 200000 Carburant  : Diesel Puissance : 05-07 chevaux Ville : Casablanca Detail de l'annonce : Vend Mégane 2 1.5 DCI année :08/2006 climatisée et en bonne état. Annonceur : SIMOHAMED Répondre l'annonceur Imprimer Signaler cette annonce Envoyer à un ami Partager sur Facebook Twitter LinkedIn Retour à la page précédente
7514838,https://www.marocannonces.com/categorie/314/Voitures-occasion/annonce/7514838/Fiat-500.html,marocannonces,2026-10-02,2026-10-02 02:44:27,Fiat 500,Fiat,500,,2014.0,43000.0,Essence,,,,Occasion,,,Particulier,,,Casablanca,Casablanca-Settat,100000.0,7.0,100 000 DH Fiat 500 Casablanca Vue: 36 Annonce N°: 7514838 Marque: Fiat Modèle: 500 Année : 2014 Kilométrage : 43000 Carburant  : Essence Ville : Casablanca Detail de l'annonce : Fiat 500 modèle 2014 fulloption avec Robert consommation faible Annonceur : Monssif Répondre l'annonceur Imprimer Signaler cette annonce Envoyer à un ami Partager sur Facebook Twitter LinkedIn Retour à la page précédente
7514829,https://www.marocannonces.com/categorie/314/Voitures-occasion/annonce/7514829/HYUNDAI-I30-CW-16-CRDI-90CV.html,marocannonces,2026-10-02,2026-10-02 02:44:28,HYUNDAI I30 CW 1.6 CRDI 90CV,Hyundai,I30,,2009.0,174.0,Diesel,,05-07 chevaux,,Occasion,,,Particulier,,,Benslimane,Casablanca-Settat,4414481.0,3.0,4 414 481 DH HYUNDAI I30 CW 1.6 CRDI 90CV Benslimane Vue: 47 Annonce N°: 7514829 Marque: Hyundai Modèle: I30 Année : 2009 Kilométrage : 174.600 Carburant  : Diesel Puissance : 05-07 chevaux Ville : Benslimane Detail de l'annonce : Je met en vente ma voiture de marque HYUNDAI en bon état avec toute les options possible alors contacte moi par mail ou par whatsapp si tu est vraiment intéressé pour plus de détail. Merci Annonceur : DUVIN Répondre l'annonceur Imprimer Signaler cette annonce Envoyer à un ami Partager sur Facebook Twitter LinkedIn Retour à la page précédente
5587746,https://www.marocannonces.com/categorie/314/Voitures-occasion/annonce/5587746/Mercedes-classe-A45-AMG-Edition-1.html,marocannonces,2026-10-02,2026-10-02 02:44:28,Mercedes classe A45 AMG Edition 1,Mercedes-Benz,Classe A,,2013.0,2000.0,Essence,,13 chevaux,,Occasion,,,Particulier,,,Casablanca,Casablanca-Settat,,8.0,"Prix : N/A Mercedes classe A45 AMG Edition 1 Casablanca Vue: 323 Annonce N°: 5587746 Marque: Mercedes-Benz Modèle: Classe A Année : 2013 Kilométrage : 2000 Carburant  : Essence Puissance : 13 chevaux Ville : Casablanca Detail de l'annonce : Mercedes classe A45 AMG Edition 1. pour plus d'informations, veuillez nous contacter. . . . . . . . . . . . . . . . . . . . . . . . . . . . . . . . . . . . . . . . . . . . . . . . . . . . . . . . . . . . . . . . . . . . . . . . . . . . . . . . . . . . . . . . . . . . . . . . . . . . . . . . . . . . . . . . . . . . . . . . . . . . . . . . . . . . . . . . . . . . . . . . . . . . . . . . . . . . . . . . . . . . . . . Annonceur : Bel Air Répondre l'annonceur Imprimer Signaler cette annonce Envoyer à un ami Partager sur Facebook Twitter LinkedIn Retour à la page précédente"
6184190,https://www.marocannonces.com/categorie/314/Voitures-occasion/annonce/6184190/Passat-CC-Diesel-boite-automatique-2012.html,marocannonces,2026-10-02,2026-10-02 02:44:29,Passat CC Diesel boite automatique 2012,Volkswagen,Passat,,2012.0,109000.0,Diesel,Automatique,08-10 chevaux,,Neuf,,,Particulier,,,Rabat,Rabat-Salé-Kénitra,270000.0,6.0,"270 000 DH Passat CC Diesel boite automatique 2012 Rabat Vue: 37 Annonce N°: 6184190 Marque: Volkswagen Modèle: Passat Année : 2012 Kilométrage : 109000 Carburant  : Diesel Puissance : 08-10 chevaux Ville : Rabat Detail de l'annonce : je mets en vente ma wolkswagen passat cc toute option modèle 2012 Maroc. très bon état.comme neuf pas de rayure, pas de bosse. boîte automatique dsg. véhicule très bien entretenu aucun frais à prévoir.  . . . . . . . . . . Annonceur : abdessamad Répondre l'annonceur Imprimer Signaler cette annonce Envoyer à un ami Partager sur Facebook Twitter LinkedIn Retour à la page précédente"
5633343,https://www.marocannonces.com/categorie/314/Voitures-occasion/annonce/5633343/dong-feng-a-vendre.html,marocannonces,2026-10-02,2026-10-02 02:44:30,dong feng a vendre,Suzuki,Carry,,2009.0,70000.0,Essence,,05-07 chevaux,,Occasion,,,Particulier,,,Berrechid,Casablanca-Settat,55000.0,1.0,55 000 DH dong feng a vendre Berrechid Vue: 22 Annonce N°: 5633343 Marque: Suzuki Modèle: Carry Année : 2009 Kilométrage : 70000 Carburant  : Essence Puissance : 05-07 chevaux Ville : Berrechid Detail de l'annonce : je met en vente une dong feng essence 6chv bonne état avec un grands carrosserie pour la charge des marchandises . . . . . . . . . . . . . Annonceur : Bouchaib Répondre l'annonceur Imprimer Signaler cette annonce Envoyer à un ami Partager sur Facebook Twitter LinkedIn Retour à la page précédente
7514759,https://www.marocannonces.com/categorie/314/Voitures-occasion/annonce/7514759/Volkswagen-Tiguan-Diesel.html,marocannonces,2026-10-02,2026-10-02 02:44:31,Volkswagen Tiguan Diesel,Volkswagen,TIGUAN,,2011.0,142000.0,Diesel,Automatique,08-10 chevaux,,Occasion,,,Particulier,,,Salé,Rabat-Salé-Kénitra,190000.0,4.0,"190 000 DH Volkswagen Tiguan Diesel Salé Vue: 71 Annonce N°: 7514759 Marque: Volkswagen Modèle: TIGUAN Année : 2011 Kilométrage : 142000 Carburant  : Diesel Puissance : 08-10 chevaux Ville : Salé Detail de l'annonce : je mets en vente ma voiture de la marque Volkswagen Tiguan medel 2011 bleu motion Diesel dewane 2016 parabol exino adabtable des entiebriel automatique radar de rocule, navigateur autable bord+bluetooth GPS originale. Annonceur : hicham Répondre l'annonceur Imprimer Signaler cette annonce Envoyer à un ami Partager sur Facebook Twitter LinkedIn Retour à la page précédente"
7514670,https://www.marocannonces.com/categorie/314/Voitures-occasion/annonce/7514670/Ford-c-max.html,marocannonces,2026-10-02,2026-10-02 02:44:32,Ford c-max,Ford,C-Max,,2014.0,55000.0,Diesel,,05-07 chevaux,,Occasion,,,Particulier,0661310699,1b4d32ce2868e92f95bf4730c1a8812fb20d7a9470347e62d5c917c18a8b487d,Beni Mellal,Béni Mellal-Khénifra,155000.0,5.0,"155 000 DH Ford c-max Beni Mellal Vue: 50 Annonce N°: 7514670 Marque: Ford Modèle: C-Max Année : 2014 Kilométrage : >55000 Carburant  : Diesel Puissance : 05-07 chevaux Ville : Beni Mellal Detail de l'annonce : Model 2014 Puissance ficale 6 chevaux Moteur diesel voiture en très bon état avec lecteur CD, MP3, climatisation... prix négociable veillez contacter le 0661310699 Annonceur : Imane SAMI Répondre l'annonceur Imprimer Signaler cette annonce Envoyer à un ami Partager sur Facebook Twitter LinkedIn Retour à la page précédente"
7514485,https://www.marocannonces.com/categorie/314/Voitures-occasion/annonce/7514485/Vw-golf-7.html,marocannonces,2026-10-02,2026-10-02 02:44:33,Vw golf 7,Volkswagen,Golf,,2015.0,89000.0,Diesel,Automatique,08-10 chevaux,,Occasion,,,Particulier,,,Casablanca,Casablanca-Settat,,5.0,Prix : N/A Vw golf 7 Casablanca Vue: 38 Annonce N°: 7514485 Marque: Volkswagen Modèle: Golf Année : 2015 Kilométrage : 89000 Carburant  : Diesel Puissance : 08-10 chevaux Ville : Casablanca Detail de l'annonce : golf 7 2 litre boîte à vitesse automatique entretient toujours a la maison Volkswagen Annonceur : Ali Répondre l'annonceur Imprimer Signaler cette annonce Envoyer à un ami Partager sur Facebook Twitter LinkedIn Retour à la page précédente
7513781,https://www.marocannonces.com/categorie/314/Voitures-occasion/annonce/7513781/كونكو-2016.html,marocannonces,2026-10-02,2026-10-02 02:44:34,كونكو 2016,Renault,Kangoo,,2016.0,80000.0,Diesel,,,,Occasion,,,Particulier,,,Casablanca,Casablanca-Settat,,1.0,Prix : N/A كونكو 2016 Casablanca Vue: 25 Annonce N°: 7513781 Marque: Renault Modèle: Kangoo Année : 2016 Kilométrage : 80000 Carburant  : Diesel Ville : Casablanca Detail de l'annonce : انا استاد اريد بيع سيارتي لضروف كونكو 2016 عامرة الثمن الاخير 6 مليون Annonceur : الحاج الخمار Répondre l'annonceur Imprimer Signaler cette annonce Envoyer à un ami Partager sur Facebook Twitter LinkedIn Retour à la page précédente
7514345,https://www.marocannonces.com/categorie/314/Voitures-occasion/annonce/7514345/chevrolet-cruze.html,marocannonces,2026-10-02,2026-10-02 02:44:35,chevrolet cruze,Chevrolet,Cruze,,2011.0,120520.0,Diesel,,08-10 chevaux,,Occasion,1,,Particulier,,,Ouarzazate,Drâa-Tafilalet,100000.0,1.0,100 000 DH chevrolet cruze Ouarzazate Vue: 14 Annonce N°: 7514345 Marque: Chevrolet Modèle: Cruze Année : 2011 Kilométrage : 120520 Carburant  : Diesel Puissance : 08-10 chevaux Ville : Ouarzazate Detail de l'annonce : model 2011 premiere main gasoil Annonceur : addi  abdelouali Répondre l'annonceur Imprimer Signaler cette annonce Envoyer à un ami Partager sur Facebook Twitter LinkedIn Retour à la page précédente
7514284,https://www.marocannonces.com/categorie/314/Voitures-occasion/annonce/7514284/VOLVO-S40-2012-TBE.html,marocannonces,2026-10-02,2026-10-02 02:44:36,VOLVO S40 2012 TBE,Volvo,S40,,2012.0,86000.0,Diesel,,05-07 chevaux,,Occasion,,,Particulier,,,Casablanca,Casablanca-Settat,134000.0,4.0,"134 000 DH VOLVO S40 2012 TBE Casablanca Vue: 57 Annonce N°: 7514284 Marque: Volvo Modèle: S40 Année : 2012 Kilométrage : 86000 Carburant  : Diesel Puissance : 05-07 chevaux Ville : Casablanca Detail de l'annonce : Je mets en vente une superbe VOLVO S40, Modele 2012, EN treees bon etat, motorisation   1,6L (ford focus)  , 115 ch, voiture de prestige, tres confortable. Tous les contrôles sont a jour, toute option : radar recul, parrot, 4 vitre electric, retro rabatable, regulateur vitesse, clim bizone auto, commande volant, ... Non sérieux et Intermédiaire s'abstenir SVP. Annonceur : PARTICULIER Répondre l'annonceur Imprimer Signaler cette annonce Envoyer à un ami Partager sur Facebook Twitter LinkedIn Retour à la page précédente"
7513928,https://www.marocannonces.com/categorie/314/Voitures-occasion/annonce/7513928/Peugeot-307.html,marocannonces,2026-10-02,2026-10-02 02:44:37,Peugeot 307,Peugeot,307,,2007.0,140000.0,Diesel,Automatique,05-07 chevaux,,Occasion,,,Particulier,,,Sefrou,Fès-Meknès,45000.0,3.0,"45 000 DH Peugeot 307 Sefrou Vue: 181 Annonce N°: 7513928 Marque: Peugeot Modèle: 307 Année : 2007 Kilométrage : 140000 Carburant  : Diesel Puissance : 05-07 chevaux Ville : Sefrou Detail de l'annonce : Vend ma voiture Peugeot 307, 1.6 hdi,6 chevaux, toutes options, salon propre, climatisation automatique biozone, commande radio au volant, fermeture centralisée, vitre électrique, voiture bien entretenue, et faible consommation . Annonceur : PETIT Répondre l'annonceur Imprimer Signaler cette annonce Envoyer à un ami Partager sur Facebook Twitter LinkedIn Retour à la page précédente"
7513908,https://www.marocannonces.com/categorie/314/Voitures-occasion/annonce/7513908/Renault-clio-essence.html,marocannonces,2026-10-02,2026-10-02 02:44:37,Renault clio essence,Renault,Clio,,2002.0,,Essence,,05-07 chevaux,,Occasion,,,Particulier,,,Meknès,Fès-Meknès,37000.0,1.0,37 000 DH Renault clio essence Meknès Vue: 74 Annonce N°: 7513908 Marque: Renault Modèle: Clio Année : 2002 Kilométrage : -------- Carburant  : Essence Puissance : 05-07 chevaux Ville : Meknès Detail de l'annonce : voiture en bon etat model 2002 prix 37000 Annonceur : said Répondre l'annonceur Imprimer Signaler cette annonce Envoyer à un ami Partager sur Facebook Twitter LinkedIn Retour à la page précédente
7513419,https://www.marocannonces.com/categorie/314/Voitures-occasion/annonce/7513419/Caddy-a-vendre.html,marocannonces,2026-10-02,2026-10-02 02:44:38,Caddy a vendre,Volkswagen,Caddy,,2015.0,90000.0,Diesel,,,,Occasion,,,Particulier,,,Tanger,Tanger-Tétouan-Al Hoceïma,150000.0,4.0,"150 000 DH Caddy a vendre Tanger Vue: 27 Annonce N°: 7513419 Marque: Volkswagen Modèle: Caddy Année : 2015 Kilométrage : 90000 Carburant  : Diesel Ville : Tanger Detail de l'annonce : Bonjour je suis mohammed je mets en vente ma voiture       caddy model 2015     ,merci de me contacter Annonceur : Mohammed Répondre l'annonceur Imprimer Signaler cette annonce Envoyer à un ami Partager sur Facebook Twitter LinkedIn Retour à la page précédente"
7513225,https://www.marocannonces.com/categorie/314/Voitures-occasion/annonce/7513225/Vente-voiture-peugeot-206.html,marocannonces,2026-10-02,2026-10-02 02:44:39,Vente voiture peugeot 206,Peugeot,206,,2008.0,148000.0,Essence,,08-10 chevaux,,Occasion,,,Particulier,,,Casablanca,Casablanca-Settat,46000.0,5.0,"46 000 DH Vente voiture peugeot 206 Casablanca Vue: 68 Annonce N°: 7513225 Marque: Peugeot Modèle: 206 Année : 2008 Kilométrage : 148000 Carburant  : Essence Puissance : 08-10 chevaux Ville : Casablanca Detail de l'annonce : Je mets en vente une peugeot 206 essence model 11/2008, faible consommation, vignette 650,00 dhs Annonceur : Utilisateur Répondre l'annonceur Imprimer Signaler cette annonce Envoyer à un ami Partager sur Facebook Twitter LinkedIn Retour à la page précédente"
7513175,https://www.marocannonces.com/categorie/314/Voitures-occasion/annonce/7513175/Kia-carens-2006.html,marocannonces,2026-10-02,2026-10-02 02:44:40,Kia carens 2006,Kia,Carens,,2006.0,440000.0,Diesel,,08-10 chevaux,,Occasion,,,Particulier,,,Tanger,Tanger-Tétouan-Al Hoceïma,66000.0,3.0,66 000 DH Kia carens 2006 Tanger Vue: 48 Annonce N°: 7513175 Marque: Kia Modèle: Carens Année : 2006 Kilométrage : 440000 Carburant  : Diesel Puissance : 08-10 chevaux Ville : Tanger Detail de l'annonce : 8 chv motor n9ii kolchi fiha mregle Annonceur : فرجاني Répondre l'annonceur Imprimer Signaler cette annonce Envoyer à un ami Partager sur Facebook Twitter LinkedIn Retour à la page précédente
7513161,https://www.marocannonces.com/categorie/314/Voitures-occasion/annonce/7513161/Vente-voiture-peugeot-208.html,marocannonces,2026-10-02,2026-10-02 02:44:41,Vente voiture peugeot 208,Peugeot,208,,2017.0,16000.0,Essence,,05-07 chevaux,,Neuf,,,Particulier,,,Casablanca,Casablanca-Settat,95000.0,6.0,"95 000 DH Vente voiture peugeot 208 Casablanca Vue: 67 Annonce N°: 7513161 Marque: Peugeot Modèle: 208 Année : 2017 Kilométrage : 16000 Carburant  : Essence Puissance : 05-07 chevaux Ville : Casablanca Detail de l'annonce : Je mets en vente une Peugeot 208 essence modèle 2017 version like 6 ch options: airbagd, régulateur et limiteur de vitesse,USB,Bluetooth,vitres electriqurs avant, commande au volant, direction assistée,pneus neufs, salon propre non fumeur,caméra de recul et écran tactile,DVD,diagnostic 0 défaut aucun défaut aucune réparation à prévoir conduite par une femme. Annonceur : Mariem Répondre l'annonceur Imprimer Signaler cette annonce Envoyer à un ami Partager sur Facebook Twitter LinkedIn Retour à la page précédente"
7513108,https://www.marocannonces.com/categorie/314/Voitures-occasion/annonce/7513108/Renault-magane-2.html,marocannonces,2026-10-02,2026-10-02 02:44:42,Renault magane 2,Renault,Megane,,2004.0,186000.0,Diesel,,05-07 chevaux,,Occasion,,,Particulier,,,Casablanca,Casablanca-Settat,62000.0,4.0,62 000 DH Renault magane 2 Casablanca Vue: 57 Annonce N°: 7513108 Marque: Renault Modèle: Megane Année : 2004 Kilométrage : 186000 Carburant  : Diesel Puissance : 05-07 chevaux Ville : Casablanca Detail de l'annonce : Je'met en vente ma voiture megane 2 model 2004 dci diesel 6cv Annonceur : Hakim Répondre l'annonceur Imprimer Signaler cette annonce Envoyer à un ami Partager sur Facebook Twitter LinkedIn Retour à la page précédente
7513077,https://www.marocannonces.com/categorie/314/Voitures-occasion/annonce/7513077/Vw-golf-6-diesel.html,marocannonces,2026-10-02,2026-10-02 02:44:43,Vw golf 6   diesel,Volkswagen,Golf,,2012.0,111500.0,Diesel,Automatique,05-07 chevaux,,Occasion,,,Particulier,,,Casablanca,Casablanca-Settat,125000.0,4.0,125 000 DH Vw golf 6   diesel Casablanca Vue: 59 Annonce N°: 7513077 Marque: Volkswagen Modèle: Golf Année : 2012 Kilométrage : 111500 Carburant  : Diesel Puissance : 05-07 chevaux Ville : Casablanca Detail de l'annonce : Golf 6 - 6 CV- Diesel - Modèl 2012 (mois novembre) - automatique Très bonne état - bien entretenu Annonceur : Abderrahim Répondre l'annonceur Imprimer Signaler cette annonce Envoyer à un ami Partager sur Facebook Twitter LinkedIn Retour à la page précédente
7512803,https://www.marocannonces.com/categorie/314/Voitures-occasion/annonce/7512803/Citreon-c2-sport-vts.html,marocannonces,2026-10-02,2026-10-02 02:44:44,Citreon c2 sport vts,Citroën,C2,,2015.0,130000.0,Essence,,05-07 chevaux,,Occasion,,,Particulier,,,Casablanca,Casablanca-Settat,47000.0,1.0,47 000 DH Citreon c2 sport vts Casablanca Vue: 131 Annonce N°: 7512803 Marque: Citroen Modèle: C2 Année : 2015 Kilométrage : 130000 Carburant  : Essence Puissance : 05-07 chevaux Ville : Casablanca Detail de l'annonce : je me en vent ma joli voiture c juste parce que je cherche une a 4 ports merci consommation faible dariba 650 dh assurance 2500 dh occasion a ne pas rater Annonceur : reda Répondre l'annonceur Imprimer Signaler cette annonce Envoyer à un ami Partager sur Facebook Twitter LinkedIn Retour à la page précédente
7512266,https://www.marocannonces.com/categorie/314/Voitures-occasion/annonce/7512266/DACIA-LOGAN-12i-2010.html,marocannonces,2026-10-02,2026-10-02 02:44:45,DACIA LOGAN 1.2i  2010,Dacia,Logan,,2010.0,110000.0,Essence,,13 chevaux,,Occasion,,,Particulier,,,Casablanca,Casablanca-Settat,35000.0,6.0,"35 000 DH DACIA LOGAN 1.2i  2010 Casablanca Vue: 175 Annonce N°: 7512266 Marque: Dacia Modèle: Logan Année : 2010 Kilométrage : 110000 Carburant  : Essence Puissance : 13 chevaux Ville : Casablanca Detail de l'annonce : je mets en vente ma Dacia logan 2010 berline couleur bleu,kilométrage 110000,mannuelle,carburant-essence sans aucun problème, si intéressé me contacter par mail pour plus d'informations.merci Annonceur : Amani Hasna Répondre l'annonceur Imprimer Signaler cette annonce Envoyer à un ami Partager sur Facebook Twitter LinkedIn Retour à la page précédente"
5769281,https://www.marocannonces.com/categorie/314/Voitures-occasion/annonce/5769281/Mercedes-Benz-E250-TurboDiesel.html,marocannonces,2026-10-02,2026-10-02 02:44:46,Mercedes-Benz E250 TurboDiesel,Mercedes-Benz,250 D,,1993.0,,Diesel,,08-10 chevaux,,Occasion,,,Particulier,,,Khouribga,Béni Mellal-Khénifra,65000.0,5.0,65 000 DH Mercedes-Benz E250 TurboDiesel Khouribga Vue: 46 Annonce N°: 5769281 Marque: Mercedes-Benz Modèle: 250 D Année : 1993 Kilométrage : Carburant  : Diesel Puissance : 08-10 chevaux Ville : Khouribga Detail de l'annonce : Je met en vente une mercedes benz 250 elegance turbo mod 93 diwana 94 toutes options clim abs air bag et autres immatriculée b-1 si vs êtes interessé merci de me contacter par tél ou bien mail... salam . . . . . . . . . . . Annonceur : Yassine Répondre l'annonceur Imprimer Signaler cette annonce Envoyer à un ami Partager sur Facebook Twitter LinkedIn Retour à la page précédente
7512615,https://www.marocannonces.com/categorie/314/Voitures-occasion/annonce/7512615/Hyundai-tucson.html,marocannonces,2026-10-02,2026-10-02 02:44:47,Hyundai tucson,Hyundai,TUCSON,,2008.0,220000.0,Diesel,,08-10 chevaux,,Neuf,,,Particulier,,,Tetouan,Tanger-Tétouan-Al Hoceïma,120000.0,7.0,120 000 DH Hyundai tucson Tetouan Vue: 33 Annonce N°: 7512615 Marque: Hyundai Modèle: TUCSON Année : 2008 Kilométrage : 220000 Carburant  : Diesel Puissance : 08-10 chevaux Ville : Tetouan Detail de l'annonce : 10 airbags Clim digital Caméra et radar de recule Jantes aluminium Pneus neufs Vitres électrique Bien entretenue Vitres arrière tintées Etc... Annonceur : Benabud tarik Répondre l'annonceur Imprimer Signaler cette annonce Envoyer à un ami Partager sur Facebook Twitter LinkedIn Retour à la page précédente
7470261,https://www.marocannonces.com/categorie/314/Voitures-occasion/annonce/7470261/Vw-polo-cross-diesel.html,marocannonces,2026-10-02,2026-10-02 02:44:47,Vw polo cross diesel,Volkswagen,Polo,,,,,,,,Occasion,,,Particulier,,,Casablanca,Casablanca-Settat,65000.0,3.0,65 000 DH Vw polo cross diesel Casablanca Vue: 60 Annonce N°: 7470261 Marque: Volkswagen Modèle: Polo Detail de l'annonce : Je mets une polo cross modèle 2009 À réparer : pare brise et l'installation d'électricité + rétroviseur droit Annonceur : Anas jabri Répondre l'annonceur Imprimer Signaler cette annonce Envoyer à un ami Partager sur Facebook Twitter LinkedIn Retour à la page précédente
7512512,https://www.marocannonces.com/categorie/314/Voitures-occasion/annonce/7512512/Honda-Jazz.html,marocannonces,2026-10-02,2026-10-02 02:44:48,Honda Jazz,Honda,JAZZ,,2006.0,149000.0,Essence,,08-10 chevaux,,Occasion,,,Particulier,,,Tanger,Tanger-Tétouan-Al Hoceïma,57000.0,5.0,57 000 DH Honda Jazz Tanger Vue: 73 Annonce N°: 7512512 Marque: Honda Modèle: JAZZ Année : 2006 Kilométrage : 149000 Carburant  : Essence Puissance : 08-10 chevaux Ville : Tanger Detail de l'annonce : Bonjour je mets en vente ma voiture en très bon état et économique moteur 1.4 puissance fiscal 8 cv km 149000 visible sur tanger prix légèrement négociable offre pour personnes sérieuses uniquement. Annonceur : Karima Répondre l'annonceur Imprimer Signaler cette annonce Envoyer à un ami Partager sur Facebook Twitter LinkedIn Retour à la page précédente
5242740,https://www.marocannonces.com/categorie/314/Voitures-occasion/annonce/5242740/Opel-insigna-modele-2010.html,marocannonces,2026-10-02,2026-10-02 02:44:49,Opel insigna  modele 2010,Opel,Insignia,,2010.0,58000.0,Diesel,,08-10 chevaux,,Occasion,1,,Particulier,,,Casablanca,Casablanca-Settat,158000.0,2.0,158 000 DH Opel insigna  modele 2010 Casablanca Vue: 11 Annonce N°: 5242740 Marque: Opel Modèle: Insignia Année : 2010 Kilométrage : 58000 Carburant  : Diesel Puissance : 08-10 chevaux Ville : Casablanca Detail de l'annonce : je mets en vente opel insigna entré de gamme  1er main bon etat  . . . . . . . . . . . . . Annonceur : boutaleb Répondre l'annonceur Imprimer Signaler cette annonce Envoyer à un ami Partager sur Facebook Twitter LinkedIn Retour à la page précédente
7511913,https://www.marocannonces.com/categorie/314/Voitures-occasion/annonce/7511913/Golf-zibera.html,marocannonces,2026-10-02,2026-10-02 02:44:51,Golf zibera,Volkswagen,Golf,,2004.0,0.0,Diesel,,08-10 chevaux,,Occasion,,,Particulier,0674053499,c256a0933035217827a5887a20362b92fe7e2cc35d720e2a2236ac865aa59b77,Casablanca,Casablanca-Settat,80000.0,1.0,"80 000 DH Golf zibera Casablanca Vue: 11 Annonce N°: 7511913 Marque: Volkswagen Modèle: Golf Année : 2004 Kilométrage : 0-99 Carburant  : Diesel Puissance : 08-10 chevaux Ville : Casablanca Detail de l'annonce : je mets en vente ma voiture Volkswagen golf zibera moteur TDI 1.9 bonne état faible consommation machallah peinture d'origine gris . ... pour plus d'information, n'hésitez pas à me contacter si vous êtes intéresser. le prix 80000.00 dh négociable à la limite  raisonnable . pas sérieux s'abstenir. 0674053499 ou  bien 0614859811 Annonceur : imane Répondre l'annonceur Imprimer Signaler cette annonce Envoyer à un ami Partager sur Facebook Twitter LinkedIn Retour à la page précédente"
7511826,https://www.marocannonces.com/categorie/314/Voitures-occasion/annonce/7511826/Ford-c-max.html,marocannonces,2026-10-02,2026-10-02 02:44:52,Ford c-max,Ford,C-Max,,2014.0,104000.0,Diesel,,05-07 chevaux,,Occasion,1,,Particulier,,,Rabat,Rabat-Salé-Kénitra,145000.0,2.0,"145 000 DH Ford c-max Rabat Vue: 25 Annonce N°: 7511826 Marque: Ford Modèle: C-Max Année : 2014 Kilométrage : 104000 Carburant  : Diesel Puissance : 05-07 chevaux Ville : Rabat Detail de l'annonce : Je mets en vente ma voiture Ford C-Max première main de couleur noir métallisée, immatriculée à Rabat. Bien entretenue. Pour plus d'informations n'hésitez pas à me contacter. Annonceur : Nassim Mohammed Répondre l'annonceur Imprimer Signaler cette annonce Envoyer à un ami Partager sur Facebook Twitter LinkedIn Retour à la page précédente"
7511693,https://www.marocannonces.com/categorie/314/Voitures-occasion/annonce/7511693/Golf-7-model-2013-deouane-a-2017.html,marocannonces,2026-10-02,2026-10-02 02:44:53,Golf 7 model 2013 deouane a 2017,Volkswagen,Golf,,2013.0,2000000.0,Diesel,,05-07 chevaux,,Occasion,,,Particulier,,,Mohammedia,Casablanca-Settat,165000.0,5.0,"165 000 DH Golf 7 model 2013 deouane a 2017 Mohammedia Vue: 34 Annonce N°: 7511693 Marque: Volkswagen Modèle: Golf Année : 2013 Kilométrage : 2000000 Carburant  : Diesel Puissance : 05-07 chevaux Ville : Mohammedia Detail de l'annonce : vendre voiture golf 7 model 2013 mdewania fi 11/2017 n9ia bazaf. 6 cheveux , prix 165000 , à mohammedia Annonceur : omar Répondre l'annonceur Imprimer Signaler cette annonce Envoyer à un ami Partager sur Facebook Twitter LinkedIn Retour à la page précédente"
7505599,https://www.marocannonces.com/categorie/314/Voitures-occasion/annonce/7505599/Peugeot-308-SW-Diesel-2009.html,marocannonces,2026-10-02,2026-10-02 02:44:54,Peugeot 308 SW Diesel -2009,Peugeot,308,,2009.0,,,,,,Occasion,,,Particulier,,,Casablanca,Casablanca-Settat,83000.0,6.0,"83 000 DH Peugeot 308 SW Diesel -2009 Casablanca Vue: 41 Annonce N°: 7505599 Marque: Peugeot Modèle: 308 Detail de l'annonce : Peugeot 308 SW diesel 1.6 hdi modél 17/12/2008, boite six vitesses,  6chv , en bon état tout options avec airbags, rétroviseurs rabattables,jante alu, clima bi zone, vitres électriques av , volant multifonctions, radio cd, fermeture centralisé, limiteur de vitesses, toit panoramique 3amra complet. Annonceur : ABED Répondre l'annonceur Imprimer Signaler cette annonce Envoyer à un ami Partager sur Facebook Twitter LinkedIn Retour à la page précédente"
7510961,https://www.marocannonces.com/categorie/314/Voitures-occasion/annonce/7510961/Opel-corsa.html,marocannonces,2026-10-02,2026-10-02 02:44:54,Opel corsa,Opel,Corsa,,,,,,,,Occasion,1,,Particulier,,,Fès,Fès-Meknès,73000.0,6.0,"73 000 DH Opel corsa Fès Vue: 46 Annonce N°: 7510961 Marque: Opel Modèle: Corsa Detail de l'annonce : je mets en vente opel corsa , premiere main , jamais accidentée , entretien a temps , faible consommation , excellent etat NB : prix legerement negociable pas d'intermédiaire svp Annonceur : youssef Répondre l'annonceur Imprimer Signaler cette annonce Envoyer à un ami Partager sur Facebook Twitter LinkedIn Retour à la page précédente"
7511267,https://www.marocannonces.com/categorie/314/Voitures-occasion/annonce/7511267/Vw-passat-cc-à-vendre.html,marocannonces,2026-10-02,2026-10-02 02:44:55,Vw passat cc à vendre,Volkswagen,CC,,2016.0,20000.0,Diesel,,08-10 chevaux,,Occasion,,,Particulier,,,Casablanca,Casablanca-Settat,250000.0,6.0,"250 000 DH Vw passat cc à vendre Casablanca Vue: 52 Annonce N°: 7511267 Marque: Volkswagen Modèle: CC Année : 2016 Kilométrage : 20000 Carburant  : Diesel Puissance : 08-10 chevaux Ville : Casablanca Detail de l'annonce : Je met en vente une joli CC model 2016 avec 20000 Km au compteur, edition business avec 170 Ch, m'appler pour plus d'informations Annonceur : Adil Répondre l'annonceur Imprimer Signaler cette annonce Envoyer à un ami Partager sur Facebook Twitter LinkedIn Retour à la page précédente"
7511252,https://www.marocannonces.com/categorie/314/Voitures-occasion/annonce/7511252/Peugeot-206-diesel.html,marocannonces,2026-10-02,2026-10-02 02:44:56,Peugeot 206 diesel,Peugeot,206,,2002.0,218000.0,Diesel,,05-07 chevaux,,Occasion,,,Particulier,,,Casablanca,Casablanca-Settat,50000.0,3.0,50 000 DH Peugeot 206 diesel Casablanca Vue: 85 Annonce N°: 7511252 Marque: Peugeot Modèle: 206 Année : 2002 Kilométrage : 218000 Carburant  : Diesel Puissance : 05-07 chevaux Ville : Casablanca Detail de l'annonce : .بيجو 206 مفيتاش كسيدا  فيها كليما جوانت اليمنيوم زاج القدام الكتريك... تمن قابل للتفاوض Annonceur : Hicham Répondre l'annonceur Imprimer Signaler cette annonce Envoyer à un ami Partager sur Facebook Twitter LinkedIn Retour à la page précédente
7511234,https://www.marocannonces.com/categorie/314/Voitures-occasion/annonce/7511234/dacia-logan.html,marocannonces,2026-10-02,2026-10-02 02:44:57,dacia logan,Dacia,Logan,,2009.0,150000.0,Diesel,,05-07 chevaux,,Occasion,,,Particulier,,,Casablanca,Casablanca-Settat,,1.0,Prix : N/A dacia logan Casablanca Vue: 14 Annonce N°: 7511234 Marque: Dacia Modèle: Logan Année : 2009 Kilométrage : 150 000 - 159 999 Carburant  : Diesel Puissance : 05-07 chevaux Ville : Casablanca Detail de l'annonce : voiture propre bien entretenue avec prix raisonnable Annonceur : mokhtar Répondre l'annonceur Imprimer Signaler cette annonce Envoyer à un ami Partager sur Facebook Twitter LinkedIn Retour à la page précédente
5067193,https://www.marocannonces.com/categorie/314/Voitures-occasion/annonce/5067193/Volkswagen-Golf-19L-Diesel.html,marocannonces,2026-10-02,2026-10-02 02:44:57,Volkswagen Golf 1.9L Diesel,Volkswagen,Golf,,2003.0,185000.0,Diesel,,08-10 chevaux,,Occasion,,,Particulier,,,Temara,Rabat-Salé-Kénitra,,2.0,"Prix : N/A Volkswagen Golf 1.9L Diesel Temara Vue: 25 Annonce N°: 5067193 Marque: Volkswagen Modèle: Golf Année : 2003 Kilométrage : 185000 Carburant  : Diesel Puissance : 08-10 chevaux Ville : Temara Detail de l'annonce : Salut. Je vends une très belle golf 4 model 2003 (tdi en rouge)150Ch très puissante tres bon état général(carrosserie,moteur,intérieur très propre avec sièges sport,clim digital,jantes aluminium et plein d'autres option...) prix 123000dh. . . . . . . . . . . . . . Annonceur : Omar Anana Répondre l'annonceur Imprimer Signaler cette annonce Envoyer à un ami Partager sur Facebook Twitter LinkedIn Retour à la page précédente"
7511065,https://www.marocannonces.com/categorie/314/Voitures-occasion/annonce/7511065/SEAT-IBIZA-ESSENCE-PREMIÈRE-MAIN.html,marocannonces,2026-10-02,2026-10-02 02:44:58,SEAT IBIZA ESSENCE PREMIÈRE MAIN,Seat,Ibiza,,2005.0,170000.0,Essence,,05-07 chevaux,,Occasion,1,,Particulier,0691109179,1188327668d039a212f5a4007e848badee1643a4c1422e0eb82191257b253f55,Casablanca,Casablanca-Settat,53000.0,1.0,"53 000 DH SEAT IBIZA ESSENCE PREMIÈRE MAIN Casablanca Vue: 32 Annonce N°: 7511065 Marque: Seat Modèle: Ibiza Année : 2005 Kilométrage : 170000 Carburant  : Essence Puissance : 05-07 chevaux Ville : Casablanca Detail de l'annonce : Je vends ma Seat Ibiza Noire Essence 7CV Première main en très bon état -  Faible consommation. Si vous êtes intéressés, Contactez moi au 0691 109 179 Annonceur : MED Répondre l'annonceur Imprimer Signaler cette annonce Envoyer à un ami Partager sur Facebook Twitter LinkedIn Retour à la page précédente"
7511022,https://www.marocannonces.com/categorie/314/Voitures-occasion/annonce/7511022/PALIO-A-VENDRE.html,marocannonces,2026-10-02,2026-10-02 02:44:59,PALIO A VENDRE,Fiat,Palio,,2002.0,,Diesel,,05-07 chevaux,,Occasion,,,Particulier,,,Safi,Marrakech-Safi,40000.0,4.0,40 000 DH PALIO A VENDRE Safi Vue: 60 Annonce N°: 7511022 Marque: Fiat Modèle: Palio Année : 2002 Kilométrage : ************ Carburant  : Diesel Puissance : 05-07 chevaux Ville : Safi Detail de l'annonce : Je mets en vente ma voiture fiat  PALIO . Annonceur : MR SAID Répondre l'annonceur Imprimer Signaler cette annonce Envoyer à un ami Partager sur Facebook Twitter LinkedIn Retour à la page précédente
7510943,https://www.marocannonces.com/categorie/314/Voitures-occasion/annonce/7510943/renault-scenic-diesel.html,marocannonces,2026-10-02,2026-10-02 02:45:00,renault scenic diesel,Renault,Scenic,,2000.0,200000.0,Diesel,,05-07 chevaux,,Occasion,,,Particulier,,,Casablanca,Casablanca-Settat,55000.0,3.0,"55 000 DH renault scenic diesel Casablanca Vue: 37 Annonce N°: 7510943 Marque: Renault Modèle: Scenic Année : 2000 Kilométrage : 200000 Carburant  : Diesel Puissance : 05-07 chevaux Ville : Casablanca Detail de l'annonce : renault scenic 6cv, bon état, 2ème main, peinture d'origine, jamais accidentée, prix légèrement négociable. Annonceur : aziz Répondre l'annonceur Imprimer Signaler cette annonce Envoyer à un ami Partager sur Facebook Twitter LinkedIn Retour à la page précédente"
7510647,https://www.marocannonces.com/categorie/314/Voitures-occasion/annonce/7510647/Laguna-2-18-16v.html,marocannonces,2026-10-02,2026-10-02 02:45:01,Laguna 2 1.8 16v,Renault,Laguna,,,,,,,,Occasion,,,Particulier,,,Casablanca,Casablanca-Settat,49000.0,8.0,"49 000 DH Laguna 2 1.8 16v Casablanca Vue: 27 Annonce N°: 7510647 Marque: Renault Modèle: Laguna Detail de l'annonce : Je mets en vente ma voiture laguna 2 il s'agit d'un moteur 1.8 16v mise en circulation depuis mars 2003. deuxième main , si vous avez besoin d'informations n'hésitez pas à me contacter par téléphone .vignette 650 dh faible consomation . Options ✔ Jantes aluminium ✔ Vitres éléctriques ✔ Volant reglable ✔ Abs ✔ Airbags ✔ Climatisation auto ✔ Dvd / cd / mp3 ✔ Radio commande au volant Annonceur : Ahmed Répondre l'annonceur Imprimer Signaler cette annonce Envoyer à un ami Partager sur Facebook Twitter LinkedIn Retour à la page précédente"
7510882,https://www.marocannonces.com/categorie/314/Voitures-occasion/annonce/7510882/Kia-picanto.html,marocannonces,2026-10-02,2026-10-02 02:45:02,Kia picanto,Kia,Picanto,,2009.0,135.0,Essence,,05-07 chevaux,,Occasion,,,Particulier,,,Casablanca,Casablanca-Settat,52000.0,1.0,"52 000 DH Kia picanto Casablanca Vue: 61 Annonce N°: 7510882 Marque: Kia Modèle: Picanto Année : 2009 Kilométrage : 135.000 Carburant  : Essence Puissance : 05-07 chevaux Ville : Casablanca Detail de l'annonce : Bonjour je mets en vente ma voiture            kia picanto modèle 2009 clim                ,merci de me contacter Annonceur : Hassan Répondre l'annonceur Imprimer Signaler cette annonce Envoyer à un ami Partager sur Facebook Twitter LinkedIn Retour à la page précédente"
7510786,https://www.marocannonces.com/categorie/314/Voitures-occasion/annonce/7510786/Hyundai-ix-35-Diesel-16800-KM.html,marocannonces,2026-10-02,2026-10-02 02:45:03,Hyundai ix 35 Diesel 16800 KM,Hyundai,IX35,,2014.0,16800.0,Diesel,Manuelle,05-07 chevaux,,Occasion,1,,Particulier,,,Tanger,Tanger-Tétouan-Al Hoceïma,220000.0,8.0,220 000 DH Hyundai ix 35 Diesel 16800 KM Tanger Vue: 30 Annonce N°: 7510786 Marque: Hyundai Modèle: IX35 Année : 2014 Kilométrage : 16800 Carburant  : Diesel Puissance : 05-07 chevaux Ville : Tanger Detail de l'annonce : Diesel 2×4 Première main Kilométrage 16800 5 portes Boite manuelle Caméra de recul Écran/Poste multimédia & GPS (Maroc) installé. Livre aussi l'écran d'origine. Ordinateur de bord Radar de recul Marche pieds Vitres électriques Régulateur de vitesse ABS 6 rapports de vitesse Rétroviseurs électriques rabattables Airbag conducteur Aide au freinage d'urgence Vitres arrières sur-teintées Sièges semi cuir (tissu de protection rajoute) Feux de brouillard avant et arrière Taxe annuelle vignette : 700DH Plus d'autres options. Me contacter pour en savoir plus. Annonceur : Mounir Répondre l'annonceur Imprimer Signaler cette annonce Envoyer à un ami Partager sur Facebook Twitter LinkedIn Retour à la page précédente
7510785,https://www.marocannonces.com/categorie/314/Voitures-occasion/annonce/7510785/Fiat-Linea-6-vitesses-Diesel-6CV-16.html,marocannonces,2026-10-02,2026-10-02 02:45:04,Fiat Linea 6 vitesses Diesel 6CV 1.6,Fiat,Linea,,2009.0,245000.0,Diesel,,05-07 chevaux,,Neuf,,,Particulier,,,Casablanca,Casablanca-Settat,85000.0,4.0,"85 000 DH Fiat Linea 6 vitesses Diesel 6CV 1.6 Casablanca Vue: 61 Annonce N°: 7510785 Marque: Fiat Modèle: Linea Année : 2009 Kilométrage : 245000 Carburant  : Diesel Puissance : 05-07 chevaux Ville : Casablanca Detail de l'annonce : Je mets en vente ma Fiat Linea toute options Modèle 2009 Motorisation 1.6 – 105 HP – 6 CV – Vignette 700 -	Boite à vitesse 6 rapport -	Volant multifonctions -	Retro chromé -	Jantes Aluminium 16’ pouces -	Pneus neuf taille basse -	Salon Daim gris (Housse protection Cuire) -	Clim Bi-zone -	Radar recul -	Rétroviseurs électrique -	Feu de jour LED -	Bluetooth -	Aux/MP3/CD -	LED ambiance tableau de bord -	Turbo LED -	Accoudoir -	Limitateur de vitesse -	Siège chauffeur gonflable -	USB Blue&Me -	Ouverture coffre contact -	2clef original -	Vitres électriques -	Accoudoir siège arrière -	 Nerveuse, consommation irréprochable, bonne tenue de route Annonceur : Badr Répondre l'annonceur Imprimer Signaler cette annonce Envoyer à un ami Partager sur Facebook Twitter LinkedIn Retour à la page précédente"
7510717,https://www.marocannonces.com/categorie/314/Voitures-occasion/annonce/7510717/Peugeot-308.html,marocannonces,2026-10-02,2026-10-02 02:45:05,Peugeot 308,Peugeot,308,,2015.0,69800.0,Diesel,,05-07 chevaux,,Occasion,,,Particulier,,,Casablanca,Casablanca-Settat,130000.0,4.0,130 000 DH Peugeot 308 Casablanca Vue: 48 Annonce N°: 7510717 Marque: Peugeot Modèle: 308 Année : 2015 Kilométrage : 69800 Carburant  : Diesel Puissance : 05-07 chevaux Ville : Casablanca Detail de l'annonce : Peugeot 308 fin 2014 avec un bon prix Annonceur : Farid Répondre l'annonceur Imprimer Signaler cette annonce Envoyer à un ami Partager sur Facebook Twitter LinkedIn Retour à la page précédente
7510507,https://www.marocannonces.com/categorie/314/Voitures-occasion/annonce/7510507/polo-sdi.html,marocannonces,2026-10-02,2026-10-02 02:45:06,polo sdi,Volkswagen,Polo,,2003.0,290000.0,Diesel,,,,Occasion,,,Particulier,,,Casablanca,Casablanca-Settat,59000.0,4.0,"59 000 DH polo sdi Casablanca Vue: 46 Annonce N°: 7510507 Marque: Volkswagen Modèle: Polo Année : 2003 Kilométrage : 290000 Carburant  : Diesel Ville : Casablanca Detail de l'annonce : Bonjour   polo sdi en bon état                 ,merci de me contacter Annonceur : mohamed Répondre l'annonceur Imprimer Signaler cette annonce Envoyer à un ami Partager sur Facebook Twitter LinkedIn Retour à la page précédente"
7510087,https://www.marocannonces.com/categorie/314/Voitures-occasion/annonce/7510087/Skoda-octavia.html,marocannonces,2026-10-02,2026-10-02 02:45:06,Skoda octavia,Skoda,Octavia,,2014.0,103000.0,Diesel,,08-10 chevaux,,Occasion,,,Particulier,,,Casablanca,Casablanca-Settat,135000.0,4.0,135 000 DH Skoda octavia Casablanca Vue: 54 Annonce N°: 7510087 Marque: Skoda Modèle: Octavia Année : 2014 Kilométrage : 103000 Carburant  : Diesel Puissance : 08-10 chevaux Ville : Casablanca Detail de l'annonce : Je met en vente Skoda octavia toute option mod 20142l en parfait état. Pour plus d'informations veuillez mappler Annonceur : Utilisateur Répondre l'annonceur Imprimer Signaler cette annonce Envoyer à un ami Partager sur Facebook Twitter LinkedIn Retour à la page précédente
7509971,https://www.marocannonces.com/categorie/314/Voitures-occasion/annonce/7509971/RENAULT-CLIO-4.html,marocannonces,2026-10-02,2026-10-02 02:45:07,RENAULT CLIO 4,Renault,Clio,,2013.0,85000.0,Diesel,,05-07 chevaux,,Occasion,,,Particulier,,,Casablanca,Casablanca-Settat,105000.0,5.0,105 000 DH RENAULT CLIO 4 Casablanca Vue: 63 Annonce N°: 7509971 Marque: Renault Modèle: Clio Année : 2013 Kilométrage : 85000 Carburant  : Diesel Puissance : 05-07 chevaux Ville : Casablanca Detail de l'annonce : Je mets en vente une clio 4 modèle 05/2013 deuxième main Annonceur : ZAHRI KAOUTAR Répondre l'annonceur Imprimer Signaler cette annonce Envoyer à un ami Partager sur Facebook Twitter LinkedIn Retour à la page précédente
7509941,https://www.marocannonces.com/categorie/314/Voitures-occasion/annonce/7509941/Voirure-c-15.html,marocannonces,2026-10-02,2026-10-02 02:45:09,Voirure c 15,Citroën,C15,,2001.0,300984.0,Diesel,,05-07 chevaux,,Occasion,,,Particulier,,,El jadida,Casablanca-Settat,41000.0,1.0,41 000 DH Voirure c 15 El jadida Vue: 26 Annonce N°: 7509941 Marque: Citroen Modèle: C15 Année : 2001 Kilométrage : 300984 Carburant  : Diesel Puissance : 05-07 chevaux Ville : El jadida Detail de l'annonce : Vent voiture.... Annonceur : Mohamed Répondre l'annonceur Imprimer Signaler cette annonce Envoyer à un ami Partager sur Facebook Twitter LinkedIn Retour à la page précédente
7509875,https://www.marocannonces.com/categorie/314/Voitures-occasion/annonce/7509875/Peugeot-307-hdi.html,marocannonces,2026-10-02,2026-10-02 02:45:10,Peugeot 307 hdi,Peugeot,307,,2004.0,,Diesel,,05-07 chevaux,,Neuf,,,Particulier,,,Tanger,Tanger-Tétouan-Al Hoceïma,67000.0,6.0,"67 000 DH Peugeot 307 hdi Tanger Vue: 66 Annonce N°: 7509875 Marque: Peugeot Modèle: 307 Année : 2004 Carburant  : Diesel Puissance : 05-07 chevaux Ville : Tanger Detail de l'annonce : Peugeot 307 1.4 hdi faible consommation clim, airbag, glas électrique fermeture avec centralisée, anti-démarrage, 4 pneus neufs, volant réglable généralement en bonne état Annonceur : Ali Répondre l'annonceur Imprimer Signaler cette annonce Envoyer à un ami Partager sur Facebook Twitter LinkedIn Retour à la page précédente"
7493271,https://www.marocannonces.com/categorie/314/Voitures-occasion/annonce/7493271/Voiture-fiat-siena.html,marocannonces,2026-10-02,2026-10-02 02:45:10,Voiture fiat siena,Fiat,Siena ELX,,2003.0,220000.0,Diesel,Manuelle,05-07 chevaux,,Occasion,,,Particulier,,,Salé,Rabat-Salé-Kénitra,52000.0,4.0,"52 000 DH Voiture fiat siena Salé Vue: 22 Annonce N°: 7493271 Marque: Fiat Modèle: Siena ELX Année : 2003 Kilométrage : 220000 Carburant  : Diesel Puissance : 05-07 chevaux Ville : Salé Detail de l'annonce : boite a vitesse manuel, vitres électriques, système centralisé des portes, vitres électriques  en très bonne état. Marque: Fiat Modèle: Siena Année : 2003 Kilométrage : 220000 Carburant : Diesel Puissance : 05-07 chevaux Annonceur : Aziz Répondre l'annonceur Imprimer Signaler cette annonce Envoyer à un ami Partager sur Facebook Twitter LinkedIn Retour à la page précédente"
7509640,"https://www.marocannonces.com/categorie/314/Voitures-occasion/annonce/7509640/Vend-megane-2-dci-1,5-climatisé,première-main.html",marocannonces,2026-10-02,2026-10-02 02:45:11,"Vend megane 2 dci 1,5 climatisé,première main",Renault,Megane,,2006.0,200000.0,Diesel,,05-07 chevaux,,Occasion,1,,Particulier,,,Casablanca,Casablanca-Settat,68000.0,1.0,"68 000 DH Vend megane 2 dci 1,5 climatisé,première main Casablanca Vue: 12 Annonce N°: 7509640 Marque: Renault Modèle: Megane Année : 2006 Kilométrage : 200000 Carburant  : Diesel Puissance : 05-07 chevaux Ville : Casablanca Detail de l'annonce : Vend Megane 2 dci 1,5 climatisé,première main Annonceur : Si Mohamed Répondre l'annonceur Imprimer Signaler cette annonce Envoyer à un ami Partager sur Facebook Twitter LinkedIn Retour à la page précédente"
7509474,https://www.marocannonces.com/categorie/314/Voitures-occasion/annonce/7509474/206-essence-2008.html,marocannonces,2026-10-02,2026-10-02 02:45:12,206 essence 2008,Peugeot,206,,2008.0,1300000.0,Essence,,05-07 chevaux,,Occasion,,,Particulier,,,Casablanca,Casablanca-Settat,55000.0,8.0,55 000 DH 206 essence 2008 Casablanca Vue: 28 Annonce N°: 7509474 Marque: Peugeot Modèle: 206 Année : 2008 Kilométrage : 1300000 Carburant  : Essence Puissance : 05-07 chevaux Ville : Casablanca Detail de l'annonce : 206 essence model 2008 tt option clim juant aluminum air bag enti vol jaj electriq centralisie Annonceur : Khalid Répondre l'annonceur Imprimer Signaler cette annonce Envoyer à un ami Partager sur Facebook Twitter LinkedIn Retour à la page précédente
5417720,https://www.marocannonces.com/categorie/314/Voitures-occasion/annonce/5417720/Fiat-palio-elx-modele-2000.html,marocannonces,2026-10-02,2026-10-02 02:45:13,Fiat palio elx modele 2000,Fiat,Paleo ELX,,2000.0,,Diesel,,05-07 chevaux,,Occasion,,,Particulier,0673277995,5be94bda1320981221bd7fe1cd083d8687dbcedc6b63c6b66031622308ac1e14,Rabat,Rabat-Salé-Kénitra,47500.0,1.0,47 500 DH Fiat palio elx modele 2000 Rabat Vue: 16 Annonce N°: 5417720 Marque: Fiat Modèle: Paleo ELX Année : 2000 Carburant  : Diesel Puissance : 05-07 chevaux Ville : Rabat Detail de l'annonce : je met en vent ma voiture palio elx diesel model 2000  visible sur salé avec un prix raisonnable de 47500 dh prix légèrement négociable gsm 0673277995 . . . . . . . . . . . . . Annonceur : med Répondre l'annonceur Imprimer Signaler cette annonce Envoyer à un ami Partager sur Facebook Twitter LinkedIn Retour à la page précédente
7508776,https://www.marocannonces.com/categorie/314/Voitures-occasion/annonce/7508776/BMW-118d.html,marocannonces,2026-10-02,2026-10-02 02:45:14,BMW 118d,BMW,Serie 1,,2016.0,73000.0,Diesel,Automatique,08-10 chevaux,,Occasion,,,Particulier,,,Casablanca,Casablanca-Settat,250000.0,5.0,"250 000 DH BMW 118d Casablanca Vue: 66 Annonce N°: 7508776 Marque: BMW Modèle: Serie 1 Année : 2016 Kilométrage : 73 000 Carburant  : Diesel Puissance : 08-10 chevaux Ville : Casablanca Detail de l'annonce : Je mets en vente une 118d (2.0 litre 150cv) pack sport, boite auto, régulateur de vitesses, caméra de recul, BMW Drive select, sièges sport et plusieurs autres options... Plus d'informations, contactez moi Annonceur : Zohra Répondre l'annonceur Imprimer Signaler cette annonce Envoyer à un ami Partager sur Facebook Twitter LinkedIn Retour à la page précédente"
7463743,https://www.marocannonces.com/categorie/314/Voitures-occasion/annonce/7463743/Mercedes-E-280-diesel.html,marocannonces,2026-10-02,2026-10-02 02:45:15,Mercedes E 280 diesel,Mercedes-Benz,Classe E,,2006.0,107000.0,Diesel,,11-13 chevaux,WW au Maroc,Occasion,,,Particulier,,,Rabat,Rabat-Salé-Kénitra,105000.0,7.0,105 000 DH Mercedes E 280 diesel Rabat Vue: 31 Annonce N°: 7463743 Marque: Mercedes-Benz Modèle: Classe E Année : 2006 Kilométrage : 107000 Carburant  : Diesel Puissance : 11-13 chevaux Ville : Rabat Detail de l'annonce : Vends mercedes E 280 diesel 1 ere main ayant peu roule achetee en ww et entretenue a la maison mercedes Annonceur : Mohamed Répondre l'annonceur Imprimer Signaler cette annonce Envoyer à un ami Partager sur Facebook Twitter LinkedIn Retour à la page précédente
7508223,https://www.marocannonces.com/categorie/314/Voitures-occasion/annonce/7508223/Laguna-3-dci-6ch.html,marocannonces,2026-10-02,2026-10-02 02:45:16,Laguna 3 dci 6ch,Renault,Laguna,,2009.0,,Diesel,,05-07 chevaux,,Occasion,,,Particulier,,,Casablanca,Casablanca-Settat,83000.0,3.0,"83 000 DH Laguna 3 dci 6ch Casablanca Vue: 57 Annonce N°: 7508223 Marque: Renault Modèle: Laguna Année : 2009 Carburant  : Diesel Puissance : 05-07 chevaux Ville : Casablanca Detail de l'annonce : Salam, 3andi laguna 3 dci bon état Li bghaha merba raha faible consommation, ô ntsayeb fi taman Annonceur : Mustapha Répondre l'annonceur Imprimer Signaler cette annonce Envoyer à un ami Partager sur Facebook Twitter LinkedIn Retour à la page précédente"
7508221,https://www.marocannonces.com/categorie/314/Voitures-occasion/annonce/7508221/Mercedes-classe-e.html,marocannonces,2026-10-02,2026-10-02 02:45:17,Mercedes classe e,Mercedes-Benz,Classe E,,2007.0,243000.0,Diesel,,11-13 chevaux,,Neuf,,,Particulier,,,Marrakech,Marrakech-Safi,90000.0,8.0,"90 000 DH Mercedes classe e Marrakech Vue: 87 Annonce N°: 7508221 Marque: Mercedes-Benz Modèle: Classe E Année : 2007 Kilométrage : 243000 Carburant  : Diesel Puissance : 11-13 chevaux Ville : Marrakech Detail de l'annonce : Bonjour, je met en vente ma voiture mercedes classe e 280 cdi, voiture en très bonne état, comme neuf. Vignette 6000,00 l’anne 2018 est déjà payé. Annonceur : Karim Répondre l'annonceur Imprimer Signaler cette annonce Envoyer à un ami Partager sur Facebook Twitter LinkedIn Retour à la page précédente"
7508180,https://www.marocannonces.com/categorie/314/Voitures-occasion/annonce/7508180/kia-optima.html,marocannonces,2026-10-02,2026-10-02 02:45:18,kia optima,Kia,Optima,,2003.0,19000.0,Essence,,11-13 chevaux,,Occasion,,,Particulier,,,Tout le Maroc,,,1.0,Prix : N/A kia optima Tout le Maroc Vue: 13 Annonce N°: 7508180 Marque: Kia Modèle: Optima Année : 2003 Kilométrage : 19000 Carburant  : Essence Puissance : 11-13 chevaux Ville : Tout le Maroc Detail de l'annonce : Je met en vente ma voiture 🚗 kia optima essence ⛽  11 ch v6 pour plus de détails veuillez me contacter Annonceur : guetrani Répondre l'annonceur Imprimer Signaler cette annonce Envoyer à un ami Partager sur Facebook Twitter LinkedIn Retour à la page précédente
7508109,https://www.marocannonces.com/categorie/314/Voitures-occasion/annonce/7508109/Renault-Megane-3-2012.html,marocannonces,2026-10-02,2026-10-02 02:45:18,Renault Megane 3 -2012,Renault,Megane,,2012.0,150000.0,Diesel,,05-07 chevaux,,Occasion,,,Particulier,,,Mohammedia,Casablanca-Settat,113000.0,5.0,"113 000 DH Renault Megane 3 -2012 Mohammedia Vue: 49 Annonce N°: 7508109 Marque: Renault Modèle: Megane Année : 2012 Kilométrage : 150000 Carburant  : Diesel Puissance : 05-07 chevaux Ville : Mohammedia Detail de l'annonce : Je mets en vente ma voiture Mégane 3 en très bon état et très bien entretenue: Caractéristiques : - Date de mise en circulation le 06/2012 - Kilométrage: 150 000 - Puissance fiscale 6 chevaux - Carburant Diesel très faible consommation - Boite à vitesse : 6 rapports - Système de freinage ABS - 4 airbags - Vitres arrière teintées de la maison - Anti brouillard - Régulateur et limitateur de vitesse - Volant cuir multifonctions - Centraliseur des vitres avant et arrière (Fermeture avec télécommande) - Tableau de bord digital - Fermeture de sécurité portes arrières - Coussin pour café en arrière, Bluetooth - 5 Pneus récemment changés Prix: 113 000 Dhs Pour tout intéressé merci de me contacter Annonceur : Attar Répondre l'annonceur Imprimer Signaler cette annonce Envoyer à un ami Partager sur Facebook Twitter LinkedIn Retour à la page précédente"
7508080,https://www.marocannonces.com/categorie/314/Voitures-occasion/annonce/7508080/Vente-voiture-peugeot-309.html,marocannonces,2026-10-02,2026-10-02 02:45:19,Vente voiture peugeot 309,Peugeot,309,,1988.0,,Diesel,,05-07 chevaux,,Occasion,,,Particulier,,,Casablanca,Casablanca-Settat,35000.0,2.0,35 000 DH Vente voiture peugeot 309 Casablanca Vue: 35 Annonce N°: 7508080 Marque: Peugeot Modèle: 309 Année : 1988 Carburant  : Diesel Puissance : 05-07 chevaux Ville : Casablanca Detail de l'annonce : 309 n9ia motor mli7 zaj centralise faible consommation model 88 diwana 94 Annonceur : Amine elaboudy Répondre l'annonceur Imprimer Signaler cette annonce Envoyer à un ami Partager sur Facebook Twitter LinkedIn Retour à la page précédente
7508072,https://www.marocannonces.com/categorie/314/Voitures-occasion/annonce/7508072/Voiture-a-vendre-kia.html,marocannonces,2026-10-02,2026-10-02 02:45:20,Voiture a vendre kia,Kia,Sorento,,2005.0,196000.0,Diesel,,08-10 chevaux,,Occasion,,,Particulier,,,Casablanca,Casablanca-Settat,75000.0,1.0,75 000 DH Voiture a vendre kia Casablanca Vue: 25 Annonce N°: 7508072 Marque: Kia Modèle: Sorento Année : 2005 Kilométrage : 196000 Carburant  : Diesel Puissance : 08-10 chevaux Ville : Casablanca Detail de l'annonce : bonjour je mets a vendre une kia sorento 4*4 diesel bien entretenue vignette 1500.00 dhs payee. possibilite de reprise contre une voiture d annees entre 2012-2016 comme kia sportage ou hyanday Annonceur : haddaoui Répondre l'annonceur Imprimer Signaler cette annonce Envoyer à un ami Partager sur Facebook Twitter LinkedIn Retour à la page précédente
7508058,https://www.marocannonces.com/categorie/314/Voitures-occasion/annonce/7508058/Volvo-s40.html,marocannonces,2026-10-02,2026-10-02 02:45:21,Volvo s40,Volvo,S40,,2012.0,300000.0,Diesel,,05-07 chevaux,,Neuf,,,Particulier,,,Agadir,Souss-Massa,108000.0,2.0,108 000 DH Volvo s40 Agadir Vue: 42 Annonce N°: 7508058 Marque: Volvo Modèle: S40 Année : 2012 Kilométrage : 300000 Carburant  : Diesel Puissance : 05-07 chevaux Ville : Agadir Detail de l'annonce : Bien entretenue tout est neuf pneus freins Annonceur : Abdellah Répondre l'annonceur Imprimer Signaler cette annonce Envoyer à un ami Partager sur Facebook Twitter LinkedIn Retour à la page précédente
7507956,https://www.marocannonces.com/categorie/314/Voitures-occasion/annonce/7507956/Renault-R19.html,marocannonces,2026-10-02,2026-10-02 02:45:22,Renault R19,Renault,19,,1994.0,146813.0,Diesel,,05-07 chevaux,,Occasion,,,Particulier,,,Beni Mellal,Béni Mellal-Khénifra,47000.0,4.0,47 000 DH Renault R19 Beni Mellal Vue: 36 Annonce N°: 7507956 Marque: Renault Modèle: 19 Année : 1994 Kilométrage : 146813 Carburant  : Diesel Puissance : 05-07 chevaux Ville : Beni Mellal Detail de l'annonce : je mets en vente ma voiture R19 en excellent état mécanique très bon moteur salon propre modèle 94 diwana 2008 diesel Annonceur : Redouane Répondre l'annonceur Imprimer Signaler cette annonce Envoyer à un ami Partager sur Facebook Twitter LinkedIn Retour à la page précédente
7505772,https://www.marocannonces.com/categorie/314/Voitures-occasion/annonce/7505772/Berlingo-citroen-modele-2016.html,marocannonces,2026-10-02,2026-10-02 02:45:23,Berlingo citroen modele 2016,Citroën,Berlingo,,2016.0,45000.0,Diesel,,05-07 chevaux,,Neuf,,,Particulier,,,Casablanca,Casablanca-Settat,130000.0,5.0,130 000 DH Berlingo citroen modele 2016 Casablanca Vue: 25 Annonce N°: 7505772 Marque: Citroen Modèle: Berlingo Année : 2016 Kilométrage : 45000 Carburant  : Diesel Puissance : 05-07 chevaux Ville : Casablanca Detail de l'annonce : Berlingo citroen diesel modele 2016 kilometrage 45000 en état neuf Annonceur : Taoussi Répondre l'annonceur Imprimer Signaler cette annonce Envoyer à un ami Partager sur Facebook Twitter LinkedIn Retour à la page précédente
7507772,https://www.marocannonces.com/categorie/314/Voitures-occasion/annonce/7507772/bmw-524.html,marocannonces,2026-10-02,2026-10-02 02:45:24,bmw 5.24,BMW,525 TDS,,,,,,,,Occasion,,,Particulier,,,Casablanca,Casablanca-Settat,54000.0,8.0,54 000 DH bmw 5.24 Casablanca Vue: 66 Annonce N°: 7507772 Marque: BMW Modèle: 525 TDS Detail de l'annonce : bmw 5.24 moteur 5.25 tds toit ouvrant vitre électrique clim abs Annonceur : xxx Répondre l'annonceur Imprimer Signaler cette annonce Envoyer à un ami Partager sur Facebook Twitter LinkedIn Retour à la page précédente
7507945,https://www.marocannonces.com/categorie/314/Voitures-occasion/annonce/7507945/ford-focus.html,marocannonces,2026-10-02,2026-10-02 02:45:25,ford focus,Ford,Focus,,2015.0,40400.0,Diesel,,05-07 chevaux,,Occasion,1,,Particulier,,,Casablanca,Casablanca-Settat,175000.0,5.0,"175 000 DH ford focus Casablanca Vue: 47 Annonce N°: 7507945 Marque: Ford Modèle: Focus Année : 2015 Kilométrage : 40400 Carburant  : Diesel Puissance : 05-07 chevaux Ville : Casablanca Detail de l'annonce : Ford Focus Diesel, 1er main version sport tt options... 40400km mise en circulation 27/08/2015 Véhicule en parfait état, entièrement révisé et contrôlé... svp smasria s'abstenir... Annonceur : yassine Répondre l'annonceur Imprimer Signaler cette annonce Envoyer à un ami Partager sur Facebook Twitter LinkedIn Retour à la page précédente"
7505224,https://www.marocannonces.com/categorie/314/Voitures-occasion/annonce/7505224/CLIO-CAMPUS-A-VENDRE.html,marocannonces,2026-10-02,2026-10-02 02:45:26,CLIO CAMPUS A VENDRE,Renault,Clio,,2011.0,97000.0,Essence,,05-07 chevaux,,Occasion,,,Particulier,,,Agadir,Souss-Massa,64000.0,5.0,"64 000 DH CLIO CAMPUS A VENDRE Agadir Vue: 80 Annonce N°: 7505224 Marque: Renault Modèle: Clio Année : 2011 Kilométrage : 97000 Carburant  : Essence Puissance : 05-07 chevaux Ville : Agadir Detail de l'annonce : Je met en vente ma Clio Campus, en très bon état, vitres électriques, climatiseur, faible consommation. Intermédiaire s'abstenir Annonceur : SOUFIANE Répondre l'annonceur Imprimer Signaler cette annonce Envoyer à un ami Partager sur Facebook Twitter LinkedIn Retour à la page précédente"
7507672,https://www.marocannonces.com/categorie/314/Voitures-occasion/annonce/7507672/Coupé-cabriolet.html,marocannonces,2026-10-02,2026-10-02 02:45:28,Coupé cabriolet,Volkswagen,EOS,,2008.0,101420.0,Essence,,11-13 chevaux,,Occasion,,,Particulier,,,Rabat,Rabat-Salé-Kénitra,96000.0,5.0,"96 000 DH Coupé cabriolet Rabat Vue: 96 Annonce N°: 7507672 Marque: Volkswagen Modèle: EOS Année : 2008 Kilométrage : 101420 Carburant  : Essence Puissance : 11-13 chevaux Ville : Rabat Detail de l'annonce : Je mets en vente une magnifique voiture coupé cabriolet consommation raisonnable, idéal pour voyager et pour rouler calmement, aucune réparation à prévoir Prix légèrement négociable Annonceur : Anas Répondre l'annonceur Imprimer Signaler cette annonce Envoyer à un ami Partager sur Facebook Twitter LinkedIn Retour à la page précédente"
7507783,https://www.marocannonces.com/categorie/314/Voitures-occasion/annonce/7507783/Renault-19-storia-à-vendre.html,marocannonces,2026-10-02,2026-10-02 02:45:28,Renault 19 storia à vendre,Renault,19,,1995.0,377777.0,Essence,,08-10 chevaux,Dédouanée,Occasion,1,,Particulier,,,Oujda,Oriental,40000.0,6.0,"40 000 DH Renault 19 storia à vendre Oujda Vue: 51 Annonce N°: 7507783 Marque: Renault Modèle: 19 Année : 1995 Kilométrage : 377777 Carburant  : Essence Puissance : 08-10 chevaux Ville : Oujda Detail de l'annonce : Je vends ma voiture model 1995 et dédouanée en 2009, première main au Maroc, peinture grise récemment refaite, bonnes chances Annonceur : Hachmi oujda Répondre l'annonceur Imprimer Signaler cette annonce Envoyer à un ami Partager sur Facebook Twitter LinkedIn Retour à la page précédente"
7507763,https://www.marocannonces.com/categorie/314/Voitures-occasion/annonce/7507763/Toyota-tercer.html,marocannonces,2026-10-02,2026-10-02 02:45:29,Toyota tercer,Toyota,Tercel,,1998.0,233000.0,Essence,,05-07 chevaux,,Occasion,,,Particulier,,,Casablanca,Casablanca-Settat,27500.0,8.0,27 500 DH Toyota tercer Casablanca Vue: 50 Annonce N°: 7507763 Marque: Toyota Modèle: Tercel Année : 1998 Kilométrage : 233000 Carburant  : Essence Puissance : 05-07 chevaux Ville : Casablanca Detail de l'annonce : Je mets voiture Toyota tercer essence à vendre model 98 .7ch centralisé vetre électrique av/ar très bon état Annonceur : Abdo Répondre l'annonceur Imprimer Signaler cette annonce Envoyer à un ami Partager sur Facebook Twitter LinkedIn Retour à la page précédente
7507741,https://www.marocannonces.com/categorie/314/Voitures-occasion/annonce/7507741/Hyundai-Accent-Automatique.html,marocannonces,2026-10-02,2026-10-02 02:45:30,Hyundai Accent Automatique,Hyundai,Accent,,2015.0,,Diesel,Automatique,05-07 chevaux,,Occasion,,,Particulier,0664698957,299d5c6d5e671e2e50ea007ddf61a51621711ded916813412e0497b4e4c25be7,Casablanca,Casablanca-Settat,,1.0,Prix : N/A Hyundai Accent Automatique Casablanca Vue: 34 Annonce N°: 7507741 Marque: Hyundai Modèle: Accent Année : 2015 Carburant  : Diesel Puissance : 05-07 chevaux Ville : Casablanca Detail de l'annonce : Je mets en vente ma voiture Hyundai Accent Automatique. Modèle 2015. 6 chevaux. Merci de me contacter au : 0664698957 Annonceur : Hanaa Répondre l'annonceur Imprimer Signaler cette annonce Envoyer à un ami Partager sur Facebook Twitter LinkedIn Retour à la page précédente
7507697,https://www.marocannonces.com/categorie/314/Voitures-occasion/annonce/7507697/golf-6.html,marocannonces,2026-10-02,2026-10-02 02:45:31,golf 6,Volkswagen,Golf,,2014.0,28000.0,Essence,,08-10 chevaux,,Neuf,,,Particulier,,,Tanger,Tanger-Tétouan-Al Hoceïma,130000.0,4.0,130 000 DH golf 6 Tanger Vue: 59 Annonce N°: 7507697 Marque: Volkswagen Modèle: Golf Année : 2014 Kilométrage : 28000 Carburant  : Essence Puissance : 08-10 chevaux Ville : Tanger Detail de l'annonce : voiture presque neuve jamais accidentée Annonceur : mohamed Répondre l'annonceur Imprimer Signaler cette annonce Envoyer à un ami Partager sur Facebook Twitter LinkedIn Retour à la page précédente
7507675,https://www.marocannonces.com/categorie/314/Voitures-occasion/annonce/7507675/Toyota-Land-cruiser.html,marocannonces,2026-10-02,2026-10-02 02:45:32,Toyota Land cruiser,Toyota,LAND CRUISER,,2000.0,330000.0,Diesel,Automatique,08-10 chevaux,,Occasion,,,Particulier,,,Casablanca,Casablanca-Settat,140000.0,7.0,140 000 DH Toyota Land cruiser Casablanca Vue: 74 Annonce N°: 7507675 Marque: Toyota Modèle: LAND CRUISER Année : 2000 Kilométrage : 330000 Carburant  : Diesel Puissance : 08-10 chevaux Ville : Casablanca Detail de l'annonce : Toyota Land Cruiser Diesel model 2000 toute option Originale 10 chevaux / 6 cylindres / 7 places Boite à vitesse automatique Annonceur : HASSAN Répondre l'annonceur Imprimer Signaler cette annonce Envoyer à un ami Partager sur Facebook Twitter LinkedIn Retour à la page précédente
7507606,https://www.marocannonces.com/categorie/314/Voitures-occasion/annonce/7507606/Ford-focus.html,marocannonces,2026-10-02,2026-10-02 02:45:33,Ford focus,Ford,Focus,,2009.0,154000.0,Diesel,Manuelle,05-07 chevaux,,Neuf,,,Particulier,,,Kénitra,Rabat-Salé-Kénitra,102000.0,2.0,"102 000 DH Ford focus Kénitra Vue: 28 Annonce N°: 7507606 Marque: Ford Modèle: Focus Année : 2009 Kilométrage : 154000 Carburant  : Diesel Puissance : 05-07 chevaux Ville : Kénitra Detail de l'annonce : Particulier met en vente une voiture Ford Focus 7ch fiscaux 115 réels en parfait état et très économique, elle dispose: D'une climatisation manuelle Radar de recul Commande au volant Volant réglable en hauteur Accoudoir avant glissant Abs et antipatinage Système Airbag Volets (rideaux) manuels pour les vitres derrières 3 modes de conduite selon vos préférences Pneus neufs récemment changés 2 clés originaux Et bien d'autres fonctions La voiture est visible à kenitra SVP intermédiaires et curieux merci de s'abstenir Annonceur : Simo Répondre l'annonceur Imprimer Signaler cette annonce Envoyer à un ami Partager sur Facebook Twitter LinkedIn Retour à la page précédente"
7495254,https://www.marocannonces.com/categorie/314/Voitures-occasion/annonce/7495254/Ford-fiesta-titanium.html,marocannonces,2026-10-02,2026-10-02 02:45:34,Ford fiesta titanium,Ford,Fiesta,,,,,Automatique,,,Neuf,1,,Particulier,,,Casablanca,Casablanca-Settat,152000.0,4.0,"152 000 DH Ford fiesta titanium Casablanca Vue: 46 Annonce N°: 7495254 Marque: Ford Modèle: Fiesta Detail de l'annonce : our, je mets en vente ma voiture Ford Fiesta Titanium diesel toutes options, première main presque neuve, très bien entretenue avec le stirct respect du vidange exclusivement dans la Maison Ford modèle 04/2016, avec des caractéristiques de confort et de robustesse magnifiques telles que : - démarrage start stop - jantes aluminium - ouverture avec empreinte - volant multifonction - commande vocale bluetooth - régulateur de vitesse - rétroviseurs électriques réglables et rabattables - climatisation digitale automatique - poste radio cd/mp3 avec commande au volant - connecteur usb et aux - commande vocale téléphone et musique - système de freinage - abs - direction assistée électrique - eclairage antibrouillard - airbags - sièges avant réglables - feux automatique - détecteur de pluie, aide au  parking, vitres teintés et plein dautres avantages attrayants. prix légèrement négociable, pour plus d'infos veuillez me contacter Annonceur : Moncef Répondre l'annonceur Imprimer Signaler cette annonce Envoyer à un ami Partager sur Facebook Twitter LinkedIn Retour à la page précédente"
7507514,https://www.marocannonces.com/categorie/314/Voitures-occasion/annonce/7507514/Jetta-bonne-etat.html,marocannonces,2026-10-02,2026-10-02 02:45:35,Jetta bonne etat,Volkswagen,Jetta,,1985.0,1556.0,Diesel,,05-07 chevaux,,Occasion,,,Particulier,,,Casablanca,Casablanca-Settat,,1.0,Prix : N/A Jetta bonne etat Casablanca Vue: 23 Annonce N°: 7507514 Marque: Volkswagen Modèle: Jetta Année : 1985 Kilométrage : 1556 Carburant  : Diesel Puissance : 05-07 chevaux Ville : Casablanca Detail de l'annonce : SALAM  KAYAN JETTA   KOLCHIY FIHA  NADIY   TAMAN MOUNASIB  LI BRA  MARHBA Annonceur : LAHJ AHMED Répondre l'annonceur Imprimer Signaler cette annonce Envoyer à un ami Partager sur Facebook Twitter LinkedIn Retour à la page précédente
6107566,https://www.marocannonces.com/categorie/314/Voitures-occasion/annonce/6107566/Chery-tiggo-en-très-bon-état.html,marocannonces,2026-10-02,2026-10-02 02:45:36,Chery tiggo en très bon état,Chery,Tiggo,,,,,,,,Occasion,,,Particulier,,,Casablanca,Casablanca-Settat,49000.0,2.0,"49 000 DH Chery tiggo en très bon état Casablanca Vue: 35 Annonce N°: 6107566 Marque: Chery Modèle: Tiggo Detail de l'annonce : Très bon état Toutes options : Clim, Toit ouvrant, chauffage siège, juntes alum, siège cuir, volant réglable, ... etc. . . . . . . . . Annonceur : Rita Répondre l'annonceur Imprimer Signaler cette annonce Envoyer à un ami Partager sur Facebook Twitter LinkedIn Retour à la page précédente"
7507558,https://www.marocannonces.com/categorie/314/Voitures-occasion/annonce/7507558/Vente-Dacia-Logan.html,marocannonces,2026-10-02,2026-10-02 02:45:37,Vente Dacia Logan,Dacia,Logan,,2006.0,,Diesel,,05-07 chevaux,,Occasion,,,Particulier,,,Casablanca,Casablanca-Settat,60000.0,4.0,60 000 DH Vente Dacia Logan Casablanca Vue: 35 Annonce N°: 7507558 Marque: Dacia Modèle: Logan Année : 2006 Carburant  : Diesel Puissance : 05-07 chevaux Ville : Casablanca Detail de l'annonce : Je mets en vente Dacia logan en bon état Annonceur : Mohamed Répondre l'annonceur Imprimer Signaler cette annonce Envoyer à un ami Partager sur Facebook Twitter LinkedIn Retour à la page précédente
7507487,https://www.marocannonces.com/categorie/314/Voitures-occasion/annonce/7507487/honda-hafei.html,marocannonces,2026-10-02,2026-10-02 02:45:38,honda hafei,Suzuki,Carry,,2009.0,130000.0,Essence,,05-07 chevaux,,Occasion,,,Particulier,,,Meknès,Fès-Meknès,47000.0,3.0,47 000 DH honda hafei Meknès Vue: 247 Annonce N°: 7507487 Marque: Suzuki Modèle: Carry Année : 2009 Kilométrage : 130 000 Carburant  : Essence Puissance : 05-07 chevaux Ville : Meknès Detail de l'annonce : je mets en vente une voiture honda hafei à un prix très très raisonnable et négociable ( modèle 2009 ) ..pour plus d'information veuillez nous contactez أريد بيع سيارة (هوندا هافي)  موديل 2009 بثمن قابل للتفاوض للمزيد من المعلومات المرجو الاتصال عل الرقم المسجل Annonceur : said Répondre l'annonceur Imprimer Signaler cette annonce Envoyer à un ami Partager sur Facebook Twitter LinkedIn Retour à la page précédente
7507311,https://www.marocannonces.com/categorie/314/Voitures-occasion/annonce/7507311/super-ford-mondeo-diesel-version-titanium.html,marocannonces,2026-10-02,2026-10-02 02:45:39,super ford mondeo diesel version titanium,Ford,Mondeo,,2014.0,70000.0,Diesel,Manuelle,08-10 chevaux,,Occasion,1,,Particulier,0626810842,162e8f3595700f2985034556689f16f38fec17c25f2f130f0b9d023e404a1874,Casablanca,Casablanca-Settat,1450000.0,3.0,"1 450 000 DH super ford mondeo diesel version titanium Casablanca Vue: 48 Annonce N°: 7507311 Marque: Ford Modèle: Mondeo Année : 2014 Kilométrage : 70000 Carburant  : Diesel Puissance : 08-10 chevaux Ville : Casablanca Detail de l'annonce : ford mondeo diesel version titanium en excellent état toutes options 1ER main entretien maison   model fin 2014 manuelle 8 ch tout option salon en cuire vitres électriques volant multifonctions clim digital radar de recule limiteur de vitesse joinat aliminyom  . faible conssomation voiture tres bien entretenue. Parfaite peinture d'origine. et d'autres options Pour de plus d'informations, n'hésitez pas a nous contacter 0626810842 Annonceur : hasan Répondre l'annonceur Imprimer Signaler cette annonce Envoyer à un ami Partager sur Facebook Twitter LinkedIn Retour à la page précédente"
7507378,https://www.marocannonces.com/categorie/314/Voitures-occasion/annonce/7507378/Bmw-serie-1.html,marocannonces,2026-10-02,2026-10-02 02:45:40,Bmw serie 1,BMW,Serie 1,,2017.0,50000.0,Diesel,Manuelle,05-07 chevaux,,Neuf,,,Particulier,,,Casablanca,Casablanca-Settat,240000.0,4.0,240 000 DH Bmw serie 1 Casablanca Vue: 43 Annonce N°: 7507378 Marque: BMW Modèle: Serie 1 Année : 2017 Kilométrage : 50000 Carburant  : Diesel Puissance : 05-07 chevaux Ville : Casablanca Detail de l'annonce : Je met en vente ma voiture Bmw serie 1 manuel toute neuve. Prix à négocier! Annonceur : Hatim Répondre l'annonceur Imprimer Signaler cette annonce Envoyer à un ami Partager sur Facebook Twitter LinkedIn Retour à la page précédente
7507309,https://www.marocannonces.com/categorie/314/Voitures-occasion/annonce/7507309/ford-mondeo-diesel-version-titanium-en-excellent.html,marocannonces,2026-10-02,2026-10-02 02:45:40,ford mondeo diesel version titanium en excellent,Ford,Mondeo,,2014.0,70000.0,Diesel,Manuelle,08-10 chevaux,,Occasion,1,,Particulier,0626810842,162e8f3595700f2985034556689f16f38fec17c25f2f130f0b9d023e404a1874,Rabat,Rabat-Salé-Kénitra,1450000.0,3.0,"1 450 000 DH ford mondeo diesel version titanium en excellent Rabat Vue: 53 Annonce N°: 7507309 Marque: Ford Modèle: Mondeo Année : 2014 Kilométrage : 70000 Carburant  : Diesel Puissance : 08-10 chevaux Ville : Rabat Detail de l'annonce : •	Je mets en vente ma voiture ford mondeo diesel version titanium en excellent état toutes options 1ER main entretien maison   model fin 2014 manuelle 8 ch tout option salon en cuire vitres électriques volant multifonctions clim digital radar de recule limiteur de vitesse joinat aliminyom  . faible conssomation voiture tres bien entretenue. Parfaite peinture d'origine. et d'autres options Pour de plus d'informations, n'hésitez pas a nous contacter 0626810842 Annonceur : alomamplaza Répondre l'annonceur Imprimer Signaler cette annonce Envoyer à un ami Partager sur Facebook Twitter LinkedIn Retour à la page précédente"
7494655,https://www.marocannonces.com/categorie/314/Voitures-occasion/annonce/7494655/berlingo-citroen.html,marocannonces,2026-10-02,2026-10-02 02:45:41,berlingo citroen,Citroën,Berlingo,,,,,,,,Occasion,,,Particulier,,,Salé,Rabat-Salé-Kénitra,65000.0,6.0,65 000 DH berlingo citroen Salé Vue: 25 Annonce N°: 7494655 Marque: Citroen Modèle: Berlingo Detail de l'annonce : berlingo citroen Annonceur : Ahemad Répondre l'annonceur Imprimer Signaler cette annonce Envoyer à un ami Partager sur Facebook Twitter LinkedIn Retour à la page précédente
7507297,https://www.marocannonces.com/categorie/314/Voitures-occasion/annonce/7507297/Renault-Megane-classic.html,marocannonces,2026-10-02,2026-10-02 02:45:42,Renault Megane classic,Renault,Megane,,2001.0,300000.0,Diesel,,05-07 chevaux,,Occasion,,,Particulier,,,Temara,Rabat-Salé-Kénitra,50000.0,5.0,"50 000 DH Renault Megane classic Temara Vue: 183 Annonce N°: 7507297 Marque: Renault Modèle: Megane Année : 2001 Kilométrage : 300000 Carburant  : Diesel Puissance : 05-07 chevaux Ville : Temara Detail de l'annonce : e mets en vente ma Renault megane classic diesel tous options sauf (la clim), avec vitres électriques volon assistée sontraliser , abs, 7cv modèle 2001 sortie au maroc. Annonceur : mohamed Répondre l'annonceur Imprimer Signaler cette annonce Envoyer à un ami Partager sur Facebook Twitter LinkedIn Retour à la page précédente"
7507062,https://www.marocannonces.com/categorie/314/Voitures-occasion/annonce/7507062/citroen-xsara.html,marocannonces,2026-10-02,2026-10-02 02:45:43,citroen xsara,Citroën,Xsara,,2002.0,,Diesel,,05-07 chevaux,,Occasion,,,Particulier,,,Casablanca,Casablanca-Settat,39000.0,3.0,39 000 DH citroen xsara Casablanca Vue: 52 Annonce N°: 7507062 Marque: Citroen Modèle: Xsara Année : 2002 Carburant  : Diesel Puissance : 05-07 chevaux Ville : Casablanca Detail de l'annonce : je mets en vente une citroen xsara bonne état Annonceur : hassan Répondre l'annonceur Imprimer Signaler cette annonce Envoyer à un ami Partager sur Facebook Twitter LinkedIn Retour à la page précédente
7506971,https://www.marocannonces.com/categorie/314/Voitures-occasion/annonce/7506971/Peugeot-309-à-vendre.html,marocannonces,2026-10-02,2026-10-02 02:45:44,Peugeot 309  à vendre,Peugeot,309,,1994.0,0.0,Diesel,,05-07 chevaux,,Occasion,,,Particulier,,,Casablanca,Casablanca-Settat,,1.0,"Prix : N/A Peugeot 309  à vendre Casablanca Vue: 11 Annonce N°: 7506971 Marque: Peugeot Modèle: 309 Année : 1994 Kilométrage : 0000 Carburant  : Diesel Puissance : 05-07 chevaux Ville : Casablanca Detail de l'annonce : Bonjour, Je mets en vente une voiture Peugeot 309 très bon état,excellent moteur,un très bon salon. Cordialement. Annonceur : mbarek Répondre l'annonceur Imprimer Signaler cette annonce Envoyer à un ami Partager sur Facebook Twitter LinkedIn Retour à la page précédente"
7506903,https://www.marocannonces.com/categorie/314/Voitures-occasion/annonce/7506903/MAZDA-6-ESSENCE-EN-TRES-BON-ETAT.html,marocannonces,2026-10-02,2026-10-02 02:45:45,MAZDA 6 ESSENCE EN TRES BON ETAT,Mazda,6,,2004.0,130000.0,Essence,,,,Occasion,,,Particulier,,,Casablanca,Casablanca-Settat,37000.0,8.0,"37 000 DH MAZDA 6 ESSENCE EN TRES BON ETAT Casablanca Vue: 67 Annonce N°: 7506903 Marque: Mazda Modèle: 6 Année : 2004 Kilométrage : 130000 Carburant  : Essence Ville : Casablanca Detail de l'annonce : JE MET EN VENTE UNE TRES BONNE VOITURE , UNE MAZDA 6 Annonceur : MJID Répondre l'annonceur Imprimer Signaler cette annonce Envoyer à un ami Partager sur Facebook Twitter LinkedIn Retour à la page précédente"
7506281,"https://www.marocannonces.com/categorie/314/Voitures-occasion/annonce/7506281/Vends-BMW-X1-diesel,-66000-km.html",marocannonces,2026-10-02,2026-10-02 02:45:46,"Vends BMW X1 diesel, 66.000 km",BMW,X1,,2010.0,66000.0,Diesel,Manuelle,,,Occasion,,,Particulier,0664000377,10b6d07abf543319ac2e188dfcb40c24d9cc6424da926b92017d8262a9024953,Casablanca,Casablanca-Settat,168000.0,3.0,"168 000 DH Vends BMW X1 diesel, 66.000 km Casablanca Vue: 94 Annonce N°: 7506281 Marque: BMW Modèle: X1 Année : 2010 Kilométrage : 66000 Carburant  : Diesel Ville : Casablanca Detail de l'annonce : Vends BMW X1 diesel, 66.000 km, modèle 2010 :  sièges cuirs, airbag, jantes aluminium, boite manuelle, …. PRIX DE VENTE  168, 000 dh Telephone :   0664-00-03-77 Annonceur : LEBBADI Répondre l'annonceur Imprimer Signaler cette annonce Envoyer à un ami Partager sur Facebook Twitter LinkedIn Retour à la page précédente"
7497936,https://www.marocannonces.com/categorie/314/Voitures-occasion/annonce/7497936/Vends-Suzuki-célerio.html,marocannonces,2026-10-02,2026-10-02 02:45:47,Vends Suzuki célerio,Suzuki,Celerio,,,,,,,,Occasion,,,Particulier,,,Casablanca,Casablanca-Settat,60000.0,3.0,60 000 DH Vends Suzuki célerio Casablanca Vue: 42 Annonce N°: 7497936 Marque: Suzuki Modèle: Celerio Detail de l'annonce : Vends ma Suzuki célerio model juillet 2012 Essence climatisation vitres électriques très bon état Annonceur : El amrani hanane Répondre l'annonceur Imprimer Signaler cette annonce Envoyer à un ami Partager sur Facebook Twitter LinkedIn Retour à la page précédente
6173765,https://www.marocannonces.com/categorie/314/Voitures-occasion/annonce/6173765/Renault-R19.html,marocannonces,2026-10-02,2026-10-02 02:45:48,Renault R19,Renault,19,,1992.0,300000.0,Diesel,,05-07 chevaux,,Occasion,,,Particulier,,,Casablanca,Casablanca-Settat,55000.0,4.0,55 000 DH Renault R19 Casablanca Vue: 29 Annonce N°: 6173765 Marque: Renault Modèle: 19 Année : 1992 Kilométrage : 300000 Carburant  : Diesel Puissance : 05-07 chevaux Ville : Casablanca Detail de l'annonce : Renault R19 bonne état diesel model 1992 douane 2007 faible consomation . . . . . . . . . . Annonceur : ali Répondre l'annonceur Imprimer Signaler cette annonce Envoyer à un ami Partager sur Facebook Twitter LinkedIn Retour à la page précédente
7506048,https://www.marocannonces.com/categorie/314/Voitures-occasion/annonce/7506048/Reanault-Megan-3.html,marocannonces,2026-10-02,2026-10-02 02:45:49,Reanault Megan 3,Renault,Megane,,2009.0,91000.0,Diesel,Automatique,05-07 chevaux,,Occasion,1,,Particulier,,,El jadida,Casablanca-Settat,110000.0,5.0,"110 000 DH Reanault Megan 3 El jadida Vue: 45 Annonce N°: 7506048 Marque: Renault Modèle: Megane Année : 2009 Kilométrage : 91000 Carburant  : Diesel Puissance : 05-07 chevaux Ville : El jadida Detail de l'annonce : Je mets en vente ma voiture Renault Mégane modèle 2009 1ère main, en parfait état, toutes options : Clim automatique bizone, jantes aluminium Bluetooth, 1,9 (130), 6 rapports de vitesse, rétroviseurs électroniques, carte main libre, détecteur de pluie, allumage automatique des feux... kilométrage : 91000 km Voiture en très bon état Annonceur : karim Répondre l'annonceur Imprimer Signaler cette annonce Envoyer à un ami Partager sur Facebook Twitter LinkedIn Retour à la page précédente"
7506157,https://www.marocannonces.com/categorie/314/Voitures-occasion/annonce/7506157/Audi-A3-diesel.html,marocannonces,2026-10-02,2026-10-02 02:45:50,Audi A3 diesel,Audi,A3,,2004.0,,Diesel,,,,Occasion,,,Particulier,,,Casablanca,Casablanca-Settat,70000.0,5.0,"70 000 DH Audi A3 diesel Casablanca Vue: 88 Annonce N°: 7506157 Marque: Audi Modèle: A3 Année : 2004 Carburant  : Diesel Ville : Casablanca Detail de l'annonce : Je mets en vente ma voiture Audi A3 diesel, deux portes modèle 2004 en très bon état avec un bon prix légèrement négociable pour plus d'info veuillez me contacter intermédiaire s'abstenir Annonceur : Azzeddine Répondre l'annonceur Imprimer Signaler cette annonce Envoyer à un ami Partager sur Facebook Twitter LinkedIn Retour à la page précédente"
7505735,https://www.marocannonces.com/categorie/314/Voitures-occasion/annonce/7505735/honda-à-vendre.html,marocannonces,2026-10-02,2026-10-02 02:45:51,honda à vendre,Chevrolet,Epica,,2009.0,38962.0,Essence,,05-07 chevaux,,Occasion,,,Particulier,,,Rabat,Rabat-Salé-Kénitra,62500.0,1.0,62 500 DH honda à vendre Rabat Vue: 19 Annonce N°: 7505735 Marque: Chevrolet Modèle: Epica Année : 2009 Kilométrage : 38962 Carburant  : Essence Puissance : 05-07 chevaux Ville : Rabat Detail de l'annonce : هوندا للبيع مازالت نقية لم تستعمل كثيرا Annonceur : brahim Répondre l'annonceur Imprimer Signaler cette annonce Envoyer à un ami Partager sur Facebook Twitter LinkedIn Retour à la page précédente
7505418,https://www.marocannonces.com/categorie/314/Voitures-occasion/annonce/7505418/Fiat-500.html,marocannonces,2026-10-02,2026-10-02 02:45:52,Fiat 500,Fiat,500,,2013.0,25000.0,Essence,,05-07 chevaux,,Occasion,,,Particulier,,,Casablanca,Casablanca-Settat,92000.0,7.0,"92 000 DH Fiat 500 Casablanca Vue: 33 Annonce N°: 7505418 Marque: Fiat Modèle: 500 Année : 2013 Kilométrage : 25000 Carburant  : Essence Puissance : 05-07 chevaux Ville : Casablanca Detail de l'annonce : Fiat 500 modèle décembre 2013 tout options, 7chs, toit panoramique, très faible consommation, carburant  essence , kilométrage 25000, en tres bonne état pour plus d’info appelé moi Annonceur : Halima Répondre l'annonceur Imprimer Signaler cette annonce Envoyer à un ami Partager sur Facebook Twitter LinkedIn Retour à la page précédente"
7505828,https://www.marocannonces.com/categorie/314/Voitures-occasion/annonce/7505828/Renault-laguna-3-a-vendre.html,marocannonces,2026-10-02,2026-10-02 02:45:53,Renault  laguna 3 a vendre,Renault,Laguna,,2008.0,,Diesel,,05-07 chevaux,,Occasion,,,Particulier,,,Kénitra,Rabat-Salé-Kénitra,90000.0,2.0,"90 000 DH Renault  laguna 3 a vendre Kénitra Vue: 25 Annonce N°: 7505828 Marque: Renault Modèle: Laguna Année : 2008 Carburant  : Diesel Puissance : 05-07 chevaux Ville : Kénitra Detail de l'annonce : Une belle laguna model 2008 jamais accidentee, moteur 1.5l dci tres faible consomotion,6 ch, 6 eme vitesse avec une tres bonne tenue de route,air bags/clim/fermeture a distance des vitres electriques........ Annonceur : tazi Répondre l'annonceur Imprimer Signaler cette annonce Envoyer à un ami Partager sur Facebook Twitter LinkedIn Retour à la page précédente"
5617980,https://www.marocannonces.com/categorie/314/Voitures-occasion/annonce/5617980/berlingo-multispace-2014.html,marocannonces,2026-10-02,2026-10-02 02:45:54,berlingo multispace 2014,Citroën,Berlingo,,2014.0,45000.0,Diesel,,05-07 chevaux,,Neuf,,,Particulier,,,El jadida,Casablanca-Settat,153000.0,4.0,153 000 DH berlingo multispace 2014 El jadida Vue: 8 Annonce N°: 5617980 Marque: Citroen Modèle: Berlingo Année : 2014 Kilométrage : 45000 Carburant  : Diesel Puissance : 05-07 chevaux Ville : El jadida Detail de l'annonce : Voiture presque neuve a vendre 1 ère main... Bon prix . . . . . . . . . . . . . Annonceur : hamdi Répondre l'annonceur Imprimer Signaler cette annonce Envoyer à un ami Partager sur Facebook Twitter LinkedIn Retour à la page précédente
5060062,https://www.marocannonces.com/categorie/314/Voitures-occasion/annonce/5060062/Vente-peugeot-206-diesel.html,marocannonces,2026-10-02,2026-10-02 02:45:55,Vente peugeot 206+ diesel,Peugeot,206+,,2010.0,80000.0,Diesel,,05-07 chevaux,,Occasion,,,Particulier,0660424853,659d2d61f264f4490ea96d6129d9aa8c5c9c7112124e4dd7ab3c605e0b37be9f,Casablanca,Casablanca-Settat,93000.0,1.0,"93 000 DH Vente peugeot 206+ diesel Casablanca Vue: 9 Annonce N°: 5060062 Marque: Peugeot Modèle: 206+ Année : 2010 Kilométrage : 80000 Carburant  : Diesel Puissance : 05-07 chevaux Ville : Casablanca Detail de l'annonce : Vente PEUGEOT 206+ DIESEL en très bonne état Modele 2010 avec Vitres électriques, Climatisation,Airbags, Lecteur CD,..ETC. Prix abordable merci d3appeler Mme Jamila au 00212660424853 . . . . . . . . . . . . . Annonceur : Fadwa Répondre l'annonceur Imprimer Signaler cette annonce Envoyer à un ami Partager sur Facebook Twitter LinkedIn Retour à la page précédente"
5060060,https://www.marocannonces.com/categorie/314/Voitures-occasion/annonce/5060060/renault-clio.html,marocannonces,2026-10-02,2026-10-02 02:45:56,renault clio,Renault,Clio,,2008.0,11200.0,Essence,,05-07 chevaux,,Occasion,,,Particulier,,,ksar el kebir,Tanger-Tétouan-Al Hoceïma,65000.0,1.0,65 000 DH renault clio ksar el kebir Vue: 8 Annonce N°: 5060060 Marque: Renault Modèle: Clio Année : 2008 Kilométrage : 11 200 Carburant  : Essence Puissance : 05-07 chevaux Ville : ksar el kebir Detail de l'annonce : je met en vent ma voiture clio essence model 2008 carrosserie et moteur en tres bon état 7 ch 1.6  la possibilité de reprise avec une voiture diesel . . . . . . . . . . . . . Annonceur : benaissa Répondre l'annonceur Imprimer Signaler cette annonce Envoyer à un ami Partager sur Facebook Twitter LinkedIn Retour à la page précédente
5060044,https://www.marocannonces.com/categorie/314/Voitures-occasion/annonce/5060044/golf-4-tdi-110cv.html,marocannonces,2026-10-02,2026-10-02 02:45:57,golf 4 tdi 110cv,Volkswagen,Golf,,1999.0,239000.0,Diesel,,08-10 chevaux,,Neuf,,,Particulier,,,Khouribga,Béni Mellal-Khénifra,92000.0,1.0,92 000 DH golf 4 tdi 110cv Khouribga Vue: 12 Annonce N°: 5060044 Marque: Volkswagen Modèle: Golf Année : 1999 Kilométrage : 239000 Carburant  : Diesel Puissance : 08-10 chevaux Ville : Khouribga Detail de l'annonce : je mets en vente ma golf 4 dedouannee en 2010 de couleur noire clim dig volant croise 4 pneus neufs . . . . . . . . . . . . . Annonceur : mohamed Répondre l'annonceur Imprimer Signaler cette annonce Envoyer à un ami Partager sur Facebook Twitter LinkedIn Retour à la page précédente
7494872,https://www.marocannonces.com/categorie/314/Voitures-occasion/annonce/7494872/Citroen-C5.html,marocannonces,2026-10-02,2026-10-02 02:45:58,Citroen C5,Citroën,C5,,,,,,,,Occasion,,,Particulier,,,El jadida,Casablanca-Settat,110000.0,7.0,"110 000 DH Citroen C5 El jadida Vue: 30 Annonce N°: 7494872 Marque: Citroen Modèle: C5 Detail de l'annonce : Je vends ma Citroën c5 exclusif diesel en excellent état boite vitesse auto, toutes options: volant multi fonction, régulateur de vitesse, ordinateur de bord, téléphone bluetooth, radars , clim bizone, détecteur pluie, ,rétroviseurs rabattables électrique... Annonceur : Abdellatif Répondre l'annonceur Imprimer Signaler cette annonce Envoyer à un ami Partager sur Facebook Twitter LinkedIn Retour à la page précédente"
7505076,https://www.marocannonces.com/categorie/314/Voitures-occasion/annonce/7505076/Vend-Mercedes-Benz-Classe-CLS-280.html,marocannonces,2026-10-02,2026-10-02 02:45:59,Vend Mercedes Benz Classe CLS 280,Mercedes-Benz,Classe CLS,,2009.0,220000.0,Essence,,13 chevaux,,Occasion,,,Particulier,,,Marrakech,Marrakech-Safi,100000.0,4.0,"100 000 DH Vend Mercedes Benz Classe CLS 280 Marrakech Vue: 112 Annonce N°: 7505076 Marque: Mercedes-Benz Modèle: Classe CLS Année : 2009 Kilométrage : 220000 Carburant  : Essence Puissance : 13 chevaux Ville : Marrakech Detail de l'annonce : Vend Mercedes Classe CLS 280 Essence , Noir intérieur cuir rouge , 1ere main sortie à AutoNejma Casablanca, 220 000km , prix 100000 Dh Annonceur : Taoufiki Kacem Répondre l'annonceur Imprimer Signaler cette annonce Envoyer à un ami Partager sur Facebook Twitter LinkedIn Retour à la page précédente"
7505064,https://www.marocannonces.com/categorie/314/Voitures-occasion/annonce/7505064/punto-classic.html,marocannonces,2026-10-02,2026-10-02 02:45:59,punto classic,Fiat,Punto,,2011.0,100.0,Essence,,05-07 chevaux,,Occasion,,,Particulier,,,Casablanca,Casablanca-Settat,49000.0,1.0,49 000 DH punto classic Casablanca Vue: 73 Annonce N°: 7505064 Marque: Fiat Modèle: Punto Année : 2011 Kilométrage : 100.000 Carburant  : Essence Puissance : 05-07 chevaux Ville : Casablanca Detail de l'annonce : punto 2011 n9ia et faible consomation 1.2. Annonceur : amine Répondre l'annonceur Imprimer Signaler cette annonce Envoyer à un ami Partager sur Facebook Twitter LinkedIn Retour à la page précédente
7504651,https://www.marocannonces.com/categorie/314/Voitures-occasion/annonce/7504651/HONDA-ACCORD-BOSS.html,marocannonces,2026-10-02,2026-10-02 02:46:00,HONDA ACCORD BOSS,Honda,Accord,,2005.0,110000.0,Essence,Automatique,11-13 chevaux,,Occasion,,,Particulier,,,Casablanca,Casablanca-Settat,65000.0,8.0,65 000 DH HONDA ACCORD BOSS Casablanca Vue: 58 Annonce N°: 7504651 Marque: Honda Modèle: Accord Année : 2005 Kilométrage : 110000 Carburant  : Essence Puissance : 11-13 chevaux Ville : Casablanca Detail de l'annonce : je met en vente une Honda accord boss essence .la voiture est en très bonne état avec boite a vitesse automatique. le prix est négociable . Annonceur : MOHAMED Répondre l'annonceur Imprimer Signaler cette annonce Envoyer à un ami Partager sur Facebook Twitter LinkedIn Retour à la page précédente
7504427,https://www.marocannonces.com/categorie/314/Voitures-occasion/annonce/7504427/Mégane-Casquette.html,marocannonces,2026-10-02,2026-10-02 02:46:01,Mégane Casquette,Autre,Autre,,,,,,,,Occasion,,,Particulier,,,Fès,Fès-Meknès,75000.0,7.0,"75 000 DH Mégane Casquette Fès Vue: 35 Annonce N°: 7504427 Ville : Fès Detail de l'annonce : Salut, je mets en vente ma voiture Mégane Casquette phase 2(1.5 DCI) tts options Modèle:28/11/2006 Consommation Moyenne:4.3L Pour plus d'informations contactez moi. Annonceur : Mohamed Mohamed Répondre l'annonceur Imprimer Signaler cette annonce Envoyer à un ami Partager sur Facebook Twitter LinkedIn Retour à la page précédente"
7504608,https://www.marocannonces.com/categorie/314/Voitures-occasion/annonce/7504608/Punto-classique-bonne-affaire.html,marocannonces,2026-10-02,2026-10-02 02:46:02,Punto classique bonne affaire,Fiat,Punto,,2011.0,100000.0,Essence,,05-07 chevaux,,Occasion,,,Particulier,,,Rabat,Rabat-Salé-Kénitra,56000.0,4.0,"56 000 DH Punto classique bonne affaire Rabat Vue: 34 Annonce N°: 7504608 Marque: Fiat Modèle: Punto Année : 2011 Kilométrage : 100000 Carburant  : Essence Puissance : 05-07 chevaux Ville : Rabat Detail de l'annonce : Vente d'une FIAT punto classique essence économique,en très bon état de marche,salon propre et jamais accidentée. Voiture avec clim et vitres électriques( vignette 350dh). Aucune réparation à prévoir. Voiture visible sur rabat salé. Prix négociable pour les sérieux Annonceur : Rabat Répondre l'annonceur Imprimer Signaler cette annonce Envoyer à un ami Partager sur Facebook Twitter LinkedIn Retour à la page précédente"
7504521,https://www.marocannonces.com/categorie/314/Voitures-occasion/annonce/7504521/R19-bonne-état.html,marocannonces,2026-10-02,2026-10-02 02:46:03,R19 bonne état,Renault,19,,1992.0,250000.0,Diesel,,05-07 chevaux,,Occasion,,,Particulier,,,Marrakech,Marrakech-Safi,38000.0,5.0,"38 000 DH R19 bonne état Marrakech Vue: 51 Annonce N°: 7504521 Marque: Renault Modèle: 19 Année : 1992 Kilométrage : 250000 Carburant  : Diesel Puissance : 05-07 chevaux Ville : Marrakech Detail de l'annonce : Vonjour je suis khalid je mets en vente ma voiture r19 bonne état            ,douane,1997,merci de me contacter par tel ou bien a travers ce site Annonceur : khalid Répondre l'annonceur Imprimer Signaler cette annonce Envoyer à un ami Partager sur Facebook Twitter LinkedIn Retour à la page précédente"
7504186,https://www.marocannonces.com/categorie/314/Voitures-occasion/annonce/7504186/Renault-dacia-logan.html,marocannonces,2026-10-02,2026-10-02 02:46:04,Renault dacia logan,Dacia,Logan,,2012.0,,Essence,,05-07 chevaux,,Occasion,,,Particulier,,,Meknès,Fès-Meknès,65000.0,6.0,65 000 DH Renault dacia logan Meknès Vue: 47 Annonce N°: 7504186 Marque: Dacia Modèle: Logan Année : 2012 Carburant  : Essence Puissance : 05-07 chevaux Ville : Meknès Detail de l'annonce : Bonjour je vends ma voiture renault dacia logan                en bonne état.       merci de me contacter Annonceur : abderrahim Répondre l'annonceur Imprimer Signaler cette annonce Envoyer à un ami Partager sur Facebook Twitter LinkedIn Retour à la page précédente
7281949,https://www.marocannonces.com/categorie/314/Voitures-occasion/annonce/7281949/Citroen-c5.html,marocannonces,2026-10-02,2026-10-02 02:46:06,Citroen  c5,Citroën,C5,,,,,,,,Occasion,,,Particulier,,,Casablanca,Casablanca-Settat,59000.0,4.0,59 000 DH Citroen  c5 Casablanca Vue: 44 Annonce N°: 7281949 Marque: Citroen Modèle: C5 Detail de l'annonce : Citroën C5 138cv 2006 tts options prix  négociable Annonceur : YOUSSEF Répondre l'annonceur Imprimer Signaler cette annonce Envoyer à un ami Partager sur Facebook Twitter LinkedIn Retour à la page précédente
7504321,https://www.marocannonces.com/categorie/314/Voitures-occasion/annonce/7504321/Renault-r-19-storia.html,marocannonces,2026-10-02,2026-10-02 02:46:07,Renault r 19 storia,Renault,19,,1994.0,180000.0,Diesel,,,,Occasion,,,Particulier,,,Tanger,Tanger-Tétouan-Al Hoceïma,56000.0,3.0,56 000 DH Renault r 19 storia Tanger Vue: 27 Annonce N°: 7504321 Marque: Renault Modèle: 19 Année : 1994 Kilométrage : 180000 Carburant  : Diesel Ville : Tanger Detail de l'annonce : Je met en vente une belle voiture robuste modèle 1994 douane 2008 vitres électrique jantes en aluminium centralisé direction assisté Annonceur : Mohamed Répondre l'annonceur Imprimer Signaler cette annonce Envoyer à un ami Partager sur Facebook Twitter LinkedIn Retour à la page précédente
7496413,https://www.marocannonces.com/categorie/314/Voitures-occasion/annonce/7496413/Vw-polo-a-vendre.html,marocannonces,2026-10-02,2026-10-02 02:46:08,Vw polo a vendre,Volkswagen,Polo,,1997.0,140000.0,Essence,,05-07 chevaux,,Occasion,,,Particulier,,,Casablanca,Casablanca-Settat,33000.0,1.0,"33 000 DH Vw polo a vendre Casablanca Vue: 19 Annonce N°: 7496413 Marque: Volkswagen Modèle: Polo Année : 1997 Kilométrage : 14 0000 Carburant  : Essence Puissance : 05-07 chevaux Ville : Casablanca Detail de l'annonce : Bonjour je met en vend mon polo essence modèle 97 6 cv jamais accédant volo assistée très fiable consommation ,,voiture carte grise ,faible consomation,,33 000dh merci de me contacter ,,je suis a bouskoura Annonceur : abdessamad Répondre l'annonceur Imprimer Signaler cette annonce Envoyer à un ami Partager sur Facebook Twitter LinkedIn Retour à la page précédente"
7503823,"https://www.marocannonces.com/categorie/314/Voitures-occasion/annonce/7503823/Vend-megane-2-dci-1,5.html",marocannonces,2026-10-02,2026-10-02 02:46:09,"Vend megane 2 dci 1,5",Renault,Megane,,2006.0,200000.0,Diesel,,05-07 chevaux,,Occasion,1,,Particulier,,,Casablanca,Casablanca-Settat,68000.0,1.0,"68 000 DH Vend megane 2 dci 1,5 Casablanca Vue: 13 Annonce N°: 7503823 Marque: Renault Modèle: Megane Année : 2006 Kilométrage : 200000 Carburant  : Diesel Puissance : 05-07 chevaux Ville : Casablanca Detail de l'annonce : Vend megane 2 dci 1,5 climatisé,première main Annonceur : Si Mohamed Répondre l'annonceur Imprimer Signaler cette annonce Envoyer à un ami Partager sur Facebook Twitter LinkedIn Retour à la page précédente"
7503551,https://www.marocannonces.com/categorie/314/Voitures-occasion/annonce/7503551/Megane-3-gtline.html,marocannonces,2026-10-02,2026-10-02 02:46:10,Megane 3 gtline,Renault,Megane,,2016.0,44000.0,Diesel,,,,Occasion,,,Particulier,,,Casablanca,Casablanca-Settat,150000.0,7.0,150 000 DH Megane 3 gtline Casablanca Vue: 136 Annonce N°: 7503551 Marque: Renault Modèle: Megane Année : 2016 Kilométrage : 44000 Carburant  : Diesel Ville : Casablanca Detail de l'annonce : Megane gtline 2016 jamais accidentée  très bien entretenu 130ch faible consommation Annonceur : Saif Répondre l'annonceur Imprimer Signaler cette annonce Envoyer à un ami Partager sur Facebook Twitter LinkedIn Retour à la page précédente
7503536,https://www.marocannonces.com/categorie/314/Voitures-occasion/annonce/7503536/Mercedes-c-220.html,marocannonces,2026-10-02,2026-10-02 02:46:11,Mercedes c 220,Mercedes-Benz,C220,,1999.0,,Diesel,,08-10 chevaux,,Occasion,,,Particulier,,,Rabat,Rabat-Salé-Kénitra,65000.0,5.0,65 000 DH Mercedes c 220 Rabat Vue: 73 Annonce N°: 7503536 Marque: Mercedes-Benz Modèle: C220 Année : 1999 Carburant  : Diesel Puissance : 08-10 chevaux Ville : Rabat Detail de l'annonce : Je mets en vente ma Mercedes c 220 diesel modèle 1997 dédouanee 1999. En bonne état et avec une très faible consommation. Pour les sérieux. Annonceur : Driss Répondre l'annonceur Imprimer Signaler cette annonce Envoyer à un ami Partager sur Facebook Twitter LinkedIn Retour à la page précédente
7503438,https://www.marocannonces.com/categorie/314/Voitures-occasion/annonce/7503438/mercedes-c200-2011-avantgarde-w204-facelift.html,marocannonces,2026-10-02,2026-10-02 02:46:12,mercedes c200 2011 avantgarde w204 facelift,Mercedes-Benz,Classe C,,2011.0,125000.0,Diesel,Automatique,08-10 chevaux,,Occasion,,,Particulier,,,Berkane,Oriental,250000.0,1.0,"250 000 DH mercedes c200 2011 avantgarde w204 facelift Berkane Vue: 11 Annonce N°: 7503438 Marque: Mercedes-Benz Modèle: Classe C Année : 2011 Kilométrage : 125000 Carburant  : Diesel Puissance : 08-10 chevaux Ville : Berkane Detail de l'annonce : a vendre, tres propre mercedes c200 , 2eme main, dedouanement 2018, 7/2011, nouveau pneus  (continental) nouveaus freins, tres bien etat, les photos a bientot sur le site . couleur voiture : gris (silver) et interieur exterieur avantgarde avec plusieurs options, boite automatique. Annonceur : moum Répondre l'annonceur Imprimer Signaler cette annonce Envoyer à un ami Partager sur Facebook Twitter LinkedIn Retour à la page précédente"
7503437,https://www.marocannonces.com/categorie/314/Voitures-occasion/annonce/7503437/C-MAX-FORD-Titanium.html,marocannonces,2026-10-02,2026-10-02 02:46:13,C-MAX FORD Titanium,Ford,C-Max,,2013.0,,Diesel,Automatique,05-07 chevaux,,Occasion,,,Particulier,,,Casablanca,Casablanca-Settat,139000.0,8.0,139 000 DH C-MAX FORD Titanium Casablanca Vue: 46 Annonce N°: 7503437 Marque: Ford Modèle: C-Max Année : 2013 Carburant  : Diesel Puissance : 05-07 chevaux Ville : Casablanca Detail de l'annonce : Je vends ma C-MAX FORD Titanium (toutes options) 1ere main très bien entretenu Diesel couleur Bleu - suivi à la maison – • Rétroviseurs électriques • Régulateur de vitesse • Vitres électriques avant et arrières • Jantes aluminium • Climatisation digitale bizone. • Reconnaissance Vocal • Régulateur de vitesse & Limitateur de vitesse • Radars de stationnement • Assistant stationnement automatique • Rétroviseur électrique • Détecteur de pluies • Éclairage automatique Antibrouillards • Commandes vocales • Bluetooth • Vitre teinte arrière • Rétroviseur électrique rabattable • 8 Airbag • Poste DVD aux mp3 avec commande au volant • …etc. Annonceur : Mohammed Répondre l'annonceur Imprimer Signaler cette annonce Envoyer à un ami Partager sur Facebook Twitter LinkedIn Retour à la page précédente
7503313,https://www.marocannonces.com/categorie/314/Voitures-occasion/annonce/7503313/a-vendre-sandero-steypway.html,marocannonces,2026-10-02,2026-10-02 02:46:14,a vendre sandero steypway,Dacia,Sandero,,2013.0,57000.0,Diesel,,05-07 chevaux,,Occasion,,,Particulier,,,Casablanca,Casablanca-Settat,90000.0,1.0,90 000 DH a vendre sandero steypway Casablanca Vue: 39 Annonce N°: 7503313 Marque: Dacia Modèle: Sandero Année : 2013 Kilométrage : 57000 Carburant  : Diesel Puissance : 05-07 chevaux Ville : Casablanca Detail de l'annonce : Grise entretien maison mere 1 er main prix negociable chouia Annonceur : schlappi johann Répondre l'annonceur Imprimer Signaler cette annonce Envoyer à un ami Partager sur Facebook Twitter LinkedIn Retour à la page précédente
7503272,https://www.marocannonces.com/categorie/314/Voitures-occasion/annonce/7503272/Renault-4cv.html,marocannonces,2026-10-02,2026-10-02 02:46:15,Renault 4cv,Renault,Autre,,1992.0,,Essence,,05-07 chevaux,,Occasion,,,Particulier,,,Khemisset,Rabat-Salé-Kénitra,15000.0,3.0,15 000 DH Renault 4cv Khemisset Vue: 53 Annonce N°: 7503272 Marque: Renault Modèle: 4CV Année : 1992 Carburant  : Essence Puissance : 05-07 chevaux Ville : Khemisset Detail de l'annonce : Renault 4CV à vendre bonne état bon model bon prix Annonceur : Karim Répondre l'annonceur Imprimer Signaler cette annonce Envoyer à un ami Partager sur Facebook Twitter LinkedIn Retour à la page précédente
7503034,https://www.marocannonces.com/categorie/314/Voitures-occasion/annonce/7503034/Mercedes-190.html,marocannonces,2026-10-02,2026-10-02 02:46:16,Mercedes 190,Mercedes-Benz,190,,1992.0,220000.0,Diesel,,05-07 chevaux,Dédouanée,Occasion,,,Particulier,,,Marrakech,Marrakech-Safi,59000.0,1.0,"59 000 DH Mercedes 190 Marrakech Vue: 18 Annonce N°: 7503034 Marque: Mercedes-Benz Modèle: 190 Année : 1992 Kilométrage : 220000 Carburant  : Diesel Puissance : 05-07 chevaux Ville : Marrakech Detail de l'annonce : Bonjour, je met en vente ma voiture Mercedes 190 modèle 1992 dédouanée 09-2006 4 cylindres normal peinture originale abs. Elle est en bonne état. Prix :59000. Annonceur : Abdellah Répondre l'annonceur Imprimer Signaler cette annonce Envoyer à un ami Partager sur Facebook Twitter LinkedIn Retour à la page précédente"
7502990,https://www.marocannonces.com/categorie/314/Voitures-occasion/annonce/7502990/Suzuki-celerio-2011.html,marocannonces,2026-10-02,2026-10-02 02:46:17,Suzuki celerio 2011,Suzuki,Celerio,,2011.0,125000.0,Essence,,05-07 chevaux,,Occasion,,,Particulier,,,Bouskoura,Casablanca-Settat,53000.0,7.0,53 000 DH Suzuki celerio 2011 Bouskoura Vue: 75 Annonce N°: 7502990 Marque: Suzuki Modèle: Celerio Année : 2011 Kilométrage : 125000 Carburant  : Essence Puissance : 05-07 chevaux Ville : Bouskoura Detail de l'annonce : Suzuki celerio 2011 climatisee 125000 km jamais accidenté aucune réparation à prévoir voiture dispos à bouskoura Annonceur : Hassan zouitini Répondre l'annonceur Imprimer Signaler cette annonce Envoyer à un ami Partager sur Facebook Twitter LinkedIn Retour à la page précédente
5612692,https://www.marocannonces.com/categorie/314/Voitures-occasion/annonce/5612692/Peugeot-308-14L-HDI.html,marocannonces,2026-10-02,2026-10-02 02:46:17,Peugeot 308 1.4L HDI,Peugeot,308,,2008.0,140000.0,Diesel,Manuelle,,,Occasion,,,Particulier,,,Casablanca,Casablanca-Settat,98000.0,1.0,"98 000 DH Peugeot 308 1.4L HDI Casablanca Vue: 13 Annonce N°: 5612692 Marque: Peugeot Modèle: 308 Année : 2008 Kilométrage : 140000 Carburant  : Diesel Ville : Casablanca Detail de l'annonce : Peugeot 308 diesel modèle 06/2008, 1,4L HDI, BVM, interieur tissu noir, faible consommation. Bon etat . . . . . . . . . . . . . Annonceur : othman Répondre l'annonceur Imprimer Signaler cette annonce Envoyer à un ami Partager sur Facebook Twitter LinkedIn Retour à la page précédente"
5612684,https://www.marocannonces.com/categorie/314/Voitures-occasion/annonce/5612684/Peugeot-508-hdi.html,marocannonces,2026-10-02,2026-10-02 02:46:18,Peugeot 508 hdi,Peugeot,508,,2012.0,90000.0,Diesel,Manuelle,,,Occasion,,,Particulier,,,Casablanca,Casablanca-Settat,165000.0,4.0,"165 000 DH Peugeot 508 hdi Casablanca Vue: 15 Annonce N°: 5612684 Marque: Peugeot Modèle: 508 Année : 2012 Kilométrage : 90000 Carburant  : Diesel Ville : Casablanca Detail de l'annonce : Peugeot 508 hdi diesel modele 03/2012 tres bon etat jamais accidente, peinture noir metalisee, clim auto, bvm, phares antibrouillards, retroviseur electriques, sieges electriques, verrouillage centralise, volant multifonctions, jantes aluminium 17, parking radar avant+arriere,regulateur de vitesse, ordinateur de bord, abs, lecteur cd mp3, bluetooth, lecteur usb, refrigerateur boite a gant, 8 airbags  . . . . . . . . . . . . . Annonceur : othman Répondre l'annonceur Imprimer Signaler cette annonce Envoyer à un ami Partager sur Facebook Twitter LinkedIn Retour à la page précédente"
7408281,https://www.marocannonces.com/categorie/314/Voitures-occasion/annonce/7408281/Vente-peugeot-306-essence.html,marocannonces,2026-10-02,2026-10-02 02:46:20,Vente peugeot 306 essence,Peugeot,306,,2002.0,97000.0,Essence,,08-10 chevaux,,Neuf,1,,Particulier,,,Casablanca,Casablanca-Settat,50000.0,5.0,"50 000 DH Vente peugeot 306 essence Casablanca Vue: 77 Annonce N°: 7408281 Marque: Peugeot Modèle: 306 Année : 2002 Kilométrage : 97000 Carburant  : Essence Puissance : 08-10 chevaux Ville : Casablanca Detail de l'annonce : berline dernier modèle de  marque Peugeot 306, essence Mise en circulation en novembre 2001, 97000 kilomètres  Vignette : 650,00 Dhs, Première main, Moteur  8CV , faible consommation, climatisation en bon état, amortisseurs originaux changés récemment + disques de frein + câble d’embrayage, moteur puissant et bien entretenu , Direction assistée,ABS,airbags conducteur, airbag passager Salon en très bon état, Volant et siège conducteur  réglables en hauteur, Sièges arrières rabattable 2/3 1/3 avec appuie tête, Accoudoir arrière pliable, Radio –CD , vitres électriques, direction assistée, fermeture centralisée, Phares et codes au Xénon Pneus  neufs, pare brise neuf, Radiateur neuf, Batterie neuve, Pot échappement neuf, Bougies neufs, Chaine de distribution neuve, Courroie neuve, tendeur neuf Pompe à essence neuve Filtres neufs(  essence, air, et huile neufs),Extincteur en parfait état Annonceur : Abderrahim Répondre l'annonceur Imprimer Signaler cette annonce Envoyer à un ami Partager sur Facebook Twitter LinkedIn Retour à la page précédente"
7502130,https://www.marocannonces.com/categorie/314/Voitures-occasion/annonce/7502130/hyundai-tucson.html,marocannonces,2026-10-02,2026-10-02 02:46:21,hyundai tucson,Hyundai,TUCSON,,2009.0,120000.0,Diesel,,08-10 chevaux,,Occasion,,,Particulier,0668495128,19b8669bd9289903a9264c179c5bd1dc6eb15ef285c920a7cdcc4e5b2f29fe83,Temara,Rabat-Salé-Kénitra,115000.0,5.0,"115 000 DH hyundai tucson Temara Vue: 24 Annonce N°: 7502130 Marque: Hyundai Modèle: TUCSON Année : 2009 Kilométrage : 120000 Carburant  : Diesel Puissance : 08-10 chevaux Ville : Temara Detail de l'annonce : Je mets en vente ma voiture hyundai tucson, 115.000 Dhs, 2ème main, très bon état. Mise en circulation fin 2009, environ 120.000 km, Diesel, avec option 4x4. Jamais accidenté. Jamais réparé . Toujours à l'abri dans garage. Tt options  Contacter 0668495128 Annonceur : younes errouifi Répondre l'annonceur Imprimer Signaler cette annonce Envoyer à un ami Partager sur Facebook Twitter LinkedIn Retour à la page précédente"
7502102,https://www.marocannonces.com/categorie/314/Voitures-occasion/annonce/7502102/Hyundai-accent.html,marocannonces,2026-10-02,2026-10-02 02:46:21,Hyundai accent,Hyundai,Autre,,,,,,,,Occasion,,,Particulier,,,Benslimane,Casablanca-Settat,26000.0,4.0,26 000 DH Hyundai accent Benslimane Vue: 71 Annonce N°: 7502102 Ville : Benslimane Detail de l'annonce : Rakab fiha motor 306 Annonceur : Fahmi Répondre l'annonceur Imprimer Signaler cette annonce Envoyer à un ami Partager sur Facebook Twitter LinkedIn Retour à la page précédente
7501954,https://www.marocannonces.com/categorie/314/Voitures-occasion/annonce/7501954/Dacia-Logan.html,marocannonces,2026-10-02,2026-10-02 02:46:22,Dacia Logan,Dacia,Logan,,2014.0,45000.0,Diesel,,05-07 chevaux,,Occasion,,,Particulier,,,Casablanca,Casablanca-Settat,90000.0,2.0,90 000 DH Dacia Logan Casablanca Vue: 36 Annonce N°: 7501954 Marque: Dacia Modèle: Logan Année : 2014 Kilométrage : 45000 Carburant  : Diesel Puissance : 05-07 chevaux Ville : Casablanca Detail de l'annonce : je mets en vente ma belle voiture Dacia Logan modèle 2014 premier main tout option  .clim .quatre vitre Electrique . rétroviseur Electrique .veulent multifonction . limiteur vitesse .écron GPS MP3 .bluetooth par téléphone .par King radar avec un prix raisonnable. Annonceur : lewafi Répondre l'annonceur Imprimer Signaler cette annonce Envoyer à un ami Partager sur Facebook Twitter LinkedIn Retour à la page précédente
5988194,https://www.marocannonces.com/categorie/314/Voitures-occasion/annonce/5988194/VW-Golf-20-TDI.html,marocannonces,2026-10-02,2026-10-02 02:46:23,VW Golf 2.0 TDI,Volkswagen,Golf,,2009.0,,Diesel,Automatique,08-10 chevaux,,Occasion,,,Particulier,,,Kénitra,Rabat-Salé-Kénitra,75000.0,2.0,75 000 DH VW Golf 2.0 TDI Kénitra Vue: 14 Annonce N°: 5988194 Marque: Volkswagen Modèle: Golf Année : 2009 Carburant  : Diesel Puissance : 08-10 chevaux Ville : Kénitra Detail de l'annonce : Aide au parcage Bluetooth interface Climatisation automatique Contrôle de stabilité Filtre à particules ISOFIX Jantes en alu Kit mains-libres Phares Xénon Régulateur de vitesse Sièges chauffants Système de navigation . . . . . . . . . . . Annonceur : MOUHCINE Répondre l'annonceur Imprimer Signaler cette annonce Envoyer à un ami Partager sur Facebook Twitter LinkedIn Retour à la page précédente
7501233,https://www.marocannonces.com/categorie/314/Voitures-occasion/annonce/7501233/Peugeot-301-Diesel-Model-2015.html,marocannonces,2026-10-02,2026-10-02 02:46:24,Peugeot 301 Diesel Model 2015,Peugeot,301,,2015.0,81000.0,Diesel,Automatique,05-07 chevaux,,Occasion,,,Particulier,,,Rabat,Rabat-Salé-Kénitra,102000.0,6.0,"102 000 DH Peugeot 301 Diesel Model 2015 Rabat Vue: 68 Annonce N°: 7501233 Marque: Peugeot Modèle: 301 Année : 2015 Kilométrage : 81000 Carburant  : Diesel Puissance : 05-07 chevaux Ville : Rabat Detail de l'annonce : Bonjour. Je propose à la vente une 301 propre avec toutes les options: Moteur 1,6 HDI Type DV6DTED ACTIVE, Climatisation, volant assisté multi réglages, vitres Électriques, 2 Airbags, ordinateur de bord avec affichage données multiples, Siège conducteur réglable en hauteur et en profondeur, Condamnation automatique des portes, Vitres teintées d'origine, Phares antibrouillards avant et arrière. Voiture avec2 Clés d'origine et Poste CD original + Auxiliaire. Moteur 1,6 HDI silencieux (Haute puissance et Consommation 3,8% très très faible). Bonne chance à toutes et à tous. Annonceur : Mr. Younes Répondre l'annonceur Imprimer Signaler cette annonce Envoyer à un ami Partager sur Facebook Twitter LinkedIn Retour à la page précédente"
7501181,https://www.marocannonces.com/categorie/314/Voitures-occasion/annonce/7501181/Q7-diesel-3l.html,marocannonces,2026-10-02,2026-10-02 02:46:25,Q7 diesel 3l,Audi,Q7,,2007.0,203000.0,Diesel,,11-13 chevaux,,Occasion,,,Particulier,,,Casablanca,Casablanca-Settat,130000.0,4.0,"130 000 DH Q7 diesel 3l Casablanca Vue: 71 Annonce N°: 7501181 Marque: Audi Modèle: Q7 Année : 2007 Kilométrage : 203000 Carburant  : Diesel Puissance : 11-13 chevaux Ville : Casablanca Detail de l'annonce : Bonjour je mets en vente ma voiture              q7 diesel 3l ,je suis a roches noires                ,merci de me contacter Annonceur : Mohamed Répondre l'annonceur Imprimer Signaler cette annonce Envoyer à un ami Partager sur Facebook Twitter LinkedIn Retour à la page précédente"
7467368,https://www.marocannonces.com/categorie/314/Voitures-occasion/annonce/7467368/FORD-FOCUS-TREND.html,marocannonces,2026-10-02,2026-10-02 02:46:26,FORD FOCUS TREND,Ford,Focus,,2015.0,38000.0,Diesel,,05-07 chevaux,,Neuf,,,Particulier,,,Marrakech,Marrakech-Safi,153000.0,3.0,"153 000 DH FORD FOCUS TREND Marrakech Vue: 42 Annonce N°: 7467368 Marque: Ford Modèle: Focus Année : 2015 Kilométrage : 38000 Carburant  : Diesel Puissance : 05-07 chevaux Ville : Marrakech Detail de l'annonce : Ford focus trend a vendre tres bon etat,voiture quasi neuve faible kilométrage Disponible sur marrakech Intermediaire s abstenir Svp Annonceur : Karim Répondre l'annonceur Imprimer Signaler cette annonce Envoyer à un ami Partager sur Facebook Twitter LinkedIn Retour à la page précédente"
6038586,https://www.marocannonces.com/categorie/314/Voitures-occasion/annonce/6038586/Renault-megane-3.html,marocannonces,2026-10-02,2026-10-02 02:46:27,Renault megane 3,Renault,Megane,,2009.0,150000.0,Diesel,Automatique,05-07 chevaux,,Occasion,,,Particulier,,,Casablanca,Casablanca-Settat,110000.0,3.0,"110 000 DH Renault megane 3 Casablanca Vue: 15 Annonce N°: 6038586 Marque: Renault Modèle: Megane Année : 2009 Kilométrage : 150000 Carburant  : Diesel Puissance : 05-07 chevaux Ville : Casablanca Detail de l'annonce : Je mets en vente une renault megane 3  1.9 dci privilège 2eme main toutes options diesel très bien entretenue : 6 vitesses, volant cuir multifonctions, sièges semi cuir, frein à main automatique, régulateur et limiteur de vitesse, ouverture et démarrage mains libres, détecteur de pluie, allumage automatique des feux, contrôle electronique de stabilité, limiteur de vitesse, jointe aluminium, vitres av et ar électriques, bluetooth .... . . . . . . . . . Annonceur : PARTICULIER Répondre l'annonceur Imprimer Signaler cette annonce Envoyer à un ami Partager sur Facebook Twitter LinkedIn Retour à la page précédente"
7500778,https://www.marocannonces.com/categorie/314/Voitures-occasion/annonce/7500778/GOLF-4-Volkswagen-Diesel-Argenté.html,marocannonces,2026-10-02,2026-10-02 02:46:28,GOLF 4 Volkswagen Diesel Argenté,Volkswagen,Golf,,2000.0,,Diesel,,,Dédouanée,Occasion,,,Particulier,,,Agadir,Souss-Massa,71000.0,2.0,"71 000 DH GOLF 4 Volkswagen Diesel Argenté Agadir Vue: 76 Annonce N°: 7500778 Marque: Volkswagen Modèle: Golf Année : 2000 Carburant  : Diesel Ville : Agadir Detail de l'annonce : Golf 4 en bon état, couleur grise, Moteur 115 Chv turbo. Modèle 2000, dédouanée en 12/2010, climatisation, vitres électriques, verrouillage centralisé. Annonceur : Mohamed Répondre l'annonceur Imprimer Signaler cette annonce Envoyer à un ami Partager sur Facebook Twitter LinkedIn Retour à la page précédente"
7500741,https://www.marocannonces.com/categorie/314/Voitures-occasion/annonce/7500741/golf-5-gt.html,marocannonces,2026-10-02,2026-10-02 02:46:29,golf 5 gt,Volkswagen,Golf,,2008.0,180000.0,Diesel,Automatique,08-10 chevaux,Dédouanée,Neuf,,,Particulier,,,Casablanca,Casablanca-Settat,110000.0,3.0,"110 000 DH golf 5 gt Casablanca Vue: 52 Annonce N°: 7500741 Marque: Volkswagen Modèle: Golf Année : 2008 Kilométrage : 180000 Carburant  : Diesel Puissance : 08-10 chevaux Ville : Casablanca Detail de l'annonce : Bonjour, je met en vente ma voiture golf 5 gt 1.9l 5ème vitesse modèle 12/2008 dédouané en fin 2012 toutes options ( Éclairage automatique, détecteur de pluie, poste 6 cd d´origine volkswagen clim digital bi-zones volant multi fonction réglable en hauteur et en profondeur , boite a gant frigorifère abs/ esp régulateur et limiteur de vitesse jante aluminium, parchok r ligne....)  jamie accedant vraiment voiture comme neuf . pour plus d'informations contacter moi .je suis disponible à casablanca Annonceur : imadeddine05 Répondre l'annonceur Imprimer Signaler cette annonce Envoyer à un ami Partager sur Facebook Twitter LinkedIn Retour à la page précédente"
5609937,https://www.marocannonces.com/categorie/314/Voitures-occasion/annonce/5609937/Bmw-serie-5-carroserie-m.html,marocannonces,2026-10-02,2026-10-02 02:46:30,Bmw serie 5 carroserie m,BMW,520I,,2004.0,163000.0,Essence,Manuelle,11-13 chevaux,,Occasion,,,Particulier,,,Casablanca,Casablanca-Settat,120000.0,7.0,"120 000 DH Bmw serie 5 carroserie m Casablanca Vue: 17 Annonce N°: 5609937 Marque: BMW Modèle: 520i Année : 2004 Kilométrage : 163000 Carburant  : Essence Puissance : 11-13 chevaux Ville : Casablanca Detail de l'annonce : Je mets en vente une BMW série 5 model 520i, Berline et sportive en Très bon état, toute les options d une berline allemande : Comprenant Ordinateur de Bord, Carrosserie AM ,Tableau de Bord en bois noir, ABS Direction Assistée Verrouillage centralisé avec alarme , Jantes Aluminium originale rétroviseur électrique, Volant Multifonctions,  Régulateur de vitesse, Climatisation auto, Boite à Vitesse Manuel, sièges en Cuir  . . . . . . . . . . . . . Annonceur : BENJELLOUN YASSINE Répondre l'annonceur Imprimer Signaler cette annonce Envoyer à un ami Partager sur Facebook Twitter LinkedIn Retour à la page précédente"
7498458,https://www.marocannonces.com/categorie/314/Voitures-occasion/annonce/7498458/Fiesta-2009.html,marocannonces,2026-10-02,2026-10-02 02:46:31,Fiesta 2009,Ford,Fiesta,,2009.0,,Essence,,05-07 chevaux,,Occasion,,,Particulier,,,Casablanca,Casablanca-Settat,56000.0,4.0,"56 000 DH Fiesta 2009 Casablanca Vue: 61 Annonce N°: 7498458 Marque: Ford Modèle: Fiesta Année : 2009 Carburant  : Essence Puissance : 05-07 chevaux Ville : Casablanca Detail de l'annonce : Bonjour je mets en vente ma voiture ford      fista 2009. 7ch              ,merci de me contacter Annonceur : El mehdi Répondre l'annonceur Imprimer Signaler cette annonce Envoyer à un ami Partager sur Facebook Twitter LinkedIn Retour à la page précédente"
7500565,https://www.marocannonces.com/categorie/314/Voitures-occasion/annonce/7500565/kongoo-dci-2011.html,marocannonces,2026-10-02,2026-10-02 02:46:32,kongoo dci 2011,Renault,Kangoo,,2011.0,162000.0,Diesel,,05-07 chevaux,,Occasion,,,Particulier,,,Casablanca,Casablanca-Settat,60000.0,7.0,"60 000 DH kongoo dci 2011 Casablanca Vue: 90 Annonce N°: 7500565 Marque: Renault Modèle: Kangoo Année : 2011 Kilométrage : 162000 Carburant  : Diesel Puissance : 05-07 chevaux Ville : Casablanca Detail de l'annonce : commerciale vitrée , 5 portes , 6 cv , diesel Annonceur : mohamed farah Répondre l'annonceur Imprimer Signaler cette annonce Envoyer à un ami Partager sur Facebook Twitter LinkedIn Retour à la page précédente"
7500397,https://www.marocannonces.com/categorie/314/Voitures-occasion/annonce/7500397/Kangoo-15-dCi-tollé.html,marocannonces,2026-10-02,2026-10-02 02:46:33,Kangoo 1.5 dCi tollé,Renault,Kangoo,,2009.0,220.0,Diesel,,05-07 chevaux,,Occasion,,,Particulier,,,Casablanca,Casablanca-Settat,72000.0,4.0,"72 000 DH Kangoo 1.5 dCi tollé Casablanca Vue: 27 Annonce N°: 7500397 Marque: Renault Modèle: Kangoo Année : 2009 Kilométrage : 220.000 Carburant  : Diesel Puissance : 05-07 chevaux Ville : Casablanca Detail de l'annonce : Etat impeccable, 1ere main, touts entretiens et vidange ont étés effectués chez TOP AUTO a Mohammedia. Annonceur : Antonio Fusi Répondre l'annonceur Imprimer Signaler cette annonce Envoyer à un ami Partager sur Facebook Twitter LinkedIn Retour à la page précédente"
7500188,https://www.marocannonces.com/categorie/314/Voitures-occasion/annonce/7500188/Polo-volswaguen.html,marocannonces,2026-10-02,2026-10-02 02:46:34,Polo volswaguen,Volkswagen,Polo,,2010.0,138000.0,Diesel,,05-07 chevaux,,Occasion,,,Particulier,,,El jadida,Casablanca-Settat,98000.0,4.0,98 000 DH Polo volswaguen El jadida Vue: 33 Annonce N°: 7500188 Marque: Volkswagen Modèle: Polo Année : 2010 Kilométrage : 138000 Carburant  : Diesel Puissance : 05-07 chevaux Ville : El jadida Detail de l'annonce : Polo diesel 6 cv model 2010 en très bon état tout options et faible consomation kilométrage 137000 km prix négociable. Svp samsara s'abstenir.. Annonceur : Badr eddine Répondre l'annonceur Imprimer Signaler cette annonce Envoyer à un ami Partager sur Facebook Twitter LinkedIn Retour à la page précédente
6168717,https://www.marocannonces.com/categorie/314/Voitures-occasion/annonce/6168717/Kia-ceed-diesel.html,marocannonces,2026-10-02,2026-10-02 02:46:35,Kia ceed diesel,Kia,C'eed,,2011.0,112000.0,Diesel,,05-07 chevaux,,Occasion,,,Particulier,,,Fès,Fès-Meknès,105000.0,3.0,105 000 DH Kia ceed diesel Fès Vue: 23 Annonce N°: 6168717 Marque: Kia Modèle: C'eed Année : 2011 Kilométrage : 112000 Carburant  : Diesel Puissance : 05-07 chevaux Ville : Fès Detail de l'annonce : Je mets en vente kia ceed 6ch diesel bonne état  . . . . . . . . . . Annonceur : Reda Répondre l'annonceur Imprimer Signaler cette annonce Envoyer à un ami Partager sur Facebook Twitter LinkedIn Retour à la page précédente
6168694,https://www.marocannonces.com/categorie/314/Voitures-occasion/annonce/6168694/Peugeot-306.html,marocannonces,2026-10-02,2026-10-02 02:46:36,Peugeot 306,Peugeot,306,,1994.0,369554.0,Diesel,,05-07 chevaux,,Occasion,,,Particulier,,,Casablanca,Casablanca-Settat,49000.0,3.0,49 000 DH Peugeot 306 Casablanca Vue: 20 Annonce N°: 6168694 Marque: Peugeot Modèle: 306 Année : 1994 Kilométrage : 369554 Carburant  : Diesel Puissance : 05-07 chevaux Ville : Casablanca Detail de l'annonce : je met en vente ma peugeot 306 turbo model 94. 7chevaux.portes centralisees.vitres electriques. . . . . . . . . . . Annonceur : nabil Répondre l'annonceur Imprimer Signaler cette annonce Envoyer à un ami Partager sur Facebook Twitter LinkedIn Retour à la page précédente
7500158,https://www.marocannonces.com/categorie/314/Voitures-occasion/annonce/7500158/renaut-clio-4-noir.html,marocannonces,2026-10-02,2026-10-02 02:46:38,renaut clio 4 noir,Renault,Clio,,2018.0,10000.0,Diesel,,05-07 chevaux,,Occasion,1,,Particulier,,,Temara,Rabat-Salé-Kénitra,143000.0,4.0,143 000 DH renaut clio 4 noir Temara Vue: 45 Annonce N°: 7500158 Marque: Renault Modèle: Clio Année : 2018 Kilométrage : 10000 Carburant  : Diesel Puissance : 05-07 chevaux Ville : Temara Detail de l'annonce : Renault clio 4 model noir 03/2018 tout option premiere main Annonceur : nada Répondre l'annonceur Imprimer Signaler cette annonce Envoyer à un ami Partager sur Facebook Twitter LinkedIn Retour à la page précédente
7500049,https://www.marocannonces.com/categorie/314/Voitures-occasion/annonce/7500049/Vente-sirion.html,marocannonces,2026-10-02,2026-10-02 02:46:38,Vente sirion,Daihatsu,Sirion,,2006.0,,Essence,,,,Occasion,,,Particulier,0662185591,c3f8ca37c22c7e37e61e060a71c300fcb0c2bb849f6329cc6e3861eed81ae356,Casablanca,Casablanca-Settat,40000.0,1.0,40 000 DH Vente sirion Casablanca Vue: 19 Annonce N°: 7500049 Marque: Daihatsu Modèle: Sirion Année : 2006 Carburant  : Essence Ville : Casablanca Detail de l'annonce : Je mets en vente ma voiture sirion très bon état jamais accidentée modèle 2006 prix 40000dhs negiciable si vous êtes intéressés veuillez me contacter par mail ou par téléphone au 0662185591 Annonceur : Selma Répondre l'annonceur Imprimer Signaler cette annonce Envoyer à un ami Partager sur Facebook Twitter LinkedIn Retour à la page précédente
7467086,https://www.marocannonces.com/categorie/314/Voitures-occasion/annonce/7467086/Ford-focus-trend-102015.html,marocannonces,2026-10-02,2026-10-02 02:46:40,Ford focus trend 10/2015,Ford,Focus,,2015.0,38000.0,Diesel,,05-07 chevaux,,Neuf,1,,Particulier,,,Marrakech,Marrakech-Safi,153000.0,4.0,"153 000 DH Ford focus trend 10/2015 Marrakech Vue: 31 Annonce N°: 7467086 Marque: Ford Modèle: Focus Année : 2015 Kilométrage : 38000 Carburant  : Diesel Puissance : 05-07 chevaux Ville : Marrakech Detail de l'annonce : Ford Focus Trend 10/2015  à vendre, en très bon état, faible kilométrage 38000 Km, 1ère main, voiture quasi neuve. Pour les intéressés , n’hésitez à me contacter pour plus d’informations. Prix 153 000 Dhs légèrement négociable. Intermédiaire s'abstenir SVP Disponible sur Marrakech Annonceur : Karim FECHTALI Répondre l'annonceur Imprimer Signaler cette annonce Envoyer à un ami Partager sur Facebook Twitter LinkedIn Retour à la page précédente"
7499845,https://www.marocannonces.com/categorie/314/Voitures-occasion/annonce/7499845/Ford-Focus-Berling-50-000-km.html,marocannonces,2026-10-02,2026-10-02 02:46:40,Ford Focus Berling 50 000 km,Ford,Focus,,2014.0,50000.0,Diesel,,05-07 chevaux,,Occasion,,,Particulier,,,Meknès,Fès-Meknès,143800.0,4.0,143 800 DH Ford Focus Berling 50 000 km Meknès Vue: 38 Annonce N°: 7499845 Marque: Ford Modèle: Focus Année : 2014 Kilométrage : 50 000 Carburant  : Diesel Puissance : 05-07 chevaux Ville : Meknès Detail de l'annonce : Ford focus Berling Diesel 50 000 km Très Bon Etat Annonceur : Mr Benamar Répondre l'annonceur Imprimer Signaler cette annonce Envoyer à un ami Partager sur Facebook Twitter LinkedIn Retour à la page précédente
7499568,https://www.marocannonces.com/categorie/314/Voitures-occasion/annonce/7499568/Audi-a3.html,marocannonces,2026-10-02,2026-10-02 02:46:41,Audi a3,Audi,A3,,2004.0,,Diesel,,,,Occasion,,,Particulier,0628024140,1f497fc24285d6ec622bf8131ef2f4c3732a8e415514b203976cbc2753562888,Casablanca,Casablanca-Settat,70000.0,5.0,"70 000 DH Audi a3 Casablanca Vue: 73 Annonce N°: 7499568 Marque: Audi Modèle: A3 Année : 2004 Carburant  : Diesel Ville : Casablanca Detail de l'annonce : Je mets en vente ma voiture Audi A3 diesel, deux portes modèle 2004 en très bon état avec un bon prix légèrement négociable pour plus d'info veuillez me contacter au numero suivant: azzedine 0628024140 Intermédiaire s'abstenir Annonceur : Azzeddine Répondre l'annonceur Imprimer Signaler cette annonce Envoyer à un ami Partager sur Facebook Twitter LinkedIn Retour à la page précédente"
7499043,https://www.marocannonces.com/categorie/314/Voitures-occasion/annonce/7499043/mercedes-C220-Avantgarde.html,marocannonces,2026-10-02,2026-10-02 02:46:42,mercedes C220 Avantgarde,Mercedes-Benz,C220,,2002.0,,Diesel,,08-10 chevaux,,Occasion,,,Particulier,,,Casablanca,Casablanca-Settat,95000.0,5.0,"95 000 DH mercedes C220 Avantgarde Casablanca Vue: 49 Annonce N°: 7499043 Marque: Mercedes-Benz Modèle: C220 Année : 2002 Carburant  : Diesel Puissance : 08-10 chevaux Ville : Casablanca Detail de l'annonce : je met en vente ma voiture Mercedes C220 Avangarde, Diesel Modèle 2002. Voiture en bon état Annonceur : rachid Répondre l'annonceur Imprimer Signaler cette annonce Envoyer à un ami Partager sur Facebook Twitter LinkedIn Retour à la page précédente"
7499015,https://www.marocannonces.com/categorie/314/Voitures-occasion/annonce/7499015/Kia-Cerato-Diesel-2007.html,marocannonces,2026-10-02,2026-10-02 02:46:43,Kia Cerato Diesel -2007,Kia,Cerato,,2007.0,245000.0,Diesel,,08-10 chevaux,,Occasion,,,Particulier,,,Rabat,Rabat-Salé-Kénitra,64000.0,1.0,"64 000 DH Kia Cerato Diesel -2007 Rabat Vue: 19 Annonce N°: 7499015 Marque: Kia Modèle: Cerato Année : 2007 Kilométrage : 245000 Carburant  : Diesel Puissance : 08-10 chevaux Ville : Rabat Detail de l'annonce : Salam, je mets en vente une kia cerato TT option en très bon état. le prix est légèrement négociable. disponible sur rabat-salé Annonceur : mehdi Répondre l'annonceur Imprimer Signaler cette annonce Envoyer à un ami Partager sur Facebook Twitter LinkedIn Retour à la page précédente"
7498982,https://www.marocannonces.com/categorie/314/Voitures-occasion/annonce/7498982/SEAT-IBIZA-DEC-2006.html,marocannonces,2026-10-02,2026-10-02 02:46:44,SEAT IBIZA  DEC 2006,Seat,Ibiza,,2006.0,115000.0,Essence,,05-07 chevaux,,Occasion,,,Particulier,,,Casablanca,Casablanca-Settat,55000.0,1.0,"55 000 DH SEAT IBIZA  DEC 2006 Casablanca Vue: 22 Annonce N°: 7498982 Marque: Seat Modèle: Ibiza Année : 2006 Kilométrage : 115000 Carburant  : Essence Puissance : 05-07 chevaux Ville : Casablanca Detail de l'annonce : SEAT IBIZA  DEC 2006, Essence  noir bonne etat faible kilometrage. Annonceur : aziz Répondre l'annonceur Imprimer Signaler cette annonce Envoyer à un ami Partager sur Facebook Twitter LinkedIn Retour à la page précédente"
7498457,https://www.marocannonces.com/categorie/314/Voitures-occasion/annonce/7498457/Honda-civic.html,marocannonces,2026-10-02,2026-10-02 02:46:45,Honda civic,Honda,Civic,,1999.0,149000.0,Essence,,05-07 chevaux,,Occasion,,,Particulier,,,Casablanca,Casablanca-Settat,45000.0,6.0,"45 000 DH Honda civic Casablanca Vue: 62 Annonce N°: 7498457 Marque: Honda Modèle: Civic Année : 1999 Kilométrage : 149000 Carburant  : Essence Puissance : 05-07 chevaux Ville : Casablanca Detail de l'annonce : Bonjour, Je mets en en vente ma Honda Civic. Descriptifs: - Modèle 1999 - deuxième main - 4 vitres électriques - rétroviseur électrique - Volant réglable - direction assistée- ABS - climatiseur - Alarme - fermeture centralisée - radar de recul - Garniture en très bon état - Vidange, visite technique et filtres récemment réglés (1500 Km de trajet effectué après le dernier vidange) - Kilométrage: 149.000 Km - Consommation moyenne: 0.70 Dhs/Km - Immatriculée à Fès Raison de vente: voyage à l'étranger Prix négociable Annonceur : Senhaji Répondre l'annonceur Imprimer Signaler cette annonce Envoyer à un ami Partager sur Facebook Twitter LinkedIn Retour à la page précédente"
7498628,https://www.marocannonces.com/categorie/314/Voitures-occasion/annonce/7498628/Voiture-renault-19-à-vendre.html,marocannonces,2026-10-02,2026-10-02 02:46:46,Voiture  renault 19 à vendre,Renault,19,,1995.0,,Diesel,,05-07 chevaux,,Occasion,,,Particulier,,,Casablanca,Casablanca-Settat,54000.0,4.0,"54 000 DH Voiture  renault 19 à vendre Casablanca Vue: 24 Annonce N°: 7498628 Marque: Renault Modèle: 19 Année : 1995 Carburant  : Diesel Puissance : 05-07 chevaux Ville : Casablanca Detail de l'annonce : voiture en bon état, vitres électrique, climatisation et prix à négocier Annonceur : abdellah Répondre l'annonceur Imprimer Signaler cette annonce Envoyer à un ami Partager sur Facebook Twitter LinkedIn Retour à la page précédente"
7498541,https://www.marocannonces.com/categorie/314/Voitures-occasion/annonce/7498541/nissan-juke-occasion.html,marocannonces,2026-10-02,2026-10-02 02:46:47,nissan juke occasion,Nissan,JUKE,,2013.0,50000.0,Diesel,,05-07 chevaux,,Occasion,,,Particulier,,,Casablanca,Casablanca-Settat,100000.0,5.0,100 000 DH nissan juke occasion Casablanca Vue: 376 Annonce N°: 7498541 Marque: Nissan Modèle: JUKE Année : 2013 Kilométrage : 50000 Carburant  : Diesel Puissance : 05-07 chevaux Ville : Casablanca Detail de l'annonce : 4x4 Puissance : 110 CH / 81 kW Nombre de cylindres : 4 Nombre de portes : 5 Poids : 1.272 kg Émission CO2 : 124 g/km Couleur : Blanc Cylindrée : 1.461 cm³ Norme d'émission : 5 Voiture accidentée : non Annonceur : lamarti Répondre l'annonceur Imprimer Signaler cette annonce Envoyer à un ami Partager sur Facebook Twitter LinkedIn Retour à la page précédente
7498444,https://www.marocannonces.com/categorie/314/Voitures-occasion/annonce/7498444/Citroën-berlingot-modèle-2007-n9ia-dariba-700dh.html,marocannonces,2026-10-02,2026-10-02 02:46:49,Citroën berlingot modèle 2007 n9ia dariba 700dh,Citroën,Berlingo,,2007.0,122.0,Diesel,,05-07 chevaux,,Occasion,,,Particulier,0603989196,54d47e4b384c92f164e815a7bd57ec2e5bb3439a292ce4002993b44989a3da77,Bouskoura,Casablanca-Settat,52000.0,8.0,52 000 DH Citroën berlingot modèle 2007 n9ia dariba 700dh Bouskoura Vue: 43 Annonce N°: 7498444 Marque: Citroen Modèle: Berlingo Année : 2007 Kilométrage : 122-222km Carburant  : Diesel Puissance : 05-07 chevaux Ville : Bouskoura Detail de l'annonce : Citroën berlingot modèle 2007 i9tissadia o sbara o ba9a mzyana li mhtam itassal b 06 03 98 91 96 a Casablanca Annonceur : Yassine Citroën Répondre l'annonceur Imprimer Signaler cette annonce Envoyer à un ami Partager sur Facebook Twitter LinkedIn Retour à la page précédente
7498387,https://www.marocannonces.com/categorie/314/Voitures-occasion/annonce/7498387/SEAT-CORDOBA-ESSENCE-97.html,marocannonces,2026-10-02,2026-10-02 02:46:50,SEAT CORDOBA ESSENCE 97,Seat,Cordoba,,1997.0,47000.0,Essence,,08-10 chevaux,,Occasion,,,Particulier,,,Settat,Casablanca-Settat,25000.0,5.0,"25 000 DH SEAT CORDOBA ESSENCE 97 Settat Vue: 52 Annonce N°: 7498387 Marque: Seat Modèle: Cordoba Année : 1997 Kilométrage : 47000 Carburant  : Essence Puissance : 08-10 chevaux Ville : Settat Detail de l'annonce : Voiture familiale; spacieuse et économique, jamais accidentée; en bon etat ne pas déranger svp et n'appeler que si vs ête vraiment sérieux Annonceur : drissettat Répondre l'annonceur Imprimer Signaler cette annonce Envoyer à un ami Partager sur Facebook Twitter LinkedIn Retour à la page précédente"
7498307,https://www.marocannonces.com/categorie/314/Voitures-occasion/annonce/7498307/Passat-tt-options-desiel.html,marocannonces,2026-10-02,2026-10-02 02:46:50,Passat tt options desiel,Volkswagen,Passat,,2009.0,1650000.0,Diesel,,08-10 chevaux,,Occasion,,,Particulier,,,Casablanca,Casablanca-Settat,132000.0,3.0,132 000 DH Passat tt options desiel Casablanca Vue: 24 Annonce N°: 7498307 Marque: Volkswagen Modèle: Passat Année : 2009 Kilométrage : 1650000 Carburant  : Diesel Puissance : 08-10 chevaux Ville : Casablanca Detail de l'annonce : Passat modèle 2009 dedoinie 2012 8cv 10airbague climatisation digital siège conducteur avec massage boîte à gants avec frigo Radio tactile chargeur cd etdvd téléphone Intégré GPS bleutooth intégré 3chargeurs 12v plus chrgeur 220v détecteur de pluie 2 clés d'origine Annonceur : Mohamed Répondre l'annonceur Imprimer Signaler cette annonce Envoyer à un ami Partager sur Facebook Twitter LinkedIn Retour à la page précédente
7498279,https://www.marocannonces.com/categorie/314/Voitures-occasion/annonce/7498279/Hyundai-i-20-essence.html,marocannonces,2026-10-02,2026-10-02 02:46:51,Hyundai i 20 essence,Hyundai,I20,,2011.0,120000.0,Essence,,05-07 chevaux,,Occasion,,,Particulier,,,Meknès,Fès-Meknès,71000.0,1.0,71 000 DH Hyundai i 20 essence Meknès Vue: 34 Annonce N°: 7498279 Marque: Hyundai Modèle: I20 Année : 2011 Kilométrage : 120000 Carburant  : Essence Puissance : 05-07 chevaux Ville : Meknès Detail de l'annonce : Hyundai i20 essence toute option..vignette 350 dh Annonceur : Ahmed Répondre l'annonceur Imprimer Signaler cette annonce Envoyer à un ami Partager sur Facebook Twitter LinkedIn Retour à la page précédente
7498243,https://www.marocannonces.com/categorie/314/Voitures-occasion/annonce/7498243/Audi-A4-20.html,marocannonces,2026-10-02,2026-10-02 02:46:53,Audi A4 2.0,Audi,A4,,2015.0,51400.0,Diesel,,08-10 chevaux,,Occasion,,,Particulier,,,Casablanca,Casablanca-Settat,205000.0,4.0,205 000 DH Audi A4 2.0 Casablanca Vue: 53 Annonce N°: 7498243 Marque: Audi Modèle: A4 Année : 2015 Kilométrage : 51400 Carburant  : Diesel Puissance : 08-10 chevaux Ville : Casablanca Detail de l'annonce : Audi A4 2.0 Annonceur : Badr Répondre l'annonceur Imprimer Signaler cette annonce Envoyer à un ami Partager sur Facebook Twitter LinkedIn Retour à la page précédente
7498205,https://www.marocannonces.com/categorie/314/Voitures-occasion/annonce/7498205/Mercedes-classe-c-220.html,marocannonces,2026-10-02,2026-10-02 02:46:54,Mercedes classe c 220,Mercedes-Benz,C220,,2011.0,235.0,Diesel,Manuelle,08-10 chevaux,,Occasion,1,,Particulier,,,Casablanca,Casablanca-Settat,,6.0,Prix : N/A Mercedes classe c 220 Casablanca Vue: 32 Annonce N°: 7498205 Marque: Mercedes-Benz Modèle: C220 Année : 2011 Kilométrage : 235 Carburant  : Diesel Puissance : 08-10 chevaux Ville : Casablanca Detail de l'annonce : Bonjour je met en vente ma voiture mercedes classe c 220 bleueffciency édition spéciale manuelle modèle 2011 diwana 2015 première main au maroc el jadida Annonceur : Hicham Répondre l'annonceur Imprimer Signaler cette annonce Envoyer à un ami Partager sur Facebook Twitter LinkedIn Retour à la page précédente
5984395,https://www.marocannonces.com/categorie/314/Voitures-occasion/annonce/5984395/Peugeot-207.html,marocannonces,2026-10-02,2026-10-02 02:46:55,Peugeot  207,Peugeot,207,,2010.0,,Essence,,,,Occasion,1,,Particulier,,,Casablanca,Casablanca-Settat,70000.0,1.0,70 000 DH Peugeot  207 Casablanca Vue: 8 Annonce N°: 5984395 Marque: Peugeot Modèle: 207 Année : 2010 Carburant  : Essence Ville : Casablanca Detail de l'annonce : Modèle 2010. Excellent état (première main. Essence.  . . . . . . . . . . . Annonceur : Si Mohammed Répondre l'annonceur Imprimer Signaler cette annonce Envoyer à un ami Partager sur Facebook Twitter LinkedIn Retour à la page précédente
7498002,https://www.marocannonces.com/categorie/314/Voitures-occasion/annonce/7498002/Honda-acty-professionnel.html,marocannonces,2026-10-02,2026-10-02 02:46:56,Honda acty professionnel,Daihatsu,YRV,,2014.0,12000.0,Essence,,05-07 chevaux,,Occasion,,,Particulier,,,Temara,Rabat-Salé-Kénitra,38000.0,5.0,"38 000 DH Honda acty professionnel Temara Vue: 76 Annonce N°: 7498002 Marque: Daihatsu Modèle: YRV Année : 2014 Kilométrage : 12000 Carburant  : Essence Puissance : 05-07 chevaux Ville : Temara Detail de l'annonce : Honda mjahza dyal l3assir, fiha groupe électrogène, congélateur, 3assara dyal limoun Santos professionnel, 2 makinat dyal l3assir brawn, glaciers kbiira 12v, galcier sghiira, kissan. Honda Wajda dyal lkhadma nichan, magahdi tassla7 ma walou Annonceur : Mohamed Répondre l'annonceur Imprimer Signaler cette annonce Envoyer à un ami Partager sur Facebook Twitter LinkedIn Retour à la page précédente"
7497967,https://www.marocannonces.com/categorie/314/Voitures-occasion/annonce/7497967/voiture-a-vendre.html,marocannonces,2026-10-02,2026-10-02 02:46:57,voiture a vendre,Daihatsu,Terios,,2007.0,,Essence,,08-10 chevaux,,Occasion,,,Particulier,,,Marrakech,Marrakech-Safi,55000.0,6.0,55 000 DH voiture a vendre Marrakech Vue: 63 Annonce N°: 7497967 Marque: Daihatsu Modèle: Terios Année : 2007 Carburant  : Essence Puissance : 08-10 chevaux Ville : Marrakech Detail de l'annonce : je met en vent ma voiture de bon état Annonceur : mohamed Répondre l'annonceur Imprimer Signaler cette annonce Envoyer à un ami Partager sur Facebook Twitter LinkedIn Retour à la page précédente
5802490,https://www.marocannonces.com/categorie/314/Voitures-occasion/annonce/5802490/Seat-altea-xl.html,marocannonces,2026-10-02,2026-10-02 02:46:58,Seat altea xl,Seat,Altea,,2010.0,170000.0,Diesel,Automatique,13 chevaux,,Neuf,,,Particulier,,,Kénitra,Rabat-Salé-Kénitra,,5.0,"Prix : N/A Seat altea xl Kénitra Vue: 22 Annonce N°: 5802490 Marque: Seat Modèle: Altea Année : 2010 Kilométrage : 170000 Carburant  : Diesel Puissance : 13 chevaux Ville : Kénitra Detail de l'annonce : Vente une voiture seat altea xl , automatique de 7 mouvement, presque neuve a bon prix 130 000 dh a negocier , le transport y douane  de espange a maroc inclus ..  . . . . . . . . . . . . Annonceur : Latifa Répondre l'annonceur Imprimer Signaler cette annonce Envoyer à un ami Partager sur Facebook Twitter LinkedIn Retour à la page précédente"
7497948,https://www.marocannonces.com/categorie/314/Voitures-occasion/annonce/7497948/لوغان-عامرا.html,marocannonces,2026-10-02,2026-10-02 02:46:59,لوغان عامرا,Dacia,Logan,,2014.0,160.0,Diesel,,05-07 chevaux,,Occasion,,,Particulier,,,Mohammedia,Casablanca-Settat,85000.0,4.0,85 000 DH لوغان عامرا Mohammedia Vue: 47 Annonce N°: 7497948 Marque: Dacia Modèle: Logan Année : 2014 Kilométrage : 160 Carburant  : Diesel Puissance : 05-07 chevaux Ville : Mohammedia Detail de l'annonce : لوغان عامرة مليحة بيع او روبريز Annonceur : youssef Répondre l'annonceur Imprimer Signaler cette annonce Envoyer à un ami Partager sur Facebook Twitter LinkedIn Retour à la page précédente
7497919,https://www.marocannonces.com/categorie/314/Voitures-occasion/annonce/7497919/Vente-voiture-renault-fluence-privilège.html,marocannonces,2026-10-02,2026-10-02 02:47:00,Vente voiture renault fluence privilège,Renault,Fluence,,2011.0,103400.0,Diesel,Automatique,05-07 chevaux,,Occasion,1,,Particulier,0673995677,8e677af98e7b7f89b1c19dc7c436616998761bf562544f46c03096bb570a13a0,Kénitra,Rabat-Salé-Kénitra,115000.0,2.0,"115 000 DH Vente voiture renault fluence privilège Kénitra Vue: 25 Annonce N°: 7497919 Marque: Renault Modèle: Fluence Année : 2011 Kilométrage : 103 400 Carburant  : Diesel Puissance : 05-07 chevaux Ville : Kénitra Detail de l'annonce : Renault fluence privilège en Très bonne état Toute option Première main ; Modèle : 30/09/2011 ; Puissance fiscale 6 CV ; Kilométrage parcouru 103 000 Km 6 vitesses ; Coffre très grand. Ordinateur de bord ; Cartes Renault mains-libres (Accès, démarrage, fermeture) ; Régulateur et limiteur de vitesse ; Radar de recul; Airbags avant, arrière et latéral ; Climatisation automatique régulée bi-zone avec filtre ; Combiné odeurs/particules Essuie-vitres automatique avec capteur de pluie ; Allumage automatique des feux  de croisement ; Rétroviseurs électriques et rabattables électriquement ; Boite à gant réfrigérante ; Volant réglable en profondeur et en hauteur ; Lève-vitres électriques impulsionnels ; Projecteurs antibrouillard ; Banquette arrière rabattable 1/3 - 2/3 ; Réglage lombaire du siège conducteur ; Radio 3D Sound , CD,MP3 ; Bluetooth; Salon cuire ; Volant cuir ; Jante aluminium 16’’; Direction assistée ; Aérations des places arrière ; Fermeture centralisée des portes Commande à distance des portes ; Siège Conducteur et passager réglable en hauteur ; etc. Tel 06 73 99 56 77 Annonceur : idriss Répondre l'annonceur Imprimer Signaler cette annonce Envoyer à un ami Partager sur Facebook Twitter LinkedIn Retour à la page précédente"
7497846,https://www.marocannonces.com/categorie/314/Voitures-occasion/annonce/7497846/Bmw-série-1-coupée-cabriolet.html,marocannonces,2026-10-02,2026-10-02 02:47:00,Bmw série 1 coupée cabriolet,BMW,Serie 1,,2008.0,145000.0,Diesel,,08-10 chevaux,,Occasion,,,Particulier,,,Marrakech,Marrakech-Safi,172000.0,3.0,172 000 DH Bmw série 1 coupée cabriolet Marrakech Vue: 61 Annonce N°: 7497846 Marque: BMW Modèle: Serie 1 Année : 2008 Kilométrage : 145000 Carburant  : Diesel Puissance : 08-10 chevaux Ville : Marrakech Detail de l'annonce : Bmw série 1 coupée cabriolet importer de l’allemand en 2011 la voiture est en excellente Etat Annonceur : Oussama Répondre l'annonceur Imprimer Signaler cette annonce Envoyer à un ami Partager sur Facebook Twitter LinkedIn Retour à la page précédente
7497790,https://www.marocannonces.com/categorie/314/Voitures-occasion/annonce/7497790/Renault-megane-diesel-15-dci-2007.html,marocannonces,2026-10-02,2026-10-02 02:47:01,Renault megane diesel   1.5 dci -2007,Renault,Megane,,2007.0,238000.0,Diesel,,05-07 chevaux,,Occasion,,,Particulier,,,Casablanca,Casablanca-Settat,78000.0,5.0,78 000 DH Renault megane diesel   1.5 dci -2007 Casablanca Vue: 54 Annonce N°: 7497790 Marque: Renault Modèle: Megane Année : 2007 Kilométrage : 238 000 Carburant  : Diesel Puissance : 05-07 chevaux Ville : Casablanca Detail de l'annonce : Mégane 2 ph2 mod 11/2007 diesel 6 chv Annonceur : Rachid Répondre l'annonceur Imprimer Signaler cette annonce Envoyer à un ami Partager sur Facebook Twitter LinkedIn Retour à la page précédente
7497714,"https://www.marocannonces.com/categorie/314/Voitures-occasion/annonce/7497714/Peugeot-307,-8-ch,-1,6.html",marocannonces,2026-10-02,2026-10-02 02:47:02,"Peugeot 307, 8 ch, 1,6",Peugeot,307,,2004.0,160000.0,Essence,,08-10 chevaux,,Occasion,,,Particulier,,,Salé,Rabat-Salé-Kénitra,57000.0,6.0,"57 000 DH Peugeot 307, 8 ch, 1,6 Salé Vue: 36 Annonce N°: 7497714 Marque: Peugeot Modèle: 307 Année : 2004 Kilométrage : 160000 Carburant  : Essence Puissance : 08-10 chevaux Ville : Salé Detail de l'annonce : voiture Nickel avec clim et autres options prix légèrement négociable Annonceur : Ahmed Répondre l'annonceur Imprimer Signaler cette annonce Envoyer à un ami Partager sur Facebook Twitter LinkedIn Retour à la page précédente"
7497674,https://www.marocannonces.com/categorie/314/Voitures-occasion/annonce/7497674/FIAT-500.html,marocannonces,2026-10-02,2026-10-02 02:47:03,FIAT 500,Fiat,500,,2014.0,43000.0,Essence,,05-07 chevaux,,Occasion,,,Particulier,,,Casablanca,Casablanca-Settat,100000.0,7.0,100 000 DH FIAT 500 Casablanca Vue: 22 Annonce N°: 7497674 Marque: Fiat Modèle: 500 Année : 2014 Kilométrage : 43000 Carburant  : Essence Puissance : 05-07 chevaux Ville : Casablanca Detail de l'annonce : Je met en vente ma voiture Fiat 500 modèle 2014 essance. Fulloption. Annonceur : Aziz Répondre l'annonceur Imprimer Signaler cette annonce Envoyer à un ami Partager sur Facebook Twitter LinkedIn Retour à la page précédente
7497664,https://www.marocannonces.com/categorie/314/Voitures-occasion/annonce/7497664/FIAT-PALIO-2000.html,marocannonces,2026-10-02,2026-10-02 02:47:04,FIAT PALIO 2000,Fiat,Palio,,2000.0,250.0,Diesel,,05-07 chevaux,,Occasion,,,Particulier,,,Salé,Rabat-Salé-Kénitra,37000.0,8.0,37 000 DH FIAT PALIO 2000 Salé Vue: 66 Annonce N°: 7497664 Marque: Fiat Modèle: Palio Année : 2000 Kilométrage : 250.000 Carburant  : Diesel Puissance : 05-07 chevaux Ville : Salé Detail de l'annonce : * Fiat palio . faible consommation ( kanmchi biha tjrs mn salé ltemara avec circulation fl weekend 150dh ) * deux pneus l9adam jdad * radiateur jdid * batterie jdid ba9i f garanti Annonceur : chakir Répondre l'annonceur Imprimer Signaler cette annonce Envoyer à un ami Partager sur Facebook Twitter LinkedIn Retour à la page précédente
7497648,https://www.marocannonces.com/categorie/314/Voitures-occasion/annonce/7497648/Volvo-XC60-automatique.html,marocannonces,2026-10-02,2026-10-02 02:47:06,Volvo XC60 automatique,Volvo,XC60,,2012.0,137500.0,Diesel,Automatique,08-10 chevaux,,Occasion,,,Particulier,,,Casablanca,Casablanca-Settat,190000.0,3.0,190 000 DH Volvo XC60 automatique Casablanca Vue: 84 Annonce N°: 7497648 Marque: Volvo Modèle: XC60 Année : 2012 Kilométrage : 137500 Carburant  : Diesel Puissance : 08-10 chevaux Ville : Casablanca Detail de l'annonce : Marque:Volvo Type de carburant:Diesel Kilométrage:130 000 - 139 999 Modèle:XC60 Puissance fiscale:8 CV Année-2012 Automatic 2/4 137500 Km Tout option Très bon état Entretien régulier BlueTooth 1ere Main Clim Auto Bizone Rétroviseur Electrique Non Fumeur Vitre Electrique Parking Radar Salon Cuir Pneus changés en Mai 2017 Annonceur : Zineb Répondre l'annonceur Imprimer Signaler cette annonce Envoyer à un ami Partager sur Facebook Twitter LinkedIn Retour à la page précédente
5466384,https://www.marocannonces.com/categorie/314/Voitures-occasion/annonce/5466384/Fiat-siena-modele-1999.html,marocannonces,2026-10-02,2026-10-02 02:47:07,Fiat siena modele 1999,Fiat,Siena,,1999.0,,,,,,Occasion,,,Particulier,,,Agadir,Souss-Massa,35000.0,3.0,35 000 DH Fiat siena modele 1999 Agadir Vue: 48 Annonce N°: 5466384 Marque: Fiat Modèle: Siena Detail de l'annonce : Je me met en vent ma voiture fiat siena diesel mod 99 a prix leg neg jamais accidenté sabbara. . . . . Annonceur : jamal Répondre l'annonceur Imprimer Signaler cette annonce Envoyer à un ami Partager sur Facebook Twitter LinkedIn Retour à la page précédente
7497627,https://www.marocannonces.com/categorie/314/Voitures-occasion/annonce/7497627/Volkswagen-GOLF-4-Diesel.html,marocannonces,2026-10-02,2026-10-02 02:47:08,Volkswagen GOLF 4 Diesel,Volkswagen,Golf,,2000.0,300000.0,Diesel,,08-10 chevaux,Dédouanée,Occasion,,,Particulier,,,Agadir,Souss-Massa,70000.0,2.0,"70 000 DH Volkswagen GOLF 4 Diesel Agadir Vue: 94 Annonce N°: 7497627 Marque: Volkswagen Modèle: Golf Année : 2000 Kilométrage : 300000 Carburant  : Diesel Puissance : 08-10 chevaux Ville : Agadir Detail de l'annonce : Golf 4 modèle 2000, dédouanée en 12/2010. Moteur 115 Cv, couleur grise, vitres électriques, verrouillage centralisé et climatisation... Voiture en bon état et bien entretenue. Annonceur : KAMAL Répondre l'annonceur Imprimer Signaler cette annonce Envoyer à un ami Partager sur Facebook Twitter LinkedIn Retour à la page précédente"
7497577,https://www.marocannonces.com/categorie/314/Voitures-occasion/annonce/7497577/Dacia-logane-a-vendre.html,marocannonces,2026-10-02,2026-10-02 02:47:09,Dacia logane a vendre,Dacia,Logan,,2006.0,,Diesel,,05-07 chevaux,,Occasion,,,Particulier,,,Salé,Rabat-Salé-Kénitra,56000.0,1.0,56 000 DH Dacia logane a vendre Salé Vue: 28 Annonce N°: 7497577 Marque: Dacia Modèle: Logan Année : 2006 Carburant  : Diesel Puissance : 05-07 chevaux Ville : Salé Detail de l'annonce : voiture  Dacia logane  diesel  a vendre  mazala n9ya mliha Annonceur : ahmed Répondre l'annonceur Imprimer Signaler cette annonce Envoyer à un ami Partager sur Facebook Twitter LinkedIn Retour à la page précédente
6164493,https://www.marocannonces.com/categorie/314/Voitures-occasion/annonce/6164493/Hyundai-Sante-Fe-22-CRDI-Premium-4x4-(PM)-2012.html,marocannonces,2026-10-02,2026-10-02 02:47:09,Hyundai Sante Fe 2.2 CRDI Premium 4x4 (PM) -2012,Hyundai,Santa Fe,,2012.0,60000.0,Diesel,Automatique,08-10 chevaux,,Occasion,1,,Particulier,,,Casablanca,Casablanca-Settat,240000.0,5.0,"240 000 DH Hyundai Sante Fe 2.2 CRDI Premium 4x4 (PM) -2012 Casablanca Vue: 26 Annonce N°: 6164493 Marque: Hyundai Modèle: Santa Fe Année : 2012 Kilométrage : 60000 Carburant  : Diesel Puissance : 08-10 chevaux Ville : Casablanca Detail de l'annonce : Vend Hyundai Sante Fe 2.2 CRDI Premium 4x4, première main • 6 airbags : conducteur et passager + latéraux et rideaux • ABS : Système antiblocage des roues • ESP : Programme électronique de stabilité • Rétrovisuers extérieurs dégivrants • Immobiliseur • Alarme Climatisation automatique bi-zone • Ordinateur de bord • Volant multifonctions • Régulateur de vitesse • Détecteur de pluie • Boîte à gants réfrigérée • Mode de conduite : Normal, Confort ou Sport • Rétroviseurs rabattables électriquement • Sièges conducteur à réglage électrique et en hauteur • Siège conducteur avec soutien lombaire • Lève-vitres électriques AV/AR • Accoudoir central AV/AR • Aide au stationnement AR • Système active ECO • Accès mains-libres et démarrage sans clé • Jantes aluminium 18 pouces • Becquet arrière • Barres de toit • Vitres teintées • Pare-chocs couleur carrosserie • Poignées de portes et rétroviseur couleur carrosserie • Blocs de rétroviseurs avec clignotants intégrés • Grilles de radiateur en chrome • Filet de retenue de bagages • Tapis de coffre • Radio CD MP3 + AUX avec interface USB • 4 Haut-parleurs + 2 Tweeters • Câble compatible iPod • Bluetooth • Cluster type super vision , TFT, LCD Intermédiaire s'abstenir. . . . . . . . . . . Annonceur : Rabia Répondre l'annonceur Imprimer Signaler cette annonce Envoyer à un ami Partager sur Facebook Twitter LinkedIn Retour à la page précédente"
7497261,https://www.marocannonces.com/categorie/314/Voitures-occasion/annonce/7497261/Dacia-logan.html,marocannonces,2026-10-02,2026-10-02 02:47:10,Dacia logan,Dacia,Logan,,2014.0,134000.0,Diesel,,05-07 chevaux,,Occasion,,,Particulier,,,Casablanca,Casablanca-Settat,85000.0,6.0,85 000 DH Dacia logan Casablanca Vue: 34 Annonce N°: 7497261 Marque: Dacia Modèle: Logan Année : 2014 Kilométrage : 134000 Carburant  : Diesel Puissance : 05-07 chevaux Ville : Casablanca Detail de l'annonce : tonobil ba9a n9ia tout option taman mezyan Annonceur : taib biat Répondre l'annonceur Imprimer Signaler cette annonce Envoyer à un ami Partager sur Facebook Twitter LinkedIn Retour à la page précédente
7497237,https://www.marocannonces.com/categorie/314/Voitures-occasion/annonce/7497237/Mercedes-a-vendre.html,marocannonces,2026-10-02,2026-10-02 02:47:11,Mercedes a vendre,Mercedes-Benz,C 200,,2010.0,155000.0,Diesel,,08-10 chevaux,Dédouanée,Occasion,,,Particulier,,,Casablanca,Casablanca-Settat,220000.0,7.0,220 000 DH Mercedes a vendre Casablanca Vue: 28 Annonce N°: 7497237 Marque: Mercedes-Benz Modèle: C 200 Année : 2010 Kilométrage : 155000 Carburant  : Diesel Puissance : 08-10 chevaux Ville : Casablanca Detail de l'annonce : C200 fin 2010 dedouanee 2016 Annonceur : Said Répondre l'annonceur Imprimer Signaler cette annonce Envoyer à un ami Partager sur Facebook Twitter LinkedIn Retour à la page précédente
7497141,https://www.marocannonces.com/categorie/314/Voitures-occasion/annonce/7497141/Audi-A6-excellent-état.html,marocannonces,2026-10-02,2026-10-02 02:47:12,Audi A6 excellent état,Audi,A6,,,,,Automatique,,,Occasion,,,Particulier,,,Casablanca,Casablanca-Settat,250000.0,6.0,"250 000 DH Audi A6 excellent état Casablanca Vue: 64 Annonce N°: 7497141 Marque: Audi Modèle: A6 Detail de l'annonce : Audi A6, 2.0L Diesel, automatique, salon cuir, toutes options. Très belle affaire à saisir Annonceur : Mohcine Répondre l'annonceur Imprimer Signaler cette annonce Envoyer à un ami Partager sur Facebook Twitter LinkedIn Retour à la page précédente"
7497204,https://www.marocannonces.com/categorie/314/Voitures-occasion/annonce/7497204/Peugeot-206-essence.html,marocannonces,2026-10-02,2026-10-02 02:47:12,Peugeot 206 essence,Peugeot,206,,2007.0,143200.0,Essence,,05-07 chevaux,,Occasion,1,,Particulier,,,Salé,Rabat-Salé-Kénitra,55000.0,6.0,55 000 DH Peugeot 206 essence Salé Vue: 36 Annonce N°: 7497204 Marque: Peugeot Modèle: 206 Année : 2007 Kilométrage : 143200 Carburant  : Essence Puissance : 05-07 chevaux Ville : Salé Detail de l'annonce : Je met mavoiture 1er main peugeot 206 essence mois 10/2007 en bonne etat 6cv Annonceur : Siham Répondre l'annonceur Imprimer Signaler cette annonce Envoyer à un ami Partager sur Facebook Twitter LinkedIn Retour à la page précédente
7497106,https://www.marocannonces.com/categorie/314/Voitures-occasion/annonce/7497106/Peugeot-306-7-chevaux-normal.html,marocannonces,2026-10-02,2026-10-02 02:47:13,Peugeot 306 7 chevaux normal,Peugeot,306,,2000.0,200000.0,Diesel,,05-07 chevaux,,Occasion,,,Particulier,,,Casablanca,Casablanca-Settat,58000.0,7.0,58 000 DH Peugeot 306 7 chevaux normal Casablanca Vue: 46 Annonce N°: 7497106 Marque: Peugeot Modèle: 306 Année : 2000 Kilométrage : 200000 Carburant  : Diesel Puissance : 05-07 chevaux Ville : Casablanca Detail de l'annonce : Voitures normal 7 chevaux avec centralisé volonté assiste Jan allum 2 airbags .disponible a sbatta Annonceur : Brahim Répondre l'annonceur Imprimer Signaler cette annonce Envoyer à un ami Partager sur Facebook Twitter LinkedIn Retour à la page précédente
7483300,https://www.marocannonces.com/categorie/314/Voitures-occasion/annonce/7483300/سيارة-309-للبيع-Peugeot-309-à-vendre.html,marocannonces,2026-10-02,2026-10-02 02:47:15,سيارة 309 للبيع  Peugeot 309 à vendre,Peugeot,309,,1999.0,,Essence,,05-07 chevaux,,Occasion,,,Particulier,,,Agadir,Souss-Massa,30000.0,3.0,"30 000 DH سيارة 309 للبيع  Peugeot 309 à vendre Agadir Vue: 83 Annonce N°: 7483300 Marque: Peugeot Modèle: 309 Année : 1999 Carburant  : Essence Puissance : 05-07 chevaux Ville : Agadir Detail de l'annonce : سيارة Peugeot 309 اصانص للبيع باقية نقية أول شروع ف الاستخدام ف المغرب سنة 1999 ،القوة الجبائية 6. ثمن البيع 30000 درهم متواجدة بانزگان. للجادين فقط السماسرة لا من فضلكم Une voiture Peugeot 309 à vendre, 1ère mise en circulation au Maroc était en 1999, puissance fiscale 6. Prix de 30.000 dhs. SVP, intermédiaires s'abstenir Annonceur : Point de commerce Répondre l'annonceur Imprimer Signaler cette annonce Envoyer à un ami Partager sur Facebook Twitter LinkedIn Retour à la page précédente"
7497083,https://www.marocannonces.com/categorie/314/Voitures-occasion/annonce/7497083/A-vendre-une-voiture-lancia-Ypsilon-Platinum.html,marocannonces,2026-10-02,2026-10-02 02:47:16,A vendre une voiture lancia Ypsilon Platinum,Lancia,Ypsilon,,2016.0,22000.0,Essence,,05-07 chevaux,,Occasion,1,,Particulier,,,Marrakech,Marrakech-Safi,135000.0,6.0,"135 000 DH A vendre une voiture lancia Ypsilon Platinum Marrakech Vue: 26 Annonce N°: 7497083 Marque: Lancia Modèle: Ypsilon Année : 2016 Kilométrage : 22000 Carburant  : Essence Puissance : 05-07 chevaux Ville : Marrakech Detail de l'annonce : Toutes options, cuir,  toit ouvrant panoramique, fiable kilométrage, faible consommation, 5 places, première main. Annonceur : Tawfik Répondre l'annonceur Imprimer Signaler cette annonce Envoyer à un ami Partager sur Facebook Twitter LinkedIn Retour à la page précédente"
7497049,https://www.marocannonces.com/categorie/314/Voitures-occasion/annonce/7497049/Kia-picanto.html,marocannonces,2026-10-02,2026-10-02 02:47:16,Kia picanto,Kia,Picanto Rio,,2008.0,150000.0,Essence,,05-07 chevaux,,Occasion,,,Particulier,,,Tetouan,Tanger-Tétouan-Al Hoceïma,50000.0,6.0,"50 000 DH Kia picanto Tetouan Vue: 88 Annonce N°: 7497049 Marque: Kia Modèle: Picanto Rio Année : 2008 Kilométrage : 150000 Carburant  : Essence Puissance : 05-07 chevaux Ville : Tetouan Detail de l'annonce : Model 2008 , moteur sghir 1.1, rwayed jdad baterie jdida , kayna f mdiQ Annonceur : Elfadil mohamed Répondre l'annonceur Imprimer Signaler cette annonce Envoyer à un ami Partager sur Facebook Twitter LinkedIn Retour à la page précédente"
7497027,https://www.marocannonces.com/categorie/314/Voitures-occasion/annonce/7497027/VENTE-MERCEDES-BENZ-190.html,marocannonces,2026-10-02,2026-10-02 02:47:17,VENTE MERCEDES BENZ 190,Mercedes-Benz,190,,1992.0,347000.0,Diesel,,08-10 chevaux,Dédouanée,Occasion,,,Particulier,,,Fès,Fès-Meknès,75000.0,4.0,"75 000 DH VENTE MERCEDES BENZ 190 Fès Vue: 35 Annonce N°: 7497027 Marque: Mercedes-Benz Modèle: 190 Année : 1992 Kilométrage : 347000 Carburant  : Diesel Puissance : 08-10 chevaux Ville : Fès Detail de l'annonce : Bonjour. Je mets en vente ma voiture Mercedes Benz 190 de couleur noire , normale 4ème vitesse centralisée avec toit ouvrant  anti brouillard et coussins jacquard d'origine dédouanée en 2010 . Elle est en bon état à ne pas rater.. Le prix est légèrement négociable. Annonceur : DRISS Répondre l'annonceur Imprimer Signaler cette annonce Envoyer à un ami Partager sur Facebook Twitter LinkedIn Retour à la page précédente"
7497009,https://www.marocannonces.com/categorie/314/Voitures-occasion/annonce/7497009/Senic-7-places.html,marocannonces,2026-10-02,2026-10-02 02:47:18,Senic 7 places,Renault,Scenic,,2012.0,150000.0,Diesel,,05-07 chevaux,,Occasion,1,,Particulier,,,Meknès,Fès-Meknès,130000.0,1.0,130 000 DH Senic 7 places Meknès Vue: 12 Annonce N°: 7497009 Marque: Renault Modèle: Scenic Année : 2012 Kilométrage : 150000 Carburant  : Diesel Puissance : 05-07 chevaux Ville : Meknès Detail de l'annonce : Modèle 10/2012 première main Annonceur : Abderrazzak Répondre l'annonceur Imprimer Signaler cette annonce Envoyer à un ami Partager sur Facebook Twitter LinkedIn Retour à la page précédente
7496962,"https://www.marocannonces.com/categorie/314/Voitures-occasion/annonce/7496962/Megane-2-dci-1,5-climatisé,première-main.html",marocannonces,2026-10-02,2026-10-02 02:47:19,"Megane 2 dci 1,5 climatisé,première main",Renault,Megane,,2006.0,200000.0,Diesel,,05-07 chevaux,,Occasion,1,,Particulier,,,Casablanca,Casablanca-Settat,68000.0,1.0,"68 000 DH Megane 2 dci 1,5 climatisé,première main Casablanca Vue: 22 Annonce N°: 7496962 Marque: Renault Modèle: Megane Année : 2006 Kilométrage : 200000 Carburant  : Diesel Puissance : 05-07 chevaux Ville : Casablanca Detail de l'annonce : Vend megane 2 dci 1,5 climatisé,première main Annonceur : Si Mohamed Répondre l'annonceur Imprimer Signaler cette annonce Envoyer à un ami Partager sur Facebook Twitter LinkedIn Retour à la page précédente"
7496934,https://www.marocannonces.com/categorie/314/Voitures-occasion/annonce/7496934/Chevrolet-aveo-coupé.html,marocannonces,2026-10-02,2026-10-02 02:47:19,Chevrolet aveo coupé,Chevrolet,Aveo,,2007.0,138000.0,Essence,,05-07 chevaux,,Neuf,,,Particulier,,,Marrakech,Marrakech-Safi,42000.0,5.0,"42 000 DH Chevrolet aveo coupé Marrakech Vue: 82 Annonce N°: 7496934 Marque: Chevrolet Modèle: Aveo Année : 2007 Kilométrage : 138000 Carburant  : Essence Puissance : 05-07 chevaux Ville : Marrakech Detail de l'annonce : Je mets en vente ma voiture chevrolet aveo en bon etat jamais accidentée, une voiture spacieuse avev une faible consommation peinture originale, pneux neufs, clim fonctionne tres bien , auxiliaire et lecteur Usb pour plus d infos contacter moi par tel Annonceur : Abir Répondre l'annonceur Imprimer Signaler cette annonce Envoyer à un ami Partager sur Facebook Twitter LinkedIn Retour à la page précédente"
7496802,https://www.marocannonces.com/categorie/314/Voitures-occasion/annonce/7496802/opel-corsa.html,marocannonces,2026-10-02,2026-10-02 02:47:21,opel corsa,Opel,Corsa,,2010.0,150000.0,Diesel,,05-07 chevaux,,Occasion,,,Particulier,,,Casablanca,Casablanca-Settat,85000.0,4.0,85 000 DH opel corsa Casablanca Vue: 48 Annonce N°: 7496802 Marque: Opel Modèle: Corsa Année : 2010 Kilométrage : 150000 Carburant  : Diesel Puissance : 05-07 chevaux Ville : Casablanca Detail de l'annonce : je m'est en vente ma voiture Opel corsa modèle 2010 prix négociable Annonceur : mohamed Répondre l'annonceur Imprimer Signaler cette annonce Envoyer à un ami Partager sur Facebook Twitter LinkedIn Retour à la page précédente
7496784,https://www.marocannonces.com/categorie/314/Voitures-occasion/annonce/7496784/Vente-sirion.html,marocannonces,2026-10-02,2026-10-02 02:47:21,Vente sirion,Daihatsu,Sirion,,2006.0,79300.0,Essence,,05-07 chevaux,,Occasion,,,Particulier,,,Casablanca,Casablanca-Settat,40000.0,1.0,40 000 DH Vente sirion Casablanca Vue: 26 Annonce N°: 7496784 Marque: Daihatsu Modèle: Sirion Année : 2006 Kilométrage : 79300 Carburant  : Essence Puissance : 05-07 chevaux Ville : Casablanca Detail de l'annonce : Je mets en vente ma voiture sirion très bon état avec climatisation vitres électriques .... jamais accidentée modèle 2006 prix 40000 si vous êtes intéressés veuillez me contacter par mail Annonceur : Selma Répondre l'annonceur Imprimer Signaler cette annonce Envoyer à un ami Partager sur Facebook Twitter LinkedIn Retour à la page précédente
7496611,https://www.marocannonces.com/categorie/314/Voitures-occasion/annonce/7496611/Hyundai-ix-35-20-crdi-bvm-6-44.html,marocannonces,2026-10-02,2026-10-02 02:47:23,Hyundai ix 35 2.0 crdi bvm 6 4*4,Hyundai,IX35,,2015.0,,Diesel,Manuelle,,,Occasion,,,Particulier,,,El jadida,Casablanca-Settat,100000.0,5.0,"100 000 DH Hyundai ix 35 2.0 crdi bvm 6 4*4 El jadida Vue: 107 Annonce N°: 7496611 Marque: Hyundai Modèle: IX35 Année : 2015 Carburant  : Diesel Ville : El jadida Detail de l'annonce : Hyundai ix 35 2.0 crdi bvm 6 4*4(177 cv din) clim-auto-bizone,salon cuir, jantes alu 17 p,régulateur de vitesse,8 airbags,rétros électriques rabattables, isofix,cd mp3,aux,ipod,usb,park-radar, barres de toit,boite à gant réfrigéré, phares/auto,volant cuir multi,antibs,en excellent état Annonceur : saber houssine Répondre l'annonceur Imprimer Signaler cette annonce Envoyer à un ami Partager sur Facebook Twitter LinkedIn Retour à la page précédente"
7496487,"https://www.marocannonces.com/categorie/314/Voitures-occasion/annonce/7496487/Kia-carens-,-model-2006.html",marocannonces,2026-10-02,2026-10-02 02:47:24,"Kia carens , model 2006",Kia,Carens,,2006.0,,,,,,Occasion,,,Particulier,,,Tanger,Tanger-Tétouan-Al Hoceïma,70000.0,1.0,"70 000 DH Kia carens , model 2006 Tanger Vue: 23 Annonce N°: 7496487 Marque: Kia Modèle: Carens Detail de l'annonce : kayena wahid Kia carens  model 2006 baqa naqiya bazzf  kathoz 7 persone libghaha marhba Annonceur : noura Répondre l'annonceur Imprimer Signaler cette annonce Envoyer à un ami Partager sur Facebook Twitter LinkedIn Retour à la page précédente"
7496460,https://www.marocannonces.com/categorie/314/Voitures-occasion/annonce/7496460/Peugeot-206-essence-à-vendre.html,marocannonces,2026-10-02,2026-10-02 02:47:25,Peugeot 206 essence à vendre,Peugeot,206,,2006.0,200000.0,Essence,,05-07 chevaux,,Occasion,,,Particulier,,,Casablanca,Casablanca-Settat,48000.0,6.0,48 000 DH Peugeot 206 essence à vendre Casablanca Vue: 74 Annonce N°: 7496460 Marque: Peugeot Modèle: 206 Année : 2006 Kilométrage : 200000 Carburant  : Essence Puissance : 05-07 chevaux Ville : Casablanca Detail de l'annonce : Je mets en vente une 206 année 2006 en bon état Annonceur : Ouardi mohamed amine Répondre l'annonceur Imprimer Signaler cette annonce Envoyer à un ami Partager sur Facebook Twitter LinkedIn Retour à la page précédente
7496081,https://www.marocannonces.com/categorie/314/Voitures-occasion/annonce/7496081/Renault-kongoo.html,marocannonces,2026-10-02,2026-10-02 02:47:26,Renault kongoo,Renault,Kangoo,,2009.0,20000000.0,Diesel,,05-07 chevaux,,Occasion,,,Particulier,,,Salé,Rabat-Salé-Kénitra,66000.0,3.0,66 000 DH Renault kongoo Salé Vue: 30 Annonce N°: 7496081 Marque: Renault Modèle: Kangoo Année : 2009 Kilométrage : 20000000 Carburant  : Diesel Puissance : 05-07 chevaux Ville : Salé Detail de l'annonce : Je mete ma voiture kangoo tre bonne eta dci Annonceur : Simo Répondre l'annonceur Imprimer Signaler cette annonce Envoyer à un ami Partager sur Facebook Twitter LinkedIn Retour à la page précédente
7496005,https://www.marocannonces.com/categorie/314/Voitures-occasion/annonce/7496005/kangoo-سيارة-نقية.html,marocannonces,2026-10-02,2026-10-02 02:47:27,kangoo سيارة نقية,Renault,Kangoo,,2011.0,,Diesel,,,,Occasion,,,Particulier,0698991544,1d5a9dda27d138c91e350c309ea869ccb6031f9240637dfb398f9a35a605e0b6,Fès,Fès-Meknès,90000.0,3.0,90 000 DH kangoo سيارة نقية Fès Vue: 40 Annonce N°: 7496005 Marque: Renault Modèle: Kangoo Année : 2011 Carburant  : Diesel Ville : Fès Detail de l'annonce : Kango Dci Renault Fes 129000 km Montage bara Modl 2011 Prix 90000dh Tel 0698991544 Annonceur : Utilisateur Répondre l'annonceur Imprimer Signaler cette annonce Envoyer à un ami Partager sur Facebook Twitter LinkedIn Retour à la page précédente
7495926,https://www.marocannonces.com/categorie/314/Voitures-occasion/annonce/7495926/Hyundai-Accent-Diesel-2013.html,marocannonces,2026-10-02,2026-10-02 02:47:27,Hyundai Accent Diesel -2013,Hyundai,Accent,,2013.0,143000.0,Diesel,,05-07 chevaux,,Occasion,,,Particulier,,,Casablanca,Casablanca-Settat,100000.0,3.0,"100 000 DH Hyundai Accent Diesel -2013 Casablanca Vue: 71 Annonce N°: 7495926 Marque: Hyundai Modèle: Accent Année : 2013 Kilométrage : 143000 Carburant  : Diesel Puissance : 05-07 chevaux Ville : Casablanca Detail de l'annonce : Voiture à faible consommation, 6 CV, couleur noir métallisé, toutes options : Clim, Bluetouth, ABS, Jantes aluminium, Vitres électriques, vitesse 6eme, entretien exclusive chez la maison Hyundai, Intermédiaire s'abstenir, prix légèrement négociable. Annonceur : nabil Répondre l'annonceur Imprimer Signaler cette annonce Envoyer à un ami Partager sur Facebook Twitter LinkedIn Retour à la page précédente"
7495675,https://www.marocannonces.com/categorie/314/Voitures-occasion/annonce/7495675/BMW-SERIE-3.html,marocannonces,2026-10-02,2026-10-02 02:47:28,BMW SERIE 3,BMW,Serie 3,,1996.0,,Diesel,,08-10 chevaux,,Neuf,,,Particulier,,,Casablanca,Casablanca-Settat,38000.0,6.0,38 000 DH BMW SERIE 3 Casablanca Vue: 66 Annonce N°: 7495675 Marque: BMW Modèle: Serie 3 Année : 1996 Carburant  : Diesel Puissance : 08-10 chevaux Ville : Casablanca Detail de l'annonce : Bonjour je mets en vente ma belle voiture bmw serie 3 model 1996 en très bon état jamais accidentée tt option sauf climatisation vitres electrique volant assistée centralise peinture originale et moteur neuf carrosserie neuf très economique et rien à signaler. pour plus d info contacte moi Annonceur : nabil Répondre l'annonceur Imprimer Signaler cette annonce Envoyer à un ami Partager sur Facebook Twitter LinkedIn Retour à la page précédente
7495634,https://www.marocannonces.com/categorie/314/Voitures-occasion/annonce/7495634/C15-citroen.html,marocannonces,2026-10-02,2026-10-02 02:47:29,C15 citroen,Citroën,C15,,1983.0,160000.0,Diesel,,05-07 chevaux,,Occasion,,,Particulier,,,Safi,Marrakech-Safi,45000.0,1.0,45 000 DH C15 citroen Safi Vue: 30 Annonce N°: 7495634 Marque: Citroen Modèle: C15 Année : 1983 Kilométrage : 160000 Carburant  : Diesel Puissance : 05-07 chevaux Ville : Safi Detail de l'annonce : Je mets en vente ma voiture c15 bonne état. marche bien Annonceur : Abdellah Répondre l'annonceur Imprimer Signaler cette annonce Envoyer à un ami Partager sur Facebook Twitter LinkedIn Retour à la page précédente
5216232,https://www.marocannonces.com/categorie/314/Voitures-occasion/annonce/5216232/Volvo-s60-diesel.html,marocannonces,2026-10-02,2026-10-02 02:47:30,Volvo s60 diesel,Volvo,S60,,2010.0,47000.0,Diesel,,08-10 chevaux,,Occasion,,,Particulier,,,Casablanca,Casablanca-Settat,80000.0,1.0,80 000 DH Volvo s60 diesel Casablanca Vue: 12 Annonce N°: 5216232 Marque: Volvo Modèle: S60 Année : 2010 Kilométrage : 47000 Carburant  : Diesel Puissance : 08-10 chevaux Ville : Casablanca Detail de l'annonce : Volvo s60 diesel en très bon état; pas de réparation a prévoir . . . . . . . . . . . . . Annonceur : Had Répondre l'annonceur Imprimer Signaler cette annonce Envoyer à un ami Partager sur Facebook Twitter LinkedIn Retour à la page précédente
5216196,https://www.marocannonces.com/categorie/314/Voitures-occasion/annonce/5216196/Volkswagen-Golf-4-Diesel.html,marocannonces,2026-10-02,2026-10-02 02:47:31,Volkswagen Golf 4 Diesel,Volkswagen,Golf,,2003.0,199000.0,Diesel,,08-10 chevaux,Dédouanée,Occasion,,,Particulier,,,Casablanca,Casablanca-Settat,117000.0,5.0,"117 000 DH Volkswagen Golf 4 Diesel Casablanca Vue: 16 Annonce N°: 5216196 Marque: Volkswagen Modèle: Golf Année : 2003 Kilométrage : 199000 Carburant  : Diesel Puissance : 08-10 chevaux Ville : Casablanca Detail de l'annonce : A vendre golf 4 tdi 130cv année 2003  dédouanée 2010  boîte5 moteur très propre avec une faible consommation, toute option, vidange et changement des filtres systématique Merci d'appeler pour toute information. Prix négociable dans les limites . . . . . . . . . . . . . Annonceur : khadija Répondre l'annonceur Imprimer Signaler cette annonce Envoyer à un ami Partager sur Facebook Twitter LinkedIn Retour à la page précédente"
7495334,https://www.marocannonces.com/categorie/314/Voitures-occasion/annonce/7495334/nissan-juke.html,marocannonces,2026-10-02,2026-10-02 02:47:32,nissan juke,Nissan,Juke,,2013.0,90000.0,Diesel,,05-07 chevaux,,Occasion,,,Particulier,,,Casablanca,Casablanca-Settat,100000.0,2.0,100 000 DH nissan juke Casablanca Vue: 126 Annonce N°: 7495334 Marque: Nissan Modèle: Juke Année : 2013 Kilométrage : 90000 Carburant  : Diesel Puissance : 05-07 chevaux Ville : Casablanca Detail de l'annonce : Catégories : 4x4 Puissance : 110 CH / 81 kW Nombre de cylindres : - Nombre de portes : 5 Poids : - Émission CO2 : 109 g/km Couleur : - Cylindrée : 1.461 cm³ Norme d'émission : - Voiture accidentée : non Contrôle tech. jusqu Bluetooth Système de navigation Système d'assistance au parking/PDC Cuir 6 vitesses Phares anti-brouillard Téléphone Couleur: rouge  Émission de CO2 (en g/km): 109 g/km 5 portes Traction avant Annonceur : lamarti Répondre l'annonceur Imprimer Signaler cette annonce Envoyer à un ami Partager sur Facebook Twitter LinkedIn Retour à la page précédente
7495282,https://www.marocannonces.com/categorie/314/Voitures-occasion/annonce/7495282/Ford-c-max-16-tdci-moteur-115ch.html,marocannonces,2026-10-02,2026-10-02 02:47:33,Ford c max 1.6 tdci moteur 115ch,Ford,C-Max,,2013.0,103780.0,Diesel,Automatique,05-07 chevaux,,Neuf,,,Particulier,,,Rabat,Rabat-Salé-Kénitra,125000.0,8.0,"125 000 DH Ford c max 1.6 tdci moteur 115ch Rabat Vue: 42 Annonce N°: 7495282 Marque: Ford Modèle: C-Max Année : 2013 Kilométrage : 103780 Carburant  : Diesel Puissance : 05-07 chevaux Ville : Rabat Detail de l'annonce : Je met en vente ford c max mise en circulation le 27/09/2012 en très bonne état ,pneu neuf ,eur et régulateur de vitesse ,6 rapport puissance moteur 115 ch ,volan cuir multifonction, rabattable en 3 niveau,détecteur de pluie, allumage automatique ,commande vocale ,bluetooth,climatisation automatique bi zone ,annance aux sérieux ,intermédiaires s'abstenir, prix légèrement négociable Annonceur : Driouichkamal Répondre l'annonceur Imprimer Signaler cette annonce Envoyer à un ami Partager sur Facebook Twitter LinkedIn Retour à la page précédente"
6037641,https://www.marocannonces.com/categorie/314/Voitures-occasion/annonce/6037641/Vw-golf-3-diesel-1995.html,marocannonces,2026-10-02,2026-10-02 02:47:34,Vw golf 3 diesel 1995,Volkswagen,Golf,,1995.0,,,,,,Occasion,,,Particulier,,,Larache,Tanger-Tétouan-Al Hoceïma,46000.0,4.0,46 000 DH Vw golf 3 diesel 1995 Larache Vue: 19 Annonce N°: 6037641 Marque: Volkswagen Modèle: Golf Detail de l'annonce : je met mon voiture glof 3 a vente j'abite a ksar el kebir a cote de larache voiture en bon etat faible consomation janaite alluminuime. salon propre vitre electrique . farosse dorigine . centralisé. . . . . . . . Annonceur : laroussi Répondre l'annonceur Imprimer Signaler cette annonce Envoyer à un ami Partager sur Facebook Twitter LinkedIn Retour à la page précédente
7436527,https://www.marocannonces.com/categorie/314/Voitures-occasion/annonce/7436527/Fiat-500x.html,marocannonces,2026-10-02,2026-10-02 02:47:35,Fiat 500x,Fiat,500,,2017.0,13000.0,Diesel,,05-07 chevaux,,Occasion,1,,Particulier,,,Casablanca,Casablanca-Settat,190000.0,4.0,"190 000 DH Fiat 500x Casablanca Vue: 30 Annonce N°: 7436527 Marque: Fiat Modèle: 500 Année : 2017 Kilométrage : 13000 Carburant  : Diesel Puissance : 05-07 chevaux Ville : Casablanca Detail de l'annonce : Je mets en vente ma Fiat 500x en tres bon etat , premiere main ,Avril 2017 , carnet d entretien à jour , facture à l'appui . Moteur1.6 Multijet 120 , CarrosserieSUV urbain , 6 Airbags ,ABS,ANTIPATINAGE,ESP,Aide au freinage d'urgence , antidemarrage electronique, 3 modes de conduite , aide au demarrage en cote ,Phares antibrouillard,carosserie modele 2018, Préparation ISOFIX, Détecteur de sous-gonflage,Fermeture de portes en roulant, Start & Stop, Ordinateur de bord, Régulateur de vitesse, Frein à main électrique, Ecran tactile, Instrumentation de bord digitale, Aide au stationnement arriere, Banquette arrière rabattable 1/3-2/3, Commandes au volant, Rétroviseurs électriques, Volant réglable Hauteur et Profondeur, Bluetooth, Feux de jour,radar de recul ... Annonceur : Soukaina Répondre l'annonceur Imprimer Signaler cette annonce Envoyer à un ami Partager sur Facebook Twitter LinkedIn Retour à la page précédente"
7494885,https://www.marocannonces.com/categorie/314/Voitures-occasion/annonce/7494885/Ford-mondeo-diesel.html,marocannonces,2026-10-02,2026-10-02 02:47:36,Ford mondeo diesel,Ford,Mondeo,,2014.0,70000.0,Diesel,Manuelle,08-10 chevaux,,Occasion,1,,Particulier,0626810842,162e8f3595700f2985034556689f16f38fec17c25f2f130f0b9d023e404a1874,Tanger,Tanger-Tétouan-Al Hoceïma,,5.0,"Prix : N/A Ford mondeo diesel Tanger Vue: 35 Annonce N°: 7494885 Marque: Ford Modèle: Mondeo Année : 2014 Kilométrage : 70000 Carburant  : Diesel Puissance : 08-10 chevaux Ville : Tanger Detail de l'annonce : •	Je mets en vente ma voiture ford mondeo diesel version titanium en excellent état toutes options 1ER main entretien maison   model fin 2014 manuelle 8 ch tout option salon en cuire vitres électriques volant multifonctions clim digital radar de recule limiteur de vitesse joinat aliminyom  . faible conssomation voiture tres bien entretenue. Parfaite peinture d'origine. et d'autres options Pour de plus d'informations, n'hésitez pas a nous contacter 0626810842 Annonceur : hasan Répondre l'annonceur Imprimer Signaler cette annonce Envoyer à un ami Partager sur Facebook Twitter LinkedIn Retour à la page précédente"
7494875,https://www.marocannonces.com/categorie/314/Voitures-occasion/annonce/7494875/Peugeot-205.html,marocannonces,2026-10-02,2026-10-02 02:47:37,Peugeot 205,Peugeot,205,,1988.0,,Diesel,,05-07 chevaux,,Occasion,,,Particulier,,,Fès,Fès-Meknès,28000.0,4.0,28 000 DH Peugeot 205 Fès Vue: 97 Annonce N°: 7494875 Marque: Peugeot Modèle: 205 Année : 1988 Carburant  : Diesel Puissance : 05-07 chevaux Ville : Fès Detail de l'annonce : Voiture bonne etat batterie jdid salon jdid moteur a marche Annonceur : hicham bi Répondre l'annonceur Imprimer Signaler cette annonce Envoyer à un ami Partager sur Facebook Twitter LinkedIn Retour à la page précédente
7494854,https://www.marocannonces.com/categorie/314/Voitures-occasion/annonce/7494854/Ford-c-max.html,marocannonces,2026-10-02,2026-10-02 02:47:38,Ford c max,Ford,C-Max,,2013.0,103780.0,Diesel,Automatique,05-07 chevaux,,Neuf,,,Particulier,,,Rabat,Rabat-Salé-Kénitra,125000.0,8.0,"125 000 DH Ford c max Rabat Vue: 42 Annonce N°: 7494854 Marque: Ford Modèle: C-Max Année : 2013 Kilométrage : 103780 Carburant  : Diesel Puissance : 05-07 chevaux Ville : Rabat Detail de l'annonce : bonne état ,pneu neuf ,limiteur et régulateur de vitesse ,6 rapport puissance moteur 115 ch ,volan cuir multifonction, rabattable en 3 niveau,détecteur de pluie, allumage automatique ,commande vocale ,bluetooth,climatisation automatique bi zone ,annance aux sérieux ,intermédiaires s'abstenir, prix légèrement négociable Annonceur : Driouich kamal Répondre l'annonceur Imprimer Signaler cette annonce Envoyer à un ami Partager sur Facebook Twitter LinkedIn Retour à la page précédente"
7494827,https://www.marocannonces.com/categorie/314/Voitures-occasion/annonce/7494827/Ford-Focus-3-Berline.html,marocannonces,2026-10-02,2026-10-02 02:47:39,Ford Focus 3 Berline,Ford,Focus,,2012.0,110000.0,Diesel,Manuelle,05-07 chevaux,,Occasion,,,Particulier,,,Casablanca,Casablanca-Settat,135000.0,8.0,"135 000 DH Ford Focus 3 Berline Casablanca Vue: 37 Annonce N°: 7494827 Marque: Ford Modèle: Focus Année : 2012 Kilométrage : 110 000 Carburant  : Diesel Puissance : 05-07 chevaux Ville : Casablanca Detail de l'annonce : Information du véhicule: kilomètre:110 000 Boite de vitesse: Manuelle Carburant: Diesel Carrosserie: Berlines Puissance: 6 Cylindres: 4 Portes: 4 Portes Options du véhicule: système de protection intelligent assistance au freinage d'urgence, airbags frontaux et latérax, Ford Easy Fuel, volant 4 branches multifonctions, ordinateur de bord multifonction, radio CD avec afficheur 3,5 et 6 H-P, prise USB, phone, jantes alu 16. Annonceur : Mohammed ABOURAK Répondre l'annonceur Imprimer Signaler cette annonce Envoyer à un ami Partager sur Facebook Twitter LinkedIn Retour à la page précédente"
7001050,https://www.marocannonces.com/categorie/314/Voitures-occasion/annonce/7001050/Citroën-c5-diesel-bva.html,marocannonces,2026-10-02,2026-10-02 02:47:40,Citroën  c5 diesel bva,Citroën,C5,,2009.0,120000.0,Diesel,Automatique,08-10 chevaux,,Neuf,,,Particulier,,,Casablanca,Casablanca-Settat,99000.0,6.0,"99 000 DH Citroën  c5 diesel bva Casablanca Vue: 30 Annonce N°: 7001050 Marque: Citroen Modèle: C5 Année : 2009 Kilométrage : 120000 Carburant  : Diesel Puissance : 08-10 chevaux Ville : Casablanca Detail de l'annonce : Salam, je mets en vente une citroën c5 automatique couleur bleu marin full option : radar avant / arrière / droite et gauche mesure de stationnement climatisation digital bizone pour siège avant et arrière commandes radio, limiteur de vitesse au volant détecteur de pluie détecteur de nuit essuies glass automatique, 8 airbag 4 vitres électriques bluetooth d'origine, rétroviseurs automatique et rabattables jantes en aluminium 17 pousses d'origine + 4 pneus + 4 sphères neufs citroën sièges ( isofix ) très confortables 2 clefs d'origine avec motorisation 2.0 hdi 163 chevaux très puissant, prix très raisonnable vignette 2017 payée+ entretien maison mercdess c220    bmw 318 d bmw 320  opel   peugeot   alfaromeo Annonceur : MED Répondre l'annonceur Imprimer Signaler cette annonce Envoyer à un ami Partager sur Facebook Twitter LinkedIn Retour à la page précédente"
7494535,https://www.marocannonces.com/categorie/314/Voitures-occasion/annonce/7494535/cetroen-jumper.html,marocannonces,2026-10-02,2026-10-02 02:47:41,cetroen jumper,Citroën,Jumper,,2001.0,240000.0,Diesel,,08-10 chevaux,,Occasion,,,Particulier,,,Casablanca,Casablanca-Settat,82000.0,4.0,"82 000 DH cetroen jumper Casablanca Vue: 50 Annonce N°: 7494535 Marque: Citroen Modèle: Jumper Année : 2001 Kilométrage : 240000 Carburant  : Diesel Puissance : 08-10 chevaux Ville : Casablanca Detail de l'annonce : Bonjour je suis bachir je mets en vente ma citroen jumper,merci de me contacter Annonceur : bachir elbi Répondre l'annonceur Imprimer Signaler cette annonce Envoyer à un ami Partager sur Facebook Twitter LinkedIn Retour à la page précédente"
7494482,https://www.marocannonces.com/categorie/314/Voitures-occasion/annonce/7494482/LEXUS-LX-570-ESSENCE-CASABLANCA-2010.html,marocannonces,2026-10-02,2026-10-02 02:47:41,LEXUS LX 570 ESSENCE CASABLANCA 2010,Lexus,RX 300,,2010.0,65427.0,Essence,Automatique,,Dédouanée,Occasion,,,Particulier,,,Casablanca,Casablanca-Settat,420000.0,5.0,"420 000 DH LEXUS LX 570 ESSENCE CASABLANCA 2010 Casablanca Vue: 128 Annonce N°: 7494482 Marque: Lexus Modèle: RX 300 Année : 2010 Kilométrage : 65427 Carburant  : Essence Ville : Casablanca Detail de l'annonce : Cause Départ Marque : Lexus Modèle : LX 570 Année : 2010 Kilométrage : 65427 Type de carrosserie : Break Couleur : Argent Carburant : Essence Transmission : Automatique Cylindrée du moteur : 8.0 Puissance fiscale: Supérieure à 33 Etat douanier : dédouanée Matricule : Maroc Toutes options 7 Places, en très bon état. Récemment peint. Prix Sacrifié, légèrement néociable Annonceur : Alex Répondre l'annonceur Imprimer Signaler cette annonce Envoyer à un ami Partager sur Facebook Twitter LinkedIn Retour à la page précédente"
7494060,https://www.marocannonces.com/categorie/314/Voitures-occasion/annonce/7494060/peugeot-307.html,marocannonces,2026-10-02,2026-10-02 02:47:43,peugeot 307,Peugeot,307,,,,,,,,Occasion,,,Particulier,,,Casablanca,Casablanca-Settat,55000.0,3.0,55 000 DH peugeot 307 Casablanca Vue: 44 Annonce N°: 7494060 Marque: Peugeot Modèle: 307 Detail de l'annonce : Très bon état Peugeot 307 essence  bien entretenue. Toutes options. Boite à gants frigorifique.clim. Abs .airbags.volant assisté. Vignette payée 700dh.vidange +filtre. pneu récemment change Aucune réparation à prévoir. Annonceur : vendeur Répondre l'annonceur Imprimer Signaler cette annonce Envoyer à un ami Partager sur Facebook Twitter LinkedIn Retour à la page précédente
7448307,https://www.marocannonces.com/categorie/314/Voitures-occasion/annonce/7448307/fiat-uno.html,marocannonces,2026-10-02,2026-10-02 02:47:44,fiat uno,Fiat,Uno,,1997.0,200000.0,Diesel,,05-07 chevaux,,Occasion,,,Particulier,,,Casablanca,Casablanca-Settat,25000.0,3.0,"25 000 DH fiat uno Casablanca Vue: 52 Annonce N°: 7448307 Marque: Fiat Modèle: Uno Année : 1997 Kilométrage : 200000 Carburant  : Diesel Puissance : 05-07 chevaux Ville : Casablanca Detail de l'annonce : salam ; a vendre fiat uno diesel 1997 , etat normal ; li bgha isawal marhba Annonceur : brahim Répondre l'annonceur Imprimer Signaler cette annonce Envoyer à un ami Partager sur Facebook Twitter LinkedIn Retour à la page précédente"
7494226,"https://www.marocannonces.com/categorie/314/Voitures-occasion/annonce/7494226/Guillieta,.html",marocannonces,2026-10-02,2026-10-02 02:47:45,"Guillieta,",Alfa Romeo,GUILIA,,2012.0,37000.0,Diesel,,08-10 chevaux,,Occasion,,,Particulier,,,Casablanca,Casablanca-Settat,150000.0,2.0,"150 000 DH Guillieta, Casablanca Vue: 38 Annonce N°: 7494226 Marque: Alfa Romeo Modèle: GUILIA Année : 2012 Kilométrage : 37000 Carburant  : Diesel Puissance : 08-10 chevaux Ville : Casablanca Detail de l'annonce : Guillieta, a très peu roulé, très bien entretenue. excellente occasion Annonceur : GUESSOUS Répondre l'annonceur Imprimer Signaler cette annonce Envoyer à un ami Partager sur Facebook Twitter LinkedIn Retour à la page précédente"
7494098,https://www.marocannonces.com/categorie/314/Voitures-occasion/annonce/7494098/Renault-Kangoo-Explore.html,marocannonces,2026-10-02,2026-10-02 02:47:46,Renault Kangoo Explore,Renault,Kangoo,,2016.0,30160.0,Diesel,,05-07 chevaux,,Occasion,,,Particulier,,,Kénitra,Rabat-Salé-Kénitra,142000.0,8.0,142 000 DH Renault Kangoo Explore Kénitra Vue: 49 Annonce N°: 7494098 Marque: Renault Modèle: Kangoo Année : 2016 Kilométrage : 30160 km Carburant  : Diesel Puissance : 05-07 chevaux Ville : Kénitra Detail de l'annonce : Renault Kangoo Explore  Diesel avec radar de recule .camera de routes . ABS Clim 5 porte Annonceur : yasine Répondre l'annonceur Imprimer Signaler cette annonce Envoyer à un ami Partager sur Facebook Twitter LinkedIn Retour à la page précédente
7494029,https://www.marocannonces.com/categorie/314/Voitures-occasion/annonce/7494029/Renault-capture.html,marocannonces,2026-10-02,2026-10-02 02:47:47,Renault capture,Renault,Scenic,,2015.0,61000.0,Diesel,,05-07 chevaux,,Occasion,,,Particulier,,,El jadida,Casablanca-Settat,143000.0,5.0,143 000 DH Renault capture El jadida Vue: 32 Annonce N°: 7494029 Marque: Renault Modèle: Scenic Année : 2015 Kilométrage : 61000km Carburant  : Diesel Puissance : 05-07 chevaux Ville : El jadida Detail de l'annonce : Vente de voiture Renault capture intense de très bonnes état tt options ou reprise Annonceur : Omaima Répondre l'annonceur Imprimer Signaler cette annonce Envoyer à un ami Partager sur Facebook Twitter LinkedIn Retour à la page précédente
7494022,https://www.marocannonces.com/categorie/314/Voitures-occasion/annonce/7494022/Ford-Focus-2012.html,marocannonces,2026-10-02,2026-10-02 02:47:48,Ford Focus 2012,Ford,Focus,,2012.0,107.0,Diesel,,05-07 chevaux,,Occasion,,,Particulier,,,El jadida,Casablanca-Settat,118000.0,5.0,"118 000 DH Ford Focus 2012 El jadida Vue: 29 Annonce N°: 7494022 Marque: Ford Modèle: Focus Année : 2012 Kilométrage : 107.000 Carburant  : Diesel Puissance : 05-07 chevaux Ville : El jadida Detail de l'annonce : Bonjour, je mets en vente ma Ford Focus 2012, en très bonne état, pas de réparation à prévoir, couleur noir métallisé, 6 CV. Annonceur : Zakaria Répondre l'annonceur Imprimer Signaler cette annonce Envoyer à un ami Partager sur Facebook Twitter LinkedIn Retour à la page précédente"
7493985,https://www.marocannonces.com/categorie/314/Voitures-occasion/annonce/7493985/mercedes-benz-250-class-douanaen-2011.html,marocannonces,2026-10-02,2026-10-02 02:47:49,mercedes benz 250 class douanaen 2011,Mercedes-Benz,250,,1995.0,351403.0,Diesel,,08-10 chevaux,,Occasion,,,Particulier,,,Casablanca,Casablanca-Settat,70000.0,2.0,"70 000 DH mercedes benz 250 class douanaen 2011 Casablanca Vue: 35 Annonce N°: 7493985 Marque: Mercedes-Benz Modèle: 250 Année : 1995 Kilométrage : 351403 Carburant  : Diesel Puissance : 08-10 chevaux Ville : Casablanca Detail de l'annonce : Bonjour cher clien met en vente une mercedes benz série 250 class , modèle2011   , salon cuir Annonceur : mohemed meknassi Répondre l'annonceur Imprimer Signaler cette annonce Envoyer à un ami Partager sur Facebook Twitter LinkedIn Retour à la page précédente"
7493822,https://www.marocannonces.com/categorie/314/Voitures-occasion/annonce/7493822/Peugeot-308.html,marocannonces,2026-10-02,2026-10-02 02:47:49,Peugeot 308,Peugeot,309,,1987.0,100000.0,Diesel,,05-07 chevaux,,Occasion,,,Particulier,,,Casablanca,Casablanca-Settat,31000.0,4.0,"31 000 DH Peugeot 308 Casablanca Vue: 22 Annonce N°: 7493822 Marque: Peugeot Modèle: 309 Année : 1987 Kilométrage : 100000 Carburant  : Diesel Puissance : 05-07 chevaux Ville : Casablanca Detail de l'annonce : Je vends ma voiture 309 modele 87 , douane 97 en bonne etat , bien entretenue ,jamais accidentée , prix négociable Annonceur : Harti youssef Répondre l'annonceur Imprimer Signaler cette annonce Envoyer à un ami Partager sur Facebook Twitter LinkedIn Retour à la page précédente"
7493810,https://www.marocannonces.com/categorie/314/Voitures-occasion/annonce/7493810/Honda-CR-V-À-VENDRE.html,marocannonces,2026-10-02,2026-10-02 02:47:50,Honda CR-V À VENDRE,Honda,CR-V,,2011.0,120000.0,Diesel,Automatique,08-10 chevaux,,Occasion,,,Particulier,,,Casablanca,Casablanca-Settat,135800.0,3.0,135 800 DH Honda CR-V À VENDRE Casablanca Vue: 37 Annonce N°: 7493810 Marque: Honda Modèle: CR-V Année : 2011 Kilométrage : 120000 Carburant  : Diesel Puissance : 08-10 chevaux Ville : Casablanca Detail de l'annonce : Honda CR-V automatique modele 2011 Annonceur : Abdelkader Répondre l'annonceur Imprimer Signaler cette annonce Envoyer à un ami Partager sur Facebook Twitter LinkedIn Retour à la page précédente
7493795,https://www.marocannonces.com/categorie/314/Voitures-occasion/annonce/7493795/GOLF-6-16-tdi-À-VENDRE.html,marocannonces,2026-10-02,2026-10-02 02:47:51,GOLF 6 1.6 tdi À VENDRE,Volkswagen,Golf,,2012.0,170000.0,Diesel,,05-07 chevaux,,Occasion,,,Particulier,,,Casablanca,Casablanca-Settat,125000.0,5.0,125 000 DH GOLF 6 1.6 tdi À VENDRE Casablanca Vue: 35 Annonce N°: 7493795 Marque: Volkswagen Modèle: Golf Année : 2012 Kilométrage : 170000 Carburant  : Diesel Puissance : 05-07 chevaux Ville : Casablanca Detail de l'annonce : 1.6 tdi 5 vitesse Modèle 2012 Maroc أ72 170000km réal compteur Jaunette aluminium 16 Xeno +anti-brouillard Vitres avant électriques Radar de recul Trois écrans tactiles Casquette (déflecteur pare brise arrière) +vitres fumées cache rétroviseur+cache poignée Volant multi fonctions Annonceur : Abdelkader Répondre l'annonceur Imprimer Signaler cette annonce Envoyer à un ami Partager sur Facebook Twitter LinkedIn Retour à la page précédente
7493765,"https://www.marocannonces.com/categorie/314/Voitures-occasion/annonce/7493765/Megane-2-dci-1,5-climatisé,première-main.html",marocannonces,2026-10-02,2026-10-02 02:47:53,"Megane 2 dci 1,5 climatisé,première main",Renault,Megane,,2006.0,200000.0,Diesel,,05-07 chevaux,,Occasion,1,,Particulier,,,Casablanca,Casablanca-Settat,68000.0,1.0,"68 000 DH Megane 2 dci 1,5 climatisé,première main Casablanca Vue: 20 Annonce N°: 7493765 Marque: Renault Modèle: Megane Année : 2006 Kilométrage : 200000 Carburant  : Diesel Puissance : 05-07 chevaux Ville : Casablanca Detail de l'annonce : Vend megane 2 dci 1,5 climatisé,première main,année 08/2016.prix: 68000 dhs Annonceur : Si Mohamed Répondre l'annonceur Imprimer Signaler cette annonce Envoyer à un ami Partager sur Facebook Twitter LinkedIn Retour à la page précédente"
7493668,https://www.marocannonces.com/categorie/314/Voitures-occasion/annonce/7493668/Mercedes-c-220-diesel.html,marocannonces,2026-10-02,2026-10-02 02:47:53,Mercedes c 220 diesel,Mercedes-Benz,C220,,2012.0,94000.0,Diesel,Automatique,05-07 chevaux,Dédouanée,Occasion,,,Particulier,,,Casablanca,Casablanca-Settat,270000.0,5.0,"270 000 DH Mercedes c 220 diesel Casablanca Vue: 39 Annonce N°: 7493668 Marque: Mercedes-Benz Modèle: C220 Année : 2012 Kilométrage : 94000 Carburant  : Diesel Puissance : 05-07 chevaux Ville : Casablanca Detail de l'annonce : Je mets en vente une mercedes c 220 diesel  année 2012 dédouanée 2013 (allemagne) très bonne etat. couleur noire ,vitesse automatique , bonne allure et 94000 km seulement. les intermédiaires s' abstenir merci. Annonceur : Arif  Med Répondre l'annonceur Imprimer Signaler cette annonce Envoyer à un ami Partager sur Facebook Twitter LinkedIn Retour à la page précédente"
7493634,https://www.marocannonces.com/categorie/314/Voitures-occasion/annonce/7493634/VENTE-AUDI-Q3-NON-DEDOUANE.html,marocannonces,2026-10-02,2026-10-02 02:47:54,VENTE AUDI Q3 / NON DEDOUANE,Audi,Q3,,2014.0,80000.0,Diesel,Automatique,,Dédouanée,Neuf,,,Particulier,,,Tanger,Tanger-Tétouan-Al Hoceïma,170000.0,3.0,"170 000 DH VENTE AUDI Q3 / NON DEDOUANE Tanger Vue: 68 Annonce N°: 7493634 Marque: Audi Modèle: Q3 Année : 2014 Kilométrage : 80000 Carburant  : Diesel Ville : Tanger Detail de l'annonce : Je met en vente une voiture Audi Q3 tdi 2.0  non dédouanée automatique en bonne état 1 er main , toute neuve , vitres électriques et climatisation . 170 000 Dhs Prix Négociable (pour ceux qui sont intéressées veuillez me contactez au privé ) Annonceur : Jihane Répondre l'annonceur Imprimer Signaler cette annonce Envoyer à un ami Partager sur Facebook Twitter LinkedIn Retour à la page précédente"
7493377,https://www.marocannonces.com/categorie/314/Voitures-occasion/annonce/7493377/Vw-passat-cc.html,marocannonces,2026-10-02,2026-10-02 02:47:55,Vw passat cc,Volkswagen,PASSAT CC,,2010.0,160000.0,Diesel,Manuelle,08-10 chevaux,,Occasion,,,Particulier,,,Khenifra,Béni Mellal-Khénifra,167000.0,7.0,167 000 DH Vw passat cc Khenifra Vue: 55 Annonce N°: 7493377 Marque: Volkswagen Modèle: PASSAT CC Année : 2010 Kilométrage : 160000 Carburant  : Diesel Puissance : 08-10 chevaux Ville : Khenifra Detail de l'annonce : Passat cc modèle 2010 manuelle blad tte options jamais accidenté peinture d'origine avec possibilité de reprise avec clio 4 ou ford fiesta ou opel astra Annonceur : Youssef ben Répondre l'annonceur Imprimer Signaler cette annonce Envoyer à un ami Partager sur Facebook Twitter LinkedIn Retour à la page précédente
7493350,https://www.marocannonces.com/categorie/314/Voitures-occasion/annonce/7493350/Mercedes-c250-a-vendre.html,marocannonces,2026-10-02,2026-10-02 02:47:56,Mercedes c250 a vendre,Mercedes-Benz,Classe C,,1998.0,120000.0,Diesel,,08-10 chevaux,,Occasion,,,Particulier,,,Nador,Oriental,70800.0,5.0,"70 800 DH Mercedes c250 a vendre Nador Vue: 67 Annonce N°: 7493350 Marque: Mercedes-Benz Modèle: Classe C Année : 1998 Kilométrage : 120000 Carburant  : Diesel Puissance : 08-10 chevaux Ville : Nador Detail de l'annonce : Bonjour je suis yassine je vends ma voiture mercedes c250 ,vitre electrique,airbag,toutes option,merci de me contacter Annonceur : Yassine Répondre l'annonceur Imprimer Signaler cette annonce Envoyer à un ami Partager sur Facebook Twitter LinkedIn Retour à la page précédente"
7493315,https://www.marocannonces.com/categorie/314/Voitures-occasion/annonce/7493315/Vente-de-voiture-Peugeot-508.html,marocannonces,2026-10-02,2026-10-02 02:47:57,Vente de voiture Peugeot 508,Peugeot,508,,2017.0,40000.0,Diesel,,05-07 chevaux,,Neuf,,,Particulier,,,Rabat,Rabat-Salé-Kénitra,194000.0,1.0,194 000 DH Vente de voiture Peugeot 508 Rabat Vue: 23 Annonce N°: 7493315 Marque: Peugeot Modèle: 508 Année : 2017 Kilométrage : 40000 Carburant  : Diesel Puissance : 05-07 chevaux Ville : Rabat Detail de l'annonce : Je mets en vente une voiture Peugeot 508 modèle 2017 toute neuf toutes options noir diamant prix résonable Annonceur : Utilisateur Répondre l'annonceur Imprimer Signaler cette annonce Envoyer à un ami Partager sur Facebook Twitter LinkedIn Retour à la page précédente
6159035,https://www.marocannonces.com/categorie/314/Voitures-occasion/annonce/6159035/Volkswagen-Golf-6-diesel-20.html,marocannonces,2026-10-02,2026-10-02 02:47:58,Volkswagen Golf 6 diesel 2.0,Volkswagen,Golf,,2012.0,56000.0,Diesel,Automatique,05-07 chevaux,Dédouanée,Occasion,,,Particulier,,,Casablanca,Casablanca-Settat,147000.0,3.0,"147 000 DH Volkswagen Golf 6 diesel 2.0 Casablanca Vue: 10 Annonce N°: 6159035 Marque: Volkswagen Modèle: Golf Année : 2012 Kilométrage : 56000 Carburant  : Diesel Puissance : 05-07 chevaux Ville : Casablanca Detail de l'annonce : Golf 6 2.0TDI Bluemotion HIGHL. Model 2012,Dédouané en 2015 /11; très bon état,peinture d'origine ; -Extinction automatique des essuie-glace -Allumage automatique des feux -Éclairage de jour -Phares anti-brouillard -Bluetooth et Écran tactile lectur cartes SD. -GPS AUX-IN. -volant multifonctions. -volant réglable en hauteur et en profondeur. -Climatronic bi-zone. -Rétroviseur électrique. -start-stop . . . . . . . . . . Annonceur : ahmed Répondre l'annonceur Imprimer Signaler cette annonce Envoyer à un ami Partager sur Facebook Twitter LinkedIn Retour à la page précédente"
6159028,https://www.marocannonces.com/categorie/314/Voitures-occasion/annonce/6159028/Huyndai-elentra-6-cv-à-vendre.html,marocannonces,2026-10-02,2026-10-02 02:47:59,Huyndai elentra 6 cv à vendre,Hyundai,Elantra,,2010.0,130000.0,Diesel,,05-07 chevaux,,Neuf,,,Particulier,,,Rabat,Rabat-Salé-Kénitra,93000.0,4.0,93 000 DH Huyndai elentra 6 cv à vendre Rabat Vue: 19 Annonce N°: 6159028 Marque: Hyundai Modèle: Elantra Année : 2010 Kilométrage : 130000 Carburant  : Diesel Puissance : 05-07 chevaux Ville : Rabat Detail de l'annonce : voiture suivie chez hunday;6cv-1.6 diesel.vitres elect;clim;centralisee;4 pneux;batterie neuve. couleur metalisee obergine.vignette:700 DH. . . . . . . . . . . Annonceur : ZIDOUH NOUREDDINE Répondre l'annonceur Imprimer Signaler cette annonce Envoyer à un ami Partager sur Facebook Twitter LinkedIn Retour à la page précédente
7492805,https://www.marocannonces.com/categorie/314/Voitures-occasion/annonce/7492805/Dacia-dokker.html,marocannonces,2026-10-02,2026-10-02 02:48:00,Dacia dokker,Dacia,Dokker,,2014.0,90000.0,Diesel,,05-07 chevaux,,Neuf,,,Particulier,,,Casablanca,Casablanca-Settat,85000.0,5.0,"85 000 DH Dacia dokker Casablanca Vue: 45 Annonce N°: 7492805 Marque: Dacia Modèle: Dokker Année : 2014 Kilométrage : 90000 Carburant  : Diesel Puissance : 05-07 chevaux Ville : Casablanca Detail de l'annonce : Bonjour je mets en vente ma voiture dacia dokker comme neuve,merci de me contacter Annonceur : Amine Répondre l'annonceur Imprimer Signaler cette annonce Envoyer à un ami Partager sur Facebook Twitter LinkedIn Retour à la page précédente"
7492675,https://www.marocannonces.com/categorie/314/Voitures-occasion/annonce/7492675/Renault-R25.html,marocannonces,2026-10-02,2026-10-02 02:48:01,Renault R25,Renault,R25,,1990.0,40000.0,Diesel,,08-10 chevaux,,Occasion,,,Particulier,,,Casablanca,Casablanca-Settat,32000.0,7.0,"32 000 DH Renault R25 Casablanca Vue: 39 Annonce N°: 7492675 Marque: Renault Modèle: R25 Année : 1990 Kilométrage : 40000 Carburant  : Diesel Puissance : 08-10 chevaux Ville : Casablanca Detail de l'annonce : renault 25 model 1990 . salon cuir électric, jenet aluminium, fenêtre électrique,abs, et plus d'option.... Annonceur : Omar Répondre l'annonceur Imprimer Signaler cette annonce Envoyer à un ami Partager sur Facebook Twitter LinkedIn Retour à la page précédente"
7492615,https://www.marocannonces.com/categorie/314/Voitures-occasion/annonce/7492615/Voiture-Honda-accord-a-vendre.html,marocannonces,2026-10-02,2026-10-02 02:48:02,Voiture Honda accord a vendre,Honda,Accord,,2000.0,100000.0,Essence,,08-10 chevaux,,Occasion,,,Particulier,,,Casablanca,Casablanca-Settat,35000.0,1.0,35 000 DH Voiture Honda accord a vendre Casablanca Vue: 18 Annonce N°: 7492615 Marque: Honda Modèle: Accord Année : 2000 Kilométrage : 100000 Carburant  : Essence Puissance : 08-10 chevaux Ville : Casablanca Detail de l'annonce : Voiture honda accord  2000 très bon état Annonceur : Voiture Répondre l'annonceur Imprimer Signaler cette annonce Envoyer à un ami Partager sur Facebook Twitter LinkedIn Retour à la page précédente
7426461,https://www.marocannonces.com/categorie/314/Voitures-occasion/annonce/7426461/Audi-A3-Diesel-2008.html,marocannonces,2026-10-02,2026-10-02 02:48:03,Audi A3 Diesel -2008,Audi,A3,,2008.0,,,Manuelle,,,Neuf,,,Particulier,,,Casablanca,Casablanca-Settat,118000.0,8.0,"118 000 DH Audi A3 Diesel -2008 Casablanca Vue: 40 Annonce N°: 7426461 Marque: Audi Modèle: A3 Detail de l'annonce : je vend ma Audi A3 propre très bonne état 2éme main Model 2008 Diesel 2L 6 vitesse manuel 8 chevaux 140ch 2 clés Climatiseur Poste multimédia Audi navigation plus. ABS,ESP Jantes 17"" Plaquettes de freins neufs récemment changées. Radars de véhicules stationnement ... pour les sérieux Besoin d’argent Annonceur : El idrissi Adil Répondre l'annonceur Imprimer Signaler cette annonce Envoyer à un ami Partager sur Facebook Twitter LinkedIn Retour à la page précédente"
7492612,https://www.marocannonces.com/categorie/314/Voitures-occasion/annonce/7492612/Peugeot-206.html,marocannonces,2026-10-02,2026-10-02 02:48:04,Peugeot 206,Peugeot,206,,2001.0,7686.0,Essence,,05-07 chevaux,,Occasion,,,Particulier,,,Casablanca,Casablanca-Settat,49000.0,2.0,49 000 DH Peugeot 206 Casablanca Vue: 40 Annonce N°: 7492612 Marque: Peugeot Modèle: 206 Année : 2001 Kilométrage : 7686 Carburant  : Essence Puissance : 05-07 chevaux Ville : Casablanca Detail de l'annonce : Peugeot 206 n9iya Annonceur : Hassan jamaly Répondre l'annonceur Imprimer Signaler cette annonce Envoyer à un ami Partager sur Facebook Twitter LinkedIn Retour à la page précédente
7489486,https://www.marocannonces.com/categorie/314/Voitures-occasion/annonce/7489486/Citroen-birlingo.html,marocannonces,2026-10-02,2026-10-02 02:48:05,Citroen birlingo,Citroën,Berlingo,,2011.0,140000.0,Diesel,,05-07 chevaux,,Neuf,,,Particulier,,,Taza,Fès-Meknès,70000.0,7.0,"70 000 DH Citroen birlingo Taza Vue: 32 Annonce N°: 7489486 Marque: Citroen Modèle: Berlingo Année : 2011 Kilométrage : 140000km Carburant  : Diesel Puissance : 05-07 chevaux Ville : Taza Detail de l'annonce : Belle voiture jamais accedente peinture  originale poste cd pioner vitre electrique retoviseur electrique centralise 5 pneu en bon etat choffage amarche bien 5 porte aucune reparatiôn a previor  moteur comme neuf ,merci de me contacter Annonceur : Youssef Répondre l'annonceur Imprimer Signaler cette annonce Envoyer à un ami Partager sur Facebook Twitter LinkedIn Retour à la page précédente"
7492135,https://www.marocannonces.com/categorie/314/Voitures-occasion/annonce/7492135/Picanto-bon-état-51000dh.html,marocannonces,2026-10-02,2026-10-02 02:48:06,Picanto bon état 51000dh,Kia,Picanto,,2006.0,105000.0,Essence,,05-07 chevaux,,Occasion,,,Particulier,,,Marrakech,Marrakech-Safi,51000.0,2.0,"51 000 DH Picanto bon état 51000dh Marrakech Vue: 53 Annonce N°: 7492135 Marque: Kia Modèle: Picanto Année : 2006 Kilométrage : 105000 Carburant  : Essence Puissance : 05-07 chevaux Ville : Marrakech Detail de l'annonce : je met en vente ma voiture modèle fin 2006 tout options en très bon état ,prix légèrement négociable pour plus d'information merci de m'appeler (samsara s'abstenir) Merci Annonceur : ettouabi said Répondre l'annonceur Imprimer Signaler cette annonce Envoyer à un ami Partager sur Facebook Twitter LinkedIn Retour à la page précédente"
7491801,https://www.marocannonces.com/categorie/314/Voitures-occasion/annonce/7491801/Vente-automobile.html,marocannonces,2026-10-02,2026-10-02 02:48:07,Vente automobile,Citroën,C15,,1989.0,,Diesel,,05-07 chevaux,,Neuf,,,Particulier,,,Agadir,Souss-Massa,2100.0,3.0,"2 100 DH Vente automobile Agadir Vue: 52 Annonce N°: 7491801 Marque: Citroen Modèle: C15 Année : 1989 Carburant  : Diesel Puissance : 05-07 chevaux Ville : Agadir Detail de l'annonce : Bonjour je vends    automobile moteur comme neuf , merci de me contacter Annonceur : Samir naouar Répondre l'annonceur Imprimer Signaler cette annonce Envoyer à un ami Partager sur Facebook Twitter LinkedIn Retour à la page précédente"
7491946,https://www.marocannonces.com/categorie/314/Voitures-occasion/annonce/7491946/Peugeot-206-hdi.html,marocannonces,2026-10-02,2026-10-02 02:48:08,Peugeot 206 hdi,Peugeot,206,,2009.0,280000.0,Diesel,,05-07 chevaux,,Occasion,,,Particulier,,,Casablanca,Casablanca-Settat,66000.0,4.0,"66 000 DH Peugeot 206 hdi Casablanca Vue: 50 Annonce N°: 7491946 Marque: Peugeot Modèle: 206 Année : 2009 Kilométrage : 280000 Carburant  : Diesel Puissance : 05-07 chevaux Ville : Casablanca Detail de l'annonce : Peugeot 206 hdi toute options (climat,jante...) model 2009,mafiha 7ta mochkil Annonceur : Mouad Répondre l'annonceur Imprimer Signaler cette annonce Envoyer à un ami Partager sur Facebook Twitter LinkedIn Retour à la page précédente"
7491504,https://www.marocannonces.com/categorie/314/Voitures-occasion/annonce/7491504/Vente-vw-golf-2012.html,marocannonces,2026-10-02,2026-10-02 02:48:09,Vente vw golf 2012,Volkswagen,GOLF+,,2012.0,114000.0,Diesel,,05-07 chevaux,WW au Maroc,Occasion,,,Particulier,,,Rabat,Rabat-Salé-Kénitra,130000.0,1.0,"130 000 DH Vente vw golf 2012 Rabat Vue: 14 Annonce N°: 7491504 Marque: Volkswagen Modèle: GOLF+ Année : 2012 Kilométrage : 114000 Carburant  : Diesel Puissance : 05-07 chevaux Ville : Rabat Detail de l'annonce : Volkswagen Golf 2012 bonjour, je mets en vente volkswagen golf 6 blanche diesel toute options 6cv moteur 1.6.  . .limiteur /regulateur .jante 16 pose . radar de recul..ww au maroc Annonceur : RACHID Répondre l'annonceur Imprimer Signaler cette annonce Envoyer à un ami Partager sur Facebook Twitter LinkedIn Retour à la page précédente"
5210515,https://www.marocannonces.com/categorie/314/Voitures-occasion/annonce/5210515/Renault-fluence-modele-2011.html,marocannonces,2026-10-02,2026-10-02 02:48:10,Renault fluence modele 2011,Renault,Fluence,,2011.0,79000.0,Diesel,,05-07 chevaux,,Occasion,,,Particulier,,,Casablanca,Casablanca-Settat,125000.0,1.0,125 000 DH Renault fluence modele 2011 Casablanca Vue: 11 Annonce N°: 5210515 Marque: Renault Modèle: Fluence Année : 2011 Kilométrage : 79000 Carburant  : Diesel Puissance : 05-07 chevaux Ville : Casablanca Detail de l'annonce : Renault Fluence 1.5 DCI 6 CV expression Faible kilométrage Turbo compresseur 6 rapports Clim Commandes au volant Blutooth  . . . . . . . . . . . . . Annonceur : Said Répondre l'annonceur Imprimer Signaler cette annonce Envoyer à un ami Partager sur Facebook Twitter LinkedIn Retour à la page précédente
7491458,https://www.marocannonces.com/categorie/314/Voitures-occasion/annonce/7491458/Ford-transit-à-vendre.html,marocannonces,2026-10-02,2026-10-02 02:48:10,Ford transit à vendre,Ford,Transit,,2008.0,350000.0,Diesel,,08-10 chevaux,,Occasion,,,Particulier,,,Oujda,Oriental,120000.0,3.0,120 000 DH Ford transit à vendre Oujda Vue: 57 Annonce N°: 7491458 Marque: Ford Modèle: Transit Année : 2008 Kilométrage : 350000 Carburant  : Diesel Puissance : 08-10 chevaux Ville : Oujda Detail de l'annonce : Bonjour je vendre ma voiture Ford transit très bon état Annonceur : Aziz Répondre l'annonceur Imprimer Signaler cette annonce Envoyer à un ami Partager sur Facebook Twitter LinkedIn Retour à la page précédente
7491442,https://www.marocannonces.com/categorie/314/Voitures-occasion/annonce/7491442/Ford-Fiesta-Trend-Plus.html,marocannonces,2026-10-02,2026-10-02 02:48:11,Ford Fiesta Trend Plus,Ford,Fiesta,,2016.0,19000.0,Diesel,,05-07 chevaux,,Neuf,,,Particulier,,,Casablanca,Casablanca-Settat,131000.0,1.0,131 000 DH Ford Fiesta Trend Plus Casablanca Vue: 14 Annonce N°: 7491442 Marque: Ford Modèle: Fiesta Année : 2016 Kilométrage : 19000 Carburant  : Diesel Puissance : 05-07 chevaux Ville : Casablanca Detail de l'annonce : Ford Fiesta comme neuve 19000KM jamais accidentée bien équipée Annonceur : Mhaimah / Marouane Répondre l'annonceur Imprimer Signaler cette annonce Envoyer à un ami Partager sur Facebook Twitter LinkedIn Retour à la page précédente
7491356,https://www.marocannonces.com/categorie/314/Voitures-occasion/annonce/7491356/Renault-Kangoo.html,marocannonces,2026-10-02,2026-10-02 02:48:13,Renault Kangoo,Renault,Kangoo,,2006.0,,Diesel,,,,Occasion,,,Particulier,,,Casablanca,Casablanca-Settat,65000.0,5.0,65 000 DH Renault Kangoo Casablanca Vue: 42 Annonce N°: 7491356 Marque: Renault Modèle: Kangoo Année : 2006 Carburant  : Diesel Ville : Casablanca Detail de l'annonce : voiture ba9a n9ya Annonceur : Mostafa Répondre l'annonceur Imprimer Signaler cette annonce Envoyer à un ami Partager sur Facebook Twitter LinkedIn Retour à la page précédente
7491346,https://www.marocannonces.com/categorie/314/Voitures-occasion/annonce/7491346/peugeot-205.html,marocannonces,2026-10-02,2026-10-02 02:48:13,peugeot 205,Peugeot,205,,1986.0,,Diesel,,05-07 chevaux,,Occasion,,,Particulier,,,Salé,Rabat-Salé-Kénitra,30000.0,4.0,30 000 DH peugeot 205 Salé Vue: 42 Annonce N°: 7491346 Marque: Peugeot Modèle: 205 Année : 1986 Carburant  : Diesel Puissance : 05-07 chevaux Ville : Salé Detail de l'annonce : peugeot 205 diesel 7 ch motor mzyan faible consomation skhoniya makynach Annonceur : abdo Répondre l'annonceur Imprimer Signaler cette annonce Envoyer à un ami Partager sur Facebook Twitter LinkedIn Retour à la page précédente
7489212,https://www.marocannonces.com/categorie/314/Voitures-occasion/annonce/7489212/corolla-millenium.html,marocannonces,2026-10-02,2026-10-02 02:48:14,corolla millenium,Toyota,Corolla,,,,,,,,Occasion,,,Particulier,,,Salé,Rabat-Salé-Kénitra,97000.0,2.0,"97 000 DH corolla millenium Salé Vue: 30 Annonce N°: 7489212 Marque: Toyota Modèle: Corolla Detail de l'annonce : voiture tte options : climat, radar de recul, camera frontal.. très bien entretenue aucune réparation à prévoir très faible consommation semsara nn dsl c pas pour vous Annonceur : sbai Répondre l'annonceur Imprimer Signaler cette annonce Envoyer à un ami Partager sur Facebook Twitter LinkedIn Retour à la page précédente"
5597948,https://www.marocannonces.com/categorie/314/Voitures-occasion/annonce/5597948/HYNDAI-ATOS-2008.html,marocannonces,2026-10-02,2026-10-02 02:48:15,HYNDAI ATOS 2008,Hyundai,Atos Prime,,2008.0,75000.0,Essence,,05-07 chevaux,,Neuf,1,,Particulier,,,Oujda,Oriental,45000.0,5.0,"45 000 DH HYNDAI ATOS 2008 Oujda Vue: 59 Annonce N°: 5597948 Marque: Hyundai Modèle: Atos Prime Année : 2008 Kilométrage : 75000 Carburant  : Essence Puissance : 05-07 chevaux Ville : Oujda Detail de l'annonce : Je met en vente mon Hyundai Atos essence Mod 2008 6 chv . faible consommation en très bon etat 75000 km,verres electriques,, très propre salon ,4 pneus neufs...premiere main.peinture d origine.jamais accidentée. . . . . . . . . . . . . . Annonceur : MESK FETTEH Répondre l'annonceur Imprimer Signaler cette annonce Envoyer à un ami Partager sur Facebook Twitter LinkedIn Retour à la page précédente"
7490983,https://www.marocannonces.com/categorie/314/Voitures-occasion/annonce/7490983/Vw-golf-5-gt.html,marocannonces,2026-10-02,2026-10-02 02:48:16,Vw golf 5 gt,Volkswagen,Golf,,2008.0,180000.0,Diesel,Automatique,08-10 chevaux,Dédouanée,Neuf,,,Particulier,,,Casablanca,Casablanca-Settat,115000.0,2.0,"115 000 DH Vw golf 5 gt Casablanca Vue: 37 Annonce N°: 7490983 Marque: Volkswagen Modèle: Golf Année : 2008 Kilométrage : 180000 Carburant  : Diesel Puissance : 08-10 chevaux Ville : Casablanca Detail de l'annonce : Salam, je met en vente ma couture golf 5 GT 1.9L 5ème vitesse modèle 12/2008 dédouané en fin 2013 toutes options ( Éclairage automatique, Détecteur de pluie, Poste 6 cd d´origine Volkswagen clim digital bizones Volant multi fonction réglable en hauteur et en profondeur , boite a gant frigorifère ABS/ ESP régulateur et limiteur de vitesse Jante aluminium, parchok R ligne....) vraiment voiture comme neuf . Pour plus d'informations contacter moi .Je suis disponible à Casablanca Annonceur : imad Répondre l'annonceur Imprimer Signaler cette annonce Envoyer à un ami Partager sur Facebook Twitter LinkedIn Retour à la page précédente"
7490942,https://www.marocannonces.com/categorie/314/Voitures-occasion/annonce/7490942/Vw-golf-4.html,marocannonces,2026-10-02,2026-10-02 02:48:17,Vw golf 4,Volkswagen,Golf,,2003.0,25000.0,Diesel,,,,Occasion,,,Particulier,,,Berrechid,Casablanca-Settat,88000.0,5.0,88 000 DH Vw golf 4 Berrechid Vue: 43 Annonce N°: 7490942 Marque: Volkswagen Modèle: Golf Année : 2003 Kilométrage : 25000 Carburant  : Diesel Ville : Berrechid Detail de l'annonce : Je met en vente ma voiture golf 4 modél 2003 douane 2007 Annonceur : Youssef Répondre l'annonceur Imprimer Signaler cette annonce Envoyer à un ami Partager sur Facebook Twitter LinkedIn Retour à la page précédente
7490929,https://www.marocannonces.com/categorie/314/Voitures-occasion/annonce/7490929/vente-dacia-sandero.html,marocannonces,2026-10-02,2026-10-02 02:48:18,vente dacia sandero,Dacia,Sandero,,2010.0,,Diesel,,05-07 chevaux,,Occasion,,,Particulier,,,Marrakech,Marrakech-Safi,65000.0,1.0,65 000 DH vente dacia sandero Marrakech Vue: 41 Annonce N°: 7490929 Marque: Dacia Modèle: Sandero Année : 2010 Carburant  : Diesel Puissance : 05-07 chevaux Ville : Marrakech Detail de l'annonce : Je mets en vente ma voiture toute option Annonceur : ahmed Répondre l'annonceur Imprimer Signaler cette annonce Envoyer à un ami Partager sur Facebook Twitter LinkedIn Retour à la page précédente
7490921,https://www.marocannonces.com/categorie/314/Voitures-occasion/annonce/7490921/VENTE-ALPHA-ROMEO.html,marocannonces,2026-10-02,2026-10-02 02:48:19,VENTE ALPHA ROMEO,Alfa Romeo,147,,2002.0,,Essence,,08-10 chevaux,,Occasion,,,Particulier,,,Casablanca,Casablanca-Settat,42000.0,1.0,42 000 DH VENTE ALPHA ROMEO Casablanca Vue: 27 Annonce N°: 7490921 Marque: Alfa Romeo Modèle: 147 Année : 2002 Carburant  : Essence Puissance : 08-10 chevaux Ville : Casablanca Detail de l'annonce : Bonjour je met ma voiture en vente alfa Roméo 147 modèle Pour d’info veuillez me contacter Année-Modèle: 2002 Type de carburant: essence Marque: Alfa Romeo Modèle: 147 Puissance fiscale: - - Annonceur : ABDELHAK Répondre l'annonceur Imprimer Signaler cette annonce Envoyer à un ami Partager sur Facebook Twitter LinkedIn Retour à la page précédente
5790877,https://www.marocannonces.com/categorie/314/Voitures-occasion/annonce/5790877/peugeot-406-diesel-2001.html,marocannonces,2026-10-02,2026-10-02 02:48:20,peugeot 406 diesel 2001,Peugeot,406,,2001.0,130.0,Diesel,,08-10 chevaux,,Occasion,,,Particulier,,,Casablanca,Casablanca-Settat,66000.0,3.0,"66 000 DH peugeot 406 diesel 2001 Casablanca Vue: 24 Annonce N°: 5790877 Marque: Peugeot Modèle: 406 Année : 2001 Kilométrage : 130,000 Carburant  : Diesel Puissance : 08-10 chevaux Ville : Casablanca Detail de l'annonce : Je mets en vente mon voiture peugeot 406 toutes options motor trés bonne  salon trés bon ... appelez moi merci . . . . . . . . . . . . Annonceur : Basma Toma Répondre l'annonceur Imprimer Signaler cette annonce Envoyer à un ami Partager sur Facebook Twitter LinkedIn Retour à la page précédente"
5790869,https://www.marocannonces.com/categorie/314/Voitures-occasion/annonce/5790869/hyundai-i40-diesel-2013.html,marocannonces,2026-10-02,2026-10-02 02:48:21,hyundai i40 diesel 2013,Hyundai,I40,,2013.0,43.0,Diesel,,05-07 chevaux,,Occasion,,,Particulier,,,Tanger,Tanger-Tétouan-Al Hoceïma,200000.0,3.0,"200 000 DH hyundai i40 diesel 2013 Tanger Vue: 29 Annonce N°: 5790869 Marque: Hyundai Modèle: I40 Année : 2013 Kilométrage : 43,000 Carburant  : Diesel Puissance : 05-07 chevaux Ville : Tanger Detail de l'annonce : Je mets en vente mon voiture hyundai i40  toutes options motor 1,1 jamis accidonti  boit manuil ...appelez moi merci . . . . . . . . . . . . Annonceur : Basma Toma Répondre l'annonceur Imprimer Signaler cette annonce Envoyer à un ami Partager sur Facebook Twitter LinkedIn Retour à la page précédente"
5790858,https://www.marocannonces.com/categorie/314/Voitures-occasion/annonce/5790858/fiat-doblo-diesel-20108.html,marocannonces,2026-10-02,2026-10-02 02:48:22,fiat doblo diesel 2010/8,Fiat,Doblo,,2010.0,163.0,Diesel,,05-07 chevaux,,Occasion,,,Particulier,,,Tanger,Tanger-Tétouan-Al Hoceïma,75000.0,2.0,"75 000 DH fiat doblo diesel 2010/8 Tanger Vue: 30 Annonce N°: 5790858 Marque: Fiat Modèle: Doblo Année : 2010 Kilométrage : 163,000 Carburant  : Diesel Puissance : 05-07 chevaux Ville : Tanger Detail de l'annonce : La voiture doblo térs bonne . . . . . . . . . . . . Annonceur : Basma Toma Répondre l'annonceur Imprimer Signaler cette annonce Envoyer à un ami Partager sur Facebook Twitter LinkedIn Retour à la page précédente"
7489300,https://www.marocannonces.com/categorie/314/Voitures-occasion/annonce/7489300/HYUNDAI-CRETA-16-à-vendre.html,marocannonces,2026-10-02,2026-10-02 02:48:23,HYUNDAI CRETA 1.6 à vendre,Hyundai,TUCSON,,2016.0,43000.0,Diesel,,05-07 chevaux,,Occasion,,,Particulier,,,Casablanca,Casablanca-Settat,190000.0,1.0,190 000 DH HYUNDAI CRETA 1.6 à vendre Casablanca Vue: 28 Annonce N°: 7489300 Marque: Hyundai Modèle: TUCSON Année : 2016 Kilométrage : 43000 Carburant  : Diesel Puissance : 05-07 chevaux Ville : Casablanca Detail de l'annonce : HYUNDAI CRETA 1.6 model 2016 en très bon état à vendre. Annonceur : Abderrahmane Répondre l'annonceur Imprimer Signaler cette annonce Envoyer à un ami Partager sur Facebook Twitter LinkedIn Retour à la page précédente
7490833,https://www.marocannonces.com/categorie/314/Voitures-occasion/annonce/7490833/Opel-astra-tt-options.html,marocannonces,2026-10-02,2026-10-02 02:48:24,Opel astra tt options,Opel,Astra,,2010.0,,Diesel,Automatique,,,Occasion,,,Particulier,0661622351,80db5103df373778f4b1b06c2b290f234db8c4d56dbf212f690edb7b53d9dce9,Casablanca,Casablanca-Settat,,6.0,Prix : N/A Opel astra tt options Casablanca Vue: 47 Annonce N°: 7490833 Marque: Opel Modèle: Astra Année : 2010 Carburant  : Diesel Ville : Casablanca Detail de l'annonce : Astra toutes options pack cosmos modèle 2010 jamais accidenté immatriculée à Casablanca Climatisation digital bizone régulateur de vitesse détecteur de pluie ordinateur au bord accoudoirs avant et arrière commande au volant volant réglable en hauteur 4 vitres électriques 6 Air bags ABS ESP éclairage automatique antibrouillards siège semi cuir frein à main automatique Cruise control jantes en aluminium 17 pouces MP3 radio cd aux .......... Chaine de distribution et vidange récemment changé Aucune réparation à prévoir. Tel 0661622351 Annonceur : Mohamed Répondre l'annonceur Imprimer Signaler cette annonce Envoyer à un ami Partager sur Facebook Twitter LinkedIn Retour à la page précédente
7490704,https://www.marocannonces.com/categorie/314/Voitures-occasion/annonce/7490704/GOLF-POLO-NOIR.html,marocannonces,2026-10-02,2026-10-02 02:48:25,GOLF POLO NOIR,Volkswagen,Polo,,2014.0,70000.0,Diesel,,05-07 chevaux,,Occasion,,,Particulier,,,Casablanca,Casablanca-Settat,128000.0,1.0,128 000 DH GOLF POLO NOIR Casablanca Vue: 14 Annonce N°: 7490704 Marque: Volkswagen Modèle: Polo Année : 2014 Kilométrage : 70000 Carburant  : Diesel Puissance : 05-07 chevaux Ville : Casablanca Detail de l'annonce : Cession d'un golf polo noir modele 2014 1ere main toutes options et en bonne etat Annonceur : idrissi Répondre l'annonceur Imprimer Signaler cette annonce Envoyer à un ami Partager sur Facebook Twitter LinkedIn Retour à la page précédente
7490696,https://www.marocannonces.com/categorie/314/Voitures-occasion/annonce/7490696/Golf-5-magnifique.html,marocannonces,2026-10-02,2026-10-02 02:48:26,Golf 5 magnifique,Volkswagen,GOLF+,,2004.0,270000.0,Diesel,,08-10 chevaux,,Neuf,,,Particulier,,,Kénitra,Rabat-Salé-Kénitra,92000.0,4.0,"92 000 DH Golf 5 magnifique Kénitra Vue: 39 Annonce N°: 7490696 Marque: Volkswagen Modèle: GOLF+ Année : 2004 Kilométrage : 270000 Carburant  : Diesel Puissance : 08-10 chevaux Ville : Kénitra Detail de l'annonce : Je vends ma voiture golf 5 Tdi diesel toutes options bien entretenue, model juillet 2004 diwana 2010(fin 2009) MOTEUR 1.9 économique salon propre régulateur vitesse,clim + aps, airbags, système sécurité, d'autres avantages voiture jamais accidentée, nerveuse, vitesse, moteur presque neuf TIc TAC vidange complet à jour avec le changement de tous les filtres, et d'autres avantages Li braha itasl bia (aucune réparation n'est prévoir) A ne pas rater et sans intermidiaire Annonceur : YOUSSEF Répondre l'annonceur Imprimer Signaler cette annonce Envoyer à un ami Partager sur Facebook Twitter LinkedIn Retour à la page précédente"
7490527,https://www.marocannonces.com/categorie/314/Voitures-occasion/annonce/7490527/Peugeot-307-familiale.html,marocannonces,2026-10-02,2026-10-02 02:48:27,Peugeot 307 familiale,Peugeot,307,,2002.0,440000.0,Diesel,,08-10 chevaux,Dédouanée,Occasion,,,Particulier,,,Casablanca,Casablanca-Settat,56000.0,6.0,56 000 DH Peugeot 307 familiale Casablanca Vue: 74 Annonce N°: 7490527 Marque: Peugeot Modèle: 307 Année : 2002 Kilométrage : 440000 Carburant  : Diesel Puissance : 08-10 chevaux Ville : Casablanca Detail de l'annonce : Salam alykom je met en vente ma peugeot 307 sw en très bonne etat. toute option - diesel faible consommation - model 2002 dédouanée 2010 - jantes aluminium. voiture très bien entretenu et propriété d'un fonctionnaire. Annonceur : Brahim Répondre l'annonceur Imprimer Signaler cette annonce Envoyer à un ami Partager sur Facebook Twitter LinkedIn Retour à la page précédente
7490478,https://www.marocannonces.com/categorie/314/Voitures-occasion/annonce/7490478/peugeot-303-diesel.html,marocannonces,2026-10-02,2026-10-02 02:48:28,peugeot 303 diesel,Peugeot,308,,2016.0,70000.0,Diesel,,05-07 chevaux,,Occasion,,,Particulier,,,Marrakech,Marrakech-Safi,155000.0,5.0,"155 000 DH peugeot 303 diesel Marrakech Vue: 41 Annonce N°: 7490478 Marque: Peugeot Modèle: 308 Année : 2016 Kilométrage : 70000 Carburant  : Diesel Puissance : 05-07 chevaux Ville : Marrakech Detail de l'annonce : Salam je met en vente ma Peugeot 308 en parfait état - AIRBAGS - ABS / ESP - VITRES ÉLECTRIQUES AVANT ET ARRIÈRE - VITRES ARRIÈRE TEINTÉ - CLIM AUTO BIZONE - GPS MAROC - ÉCRAN TACTILE, BLUETOOTH, USB... - RÉGULATEUR ET LIMITEUR DE VITESSE - FEUX DU JOUR LED - VOLANT RÉGLABLE EN HAUTEUR ET EN PROFONDEUR - POIGNÉES ET RÉTROS EXT COULEUR CAISSE - DÉTECTEUR AUTO DE PLUIE - ALLUMAGE AUTO DES FEUX - RADAR DE RECUL - RÉGLAGE EN HAUTEUR DES SIÈGES - RÉGLAGE LAMBAIRE - RÉTROS RABATTABLE ELEQTRIQUEMENT - ROUES ALLUM 16 - PROJECTEURS ANTIBROUILLARDS ... Annonceur : abder Répondre l'annonceur Imprimer Signaler cette annonce Envoyer à un ami Partager sur Facebook Twitter LinkedIn Retour à la page précédente"
7490298,https://www.marocannonces.com/categorie/314/Voitures-occasion/annonce/7490298/megan-classic.html,marocannonces,2026-10-02,2026-10-02 02:48:28,megan classic,Renault,Megane,,2000.0,170000.0,Diesel,,05-07 chevaux,,Neuf,,,Particulier,,,Casablanca,Casablanca-Settat,50000.0,3.0,"50 000 DH megan classic Casablanca Vue: 64 Annonce N°: 7490298 Marque: Renault Modèle: Megane Année : 2000 Kilométrage : 170000 Carburant  : Diesel Puissance : 05-07 chevaux Ville : Casablanca Detail de l'annonce : Salam. je mets en vente ma mégane classique  . voiture de famille. modèle : 2000 . Diesel. 7 CV. en très bon état . faible consomation. Airbag - Direction assistée - Clim - centralisé… pneus neuf. salon intérieur et neuf, nouveau batterie. Bonne etat.moteur toujours puissant. pour plus d'information n'hésitez pas a me contacte.prix négociable pour les sérieux et Merci smasar non  oukala non et merci Annonceur : akhiat Répondre l'annonceur Imprimer Signaler cette annonce Envoyer à un ami Partager sur Facebook Twitter LinkedIn Retour à la page précédente"
7489674,https://www.marocannonces.com/categorie/314/Voitures-occasion/annonce/7489674/Renault-latitude-privilége-6cv.html,marocannonces,2026-10-02,2026-10-02 02:48:29,Renault latitude privilége 6cv,Renault,Latitude,,2013.0,138000.0,Diesel,Automatique,05-07 chevaux,,Occasion,,,Particulier,,,Marrakech,Marrakech-Safi,135000.0,6.0,135 000 DH Renault latitude privilége 6cv Marrakech Vue: 58 Annonce N°: 7489674 Marque: Renault Modèle: Latitude Année : 2013 Kilométrage : 138000 Carburant  : Diesel Puissance : 05-07 chevaux Ville : Marrakech Detail de l'annonce : Renault Latitude 1.6dci full option ( manuelle) 6cv ( 700 dh vignette ) Carte grise magnétique disponible Caractéristique : Salon pure Cuir beige Boîte de vitesses manuelle 6 rapports Phares Bi-xénon GPS Cartographique TOMTOM Détecteur de pluie Frein stationnement automatique Limiteur et Régulateur de vitesse Caméra de recul Radar de stationnement Avant et Arriere Clim bi-zone Siège conducteur Massant et Chauffant faible consommation Toit ouvrant ... Tout les options sont en marche et pour plus information contacter moi sans hésiter Date circulation 11/2012 entretiens a jour kilométrage 138000 Annonceur : Mohamed RADAT Répondre l'annonceur Imprimer Signaler cette annonce Envoyer à un ami Partager sur Facebook Twitter LinkedIn Retour à la page précédente
7489665,https://www.marocannonces.com/categorie/314/Voitures-occasion/annonce/7489665/Daca-logan.html,marocannonces,2026-10-02,2026-10-02 02:48:31,Daca logan,Dacia,Logan,,2012.0,150000.0,Diesel,,05-07 chevaux,,Occasion,,,Particulier,,,Beni Mellal,Béni Mellal-Khénifra,67000.0,1.0,67 000 DH Daca logan Beni Mellal Vue: 43 Annonce N°: 7489665 Marque: Dacia Modèle: Logan Année : 2012 Kilométrage : 150000 Carburant  : Diesel Puissance : 05-07 chevaux Ville : Beni Mellal Detail de l'annonce : Dacia Logan.fin 2011.ttes options Annonceur : OMAR Omar Répondre l'annonceur Imprimer Signaler cette annonce Envoyer à un ami Partager sur Facebook Twitter LinkedIn Retour à la page précédente
7489630,https://www.marocannonces.com/categorie/314/Voitures-occasion/annonce/7489630/fiat-palio-elx.html,marocannonces,2026-10-02,2026-10-02 02:48:33,fiat palio elx,Fiat,Paleo ELX,,2000.0,,Diesel,,05-07 chevaux,,Occasion,,,Particulier,,,Salé,Rabat-Salé-Kénitra,43000.0,1.0,"43 000 DH fiat palio elx Salé Vue: 18 Annonce N°: 7489630 Marque: Fiat Modèle: Paleo ELX Année : 2000 Carburant  : Diesel Puissance : 05-07 chevaux Ville : Salé Detail de l'annonce : salam , je met en vente ma voiture Fiat Palio elx diesel model 2000 3amra  et carrosserie en bonne etat  avec carte grise smasriya bla mytslou svp Annonceur : rachid rachid Répondre l'annonceur Imprimer Signaler cette annonce Envoyer à un ami Partager sur Facebook Twitter LinkedIn Retour à la page précédente"
7489565,https://www.marocannonces.com/categorie/314/Voitures-occasion/annonce/7489565/Palio-à-vendre.html,marocannonces,2026-10-02,2026-10-02 02:48:34,Palio à vendre,Fiat,Palio,,2002.0,300000.0,Essence,,05-07 chevaux,,Occasion,,,Particulier,,,Casablanca,Casablanca-Settat,35000.0,6.0,35 000 DH Palio à vendre Casablanca Vue: 46 Annonce N°: 7489565 Marque: Fiat Modèle: Palio Année : 2002 Kilométrage : 300000 Carburant  : Essence Puissance : 05-07 chevaux Ville : Casablanca Detail de l'annonce : Je mis en vente voiture palio tres bonne etat avec vite elctrique avant Prix negociable Annonceur : Simohamed Répondre l'annonceur Imprimer Signaler cette annonce Envoyer à un ami Partager sur Facebook Twitter LinkedIn Retour à la page précédente
7412506,https://www.marocannonces.com/categorie/314/Voitures-occasion/annonce/7412506/Citroen-ds3-cabriolet.html,marocannonces,2026-10-02,2026-10-02 02:48:35,Citroen ds3 cabriolet,Citroën,C3,,2017.0,8800.0,Essence,,05-07 chevaux,,Neuf,,,Particulier,,,Casablanca,Casablanca-Settat,207000.0,7.0,"207 000 DH Citroen ds3 cabriolet Casablanca Vue: 91 Annonce N°: 7412506 Marque: Citroen Modèle: C3 Année : 2017 Kilométrage : 8800 Carburant  : Essence Puissance : 05-07 chevaux Ville : Casablanca Detail de l'annonce : je vend une ds3 cabriolet edition speciale toute options encore neuve que 9000km presque jamais utilisée toujours sous garantie, 1ere main, cuir, xenon, sieges chauffants, full LED 3D, radars, detecteur de pietons, etc... tres bon prix 207000dhs, que les serieux svp. j'offre une bache avec. Annonceur : Utilisateur Répondre l'annonceur Imprimer Signaler cette annonce Envoyer à un ami Partager sur Facebook Twitter LinkedIn Retour à la page précédente"
7488648,https://www.marocannonces.com/categorie/314/Voitures-occasion/annonce/7488648/C220-automatique.html,marocannonces,2026-10-02,2026-10-02 02:48:36,C220 automatique,Mercedes-Benz,C220,,1999.0,,Diesel,Automatique,08-10 chevaux,,Occasion,,,Particulier,,,Rabat,Rabat-Salé-Kénitra,88000.0,1.0,"88 000 DH C220 automatique Rabat Vue: 28 Annonce N°: 7488648 Marque: Mercedes-Benz Modèle: C220 Année : 1999 Carburant  : Diesel Puissance : 08-10 chevaux Ville : Rabat Detail de l'annonce : A vendre une c220 automatique verte toutes options clima,jant allum, vtrs electr, centralise ,alarme, cd ,,,,propre jamais accidenté Annonceur : hatim Répondre l'annonceur Imprimer Signaler cette annonce Envoyer à un ami Partager sur Facebook Twitter LinkedIn Retour à la page précédente"
7488619,https://www.marocannonces.com/categorie/314/Voitures-occasion/annonce/7488619/Range-Rover-sport-hse.html,marocannonces,2026-10-02,2026-10-02 02:48:37,Range Rover sport hse,Land Rover,Range,Rover sport hse,2007.0,170000.0,Diesel,,11-13 chevaux,,Neuf,,,Particulier,,,Salé,Rabat-Salé-Kénitra,138000.0,3.0,"138 000 DH Range Rover sport hse Salé Vue: 116 Annonce N°: 7488619 Marque: Land Rover Modèle: Range Rover Année : 2007 Kilométrage : 170000 Carburant  : Diesel Puissance : 11-13 chevaux Ville : Salé Detail de l'annonce : Bonjour je mets en vente rang rover sport jamais accidenté v6 comme neuf,merci de me contacter Annonceur : Salah eddine Répondre l'annonceur Imprimer Signaler cette annonce Envoyer à un ami Partager sur Facebook Twitter LinkedIn Retour à la page précédente"
7488513,https://www.marocannonces.com/categorie/314/Voitures-occasion/annonce/7488513/Hyundai-I10-essence-Comme-neuf-53-000-KM-2010.html,marocannonces,2026-10-02,2026-10-02 02:48:38,Hyundai I10 essence Comme neuf 53 000 KM -2010,Hyundai,I10,,2010.0,53000.0,Essence,,05-07 chevaux,,Neuf,,,Particulier,,,Casablanca,Casablanca-Settat,57000.0,6.0,"57 000 DH Hyundai I10 essence Comme neuf 53 000 KM -2010 Casablanca Vue: 159 Annonce N°: 7488513 Marque: Hyundai Modèle: I10 Année : 2010 Kilométrage : 53000 Carburant  : Essence Puissance : 05-07 chevaux Ville : Casablanca Detail de l'annonce : Bonjour je mets en vente une hyundai i10 essence puissance fiscale  6 cv ,modèle fin 2010  jamais accidentée, en très bon état. faible kilométrage, vitres électriques, fermeture centralisée avec un salon fabuleux propre, les pneus récemment changés, la voiture est comme neuve avec  deux clés de démarrage vignette 2018 dèja payé. aucune réparation à prévoir pour plus d'information veuillez me ‭contacter. intermédiaire s'abstenir. Annonceur : IDRISSI Répondre l'annonceur Imprimer Signaler cette annonce Envoyer à un ami Partager sur Facebook Twitter LinkedIn Retour à la page précédente"
7489005,https://www.marocannonces.com/categorie/314/Voitures-occasion/annonce/7489005/Tiguan-version-luxe-2015.html,marocannonces,2026-10-02,2026-10-02 02:48:39,Tiguan version luxe 2015,Volkswagen,TIGUAN,,2015.0,38000.0,Diesel,,08-10 chevaux,,Occasion,,,Particulier,,,Casablanca,Casablanca-Settat,253000.0,4.0,"253 000 DH Tiguan version luxe 2015 Casablanca Vue: 76 Annonce N°: 7489005 Marque: Volkswagen Modèle: TIGUAN Année : 2015 Kilométrage : 38000 Carburant  : Diesel Puissance : 08-10 chevaux Ville : Casablanca Detail de l'annonce : Tiguan année 2015 2.0 TDI Version luxe 38 000 km Voiture de societe Très bien entretenue, jamais accidentée Annonceur : Seraoui nassim Répondre l'annonceur Imprimer Signaler cette annonce Envoyer à un ami Partager sur Facebook Twitter LinkedIn Retour à la page précédente"
7488400,https://www.marocannonces.com/categorie/314/Voitures-occasion/annonce/7488400/kia-cerato.html,marocannonces,2026-10-02,2026-10-02 02:48:40,kia cerato,Kia,Cerato,,2011.0,136000.0,Essence,,08-10 chevaux,,Occasion,,,Particulier,,,Mohammedia,Casablanca-Settat,72000.0,6.0,"72 000 DH kia cerato Mohammedia Vue: 52 Annonce N°: 7488400 Marque: Kia Modèle: Cerato Année : 2011 Kilométrage : 136000 Carburant  : Essence Puissance : 08-10 chevaux Ville : Mohammedia Detail de l'annonce : Vente voiture essence kia cerato 1.6, transmission boite mecanique 5vitesse, 4 vitres electriques,  modele mois12/2010,  9chvx, 136 000km, airbags, climatisation, radar de recul, direction assistée, fermeture centralisée par telecommande, vignette 650dh , peinture blanche d'origine.. Annonceur : jawad Répondre l'annonceur Imprimer Signaler cette annonce Envoyer à un ami Partager sur Facebook Twitter LinkedIn Retour à la page précédente"
7488434,https://www.marocannonces.com/categorie/314/Voitures-occasion/annonce/7488434/Audi-a4-a-vendre.html,marocannonces,2026-10-02,2026-10-02 02:48:41,Audi a4 a vendre,Audi,A4,,2011.0,159000.0,Diesel,Manuelle,08-10 chevaux,,Occasion,,,Particulier,,,Rabat,Rabat-Salé-Kénitra,175000.0,5.0,"175 000 DH Audi a4 a vendre Rabat Vue: 96 Annonce N°: 7488434 Marque: Audi Modèle: A4 Année : 2011 Kilométrage : 159000 Carburant  : Diesel Puissance : 08-10 chevaux Ville : Rabat Detail de l'annonce : AUDI A4 Diesel à vendre, 2eme main, BV manuelle , en tres bon état 2L, bien équipée et très bien entretenue. Vitres électriques avant et arrière, Ordinateur de bord, Cruise control, Start et Stop option, Coudoir AV1 AR faible consommation. Possibilité de reprise avec Golf 7/MBW S3 Annonceur : Rachid Répondre l'annonceur Imprimer Signaler cette annonce Envoyer à un ami Partager sur Facebook Twitter LinkedIn Retour à la page précédente"
7487778,https://www.marocannonces.com/categorie/314/Voitures-occasion/annonce/7487778/Voiture-vw-polo.html,marocannonces,2026-10-02,2026-10-02 02:48:42,Voiture vw polo,Volkswagen,Polo,,2004.0,180000.0,Diesel,,05-07 chevaux,,Occasion,,,Particulier,,,Rabat,Rabat-Salé-Kénitra,61000.0,7.0,61 000 DH Voiture vw polo Rabat Vue: 58 Annonce N°: 7487778 Marque: Volkswagen Modèle: Polo Année : 2004 Kilométrage : 180000 Carburant  : Diesel Puissance : 05-07 chevaux Ville : Rabat Detail de l'annonce : Tomobil mazyan 8cv 2cle' DVD caméra recule' centralese 180000km Annonceur : Radwan Répondre l'annonceur Imprimer Signaler cette annonce Envoyer à un ami Partager sur Facebook Twitter LinkedIn Retour à la page précédente
7487735,https://www.marocannonces.com/categorie/314/Voitures-occasion/annonce/7487735/Hyundai-i30.html,marocannonces,2026-10-02,2026-10-02 02:48:43,Hyundai  i30,Hyundai,I30,,2012.0,134000.0,Diesel,,05-07 chevaux,,Occasion,1,,Particulier,,,Rabat,Rabat-Salé-Kénitra,100000.0,6.0,100 000 DH Hyundai  i30 Rabat Vue: 56 Annonce N°: 7487735 Marque: Hyundai Modèle: I30 Année : 2012 Kilométrage : 134000 Carburant  : Diesel Puissance : 05-07 chevaux Ville : Rabat Detail de l'annonce : i30 modèle 06/01/2012 Première main 134000km Voiture d'un fonctionnaire ... aucun problème et toujours en bonne etat Prix 100000dh non négociable Annonceur : Driss Répondre l'annonceur Imprimer Signaler cette annonce Envoyer à un ami Partager sur Facebook Twitter LinkedIn Retour à la page précédente
7487655,https://www.marocannonces.com/categorie/314/Voitures-occasion/annonce/7487655/C4-Diesel.html,marocannonces,2026-10-02,2026-10-02 02:48:44,C4 Diesel,Citroën,C4,,2012.0,120000.0,Diesel,,05-07 chevaux,,Occasion,,,Particulier,,,Marrakech,Marrakech-Safi,112000.0,6.0,"112 000 DH C4 Diesel Marrakech Vue: 26 Annonce N°: 7487655 Marque: Citroen Modèle: C4 Année : 2012 Kilométrage : 120000 Carburant  : Diesel Puissance : 05-07 chevaux Ville : Marrakech Detail de l'annonce : Je mets en vente la Citroën C4 diesel toute option modèle 2012 voiture irréprochable. Des options comme suit. Clim digitale. Vitre électrique. Jantes alliage aluminium. Volant cuir et chrome multifonctions. régulateur limiteur de vitesse. Les antibrouillard fermeture des portes en roulant. Volant réglable en hauteur et profondeur. GPS, Bleutooth, usb, camera de recul, DVD Jack Pour plus d'informations veuillez me contacter. Merci Annonceur : Taha Mou Répondre l'annonceur Imprimer Signaler cette annonce Envoyer à un ami Partager sur Facebook Twitter LinkedIn Retour à la page précédente"
5968473,https://www.marocannonces.com/categorie/314/Voitures-occasion/annonce/5968473/toyota-corolla.html,marocannonces,2026-10-02,2026-10-02 02:48:45,toyota corolla,Toyota,Corolla,,2003.0,200000.0,Diesel,,08-10 chevaux,,Occasion,,,Particulier,,,Fès,Fès-Meknès,70000.0,2.0,"70 000 DH toyota corolla Fès Vue: 15 Annonce N°: 5968473 Marque: Toyota Modèle: Corolla Année : 2003 Kilométrage : entre 200000 et 249999 Carburant  : Diesel Puissance : 08-10 chevaux Ville : Fès Detail de l'annonce : je met en vente ma toyota corolla 2003 en bon etat, option: climatiseur, 4 vitres electriques, xenon,airbags... . . . . . . . . . . . Annonceur : Mahmoud Répondre l'annonceur Imprimer Signaler cette annonce Envoyer à un ami Partager sur Facebook Twitter LinkedIn Retour à la page précédente"
7487550,https://www.marocannonces.com/categorie/314/Voitures-occasion/annonce/7487550/Voiture-dacia-logan.html,marocannonces,2026-10-02,2026-10-02 02:48:46,Voiture dacia logan,Dacia,Logan,,2015.0,81000.0,Diesel,,,,Neuf,,,Particulier,,,Casablanca,Casablanca-Settat,93000.0,5.0,"93 000 DH Voiture dacia logan Casablanca Vue: 24 Annonce N°: 7487550 Marque: Dacia Modèle: Logan Année : 2015 Kilométrage : 81000 Carburant  : Diesel Ville : Casablanca Detail de l'annonce : bonjour,je mets en vente Dacia Logan diesel modèle 6/2015 , économique en consommation tout option moteur neuf,vitre électrique ,clim , en bon état Annonceur : haj Répondre l'annonceur Imprimer Signaler cette annonce Envoyer à un ami Partager sur Facebook Twitter LinkedIn Retour à la page précédente"
7487394,https://www.marocannonces.com/categorie/314/Voitures-occasion/annonce/7487394/Voiture-modele-2005.html,marocannonces,2026-10-02,2026-10-02 02:48:47,Voiture modele 2005,Hyundai,Accent,,2005.0,363000.0,Diesel,,05-07 chevaux,,Occasion,,,Particulier,,,Marrakech,Marrakech-Safi,48000.0,3.0,48 000 DH Voiture modele 2005 Marrakech Vue: 35 Annonce N°: 7487394 Marque: Hyundai Modèle: Accent Année : 2005 Kilométrage : 363000 Carburant  : Diesel Puissance : 05-07 chevaux Ville : Marrakech Detail de l'annonce : Model 2005 6chvs ttes option makhasha walo ji o rkeb inchallah Annonceur : Omar Répondre l'annonceur Imprimer Signaler cette annonce Envoyer à un ami Partager sur Facebook Twitter LinkedIn Retour à la page précédente
7487345,https://www.marocannonces.com/categorie/314/Voitures-occasion/annonce/7487345/Dacia-logan-2014-tout-option.html,marocannonces,2026-10-02,2026-10-02 02:48:48,Dacia logan 2014 tout option,Dacia,Logan,,2014.0,130000.0,Diesel,,05-07 chevaux,,Occasion,,,Particulier,,,Casablanca,Casablanca-Settat,86000.0,3.0,86 000 DH Dacia logan 2014 tout option Casablanca Vue: 62 Annonce N°: 7487345 Marque: Dacia Modèle: Logan Année : 2014 Kilométrage : 130 000 Carburant  : Diesel Puissance : 05-07 chevaux Ville : Casablanca Detail de l'annonce : Dacia logan modèle 2014 tout option en très bon état Annonceur : Tayeb Saad Répondre l'annonceur Imprimer Signaler cette annonce Envoyer à un ami Partager sur Facebook Twitter LinkedIn Retour à la page précédente
7487252,https://www.marocannonces.com/categorie/314/Voitures-occasion/annonce/7487252/Dacia-a-vendre.html,marocannonces,2026-10-02,2026-10-02 02:48:48,Dacia a vendre,Dacia,Logan,,2012.0,150000.0,Diesel,,05-07 chevaux,,Occasion,,,Particulier,,,Khouribga,Béni Mellal-Khénifra,67000.0,1.0,67 000 DH Dacia a vendre Khouribga Vue: 33 Annonce N°: 7487252 Marque: Dacia Modèle: Logan Année : 2012 Kilométrage : 150000 Carburant  : Diesel Puissance : 05-07 chevaux Ville : Khouribga Detail de l'annonce : Toutes options Annonceur : OMAR Omar Répondre l'annonceur Imprimer Signaler cette annonce Envoyer à un ami Partager sur Facebook Twitter LinkedIn Retour à la page précédente
7487282,https://www.marocannonces.com/categorie/314/Voitures-occasion/annonce/7487282/Audi-A5-Coupe-Essence.html,marocannonces,2026-10-02,2026-10-02 02:48:50,Audi A5 Coupe Essence,Audi,A5,,2010.0,80000.0,Essence,,08-10 chevaux,,Occasion,1,,Particulier,,,Marrakech,Marrakech-Safi,199000.0,5.0,199 000 DH Audi A5 Coupe Essence Marrakech Vue: 62 Annonce N°: 7487282 Marque: Audi Modèle: A5 Année : 2010 Kilométrage : 80 000 Carburant  : Essence Puissance : 08-10 chevaux Ville : Marrakech Detail de l'annonce : Propriétaire de voiture de Luxe 80 000 KM Essence premiere Main Tres bien entretenue Prix de la Maison 650 000. 00 Dh Annonceur : Abdelwahed Répondre l'annonceur Imprimer Signaler cette annonce Envoyer à un ami Partager sur Facebook Twitter LinkedIn Retour à la page précédente
7487130,https://www.marocannonces.com/categorie/314/Voitures-occasion/annonce/7487130/BMW-320i-2008-ESSENCE.html,marocannonces,2026-10-02,2026-10-02 02:48:50,BMW 320i 2008 ESSENCE,BMW,Serie 3,,2008.0,154000.0,Essence,Manuelle,11-13 chevaux,,Neuf,,,Particulier,,,Rabat,Rabat-Salé-Kénitra,85000.0,4.0,"85 000 DH BMW 320i 2008 ESSENCE Rabat Vue: 71 Annonce N°: 7487130 Marque: BMW Modèle: Serie 3 Année : 2008 Kilométrage : 154000 Carburant  : Essence Puissance : 11-13 chevaux Ville : Rabat Detail de l'annonce : Voiture en très bon état, bien entretenue, pneus et amortisseurs neufs. Boîte à vitesse manuelle, climatisation Vignette 3000 Dh Annonceur : ABDOU Répondre l'annonceur Imprimer Signaler cette annonce Envoyer à un ami Partager sur Facebook Twitter LinkedIn Retour à la page précédente"
6152229,https://www.marocannonces.com/categorie/314/Voitures-occasion/annonce/6152229/Suzuki-non-accidenté.html,marocannonces,2026-10-02,2026-10-02 02:48:51,Suzuki non accidenté,Suzuki,Celerio,,2010.0,70000.0,Essence,,05-07 chevaux,,Occasion,,,Particulier,,,Marrakech,Marrakech-Safi,55000.0,3.0,55 000 DH Suzuki non accidenté Marrakech Vue: 28 Annonce N°: 6152229 Marque: Suzuki Modèle: Celerio Année : 2010 Kilométrage : 70000 Carburant  : Essence Puissance : 05-07 chevaux Ville : Marrakech Detail de l'annonce : Je met en vente une Suzuki celerio non accidenté en très bon état modèle 2010 économique noire le prix en bas est négociable ..... . . . . . . . . . . Annonceur : Said Ouahbi Répondre l'annonceur Imprimer Signaler cette annonce Envoyer à un ami Partager sur Facebook Twitter LinkedIn Retour à la page précédente
6151952,https://www.marocannonces.com/categorie/314/Voitures-occasion/annonce/6151952/Nissan-Qashqai-42-diesel-premier-main.html,marocannonces,2026-10-02,2026-10-02 02:48:52,Nissan Qashqai 4*2 diesel premier  main,Nissan,QASHQAI,,2013.0,0.0,Diesel,,05-07 chevaux,,Occasion,,,Particulier,,,Casablanca,Casablanca-Settat,17.0,6.0,17 DH Nissan Qashqai 4*2 diesel premier  main Casablanca Vue: 57 Annonce N°: 6151952 Marque: Nissan Modèle: QASHQAI Année : 2013 Kilométrage : 0000 Carburant  : Diesel Puissance : 05-07 chevaux Ville : Casablanca Detail de l'annonce : Nissan Qashqai 4*2 diesel premier main tout les option voiture visible mohammedia -ben slimanes j’accepte reprise  . . . . . . . . . . Annonceur : SAAD Répondre l'annonceur Imprimer Signaler cette annonce Envoyer à un ami Partager sur Facebook Twitter LinkedIn Retour à la page précédente
7487060,https://www.marocannonces.com/categorie/314/Voitures-occasion/annonce/7487060/Vend-Ford-S-Max-20-TDCi-Ambiente-DPF.html,marocannonces,2026-10-02,2026-10-02 02:48:53,Vend Ford S-Max 2.0 TDCi Ambiente DPF,Ford,S-MAX,,2010.0,286.0,Diesel,,05-07 chevaux,,Occasion,,,Particulier,,,Benslimane,Casablanca-Settat,3316633.0,3.0,3 316 633 DH Vend Ford S-Max 2.0 TDCi Ambiente DPF Benslimane Vue: 48 Annonce N°: 7487060 Marque: Ford Modèle: S-MAX Année : 2010 Kilométrage : 286.000 km Carburant  : Diesel Puissance : 05-07 chevaux Ville : Benslimane Detail de l'annonce : Je met en vente ma voiture en bon état avec toutes les options possible si intéressé contacte moi par mail ou par whatsapp pour plus de détail Annonceur : Larisse AFTER Répondre l'annonceur Imprimer Signaler cette annonce Envoyer à un ami Partager sur Facebook Twitter LinkedIn Retour à la page précédente
7487029,https://www.marocannonces.com/categorie/314/Voitures-occasion/annonce/7487029/Belle-206-plus-premier-main.html,marocannonces,2026-10-02,2026-10-02 02:48:54,Belle 206 plus premier main,Peugeot,206,,2012.0,138000.0,Diesel,,05-07 chevaux,,Occasion,,,Particulier,,,Safi,Marrakech-Safi,76000.0,2.0,"76 000 DH Belle 206 plus premier main Safi Vue: 51 Annonce N°: 7487029 Marque: Peugeot Modèle: 206 Année : 2012 Kilométrage : 138000 Carburant  : Diesel Puissance : 05-07 chevaux Ville : Safi Detail de l'annonce : Vends peugeot 206 plus, 1.4 hdi (diesel), voiture très économique,  année 2012. Bon état extérieur, très bon état intérieur. Très bien entretenue: facture à l'appuie: -Distribution refaite -Vidange -les 4 amortisseurs: 85000 kms CT OK: 06/ 2018 OPTIONS ET EQUIPEMENTS : Intérieur et confort : - radio CD - commande au volant - vitre électrique Sécurité : - direction assistée - fermeture centralisée - ABS - phares antibrouillard Annonceur : Ilham Répondre l'annonceur Imprimer Signaler cette annonce Envoyer à un ami Partager sur Facebook Twitter LinkedIn Retour à la page précédente"
7486069,https://www.marocannonces.com/categorie/314/Voitures-occasion/annonce/7486069/Peugeot-206.html,marocannonces,2026-10-02,2026-10-02 02:48:55,"""Peugeot 206""",Peugeot,206,,,,,,,,Occasion,,,Particulier,,,Casablanca,Casablanca-Settat,50000.0,5.0,"50 000 DH ""Peugeot 206"" Casablanca Vue: 48 Annonce N°: 7486069 Marque: Peugeot Modèle: 206 Detail de l'annonce : Je mets en vente ma propre voiture 206 diesel 2001 couleur bleu en parfaite état bien entretenu faible consommation avec prix raisonnable négociable pour serieux. Annonceur : Hassan Répondre l'annonceur Imprimer Signaler cette annonce Envoyer à un ami Partager sur Facebook Twitter LinkedIn Retour à la page précédente"
7486953,https://www.marocannonces.com/categorie/314/Voitures-occasion/annonce/7486953/Bmw-120i-2011.html,marocannonces,2026-10-02,2026-10-02 02:48:55,Bmw 120i 2011,BMW,Serie 1,,2011.0,78900.0,Essence,,08-10 chevaux,,Neuf,,,Particulier,,,Casablanca,Casablanca-Settat,120000.0,5.0,120 000 DH Bmw 120i 2011 Casablanca Vue: 107 Annonce N°: 7486953 Marque: BMW Modèle: Serie 1 Année : 2011 Kilométrage : 78900 Carburant  : Essence Puissance : 08-10 chevaux Ville : Casablanca Detail de l'annonce : bonjour je met en vente ma bmw 120i essence encore neuf seulement 78900klm vignette 3000dh avec une consomation rezonable 1dh par kilom et avec bcp daxesoir jante pack m chache frein brembo avec camera de recul poste radio avec GPS eclairage en led code et fare pneu neuf et plaquette vidange resament fait Annonceur : Zakaria Répondre l'annonceur Imprimer Signaler cette annonce Envoyer à un ami Partager sur Facebook Twitter LinkedIn Retour à la page précédente
7486925,https://www.marocannonces.com/categorie/314/Voitures-occasion/annonce/7486925/Citroen-a-vendre.html,marocannonces,2026-10-02,2026-10-02 02:48:56,Citroen a vendre,Citroën,C5,,2003.0,250000.0,Essence,,08-10 chevaux,,Occasion,,,Particulier,,,Autre ville,,25000.0,6.0,25 000 DH Citroen a vendre Autre ville Vue: 86 Annonce N°: 7486925 Marque: Citroen Modèle: C5 Année : 2003 Kilométrage : 250000 Carburant  : Essence Puissance : 08-10 chevaux Ville : Autre ville Detail de l'annonce : Citroën bon état a vendre dernière prix 25.000 dh dariba 650 dh Annonceur : amin Répondre l'annonceur Imprimer Signaler cette annonce Envoyer à un ami Partager sur Facebook Twitter LinkedIn Retour à la page précédente
6151397,https://www.marocannonces.com/categorie/314/Voitures-occasion/annonce/6151397/Vente-voiture-de-marque-kia-sorento.html,marocannonces,2026-10-02,2026-10-02 02:48:57,Vente voiture de marque kia sorento,Kia,Sorento,,2006.0,158000.0,Diesel,,08-10 chevaux,,Occasion,,,Particulier,,,Casablanca,Casablanca-Settat,100000.0,4.0,"100 000 DH Vente voiture de marque kia sorento Casablanca Vue: 13 Annonce N°: 6151397 Marque: Kia Modèle: Sorento Année : 2006 Kilométrage : 158000 Carburant  : Diesel Puissance : 08-10 chevaux Ville : Casablanca Detail de l'annonce : Vente voiture de marque kia sorento,date de circulation 2006, toute option avec caburant diesel, nombre de chevaux 10, Kilométrage 158000 Km. . . . . . . . . . . Annonceur : haj Répondre l'annonceur Imprimer Signaler cette annonce Envoyer à un ami Partager sur Facebook Twitter LinkedIn Retour à la page précédente"
6151396,https://www.marocannonces.com/categorie/314/Voitures-occasion/annonce/6151396/Vend-hyundai-coupé-modele-1999.html,marocannonces,2026-10-02,2026-10-02 02:48:58,Vend hyundai coupé modele 1999,Hyundai,Coupe,,1999.0,275000.0,Essence,,11-13 chevaux,,Occasion,,,Particulier,,,Marrakech,Marrakech-Safi,23000.0,2.0,"23 000 DH Vend hyundai coupé modele 1999 Marrakech Vue: 65 Annonce N°: 6151396 Marque: Hyundai Modèle: Coupe Année : 1999 Kilométrage : 275000 Carburant  : Essence Puissance : 11-13 chevaux Ville : Marrakech Detail de l'annonce : e met en vente , ma Hyundai coupé fx de 1999 bien entretenue , la caisse a 275000 km , le moteur a 5000 km , le moteur viens d'etre posé , pompe a eau et courroie de distribution faite, radiateur changer , courroie d'alternateur changé,5 jantes récentes changées en meme temps que le moteur. 11 cv. Petite sportive nerveuse. le vehicule est disponible sur marrakech Aucun frais a prévoir sauf la peinture éventuellement . . . . . . . . . . Annonceur : Rico Répondre l'annonceur Imprimer Signaler cette annonce Envoyer à un ami Partager sur Facebook Twitter LinkedIn Retour à la page précédente"
6151382,https://www.marocannonces.com/categorie/314/Voitures-occasion/annonce/6151382/Honda-jazz-modele-2004.html,marocannonces,2026-10-02,2026-10-02 02:48:59,Honda jazz modele 2004,Honda,Jazz,,2004.0,150000.0,Essence,,08-10 chevaux,,Occasion,,,Particulier,,,Berrechid,Casablanca-Settat,47000.0,4.0,47 000 DH Honda jazz modele 2004 Berrechid Vue: 35 Annonce N°: 6151382 Marque: Honda Modèle: Jazz (2001) Année : 2004 Kilométrage : 150000 Carburant  : Essence Puissance : 08-10 chevaux Ville : Berrechid Detail de l'annonce : Salut honda jazz model 2004 toute options tres bonne état .vigniette 2016 deja payé . . . . . . . . . . Annonceur : Hicham Répondre l'annonceur Imprimer Signaler cette annonce Envoyer à un ami Partager sur Facebook Twitter LinkedIn Retour à la page précédente
10464464,https://www.marocannonces.com/categorie/314/Voitures-occasion/annonce/10464464/Toyota-rav4.html,marocannonces,2026-10-01,2026-10-02 02:49:00,Toyota rav4,Toyota,RAV 4,,2011.0,300000.0,Diesel,Automatique,8 CV,,Neuf,,,Particulier,0603100622,e93318f580b8fe203f1e962c51c6efe9ce1d4ca7c1a1e5e6254f499977722ce1,Casablanca,Casablanca-Settat,122000.0,8.0,"122 000 DH Toyota rav4 Casablanca Publiée le: 1 Oct-22:16 Vue: 9 Annonce N°: 10464464 Marque: Toyota Modèle: RAV 4 Année : 2011 Kilométrage : 300000 Carburant  : Diesel Puissance : 8 CV Ville : Casablanca Detail de l'annonce : Tél: 0603061022 À VENDRE TOYOTA RAV4 2011 - Diesel - Casablanca. Je mets en vente une Toyota RAV4 Diesel, modèle 2011, 310.000 Km, à Casablanca. Voiture très propre, bien entretenue et jamais accidentée. Équipements : Boîte manuelle - Jantes aluminium - Climatisation - Régulateur et limiteur de vitesse - Allumage automatique des feux - Turbo LED - Écran tactile GPS / Bluetooth / Caméra de recul - Radar de recul - Vitres électriques - Volant assisté multifonctions - Rétroviseurs rabattables automatiquement à la fermeture - Toit ouvrant - 4 pneus neufs. Moteur en excellent état. Papiers en règle. Disponible à Casa. Samssar non merci Annonceur : ali Téléphone : 060-3****** Afficher le numéro Dites moi que vous avez trouvé mon annonce sur MarocAnnonces.com. Merci Répondre l'annonceur Imprimer Signaler cette annonce Envoyer à un ami Partager sur Facebook Twitter LinkedIn Retour à la page précédente"
10464250,https://www.marocannonces.com/categorie/314/Voitures-occasion/annonce/10464250/Véhicules-réformés.html,marocannonces,2026-10-01,2026-10-02 02:49:01,Véhicules réformés,Audi,A6,,2007.0,0.0,Diesel,,10 CV,,Occasion,,,Particulier,0535862340,1d3c7c6f8a2d8e5c780d37d74b7fa77efad66f8477ef6b303785588de37d9ec2,Ifrane,,,8.0,"Prix : N/A Véhicules réformés Ifrane Publiée le: 1 Oct-15:47 Vue: 13 Annonce N°: 10464250 Marque: Audi Modèle: A6 Année : 2007 Kilométrage : 00000 Carburant  : Diesel Puissance : 10 CV Ville : Ifrane Detail de l'annonce : Annonce Date :02/10/2026 Des véhicules réformés sont mis en vente à Ifrane du 2 au 7 octobre 2026 inclus. Les soumissionnaires intéressés pourront visiter l’Université, durant cette même période, afin de prendre connaissance de l’état des véhicules et de les examiner avant la soumission de leurs offres. Les intéressés sont priés de contacter M. Abdenbi au 05 35 86 23 40/GSM 06 75 40 00 33. Ils pourront déposer leurs offres sous plis fermés, contre une caution provisoire de 1500DHS contre accusé de réception. Le soumissionnaire remportant la vente devra verser le paiement dû (espèces, chèque certifié, virement) avant de disposer les véhicules achetés.  Il en assume les frais de chargement et de transport. Les soumissionnaires dont les offres n’ont pas été retenues seront informés après l’ouverture des plis et devront récupérer leurs cautions dans un délai maximum de 15 jours. Le calendrier suivant est de rigueur -	Demande d’information et remise des offres en plis scellés : du 30 septembre au 7 octobre inclus 2026. -	Paiement et récupération du véhicules achetés :48h maximum après la notification de la décision. Pour toute demande d’information, coordination des visites, dépôt de caution et des offres sous plis scellés, veuillez contacter M. Abdenbi au : 05 35 86 23 40. Annonceur : علام  عبد النبي Téléphone : 053-5****** Afficher le numéro Dites moi que vous avez trouvé mon annonce sur MarocAnnonces.com. Merci Répondre l'annonceur Imprimer Signaler cette annonce Envoyer à un ami Partager sur Facebook Twitter LinkedIn Retour à la page précédente"
10464083,https://www.marocannonces.com/categorie/314/Voitures-occasion/annonce/10464083/T-roc-extreme.html,marocannonces,2026-10-01,2026-10-02 02:49:02,T-roc extreme,Volkswagen,UP,,2023.0,51000.0,Diesel,,8 CV,,Occasion,,,Particulier,0614799777,f258895d99a4e0e8d885489c4ec5c574f997c85fdb159feeb5a0b873b293dc4f,Casablanca,Casablanca-Settat,310000.0,4.0,310 000 DH T-roc extreme Casablanca Publiée le: 1 Oct-14:08 Vue: 12 Annonce N°: 10464083 Marque: Volkswagen Modèle: UP Année : 2023 Kilométrage : 51000 Carburant  : Diesel Puissance : 8 CV Ville : Casablanca Detail de l'annonce : T roc extreme tt option Annonceur : Soufiane Téléphone : 061-4****** Afficher le numéro Dites moi que vous avez trouvé mon annonce sur MarocAnnonces.com. Merci Répondre l'annonceur Imprimer Signaler cette annonce Envoyer à un ami Partager sur Facebook Twitter LinkedIn Retour à la page précédente
10464039,https://www.marocannonces.com/categorie/314/Voitures-occasion/annonce/10464039/Voiture-en-bon-etat-deuxieme-main.html,marocannonces,2026-10-01,2026-10-02 02:49:03,Voiture en bon etat deuxieme main,Fiat,Punto,,2002.0,200000.0,Diesel,,8 CV,,Occasion,,,Particulier,0660609852,c366ab6b4be14bd781dec4c514be59f11f587db50b7acedc77ceb5a9140d8908,Rabat,Rabat-Salé-Kénitra,280000.0,3.0,280 000 DH Voiture en bon etat deuxieme main Rabat Publiée le: 1 Oct-14:08 Vue: 9 Annonce N°: 10464039 Marque: Fiat Modèle: Punto Année : 2002 Kilométrage : 200000 Carburant  : Diesel Puissance : 8 CV Ville : Rabat Detail de l'annonce : Voiture sur rabat bon affaire une vente direct aux interesse les intermidiare merci de ne pas appeler Annonceur : Hatim Téléphone : 066-0****** Afficher le numéro Dites moi que vous avez trouvé mon annonce sur MarocAnnonces.com. Merci Répondre l'annonceur Imprimer Signaler cette annonce Envoyer à un ami Partager sur Facebook Twitter LinkedIn Retour à la page précédente
10417324,https://www.marocannonces.com/categorie/314/Voitures-occasion/annonce/10417324/Citroën-C5-Aircross-boîte-Auto.html,marocannonces,2026-10-01,2026-10-02 02:49:04,Citroën C5 Aircross boîte Auto,Citroën,C5,,2025.0,24000.0,Diesel,Automatique,6 CV,,Neuf,1,,Particulier,0682424048,ca05b0e9b6a8309c95b7fdce0cbacd8bc379950a59611edd7e866499b92eb6d5,Casablanca,Casablanca-Settat,265000.0,8.0,"265 000 DH Citroën C5 Aircross boîte Auto Casablanca Publiée le: 1 Oct-11:35 Vue: 5 Annonce N°: 10417324 Marque: Citroen Modèle: C5 Année : 2025 Kilométrage : 24000 Carburant  : Diesel Puissance : 6 CV Ville : Casablanca Detail de l'annonce : particulier met en vente une Citroën c5 Aircross boîte automatique, diesel 6 cv mod février 2025 première main 20k km ,etat neuf, full options sauf toit .... intermédiaire s abstenir svp. Annonceur : Particulier Téléphone : 068-2****** Afficher le numéro Dites moi que vous avez trouvé mon annonce sur MarocAnnonces.com. Merci Répondre l'annonceur Imprimer Signaler cette annonce Envoyer à un ami Partager sur Facebook Twitter LinkedIn Retour à la page précédente"
10463951,https://www.marocannonces.com/categorie/314/Voitures-occasion/annonce/10463951/Mercedes-classe-C220.html,marocannonces,2026-10-01,2026-10-02 02:49:05,Mercedes classe C220,Mercedes-Benz,C220,,2012.0,300000.0,Diesel,Automatique,9 CV,,Occasion,1,,Particulier,0646174545,336222bb6d3b58aa8705e19e6684d25fab6da4c0c08747aef063fe00539abda1,Mohammedia,Casablanca-Settat,138000.0,8.0,"138 000 DH Mercedes classe C220 Mohammedia Publiée le: 1 Oct-11:14 Vue: 9 Annonce N°: 10463951 Marque: Mercedes-Benz Modèle: C220 Année : 2012 Kilométrage : 300000 Carburant  : Diesel Puissance : 9 CV Ville : Mohammedia Detail de l'annonce : Classe C220, 1ère Main ✋ peinture d'origine boîte vitesse automatique Annonceur : Mounir Téléphone : 064-6****** Afficher le numéro Dites moi que vous avez trouvé mon annonce sur MarocAnnonces.com. Merci Répondre l'annonceur Imprimer Signaler cette annonce Envoyer à un ami Partager sur Facebook Twitter LinkedIn Retour à la page précédente"
10463945,https://www.marocannonces.com/categorie/314/Voitures-occasion/annonce/10463945/Dacia-Logan.html,marocannonces,2026-10-01,2026-10-02 02:49:06,Dacia Logan,Dacia,Logan,,2020.0,110000.0,Diesel,,6 CV,,Occasion,,,Particulier,0663157568,b7aa760df1e24a57c853f4ce89724e6a8d16b7c276e91017ddbc9d58bfc6f745,Mohammedia,Casablanca-Settat,130000.0,8.0,130 000 DH Dacia Logan Mohammedia Publiée le: 1 Oct-11:14 Vue: 13 Annonce N°: 10463945 Marque: Dacia Modèle: Logan Année : 2020 Kilométrage : 110000 Carburant  : Diesel Puissance : 6 CV Ville : Mohammedia Detail de l'annonce : Voiture très bonne état moteur et carrosserie peinture d'origine Annonceur : Mounir Téléphone : 066-3****** Afficher le numéro Dites moi que vous avez trouvé mon annonce sur MarocAnnonces.com. Merci Répondre l'annonceur Imprimer Signaler cette annonce Envoyer à un ami Partager sur Facebook Twitter LinkedIn Retour à la page précédente
10463705,https://www.marocannonces.com/categorie/314/Voitures-occasion/annonce/10463705/CUPRA-FORMENTOR-20-TDI-150-DSG-–-75000-KM-Dédo.html,marocannonces,2026-09-30,2026-10-02 02:49:07,CUPRA FORMENTOR 2.0 TDI 150 DSG – 75.000 KM - Dédo,Seat,Leon,,2023.0,75000.0,Diesel,Automatique,8 CV,Dédouanée,Occasion,1,,Particulier,0676819760,e06663731d410b78acf5a6315a5782eee3adace1abef19dd4189f06b268af7c2,Marrakech,Marrakech-Safi,,8.0,"Prix : N/A CUPRA FORMENTOR 2.0 TDI 150 DSG – 75.000 KM - Dédo Marrakech Publiée le: 30 Sep-22:45 Vue: 17 Annonce N°: 10463705 Marque: Seat Modèle: Leon Année : 2023 Kilométrage : 75000 Carburant  : Diesel Puissance : 8 CV Ville : Marrakech Detail de l'annonce : +212 676-819760 +212 676-81-97-60 CUPRA FORMENTOR 2.0 TDI 150 DSG – 150 CH 📅 Modèle : 11/2023 👤 1ère main 📍 Dédouanée et mise en circulation au Maroc en 2026 🛣️ Kilométrage : 75.000 km ⛽ Diesel ⚙️ Boîte automatique DSG7 💪 150 CH – 8 CV ✅ Véhicule très propre ✅ Aucun accident ✅ Aucune peinture ✅ Toit panoramique ✅ Éclairage d’ambiance ✅ Digital Cockpit ✅ Écran multimédia ✅ Volant multifonction CUPRA ✅ Jantes alliage ✅ Intérieur sportif Véhicule 1ère main, propre et bien entretenu. Possibilité de contrôle chez le mécanicien / centre d'expertise au choix de l'acheteur. 💰 Prix légèrement négociable Annonceur : zakaria Téléphone : 21267****** Afficher le numéro Dites moi que vous avez trouvé mon annonce sur MarocAnnonces.com. Merci Répondre l'annonceur Imprimer Signaler cette annonce Envoyer à un ami Partager sur Facebook Twitter LinkedIn Retour à la page précédente"
10463513,https://www.marocannonces.com/categorie/314/Voitures-occasion/annonce/10463513/Fiat-500-modèle-lounge-janvier-2016.html,marocannonces,2026-09-30,2026-10-02 02:49:07,Fiat 500 modèle lounge janvier 2016,Fiat,500,,2016.0,80000.0,Essence,Manuelle,6 CV,,Occasion,,,Particulier,0606986986,1bddd7dc78b244e770d73b24014eb191280476349fbfa0d18db2c3bec218c576,Casablanca,Casablanca-Settat,105000.0,4.0,"105 000 DH Fiat 500 modèle lounge janvier 2016 Casablanca Publiée le: 30 Sep-16:55 Vue: 13 Annonce N°: 10463513 Marque: Fiat Modèle: 500 Année : 2016 Kilométrage : 80000 Carburant  : Essence Puissance : 6 CV Ville : Casablanca Detail de l'annonce : e mets en vente ma Fiat 500 Lounge, modèle janvier 2016, en très bon état, intérieur et extérieur. Voiture très bien entretenue avec entretien régulier. Caractéristiques : Finition Lounge Toit panoramique Moteur 1.2 essence – 69 ch Boîte manuelle 4 places 3 portes Jantes alliage Climatisation Vitres électriques Rétroviseurs électriques Commandes au volant Bluetooth / USB ABS / ESP Airbags Couleur rouge km 80000 Annonceur : Saifeddine Téléphone : 060-6****** Afficher le numéro Dites moi que vous avez trouvé mon annonce sur MarocAnnonces.com. Merci Répondre l'annonceur Imprimer Signaler cette annonce Envoyer à un ami Partager sur Facebook Twitter LinkedIn Retour à la page précédente"
10462986,https://www.marocannonces.com/categorie/314/Voitures-occasion/annonce/10462986/SEAT-LEON-FR-DIESEL-AUTOMATIQUE.html,marocannonces,2026-09-30,2026-10-02 02:49:08,SEAT LEON FR DIESEL AUTOMATIQUE,Seat,Leon,,2025.0,18000.0,Diesel,Automatique,,,Occasion,1,,Particulier,,,Casablanca,Casablanca-Settat,290000.0,3.0,"290 000 DH SEAT LEON FR DIESEL AUTOMATIQUE Casablanca Publiée le: 30 Sep-7:49 Vue: 17 Annonce N°: 10462986 Marque: Seat Modèle: Leon Année : 2025 Kilométrage : 18000 Carburant  : Diesel Ville : Casablanca Detail de l'annonce : Je mets en vente ma SEAT Leon FR Diesel, en excellent état, très bien entretenue et utilisée avec soin. Date d'achat : 30/06/2025 Kilométrage : 18 000 km Carburant : Diesel Couleur : Gris métallisé Automatique Première main Véhicule en parfait état Entretien à jour Lieu à Casablanca Annonceur : SALMA NINA Répondre l'annonceur Imprimer Signaler cette annonce Envoyer à un ami Partager sur Facebook Twitter LinkedIn Retour à la page précédente"
10462955,https://www.marocannonces.com/categorie/314/Voitures-occasion/annonce/10462955/Citroen-c4-cactus.html,marocannonces,2026-09-30,2026-10-02 02:49:09,Citroen c4 cactus,Citroën,C4,,2017.0,101000.0,Diesel,,6 CV,,Occasion,,,Particulier,0707191621,de90b858d9075d0d4201c3b4607a4b7774ea6c45b618297105a6603f0f840bdb,Casablanca,Casablanca-Settat,135000.0,8.0,135 000 DH Citroen c4 cactus Casablanca Publiée le: 30 Sep-0:49 Vue: 20 Annonce N°: 10462955 Marque: Citroen Modèle: C4 Année : 2017 Kilométrage : 101000 Carburant  : Diesel Puissance : 6 CV Ville : Casablanca Detail de l'annonce : Je met en vente ma voiture citroen c4 cactus diesel Tt option deuxième main model 2017 carte grise . Disponible a rahma Annonceur : ER-RAOUA EL MEHDI Téléphone : 070-7****** Afficher le numéro Dites moi que vous avez trouvé mon annonce sur MarocAnnonces.com. Merci Répondre l'annonceur Imprimer Signaler cette annonce Envoyer à un ami Partager sur Facebook Twitter LinkedIn Retour à la page précédente
10423331,https://www.marocannonces.com/categorie/314/Voitures-occasion/annonce/10423331/Fiat-Tipo-Diesel-Automatique-2020.html,marocannonces,2026-09-29,2026-10-02 02:49:10,Fiat Tipo Diesel Automatique 2020,Fiat,Tipo,,2020.0,104000.0,Diesel,Automatique,6 CV,,Neuf,,,Particulier,0663082928,513122894b2b45a660cf8c40db4d233da9f236423ae9b3fe6920a89ba12578db,Casablanca,Casablanca-Settat,155000.0,6.0,155 000 DH Fiat Tipo Diesel Automatique 2020 Casablanca Publiée le: 29 Sep-21:31 Vue: 11 Annonce N°: 10423331 Marque: Fiat Modèle: Tipo Année : 2020 Kilométrage : 104000 Carburant  : Diesel Puissance : 6 CV Ville : Casablanca Detail de l'annonce : Fiat tipo automatique 06/2020 diesel 6cv pneus neufs pneu taille basse jante 18 climat digital 155000 dh 104000km casa 2 mars Annonceur : Rachid Téléphone : 066-3****** Afficher le numéro Dites moi que vous avez trouvé mon annonce sur MarocAnnonces.com. Merci Répondre l'annonceur Imprimer Signaler cette annonce Envoyer à un ami Partager sur Facebook Twitter LinkedIn Retour à la page précédente
10422519,https://www.marocannonces.com/categorie/314/Voitures-occasion/annonce/10422519/Dfsk-Fengon-Glory-Automatique-Essence-2020.html,marocannonces,2026-09-29,2026-10-02 02:49:11,Dfsk Fengon Glory Automatique Essence 2020,TVR,Cerbera,,2020.0,85000.0,Essence,Automatique,9 CV,,Occasion,,,Particulier,0663082928,513122894b2b45a660cf8c40db4d233da9f236423ae9b3fe6920a89ba12578db,Casablanca,Casablanca-Settat,173000.0,7.0,173 000 DH Dfsk Fengon Glory Automatique Essence 2020 Casablanca Publiée le: 29 Sep-21:31 Vue: 7 Annonce N°: 10422519 Marque: TVR Modèle: Cerbera Année : 2020 Kilométrage : 85000 Carburant  : Essence Puissance : 9 CV Ville : Casablanca Detail de l'annonce : Dfsk fengon glory toutes options boîte à vitesses automatique double toit panoramique coussins cuir climatisation digitale peinture d'origine maison vidange maison 1 an de garantie 09/2027 coffre électrique modèle 09/2020 essence 9cv 85000km 173000 Dh casa 2 mars Annonceur : Rachid Téléphone : 066-3****** Afficher le numéro Dites moi que vous avez trouvé mon annonce sur MarocAnnonces.com. Merci Répondre l'annonceur Imprimer Signaler cette annonce Envoyer à un ami Partager sur Facebook Twitter LinkedIn Retour à la page précédente
10462907,"https://www.marocannonces.com/categorie/314/Voitures-occasion/annonce/10462907/OPEL-CORSA-1,5-102-CH.html",marocannonces,2026-09-29,2026-10-02 02:49:12,"OPEL CORSA 1,5 102 CH",Opel,Corsa,,2022.0,94000.0,Diesel,Manuelle,6 CV,,Occasion,1,,Particulier,0627388076,dcf6ad7a1bc5cb1eaa7a9594d45a0514e63b57bf132549f81f16ec67a11630f3,Casablanca,Casablanca-Settat,144000.0,8.0,"144 000 DH OPEL CORSA 1,5 102 CH Casablanca Publiée le: 29 Sep-21:30 Vue: 17 Annonce N°: 10462907 Marque: Opel Modèle: Corsa Année : 2022 Kilométrage : 94000 Carburant  : Diesel Puissance : 6 CV Ville : Casablanca Detail de l'annonce : 🚗 À VENDRE – Opel Corsa 1.5 Diesel 102 ch 📅 Année : 2022 ⛽ Motorisation : Diesel 1.5 – 102 ch ⚙️ Boîte : Manuelle 📏 Kilométrage : 94 000 km 👤 1ère main 📍 Casablanca 🔹 Équipements & points forts * Moteur 1.5 Diesel 102 ch * Très faible consommation * Climatisation * Régulateur/limiteur de vitesse * Écran multimédia * Bluetooth / USB * Jantes aluminium alliage * Vitres électriques * Fermeture centralisée ✅ État Véhicule 1ère main, entretenu régulièrement et disponible pour visite. 📞 Contact : 0632200914 - whatsaap uniquement. Annonceur : Hamza k Téléphone : 062-7****** Afficher le numéro Dites moi que vous avez trouvé mon annonce sur MarocAnnonces.com. Merci Répondre l'annonceur Imprimer Signaler cette annonce Envoyer à un ami Partager sur Facebook Twitter LinkedIn Retour à la page précédente"
10462888,https://www.marocannonces.com/categorie/314/Voitures-occasion/annonce/10462888/Ford-fiesta.html,marocannonces,2026-09-29,2026-10-02 02:49:13,Ford fiesta,Ford,Fiesta,,2012.0,100000.0,Essence,,7 CV,,Occasion,,,Particulier,0610362094,f2e44a73bf8123a43e98d817cebf07aaa310bdae04c1fde8ec154f64471fd4a8,Oujda,Oriental,80000.0,6.0,"80 000 DH Ford fiesta Oujda Publiée le: 29 Sep-19:59 Vue: 26 Annonce N°: 10462888 Marque: Ford Modèle: Fiesta Année : 2012 Kilométrage : 100000 Carburant  : Essence Puissance : 7 CV Ville : Oujda Detail de l'annonce : 🚗 للبيع Ford Fiesta – موديل 2012 سيارة Ford Fiesta بحالة جيدة جداً، محافظة ونظيفة، وتتميز بحالة ممتازة من حيث الاستعمال والمظهر العام. 🔹 معلومات السيارة: 🚘 الماركة: Ford Fiesta 📅 الموديل: 2012 ⛽ نوع الوقود: Essence (بنزين) ⚡ القوة الجبائية: 7 CV 🧾 الضريبة: 350 درهم 📍 الكيلومتراج: 100,700 كم ✨ حالة السيارة: ✅ حالة ميكانيكية جيدة جداً ✅ سيارة محافظة ونظيفة من الداخل والخارج ✅ مناسبة للاستعمال اليومي والمدينة والسفر سيارة عملية، اقتصادية ومريحة، محافظة عليها بعناية وجاهزة للاستعمال. 📞 المرجو التواصل لمزيد من المعلومات وتحديد موعد للمعاينة. Annonceur : Nouredine bd Téléphone : 061-0****** Afficher le numéro Dites moi que vous avez trouvé mon annonce sur MarocAnnonces.com. Merci Répondre l'annonceur Imprimer Signaler cette annonce Envoyer à un ami Partager sur Facebook Twitter LinkedIn Retour à la page précédente"
10462886,https://www.marocannonces.com/categorie/314/Voitures-occasion/annonce/10462886/ALFA-ROMEO-GIULIETTA.html,marocannonces,2026-09-29,2026-10-02 02:49:14,ALFA ROMEO GIULIETTA,Alfa Romeo,GUILIA,,2016.0,150000.0,Diesel,Automatique,8 CV,,Neuf,,,Particulier,0663554323,864c22fa0fd995f12690ef3676e8ba5f763e7167a6cbe3e007b45bff58c0167c,Rabat,Rabat-Salé-Kénitra,124000.0,8.0,124 000 DH ALFA ROMEO GIULIETTA Rabat Publiée le: 29 Sep-19:59 Vue: 9 Annonce N°: 10462886 Marque: Alfa Romeo Modèle: GUILIA Année : 2016 Kilométrage : 150000 Carburant  : Diesel Puissance : 8 CV Ville : Rabat Detail de l'annonce : Alfa Romeo Giulietta Diesel toute option model  juillet 2016 Premier main 8ch  boite vitesse automatique jamais accidenté équipé de Air bag  ABS  Alarme et fermeture centralisé Start and Stop Antibrouillard avant et arrière Poste radio USB Bluetooth CD 3 Mode de conduite Dynamique  Normal  Eco Climatisation  Digital Volant multi fonction  Limiteur de vitesse Rétroviseur et Vitres  électrique Jantes aluminium Rous de secours et batterie neuve La voiture est dans un état irréprochable. Merci de me contacter pour plus d’info. Annonceur : zakaria Téléphone : 066-3****** Afficher le numéro Dites moi que vous avez trouvé mon annonce sur MarocAnnonces.com. Merci Répondre l'annonceur Imprimer Signaler cette annonce Envoyer à un ami Partager sur Facebook Twitter LinkedIn Retour à la page précédente
10462477,https://www.marocannonces.com/categorie/314/Voitures-occasion/annonce/10462477/Kongo-d65.html,marocannonces,2026-09-29,2026-10-02 02:49:15,Kongo d65,Renault,Kangoo,,1999.0,100000.0,Diesel,,7 CV,,Occasion,,,Particulier,0665489005,1a7c1dc10b31fe0c7adc74d8eafe3245ccb4c8d9d71eb6e62a55d92e9b3a00a7,Safi,Marrakech-Safi,18000.0,4.0,18 000 DH Kongo d65 Safi Publiée le: 29 Sep-12:01 Vue: 28 Annonce N°: 10462477 Marque: Renault Modèle: Kangoo Année : 1999 Kilométrage : 100000 Carburant  : Diesel Puissance : 7 CV Ville : Safi Detail de l'annonce : Kongo D65 a vendre État moyenne motor Mégane ne roule pas stationné depuis 2022 Annonceur : Abdlkhalek Mahli Téléphone : 066-5****** Afficher le numéro Dites moi que vous avez trouvé mon annonce sur MarocAnnonces.com. Merci Répondre l'annonceur Imprimer Signaler cette annonce Envoyer à un ami Partager sur Facebook Twitter LinkedIn Retour à la page précédente
10462389,https://www.marocannonces.com/categorie/314/Voitures-occasion/annonce/10462389/GOLF7-2LITR-2016-1ER-MAIN.html,marocannonces,2026-09-29,2026-10-02 02:49:16,GOLF7 2LITR 2016 1ER MAIN,Volkswagen,Golf,,2016.0,,Diesel,,8 CV,,Occasion,1,,Particulier,0661759951,590086884e874ae2da35233ede16840f4256d515acec601cb79360e8907a3c13,Casablanca,Casablanca-Settat,159000.0,8.0,159 000 DH GOLF7 2LITR 2016 1ER MAIN Casablanca Publiée le: 29 Sep-10:52 Vue: 17 Annonce N°: 10462389 Marque: Volkswagen Modèle: Golf Année : 2016 Carburant  : Diesel Puissance : 8 CV Ville : Casablanca Detail de l'annonce : !VOLKSWAGEN GOLF7 2LITR 2016 1ER MAIN PENTURE D'ORIGINE KLM 160 EXELLENTE ETTA Annonceur : ABDO Téléphone : 066-1****** Afficher le numéro Dites moi que vous avez trouvé mon annonce sur MarocAnnonces.com. Merci Répondre l'annonceur Imprimer Signaler cette annonce Envoyer à un ami Partager sur Facebook Twitter LinkedIn Retour à la page précédente
10406454,https://www.marocannonces.com/categorie/314/Voitures-occasion/annonce/10406454/Nissan-juke-essence-2023.html,marocannonces,2026-09-29,2026-10-02 02:49:17,Nissan juke essence 2023,Nissan,JUKE,,2022.0,124000.0,Essence,,6 CV,,Occasion,,,Particulier,0610742727,e342eee3320c74688b0a6b3a702180b9c99636025cd9cfb38d3827b15accf62a,Casablanca,Casablanca-Settat,152000.0,6.0,152 000 DH Nissan juke essence 2023 Casablanca Publiée le: 29 Sep-9:59 Vue: 11 Annonce N°: 10406454 Marque: Nissan Modèle: JUKE Année : 2022 Kilométrage : 124000 Carburant  : Essence Puissance : 6 CV Ville : Casablanca Detail de l'annonce : Nissan juke tekna essence 2022 ttps premier main merci reprise merci Annonceur : Karim Téléphone : 061-0****** Afficher le numéro Dites moi que vous avez trouvé mon annonce sur MarocAnnonces.com. Merci Répondre l'annonceur Imprimer Signaler cette annonce Envoyer à un ami Partager sur Facebook Twitter LinkedIn Retour à la page précédente
10462233,https://www.marocannonces.com/categorie/314/Voitures-occasion/annonce/10462233/Voiture-doccasion.html,marocannonces,2026-09-29,2026-10-02 02:49:18,Voiture d'occasion,Suzuki,SX4,,2011.0,24000.0,Diesel,,6 CV,,Occasion,,,Particulier,0668187167,4ba22bf7c24358092d2adf2de2d64f3e079c8077e32f5616592ebcd47ad3757d,Marrakech,Marrakech-Safi,71000.0,5.0,71 000 DH Voiture d'occasion Marrakech Publiée le: 29 Sep-9:59 Vue: 28 Annonce N°: 10462233 Marque: Suzuki Modèle: SX4 Année : 2011 Kilométrage : 24000 Carburant  : Diesel Puissance : 6 CV Ville : Marrakech Detail de l'annonce : Je met en vente belle voiture Suzuki diesel tout option climatisation centralisée 6 airbag volant multifonction vitre avant électriques écran tactile jouant aluminium Annonceur : Abdelfettah Téléphone : 066-8****** Afficher le numéro Dites moi que vous avez trouvé mon annonce sur MarocAnnonces.com. Merci Répondre l'annonceur Imprimer Signaler cette annonce Envoyer à un ami Partager sur Facebook Twitter LinkedIn Retour à la page précédente
