listing_id,url,source,date_posted,date_scraped,title_raw,brand,model,trim,year,mileage_km,fuel_type,transmission,fiscal_power_cv,customs_status,condition,owners_count,doors_count,seller_type,seller_phone,seller_phone_hash,city,region,price_mad,photos_count,description_raw
679548,https://www.moteur.ma/fr/voiture/achat-voiture-occasion/detail-annonce/679548/volkswagen-tiguan.html,moteur,2026-09-27,2026-09-27 03:49:08,VW tiguan Rline,Volkswagen,Tiguan,Rline,2013.0,330.0,Diesel,Automatique,,Dédouanée,Occasion,,,Particulier,0633286750,bb837a6a6a4105df6949a62e4772b948b781cf075ca9de2f7bf7ca449f8afbeb,Autre,,190000.0,1.0,Je vends une Volkswagen Tiguan Rline en très bon état. - Modèle : Tiguan Rline - Année : 2013 - Carb...
679547,https://www.moteur.ma/fr/voiture/achat-voiture-occasion/detail-annonce/679547/fiat-500.html,moteur,2026-09-27,2026-09-27 03:49:08,Fiat 500 à vendre,Fiat,500,à vendre,2014.0,119000.0,Essence,Manuelle,,Dédouanée,Occasion,,,Particulier,0724964587,fca5e162e3692f5e3d1affe1a6e1c8aed572cc58769cb0637017ffb8e55adc4e,Casablanca,Casablanca-Settat,85000.0,1.0,"Je mets en vente ma Fiat 500 (année 2014), boîte manuelle. Voiture très économique, idéale pour la v..."
679546,https://www.moteur.ma/fr/voiture/achat-voiture-occasion/detail-annonce/679546/toyota-prado.html,moteur,2026-09-27,2026-09-27 03:49:08,toyota prado,Toyota,Prado,,2003.0,366000.0,Diesel,Manuelle,,Dédouanée,Occasion,,,Particulier,0661203883,05f33c6d655dbc3773e89cc4d08f5ffee5907118194defca7ffed39542b40d3d,Tetouan,Tanger-Tétouan-Al Hoceïma,135000.0,1.0,toyota prado model 2003 kilomtrage 366000km
679545,https://www.moteur.ma/fr/voiture/achat-voiture-occasion/detail-annonce/679545/fiat-500.html,moteur,2026-09-27,2026-09-27 03:49:08,Fiat 500 à vendre,Fiat,500,à vendre,2014.0,119000.0,Essence,Manuelle,,Dédouanée,Occasion,,,Particulier,0724964587,fca5e162e3692f5e3d1affe1a6e1c8aed572cc58769cb0637017ffb8e55adc4e,Casablanca,Casablanca-Settat,85000.0,1.0,"Je mets en vente ma Fiat 500 (année 2014), boîte manuelle. Voiture très économique, idéale pour la v..."
679542,https://www.moteur.ma/fr/voiture/achat-voiture-occasion/detail-annonce/679542/bmw-x1.html,moteur,2026-09-27,2026-09-27 03:49:08,je mets en vente ma voiture x1,BMW,Je,mets en vente ma voiture x1,2011.0,260000.0,Diesel,Manuelle,,Dédouanée,Occasion,,,Particulier,0622925031,a9d0d19b8dc0e88602871ae4d565ca959ff2ec27eafe834615482b75f1e11b85,Marrakech,Marrakech-Safi,113000.0,1.0,"Je mets en vente ma BMW X1 Diesel, en très bon état, disponible à Marrakech. 🔹 Détails du véhicule..."
679543,https://www.moteur.ma/fr/voiture/achat-voiture-occasion/detail-annonce/679543/mercedes-benz-190.html,moteur,2026-09-27,2026-09-27 03:49:08,Mercedes-Benz 190 Diesel Manuelle 1992 à Nador,Mercedes-Benz,190,Diesel Manuelle 1992 à Nador,1992.0,0.0,Diesel,Manuelle,,Dédouanée,Occasion,,,Particulier,0661665972,6122e8d287c15f71d6ae2172d23e0d74a696d15375a815696965e962d110ac31,Nador,Oriental,65000.0,1.0,Mercedes 190 normal  salon jakar
679544,https://www.moteur.ma/fr/voiture/achat-voiture-occasion/detail-annonce/679544/volkswagen-tiguan.html,moteur,2026-09-27,2026-09-27 03:49:08,Volkswagen Tiguan Élégance 2025,Volkswagen,Tiguan,Élégance 2025,2025.0,22500.0,Diesel,Automatique,,Dédouanée,Occasion,,,Particulier,0662135926,6a3e3bef5b524f9e9cf6b30c28f8d28347f0c3d30e8d4428cee009c9b1c697dd,Casablanca,Casablanca-Settat,460000.0,1.0,Tiguan elegance avril 2025 Excellente Etat Entretien maison 1ère main
679535,https://www.moteur.ma/fr/voiture/achat-voiture-occasion/detail-annonce/679535/bmw-x1.html,moteur,2026-09-27,2026-09-27 03:49:08,BMW X1 Diesel Manuelle 2014 à El Kelâa des Sraghna,BMW,X1,Diesel Manuelle 2014 à El Kelâa des Sraghna,2014.0,190000.0,Diesel,Manuelle,,Dédouanée,Occasion,,,Particulier,0655621077,e70421a6f487a0067e0e2da4e45fbbb538c640af45e2ea0cacb2e1ebbe692689,Kelaa,Marrakech-Safi,145000.0,1.0,Bmw x1 s drive à vendre  السيارة ملكي توجد بقلعة السراغنة
679539,https://www.moteur.ma/fr/voiture/achat-voiture-occasion/detail-annonce/679539/peugeot-308.html,moteur,2026-09-27,2026-09-27 03:49:08,Peugeot 308 très propre,Peugeot,308,très propre,2013.0,200000.0,Diesel,Manuelle,,Dédouanée,Occasion,,,Particulier,0700519494,caf3e7c8622f9ab1d9e4fb54d5aa5f119f7404f957bc17df7761e52949743c07,Fes,Fès-Meknès,105000.0,1.0,Peugeot 308 très propre
679534,https://www.moteur.ma/fr/voiture/achat-voiture-occasion/detail-annonce/679534/renault-clio.html,moteur,2026-09-27,2026-09-27 03:49:08,كليو clio 4,Renault,Clio,4,2018.0,250000.0,Diesel,Manuelle,,Dédouanée,Occasion,,,Particulier,0623751854,89e58976c4f9db3bdf4f9ff3d8c58ab2893310ebf47bc7c789394b2edf4a925b,Kenitra,Rabat-Salé-Kénitra,115000.0,1.0,كليو 4 مليحة في حالة ممتازة  حتى روبريز مرحبا
679532,https://www.moteur.ma/fr/voiture/achat-voiture-occasion/detail-annonce/679532/dacia-lodgy.html,moteur,2026-09-27,2026-09-27 03:49:08,داسيا لودجي,Dacia,Lodgy,,2023.0,118000.0,Diesel,Manuelle,,Dédouanée,Occasion,,,Particulier,0673793919,68bfa8c70c4c4ee8e0dccd4cc76f1dde54e62b62f3392b0d204166740553c5aa,Marrakech,Marrakech-Safi,160000.0,1.0,داسيا لودجي 2023 صباغة اصلية اول استعمال 7 مقاعد مع نضام التكييف
679533,https://www.moteur.ma/fr/voiture/achat-voiture-occasion/detail-annonce/679533/renault-kangoo.html,moteur,2026-09-27,2026-09-27 03:49:08,Kangoo a vendre,Renault,Kangoo,a vendre,2000.0,260000.0,Diesel,Manuelle,,Dédouanée,Occasion,,,Particulier,0662165572,19a98f6a8a9fd278973f5f0aa7a49baecd3e1cc1eca34cd8679553c7ab00f1b0,Casablanca,Casablanca-Settat,49500.0,1.0,je mets en vente ma voiture kangoo bon état.
679529,https://www.moteur.ma/fr/voiture/achat-voiture-occasion/detail-annonce/679529/hyundai-accent.html,moteur,2026-09-27,2026-09-27 03:49:08,hiyundai Accent 2013 6 cv,Hyundai,Hiyundai,Accent 2013 6 cv,2013.0,209.0,Diesel,Manuelle,6.0,Dédouanée,Occasion,,,Particulier,0720523700,bea6654c79385f9abcc422825373198a0b3b7c94d20498b0129c184cfa1f73f4,Kenitra,Rabat-Salé-Kénitra,110400.0,1.0,Marque : Hyundai Modèle : Accent Année : 2013 Carburant : Diesel Puissance fiscale : 6 CV Boîte : Ma...
679531,https://www.moteur.ma/fr/voiture/achat-voiture-occasion/detail-annonce/679531/volkswagen-golf-7.html,moteur,2026-09-27,2026-09-27 03:49:08,première main,Volkswagen,Autre,main,2017.0,220000.0,Diesel,Manuelle,,Dédouanée,Occasion,,,Particulier,0617909629,e6302f38e2ea2078e0eae7de5db18b42c8c721324a751acb330f2699de35ed6c,Casablanca,Casablanca-Settat,170000.0,1.0,première main
679552,https://www.moteur.ma/fr/voiture/achat-voiture-occasion/detail-annonce/679552/renault-captur.html,moteur,2026-09-27,2026-09-27 04:41:17,"Renault captur 1,5 dci 90cv",Renault,Captur,1 5 dci 90cv,2018.0,105000.0,Diesel,Manuelle,90.0,Dédouanée,Occasion,,,Particulier,0605700866,3f8ea65e74072fa1b1bd696c6d8a5f7c2a50fbca0c60ecf4da2b1b78afffa940,Autre,,155000.0,1.0,طوموبيل نقية بزاف متمشاش بزاف ديما فالكراج voiture très propre intérieur extérieur roule pas beaucou...
679553,https://www.moteur.ma/fr/voiture/achat-voiture-occasion/detail-annonce/679553/audi-a6.html,moteur,2026-09-27,2026-09-27 04:41:17,Audi A6 2.0 TDI,Audi,A6,2.0 TDI,2015.0,174000.0,Diesel,Automatique,,Dédouanée,Occasion,,,Particulier,0661733293,fde9563b0b9a84eff2be1fcaff6d4f49e1f442f4e78c51aa09051ebd758ae4cf,Rabat,Rabat-Salé-Kénitra,200000.0,1.0,"Voiture en excellent état. Entretien ponctuel, factures disponible. Véhicule utilisé pour navette Ra..."
679551,https://www.moteur.ma/fr/voiture/achat-voiture-occasion/detail-annonce/679551/renault-r4.html,moteur,2026-09-27,2026-09-27 04:41:17,Renault R4 Essence Manuelle 1991 à Casablanca,Renault,R4,Essence Manuelle 1991 à Casablanca,1991.0,250000.0,Essence,Manuelle,,Dédouanée,Occasion,,,Particulier,0635715136,f212df14185c8e5483edfec9f13424ffab4ced2873f9e8dce8cea8873c08bb23,Casablanca,Casablanca-Settat,49000.0,1.0,"Renault 4 – Modèle 1991 | Look Vintage &amp; Personnalisé À vendre Renault 4 modèle 1991, soigneusement..."
679549,https://www.moteur.ma/fr/voiture/achat-voiture-occasion/detail-annonce/679549/citroen-berlingo.html,moteur,2026-09-27,2026-09-27 04:41:17,citrroen birlengo tout options,Citroën,Citrroen,birlengo tout options,2019.0,220.0,Diesel,Manuelle,6.0,Dédouanée,Occasion,,,Particulier,0633286750,bb837a6a6a4105df6949a62e4772b948b781cf075ca9de2f7bf7ca449f8afbeb,Autre,,133000.0,1.0,"Je vends une Citroën Berlingo en très bon état, première main. - Motorisation Diesel, 6 CV fiscaux -..."
679550,https://www.moteur.ma/fr/voiture/achat-voiture-occasion/detail-annonce/679550/ford-focus.html,moteur,2026-09-27,2026-09-27 04:41:17,القنيطرة المدينة,Ford,Focus,,2006.0,90.0,Essence,Manuelle,,Dédouanée,Occasion,,,Particulier,0617673106,91240d49ea781e9bf4512dcb41bda83226290fd7dcf362905a470ae191bffe41,Kenitra,Rabat-Salé-Kénitra,70000.0,1.0,ليس با لذكاء الاصطناعي
679554,https://www.moteur.ma/fr/voiture/achat-voiture-occasion/detail-annonce/679554/renault-megane.html,moteur,2026-09-27,2026-09-27 05:32:44,mégane 4 2023,Renault,Mégane,4 2023,2023.0,72000.0,Diesel,Automatique,,Dédouanée,Occasion,,,Particulier,0636207660,775dbd237ea65540535f09ded80aae5b3aa68141eab21017e4ed49a9b51e8e70,Oujda,Oriental,210000.0,1.0,je met en vente ma voiture mégane 4 2023 en très bonne état
679831,https://www.moteur.ma/fr/voiture/achat-voiture-occasion/detail-annonce/679831/dacia-duster.html,moteur,2026-09-27,2026-09-27 16:06:50,سيارة دوستر للبيع,Dacia,Duster,,2014.0,147000.0,Diesel,Manuelle,,Dédouanée,Occasion,,,Particulier,,,Zagora,Drâa-Tafilalet,,1.0,سيارة دوستر للبيع صباغة دوريجين جامي اكسيدون مولها الأول
679617,https://www.moteur.ma/fr/voiture/achat-voiture-occasion/detail-annonce/679617/peugeot-2008.html,moteur,2026-09-27,2026-09-27 16:06:50,peugeot 2008,Peugeot,2008,,2017.0,170000.0,Diesel,Manuelle,,Dédouanée,Occasion,,,Particulier,0662794774,d79964131b345e6d77bdbe1e44f74ba8317ace16782f600db544e9e115c010b8,Taza,Fès-Meknès,170000.0,1.0,peugeot 2008  année 2017  diwana 2026 tomobil fiha koulchi jdid  n9iya li bghaha mrahab
679611,https://www.moteur.ma/fr/voiture/achat-voiture-occasion/detail-annonce/679611/mercedes-benz-classe-c.html,moteur,2026-09-27,2026-09-27 16:06:50,mercedes c200  premier main,Mercedes-Benz,C200,premier main,2008.0,290000.0,Diesel,Manuelle,,Dédouanée,Occasion,,,Particulier,0661238993,13ae1bf3b584de8321687c4125bdc9521277c86ecba970a56e8cd93b0c0fbc42,Fes,Fès-Meknès,115000.0,1.0,"Je vends une Mercedes Classe C 200, première main, en excellent état. - Marque : Mercedes-Benz - Mod..."
679612,https://www.moteur.ma/fr/voiture/achat-voiture-occasion/detail-annonce/679612/renault-kangoo.html,moteur,2026-09-27,2026-09-27 16:06:50,سيارة مزيانة,Renault,Kangoo,,2006.0,324000.0,Diesel,Manuelle,,Dédouanée,Occasion,,,Particulier,0616185669,d0586be0b9a5546c422f309aeeda1ca87e80bfb098c0966e6f2110876828e6da,Autre,,80000.0,1.0,سيارة باقة مزيانة
679613,https://www.moteur.ma/fr/voiture/achat-voiture-occasion/detail-annonce/679613/renault-clio.html,moteur,2026-09-27,2026-09-27 16:07:50,Renault Clio Diesel Automatique 2021 à Casablanca,Renault,Clio,Diesel Automatique 2021 à Casablanca,2021.0,123000.0,Diesel,Automatique,,Dédouanée,Occasion,,,Particulier,0665650002,9454d650c6d5ca6968dbe4686b313ec27d3bc715c2b2816ea8b69741e2a25edb,Casablanca,Casablanca-Settat,148000.0,1.0,Je mets en ma voiture Renault clio 4 automatique diesel **** km modèle 2021 tout option  Main libre...
544378,https://www.moteur.ma/fr/voiture/achat-voiture-occasion/detail-annonce/544378/land-rover-range-rover-velar.html,moteur,2026-09-27,2026-09-27 16:07:50,Range rover Velar S - Excellent etat,Land Rover,Velar,S - Excellent etat,2018.0,185000.0,Diesel,Automatique,,Dédouanée,Occasion,,,Particulier,0661177930,99de2da4332cebca166a129025ae2f35ce6ca10c7f26cde619ec4ce93fef0873,Rabat,Rabat-Salé-Kénitra,315000.0,1.0,Range Rover Velar S 📅 Novembre 2018 ✅ Excellent état 🔧 Entretien 100 % chez SMEIA 🛞 Jantes 20 po...
679614,https://www.moteur.ma/fr/voiture/achat-voiture-occasion/detail-annonce/679614/volkswagen-tiguan.html,moteur,2026-09-27,2026-09-27 16:08:44,Tiguan Volkswagen dédouané fin 2022,Volkswagen,Tiguan,dédouané fin 2022,2018.0,220000.0,Diesel,Automatique,,Dédouanée,Occasion,,,Particulier,0675197289,452ed4f189e0187ef3b2b857b0ed2abb7b02e4724ae57d568ffa545fb4abbed0,Meknes,Fès-Meknès,325000.0,1.0,voiture toutes options peinture originale100%  moteur 150 🐎 disponible à Ain Taoujdate
679615,https://www.moteur.ma/fr/voiture/achat-voiture-occasion/detail-annonce/679615/volkswagen-tiguan.html,moteur,2026-09-27,2026-09-27 16:08:44,tiguan pack r line,Volkswagen,Tiguan,pack r line,2019.0,160000.0,Diesel,Automatique,,Dédouanée,Occasion,,,Particulier,0779578178,01bef923475b4f464630361d2cccb719ccc836215255230ed4a9ea3ef7e97297,Fes,Fès-Meknès,359000.0,1.0,Volkswagen Tiguan Pack R Line de 2019 en excellent état. - Modèle : Tiguan pack r line  - Année-Modè...
679668,https://www.moteur.ma/fr/voiture/achat-voiture-occasion/detail-annonce/679668/hyundai-accent.html,moteur,2026-09-26,2026-09-27 16:12:43,hyundai accent automatique a vendre,Hyundai,Accent,automatique a vendre,2022.0,102000.0,Diesel,Automatique,,Dédouanée,Occasion,,,Particulier,0667935718,912be196fe3a910ad1140a4f5584eefd63ced226d7302fdf8e33b0b14086aaa9,Casablanca,Casablanca-Settat,170000.0,1.0,hyundai accent automatique a vendre
680069,https://www.moteur.ma/fr/voiture/achat-voiture-occasion/detail-annonce/680069/audi-q5.html,moteur,2026-09-26,2026-09-27 16:16:50,audi Q5 2litre diesel automatique,Audi,Q5,2litre diesel automatique,2013.0,170000.0,Diesel,Automatique,,Dédouanée,Occasion,,,Particulier,0705175806,aa1be046542002066f4d40f6e0434c0cc1ced12b9bd3400ebfa0454e8e0b06f5,Essaouira,Marrakech-Safi,100000.0,1.0,Smsar nn particulier 1ere main sur commande avc son carnet d&#039;entretien suivi à la maison kilométrage...
680070,https://www.moteur.ma/fr/voiture/achat-voiture-occasion/detail-annonce/680070/honda-cr-v.html,moteur,2026-09-26,2026-09-27 16:16:50,honda crv essence automatique,Honda,Crv,essence automatique,2005.0,180000.0,Essence,Automatique,,Dédouanée,Occasion,,,Particulier,0705175806,aa1be046542002066f4d40f6e0434c0cc1ced12b9bd3400ebfa0454e8e0b06f5,Essaouira,Marrakech-Safi,27000.0,1.0,Smsar nn particulier 1ere main sur commande avc son carnet d&#039;entretien suivi à la maison kilométrage...
680071,https://www.moteur.ma/fr/voiture/achat-voiture-occasion/detail-annonce/680071/hummer-h2.html,moteur,2026-09-26,2026-09-27 16:16:59,Hummer h2 essence automatique,Hummer,H2,essence automatique,2007.0,150000.0,Essence,Automatique,,Dédouanée,Occasion,,,Particulier,0705175806,aa1be046542002066f4d40f6e0434c0cc1ced12b9bd3400ebfa0454e8e0b06f5,Essaouira,Marrakech-Safi,50000.0,1.0,Réserve aux amateurs de grosse voiture particulière 1ere main sur commande avc son carnet d&#039;entretie...
680056,https://www.moteur.ma/fr/voiture/achat-voiture-occasion/detail-annonce/680056/renault-kangoo.html,moteur,2026-09-25,2026-09-27 16:21:07,Renault Kangoo 2020,Renault,Kangoo,2020,2020.0,139507.0,Diesel,Manuelle,,Dédouanée,Occasion,,,Particulier,0602966745,fc9f5b5f86ee7a45c88052301da0a100c7c4ec72e8f18d6e7fbc122b4aa6d822,Casablanca,Casablanca-Settat,135000.0,1.0,Renault kangoo 2020 double coulis en parfaite état
680057,https://www.moteur.ma/fr/voiture/achat-voiture-occasion/detail-annonce/680057/skoda-karoq.html,moteur,2026-09-25,2026-09-27 16:21:14,Skoda Karoq 2020,Skoda,Karoq,2020,2020.0,122345.0,Diesel,Automatique,,Dédouanée,Occasion,,,Particulier,0602966745,fc9f5b5f86ee7a45c88052301da0a100c7c4ec72e8f18d6e7fbc122b4aa6d822,Casablanca,Casablanca-Settat,245000.0,1.0,Skoda Koraq model 2020 toutes options peinture d’origine en parfaite état : -Double toit ouvrant -Dé...
680059,https://www.moteur.ma/fr/voiture/achat-voiture-occasion/detail-annonce/680059/peugeot-3008.html,moteur,2026-09-25,2026-09-27 16:21:14,Peugeot 3008 Gtline,Peugeot,3008,Gtline,2019.0,121258.0,Diesel,Automatique,,Dédouanée,Occasion,,,Particulier,0602966745,fc9f5b5f86ee7a45c88052301da0a100c7c4ec72e8f18d6e7fbc122b4aa6d822,Casablanca,Casablanca-Settat,229000.0,1.0,peugeot 3008 GTLINE model 2019 toutes options en parfaite état : -Double toit ouvrant -Démarrage mai...
680058,https://www.moteur.ma/fr/voiture/achat-voiture-occasion/detail-annonce/680058/peugeot-208.html,moteur,2026-09-25,2026-09-27 16:21:14,Peugeot 208 Allure,Peugeot,208,Allure,2025.0,7524.0,Diesel,Manuelle,,Dédouanée,Occasion,,,Particulier,0602966745,fc9f5b5f86ee7a45c88052301da0a100c7c4ec72e8f18d6e7fbc122b4aa6d822,Casablanca,Casablanca-Settat,178000.0,1.0,Peugeot 208 Allure model 2025 en excellente état comme neuf avec faible kilométrage toutes options :...
44936,https://www.wandaloo.com/occasion/mercedes-cla-coupe-diesel-occasion-rabat-maroc/44936.html,wandaloo,2026-09-27,2026-09-27 16:29:00,MERCEDES CLA Coupé,Mercedes-Benz,Cla,Coupé,2015.0,150000.0,Diesel,,8.0,Dédouanée,Occasion,,,Particulier,0706212210,4a77244b9dc264e04e0a5fb38f49cc8e3ccea8a5fdcac02d104f4ad8066777bd,Rabat,Rabat-Salé-Kénitra,210000.0,1.0,
679695,https://www.moteur.ma/fr/voiture/achat-voiture-occasion/detail-annonce/679695/alfa-romeo-stelvio.html,moteur,2026-09-19,2026-09-27 16:42:39,stelvio Q4,Alfa Romeo,Stelvio,Q4,2022.0,60000.0,Diesel,Automatique,,Dédouanée,Occasion,,,Particulier,0786272352,90868bf52c078db8c1abd22eea39fa87450e7f9a41dd862bc58505f978e2b98b,Rabat,Rabat-Salé-Kénitra,275000.0,1.0,Stelvio Q4 2l2 Tres bonne configuration état irreprochable entretien maison. aucune réparation à pre...
679714,https://www.moteur.ma/fr/voiture/achat-voiture-occasion/detail-annonce/679714/hyundai-i10.html,moteur,2026-09-19,2026-09-27 16:44:28,Hyandai i10 automatique  Modèle 2021,Hyundai,I10,automatique Modèle 2021,2021.0,20500.0,Essence,Automatique,,Dédouanée,Occasion,,,Particulier,0631909249,8388b619074dccc503d0d299ab92fab2d7657b607a73983ecc83638a873e10b8,Casablanca,Casablanca-Settat,135000.0,1.0,À vendre Hyundai i10 automatique modèle 2021 en excellent état. - Marque : Hyundai - Modèle : i10 -...
679985,https://www.moteur.ma/fr/voiture/achat-voiture-occasion/detail-annonce/679985/mercedes-benz-classe-c.html,moteur,2026-09-17,2026-09-27 16:47:59,Mercedes c220d Amg line plus dédouaner 2021,Mercedes-Benz,C220d,Amg line plus dédouaner 2021,2015.0,152000.0,Diesel,Automatique,,Dédouanée,Occasion,,,Particulier,0657070476,5478de0ebef830c62bdac515bb183cc26ffed5fc9761c4a957e87b56b0c2db3f,Meknes,Fès-Meknès,308000.0,1.0,"Mercedes c220d , version amg Line plus , aucune options ne manque aucune , Fiha double tableau et pa..."
679657,https://www.moteur.ma/fr/voiture/achat-voiture-occasion/detail-annonce/679657/volkswagen-touareg.html,moteur,2026-09-12,2026-09-27 17:03:04,Volkswagen Touareg Elegance 2018,Volkswagen,Touareg,Elegance 2018,2018.0,128000.0,Diesel,Automatique,,Dédouanée,Occasion,,,Particulier,0661130468,d5b65afba2ca7348ead94f808bffda17c69ff186e7d721c4e84c44b9ebfbc2d4,Autre,,185000.0,1.0,Voiture en très bon état
680114,https://www.moteur.ma/fr/voiture/achat-voiture-occasion/detail-annonce/680114/ford-c-max.html,moteur,2026-09-27,2026-09-27 17:07:41,voiture toute option,Ford,Voiture,toute option,2017.0,125000.0,Hybride,Automatique,,Dédouanée,Occasion,,,Particulier,0661839757,52789b881fa72479e3a0286e70e4d46cac39878ebcb653df0de98d7b468ee100,Khouribga,Béni Mellal-Khénifra,130000.0,1.0,Je vends une Ford C Max de 2017 en très bon état. - Marque : Ford - Modèle : C Max - Année : 31/12/2...
680115,https://www.moteur.ma/fr/voiture/achat-voiture-occasion/detail-annonce/680115/audi-a6.html,moteur,2026-09-27,2026-09-27 17:07:41,Audi A6 2012,Audi,A6,2012,2012.0,280000.0,Diesel,Automatique,,Dédouanée,Occasion,,,Particulier,0659112361,d9a26e17cf6ab9d627bf5e23857f6be932aae793ca5c7831c9562e1dba26c605,Agadir,Souss-Massa,145000.0,1.0,"Voiture tres bon etat , prix négociable sur place"
680116,https://www.moteur.ma/fr/voiture/achat-voiture-occasion/detail-annonce/680116/mercedes-benz-classe-cla.html,moteur,2026-09-27,2026-09-27 17:07:41,Mercedes-Benz Classe CLA Diesel Automatique 2015,Mercedes-Benz,Classe,CLA Diesel Automatique 2015,2015.0,200000.0,Diesel,Automatique,,Dédouanée,Occasion,,,Particulier,0699030999,7e88a1808037ded8c0020358bb7d5c368aba44b27e965438d0644682799e7843,Casablanca,Casablanca-Settat,177000.0,1.0,"Mercedes benz c220 cla  Model fin 2015 particulier  tout option sauf toi ouvrant, restylée  Km 200 r..."
680117,https://www.moteur.ma/fr/voiture/achat-voiture-occasion/detail-annonce/680117/hyundai-i40.html,moteur,2026-09-27,2026-09-27 17:07:41,هيونداي آي40 ديزل يدوي 2012 في الناظور,Hyundai,40,2012,2012.0,200000.0,Diesel,Manuelle,,Dédouanée,Occasion,,,Particulier,0607752955,868432b6b160f7992445c4831ae96ee09cf1ffbd6d7578b4650ad7f54f33b1ad,Nador,Oriental,123000.0,1.0,هيونداي آي40 ديزل بحالة جيدة جداً للبيع في الناظور. - سنة الموديل: 2012 - الكيلومتراج: 200000 - ناقل...
680118,https://www.moteur.ma/fr/voiture/achat-voiture-occasion/detail-annonce/680118/mercedes-benz-220.html,moteur,2026-09-27,2026-09-27 17:07:41,mercedes c220,Mercedes-Benz,C220,,2020.0,17000.0,Diesel,Automatique,,Dédouanée,Occasion,,,Particulier,,,Kelaa,Marrakech-Safi,,1.0,مرسيدس C220 ديزل أوتوماتيك بحالة جيدة جدا. - عجلات ألمنيوم - وسائد هوائية - تكييف - نظام الملاحة GPS...
680119,https://www.moteur.ma/fr/voiture/achat-voiture-occasion/detail-annonce/680119/ford-kuga.html,moteur,2026-09-27,2026-09-27 17:07:49,Ford Kuga 2012 Diesel – 200.000 km – Très bon état,Ford,Kuga,2012 Diesel 200.000 km Très bon état,2012.0,200000.0,Diesel,Manuelle,,Dédouanée,Occasion,,,Particulier,0618233316,a26ffe895dd337a2e4e727e7e7c0d19af938c048cb4645be7dfb4e2b91bfb622,Sale,Rabat-Salé-Kénitra,113000.0,1.0,"À vendre Ford Kuga année 2012, moteur Diesel, 200.000 km. السيارة في حالة جيدة جداً، نظيفة ومحافظة ع..."
680120,https://www.moteur.ma/fr/voiture/achat-voiture-occasion/detail-annonce/680120/dacia-duster.html,moteur,2026-09-27,2026-09-27 17:07:49,Dacia Duster Diesel Manuelle 2013 à Casablanca,Dacia,Duster,Diesel Manuelle 2013 à Casablanca,2013.0,500000.0,Diesel,Manuelle,,Dédouanée,Occasion,,,Particulier,0664667607,72222b515050f56f73cb6af09da2e701181e454bf0b420d07fd540b26dbda292,Casablanca,Casablanca-Settat,87000.0,1.0,Dacia duster
680121,https://www.moteur.ma/fr/voiture/achat-voiture-occasion/detail-annonce/680121/mercedes-benz-220.html,moteur,2026-09-27,2026-09-27 17:07:49,mercedes c 220,Mercedes-Benz,C,220,2020.0,17000.0,Diesel,Automatique,,Dédouanée,Occasion,,,Particulier,,,Kelaa,Marrakech-Safi,,1.0,مرسيدس C 220 موديل 2020 بحالة جيدة جدا. - محرك ديزل، ناقل حركة أوتوماتيك - 8 خيول جبائية - عجلات ألم...
680122,https://www.moteur.ma/fr/voiture/achat-voiture-occasion/detail-annonce/680122/hyundai-santa-fe.html,moteur,2026-09-27,2026-09-27 17:07:49,#hyundai santafe #diesl #automatique #tt option#,Hyundai,Santafe,diesl automatique tt option,2009.0,219.0,Diesel,Automatique,,Dédouanée,Occasion,,,Particulier,0661596986,e417753d4151e9f7242bed97d8ecdd8503935d92633a549db35a060042c43371,Bouznika,,72000.0,1.0,أعرض للبيع سيارة هيونداي سانتا في موديل 2009 بحالة جيدة. - عجلات ألمنيوم - فتحة سقف - مقاعد جلدية -...
680110,https://www.moteur.ma/fr/voiture/achat-voiture-occasion/detail-annonce/680110/dacia-sandero.html,moteur,2026-09-27,2026-09-27 17:07:49,0617990209,Dacia,0617990209,,2025.0,27000.0,Essence,Manuelle,,Dédouanée,Occasion,,,Particulier,0617990209,224157748c1641a2a528e90ae72a4f134ecec773604853b3ba4702221802d85c,Marrakech,Marrakech-Safi,140000.0,1.0,li mhtam itsal biya
680111,https://www.moteur.ma/fr/voiture/achat-voiture-occasion/detail-annonce/680111/renault-kadjar.html,moteur,2026-09-27,2026-09-27 17:07:55,marhaba cart grise,Renault,Marhaba,cart grise,2017.0,107000.0,Diesel,Manuelle,,Dédouanée,Occasion,,,Particulier,0604317960,db509ff51f2c1767f00552e40cfbeafb6a9e31d1439a6b62d5015706b388c22c,Rabat,Rabat-Salé-Kénitra,168000.0,1.0,"À vendre Renault Kadjar de 2017, modèle WW Maroc. - Carburant : Diesel - Boîte de vitesses : Manuell..."
495668,https://www.moteur.ma/fr/voiture/achat-voiture-occasion/detail-annonce/495668/porsche-panamera.html,moteur,2026-09-27,2026-09-27 17:07:55,Porsche panamera 2016,Porsche,Panamera,2016,2016.0,150000.0,Diesel,Automatique,,Dédouanée,Occasion,,,Particulier,,,Casablanca,Casablanca-Settat,,1.0,"Porsche panamera 2016 , 150.000km , parfait état ."
680112,https://www.moteur.ma/fr/voiture/achat-voiture-occasion/detail-annonce/680112/opel-crossland.html,moteur,2026-09-27,2026-09-27 17:08:03,Opel Crossland  – 1ère Main – Excellent État,Opel,Crossland,1ère Main Excellent État,2021.0,71000.0,Diesel,Manuelle,,Dédouanée,Occasion,,,Particulier,0691657734,5aa998c41cc166524d2ff21e0ed0c4f6e683f45319c7b48846824cb8901609fb,Casablanca,Casablanca-Settat,140000.0,1.0,"Vous recherchez un SUV fiable, économique et prêt à rouler ? Cette Opel Crossland 2021 est une excel..."
680113,https://www.moteur.ma/fr/voiture/achat-voiture-occasion/detail-annonce/680113/dacia-dokker.html,moteur,2026-09-27,2026-09-27 17:08:03,dacia dokker lmlih jichof,Dacia,Dokker,lmlih jichof,2018.0,174000.0,Diesel,Manuelle,,Dédouanée,Occasion,,,Particulier,0613315738,39c677bc2682debe1163371f000f269d3f34dd00470c5a570989ae5eca31f743,Agadir,Souss-Massa,128000.0,1.0,tomobil 2018 km174 alf fiha clima  mrlfa mn lda5el  lard o les sieges cuir 2em main
680093,https://www.moteur.ma/fr/voiture/achat-voiture-occasion/detail-annonce/680093/toyota-corolla.html,moteur,2026-09-27,2026-09-27 17:08:03,Toyota Corolla D4D Diesel Manuelle 2007 à Kénitra,Toyota,Corolla,D4D Diesel Manuelle 2007 à Kénitra,2007.0,390000.0,Diesel,Manuelle,,Dédouanée,Occasion,,,Particulier,0676463426,de4c8f1862ea26485a458e289a9301596058c123a99fa3f54366cf7296f68618,Kenitra,Rabat-Salé-Kénitra,62000.0,1.0,🚗 للبيع: Toyota Corolla 1.4 D-4D   📅 سنة الصنع: 2007 ⛽ المحرك: 1.4 D-4D ديزل – 6 أحصنة ضريبية 📍...
680092,https://www.moteur.ma/fr/voiture/achat-voiture-occasion/detail-annonce/680092/peugeot-206.html,moteur,2026-09-27,2026-09-27 17:08:03,Peugeot 206,Peugeot,206,,2007.0,240.0,Essence,Manuelle,,Dédouanée,Occasion,,,Particulier,,,Casablanca,Casablanca-Settat,53000.0,1.0,très bon état
680094,https://www.moteur.ma/fr/voiture/achat-voiture-occasion/detail-annonce/680094/dacia-logan.html,moteur,2026-09-27,2026-09-27 17:08:03,Dacia Logan Essence Automatique 2022 à Casablanca,Dacia,Logan,Essence Automatique 2022 à Casablanca,2022.0,47000.0,Essence,Automatique,,Dédouanée,Occasion,,,Particulier,0606263535,4d592d248f99f6d6858f777ddc178986905540ff902474f9a9d922a9e001e896,Casablanca,Casablanca-Settat,127000.0,1.0,À vendre Dacia Logan Essence Automatique de 2022 en excellent état. - Kilométrage : 47 000 km - Marq...
680095,https://www.moteur.ma/fr/voiture/achat-voiture-occasion/detail-annonce/680095/hyundai-santa-fe.html,moteur,2026-09-27,2026-09-27 17:08:10,voiture disponible à Laâyoune,Hyundai,Voiture,disponible à Laâyoune,2013.0,270000.0,Diesel,Automatique,,Dédouanée,Occasion,,,Particulier,0632468444,7820b5dcdfb6e7ecd6299f99d8bf1f11d7fad19a91bb308228fb861434581fe7,Dakhla,Dakhla-Oued Ed-Dahab,148000.0,1.0,je vends ma belle voiture hyndai santa fe en excellent état disponible à Laâyoune
680096,https://www.moteur.ma/fr/voiture/achat-voiture-occasion/detail-annonce/680096/kia-sportage.html,moteur,2026-09-27,2026-09-27 17:08:10,Kia Sportage Black Edition Diesel Automatique,Kia,Sportage,Black Edition Diesel Automatique,2024.0,35000.0,Diesel,Automatique,,Dédouanée,Occasion,,,Particulier,0628686982,fac124523411ecfd855ff41975828e1bc3faf1b5154e1613e2154a7ae618d898,Oujda,Oriental,315000.0,1.0,"Kia Sportage Black Edition  toutes options ,  Diesel Automatique en excellent état. prix très raison..."
680097,https://www.moteur.ma/fr/voiture/achat-voiture-occasion/detail-annonce/680097/renault-clio.html,moteur,2026-09-27,2026-09-27 17:08:10,Renault Clio Diesel Manuelle 2015 à Had Soualem,Renault,Clio,Diesel Manuelle 2015 à Had Soualem,2015.0,100000.0,Diesel,Manuelle,,Dédouanée,Occasion,,,Particulier,0766484994,b44ccb7f09d96f764790525717e1ab539fe5fc3ae5fc127d82b3083af049eab8,Had,Casablanca-Settat,107000.0,1.0,CLIO 4 JAMAIS ACCIDENTE LA PAINTURE ORIGAINALE 1ER MAINS LES VETRE ELECTRIC AVEC LA CLIM SON INTERMA...
680098,https://www.moteur.ma/fr/voiture/achat-voiture-occasion/detail-annonce/680098/bmw-x3.html,moteur,2026-09-27,2026-09-27 17:08:10,Bmw X3 Pack M,BMW,X3,Pack M,2022.0,74000.0,Diesel,Automatique,,Dédouanée,Occasion,,,Particulier,0616699395,aa38e3ccc621baa02c84fa44e037d10f5820e66ce37d699db56d7ac86ace66e5,Marrakech,Marrakech-Safi,498000.0,1.0,"Bmw X3 pack M, modèle 2022, 74.000 km parcourus, voiture en très bon état, pneus récemment changé (M..."
680099,https://www.moteur.ma/fr/voiture/achat-voiture-occasion/detail-annonce/680099/audi-a4.html,moteur,2026-09-27,2026-09-27 17:08:10,audi a4 1.8tfsi,Audi,A4,1.8tfsi,2010.0,270000.0,Essence,Automatique,,Dédouanée,Occasion,,,Particulier,0645977042,c69a65975bd29be66162b80610f5bfecd079b5eda605b1dbca5414cb369e0132,Casablanca,Casablanca-Settat,105000.0,1.0,je mets en vente ma audi a4 on très très bonne état boîtes auto vignette 650dh 10chv essence 2 clé....
680100,https://www.moteur.ma/fr/voiture/achat-voiture-occasion/detail-annonce/680100/dacia-sandero.html,moteur,2026-09-27,2026-09-27 17:08:10,dacia Stepway,Dacia,Stepway,,2016.0,182000.0,Essence,Manuelle,,Dédouanée,Occasion,,,Particulier,0617990209,224157748c1641a2a528e90ae72a4f134ecec773604853b3ba4702221802d85c,Taza,Fès-Meknès,90000.0,1.0,vends très jolie Dacia Sandero Stepway année 2016 dédouaner en 2024. parfait état de marche  ne cons...
680101,https://www.moteur.ma/fr/voiture/achat-voiture-occasion/detail-annonce/680101/porsche-911.html,moteur,2026-09-27,2026-09-27 17:08:10,porche à vendre,Porsche,Porche,à vendre,2019.0,100000.0,Diesel,Automatique,,Dédouanée,Occasion,,,Particulier,,,Rabat,Rabat-Salé-Kénitra,,1.0,Je mets en vente une Porsche 911 de 2019 en très bon état. - Marque : Porsche - Modèle : 911 - Année...
680102,https://www.moteur.ma/fr/voiture/achat-voiture-occasion/detail-annonce/680102/mercedes-benz-250.html,moteur,2026-09-27,2026-09-27 17:08:10,meknes zahwa,Mercedes-Benz,Autre,zahwa,2011.0,165.0,Diesel,Automatique,2.0,Dédouanée,Occasion,,,Professionnel,0619068388,b98cacda672d95e4cc4ba4898c997258f0c724e7389d372ccbccdab29d6fcf7f,Meknes,Fès-Meknès,17.0,1.0,مرسيدس بنز 250 موديل 2011 بحالة ممتازة للبيع في مكناس. - عجلات ألمنيوم - وسائد هوائية - تكييف - نظام...
680103,https://www.moteur.ma/fr/voiture/achat-voiture-occasion/detail-annonce/680103/ford-kuga.html,moteur,2026-09-27,2026-09-27 17:08:17,Ford Kuga Titanium 2018 2.0L Manuelle,Ford,Kuga,Titanium 2018 2.0L Manuelle,2018.0,192000.0,Diesel,Manuelle,,Dédouanée,Occasion,,,Particulier,,,Berkane,Oriental,,1.0,Ford kuga titanium 2018 2l Manuelle Climatisation automatique bi-zone Écran tactile SYNC avec Bluet...
680104,https://www.moteur.ma/fr/voiture/achat-voiture-occasion/detail-annonce/680104/opel-corsa.html,moteur,2026-09-27,2026-09-27 17:08:17,Opel Corsa Diesel Manuelle 2020 à Casablanca,Opel,Corsa,Diesel Manuelle 2020 à Casablanca,2020.0,100000.0,Diesel,Manuelle,,Dédouanée,Occasion,,,Particulier,0705575878,db879f190fee09e3dd06eb1294f1e3cc869c7ed8a88f85dd45c1bff693e073e1,Casablanca,Casablanca-Settat,128000.0,1.0,Je propose à la vente une Opel Corsa Diesel Manuelle de 2020 en excellent état. - Kilométrage : 100...
680105,https://www.moteur.ma/fr/voiture/achat-voiture-occasion/detail-annonce/680105/dacia-logan.html,moteur,2026-09-27,2026-09-27 17:08:17,Dacia Logan Diesel Manuelle 2021 à Salé,Dacia,Logan,Diesel Manuelle 2021 à Salé,2021.0,0.0,Diesel,Manuelle,,Dédouanée,Occasion,,,Particulier,0678733263,8910cd598db1b9cc4fa97755861ab9c39d44433a4aa0e1c1dc88ec6e193f9618,Sale,Rabat-Salé-Kénitra,95000.0,1.0,Voitures à vendre
680106,https://www.moteur.ma/fr/voiture/achat-voiture-occasion/detail-annonce/680106/volkswagen-jetta.html,moteur,2026-09-27,2026-09-27 17:08:17,Jetta 2 litre modèle fin 2017,Volkswagen,Jetta,2 litre modèle fin 2017,2017.0,188000.0,Diesel,Manuelle,,Dédouanée,Occasion,,,Particulier,0641174373,eb7a4649232c5abde78596d4c685b9e35c254c079f1b4895d854c4c0806529e2,Rabat,Rabat-Salé-Kénitra,145000.0,1.0,Jetta 2 litre modèle fin 2017 en très bon état général. parfaitement entretenu  * Année : 10/2017 *...
680108,https://www.moteur.ma/fr/voiture/achat-voiture-occasion/detail-annonce/680108/ford-mustang.html,moteur,2026-09-27,2026-09-27 17:08:17,Ford Mustang ecoboost convertible 2019,Ford,Mustang,ecoboost convertible 2019,2019.0,130000.0,Essence,Automatique,,Dédouanée,Occasion,,,Particulier,0617013225,de7733949b7a28e1eebf92741f6a411aa54712fe297651bb14bc6f8e6261fda5,Casablanca,Casablanca-Settat,295000.0,1.0,Je vends une Ford Mustang Ecoboost cabriolet de 2019 en excellent état. - Marque : Ford - Modèle : M...
680107,https://www.moteur.ma/fr/voiture/achat-voiture-occasion/detail-annonce/680107/volkswagen-golf-4.html,moteur,2026-09-27,2026-09-27 17:08:17,Golf4 diesel 2003,Volkswagen,Golf4,diesel 2003,2003.0,370000.0,Diesel,Manuelle,,Dédouanée,Occasion,,,Particulier,0670815120,5048191ed1cdbaaf93228aef0d62aa2dcbb41d0613e512fa4d2bf9a8864cb588,Tiznit,Souss-Massa,77000.0,1.0,Golf 4 1.9 TDI 2003 dedounne 2009
680079,https://www.moteur.ma/fr/voiture/achat-voiture-occasion/detail-annonce/680079/bmw-serie-5.html,moteur,2026-09-27,2026-09-27 17:08:17,BMW série 520d excellent état,BMW,Série,520d excellent état,2022.0,68000.0,Diesel,Automatique,,Dédouanée,Occasion,,,Particulier,0677056942,404292c426f6e763b803016947eb15aa8c7f928c53d049cf49fd004d2210b84d,Casablanca,Casablanca-Settat,420000.0,1.0,Je vends une BMW Série 520d en excellent état. - Année-Modèle : fin 2022 - Carburant : Diesel - Boît...
680080,https://www.moteur.ma/fr/voiture/achat-voiture-occasion/detail-annonce/680080/peugeot-boxer.html,moteur,2026-09-27,2026-09-27 17:08:17,Peugeot Boxer Diesel Manuelle 2022 à Casablanca,Peugeot,Boxer,Diesel Manuelle 2022 à Casablanca,2022.0,70000.0,Diesel,Manuelle,,Dédouanée,Occasion,,,Particulier,0645267525,894a95fba80c4b48f7ed9c591f1dde51b4fca8588ed814031a265ded640e0132,Casablanca,Casablanca-Settat,200000.0,1.0,Je vends un Peugeot Boxer Diesel Manuelle de 2022 en excellent état. - Kilométrage : 70 000 km - Jan...
680091,https://www.moteur.ma/fr/voiture/achat-voiture-occasion/detail-annonce/680091/mercedes-benz-classe-g.html,moteur,2026-09-27,2026-09-27 17:08:21,Mercedes G63 Pack Brabus original,Mercedes-Benz,G63,Pack Brabus original,2023.0,39000.0,Essence,Automatique,,Dédouanée,Occasion,,,Particulier,,,Rabat,Rabat-Salé-Kénitra,,1.0,Je mets en vente une Mercedes G63 avec pack Brabus original en excellent état. - Kilométrage : 39 00...
680083,https://www.moteur.ma/fr/voiture/achat-voiture-occasion/detail-annonce/680083/volkswagen-golf-2.html,moteur,2026-09-27,2026-09-27 17:08:21,golf 2 model 1990 motor 3,Volkswagen,Golf,2 model 1990 motor 3,1990.0,341000.0,Diesel,Manuelle,,Dédouanée,Occasion,,,Particulier,0644203662,4d58871cc7f1bb276ad092595da727e6ea4b4851b0d5767884b2d3f248edc3f6,Sale,Rabat-Salé-Kénitra,33000.0,1.0,model 1990 motor 3
680082,https://www.moteur.ma/fr/voiture/achat-voiture-occasion/detail-annonce/680082/hyundai-i20.html,moteur,2026-09-27,2026-09-27 17:08:21,Hyundai i20 Essence Automatique 2023 à Casablanca,Hyundai,I20,Essence Automatique 2023 à Casablanca,2023.0,30000.0,Essence,Automatique,,Dédouanée,Occasion,,,Particulier,0710700421,fbabce18e7ff8754cdfded32d2afefcae10aa48d37a30b4184e74c2792892396,Casablanca,Casablanca-Settat,165000.0,1.0,"Hyundai i 20 essence très bon état, à vendre, non sérieux à s’abstenir"
680084,https://www.moteur.ma/fr/voiture/achat-voiture-occasion/detail-annonce/680084/volkswagen-tiguan.html,moteur,2026-09-27,2026-09-27 17:08:21,Volkswagen Tiguan Diesel Automatique 2023,Volkswagen,Tiguan,Diesel Automatique 2023,2023.0,82000.0,Diesel,Automatique,,Dédouanée,Occasion,,,Particulier,0612517647,fa51c7922c54d0fdc575c26d895a9a24c2fda0e18f1fbaa6e26cdfc0d8ae39f0,Marrakech,Marrakech-Safi,390000.0,1.0,Volkswagen Tiguan 2024 à vendre à Marrakech — 82 000 km.  Version bien équipée avec toit ouvrant. Vé...
680086,https://www.moteur.ma/fr/voiture/achat-voiture-occasion/detail-annonce/680086/opel-astra.html,moteur,2026-09-27,2026-09-27 17:08:21,Opel Astra j cosmo,Opel,Astra,j cosmo,2012.0,191.0,Diesel,Manuelle,,Dédouanée,Occasion,,,Particulier,0627159205,0a3fc5966ecc7800955caf119f90e1bae92902165d74350e96e2fa3d0e2c39ed,Autre,,94000.0,1.0,3ndi had tomobil lbi3 dyali carte grise fsmiyty tout options 7 flkhil diesel  lah i3mrha dar bghit n...
680085,https://www.moteur.ma/fr/voiture/achat-voiture-occasion/detail-annonce/680085/toyota-corolla.html,moteur,2026-09-27,2026-09-27 17:08:21,TOYOTA COROLLA HYBRID ESSENCE / ÉLECTRIQUE 2022,Toyota,Corolla,HYBRID ESSENCE ÉLECTRIQUE 2022,2022.0,100000.0,Hybride,Automatique,,Dédouanée,Occasion,,,Particulier,0754296115,d3a7322e375f79702be712fd82bd07de6f5ba505ac339c438cdf786146de4c2c,Tanger,Tanger-Tétouan-Al Hoceïma,160000.0,1.0,🚨 TOYOTA COROLLA HYBRID – ESSENCE / ÉLECTRIQUE – 2022 🚨  🔥 2ᵉ MAIN – 100 000 KM – FULL OPTIONS 🔥...
680087,https://www.moteur.ma/fr/voiture/achat-voiture-occasion/detail-annonce/680087/citroen-c3.html,moteur,2026-09-27,2026-09-27 17:08:21,سيتروين سي3,Citroën,3,,2022.0,160.0,Diesel,Manuelle,,Dédouanée,Occasion,,,Particulier,0616616920,5033319d8069e904ed078cf8cf4651f373aed931062367ca1c1cf857aca120ab,Khenifra,Béni Mellal-Khénifra,120000.0,1.0,أعرض للبيع سيتروين سي 3 موديل 2022 بحالة جيدة. - الماركة: ستروين - الموديل: سي 3 - سنة الموديل: 2022...
680088,https://www.moteur.ma/fr/voiture/achat-voiture-occasion/detail-annonce/680088/kia-carens.html,moteur,2026-09-27,2026-09-27 17:08:21,Kia Carens Diesel Automatique 2023 à Kénitra,Kia,Carens,Diesel Automatique 2023 à Kénitra,2023.0,70000.0,Diesel,Automatique,,Dédouanée,Occasion,,,Particulier,0667191961,1f700e6047386159fad7aa3ba4387b95e3fa3a8aa2c1f13901b1d80b6c3c4cd4,Kenitra,Rabat-Salé-Kénitra,23000.0,1.0,Je propose à la vente une Kia Carens Diesel Automatique de 2023 en excellent état. - Kilométrage : 7...
680089,https://www.moteur.ma/fr/voiture/achat-voiture-occasion/detail-annonce/680089/seat-ateca.html,moteur,2026-09-27,2026-09-27 17:08:21,سيات اتيكا للبيع,Seat,Ateca,,2017.0,250000.0,Diesel,Automatique,,Dédouanée,Occasion,,,Particulier,0679818214,ac39d7560054a071573fafbae47a8a66286c34c1293e00c4c23b6316edbe4a4e,Casablanca,Casablanca-Settat,200000.0,1.0,للبيع سيات أتيكا موديل 2017 بحالة ممتازة. - ماركة: سيات - موديل: أتيكا - سنة الصنع: 2017 - نوع الوقو...
680077,https://www.moteur.ma/fr/voiture/achat-voiture-occasion/detail-annonce/680077/citroen-c3.html,moteur,2026-09-27,2026-09-27 17:08:21,Citroen C3 diesel 6ch 2021/en bonne état,Citroën,C3,diesel 6ch 2021 en bonne état,2021.0,118000.0,Diesel,Manuelle,6.0,Dédouanée,Occasion,,,Particulier,0602126474,6fbf794ed03143b31defa13267a25bdc80dd46302361a90e67290d78534b8e7d,Sale,Rabat-Salé-Kénitra,138000.0,1.0,je mets en vente ma voiture particulière modèle Citroen C3 2021 diesel 6ch tout options la peinture...
680078,https://www.moteur.ma/fr/voiture/achat-voiture-occasion/detail-annonce/680078/citroen-c-elysee.html,moteur,2026-09-27,2026-09-27 17:08:28,Citroën C-Elysée Diesel Manuelle 2023 à Oujda,Citroën,C-elysée,Diesel Manuelle 2023 à Oujda,2023.0,180000.0,Diesel,Manuelle,,Dédouanée,Occasion,,,Particulier,0666864034,6d235379a38495ebf3e7fe12c485d5c9192a7b93ed69df2b2d697b153c4dcdfd,Oujda,Oriental,113000.0,1.0,"Je vends une Citroën C-Elysée diesel manuelle de 2023, première main, en très bon état. - Kilométrag..."
680076,https://www.moteur.ma/fr/voiture/achat-voiture-occasion/detail-annonce/680076/bmw-serie-5.html,moteur,2026-09-27,2026-09-27 17:08:28,bmw série 5 G30,BMW,Série,5 G30,2018.0,200000.0,Diesel,Automatique,,Dédouanée,Occasion,,,Particulier,0663062879,376f1bff3dc0b3efaa37ad5748e6bdfcfd8863ab9b16d520f1314b8fb1f755e6,Marrakech,Marrakech-Safi,290000.0,1.0,BMW très bon état
680067,https://www.moteur.ma/fr/voiture/achat-voiture-occasion/detail-annonce/680067/mercedes-benz-classe-a.html,moteur,2026-09-27,2026-09-27 17:08:28,Mercedes-Benz Classe A Diesel Automatique 2020,Mercedes-Benz,Classe,A Diesel Automatique 2020,2020.0,170000.0,Diesel,Automatique,,Dédouanée,Occasion,,,Particulier,,,Casablanca,Casablanca-Settat,,1.0,Marque et Modèle : Mercedes-Benz Classe A (Génération W177).   ​Version/Motorisation : A 200 d (mote...
680068,https://www.moteur.ma/fr/voiture/achat-voiture-occasion/detail-annonce/680068/mercedes-benz-220.html,moteur,2026-09-27,2026-09-27 17:08:28,Mercedes 220 CDI 2000 Automatique,Mercedes-Benz,220,CDI 2000 Automatique,2000.0,300.0,Diesel,Automatique,,Dédouanée,Occasion,,,Particulier,,,Nador,Oriental,,1.0,mercedes cdi 220  Modil 2000 Diwana 2010  Bwat otomatik  Tomobin n9iya
680072,https://www.moteur.ma/fr/voiture/achat-voiture-occasion/detail-annonce/680072/hyundai-accent.html,moteur,2026-09-27,2026-09-27 17:08:28,Hyundai Accent Diesel Manuelle 2010 à Casablanca,Hyundai,Accent,Diesel Manuelle 2010 à Casablanca,2010.0,290000.0,Diesel,Manuelle,,Dédouanée,Occasion,,,Particulier,0703808167,443fb179350a46708ccf5e6c526f317adffb0498f79fc8a5e64b3c50c3f5b7f6,Casablanca,Casablanca-Settat,65000.0,1.0,سيارة مليحة للبيع للتواصل
680073,https://www.moteur.ma/fr/voiture/achat-voiture-occasion/detail-annonce/680073/bmw-x3.html,moteur,2026-09-27,2026-09-27 17:08:28,Belle BMW suv x3,BMW,Belle,suv x3,2018.0,172000.0,Diesel,Automatique,,Dédouanée,Occasion,,,Particulier,0610192737,362f8bdcf456a20c3d3cb44400b1a11938322426589071504a1377fdd5d1c955,Berkane,Oriental,275000.0,1.0,voiture en excellent état deuxième main très bien entretenue
680074,https://www.moteur.ma/fr/voiture/achat-voiture-occasion/detail-annonce/680074/volkswagen-touareg.html,moteur,2026-09-27,2026-09-27 17:08:28,touareg v6 xtrem,Volkswagen,Touareg,v6 xtrem,2011.0,252.0,Diesel,Automatique,,Dédouanée,Occasion,,,Particulier,0662753940,0b366ac9d8a2edd6924bc7b490fdf962519eeb1e0194b8cb7cda584505f0fbdd,Casablanca,Casablanca-Settat,123000.0,1.0,touareg v6 xtrem modèle fin 2011 kilométrage 252 tout option li mahtam marhba
680075,https://www.moteur.ma/fr/voiture/achat-voiture-occasion/detail-annonce/680075/opel-corsa.html,moteur,2026-09-27,2026-09-27 17:08:28,opel corsa diesel,Opel,Corsa,diesel,2020.0,107000.0,Diesel,Manuelle,2.0,Dédouanée,Occasion,,,Professionnel,0677017059,dcaba902e210aff6ea956e5e05738534d1fc6e2fe6e161fa76dc4394e212acb3,Casablanca,Casablanca-Settat,125000.0,1.0,opel corsa diesel tt options peinture originale jamais accidenté Kolchi original fiha vidange comple...
680061,https://www.moteur.ma/fr/voiture/achat-voiture-occasion/detail-annonce/680061/audi-a3-sportback.html,moteur,2026-09-27,2026-09-27 17:08:36,Audi A3 2014 emportée,Audi,A3,2014 emportée,2014.0,300.0,Diesel,Automatique,,Dédouanée,Occasion,,,Particulier,0660492071,365149543f54ca9cdb9ee0aa8dc56435b741517d514f3c283025be9a36137a6f,Mohammedia,Casablanca-Settat,162000.0,1.0,Audi A3 2014 emportée
680060,https://www.moteur.ma/fr/voiture/achat-voiture-occasion/detail-annonce/680060/peugeot-308.html,moteur,2026-09-27,2026-09-27 17:08:36,Peugeot 308 break 1.6 HDi 2016 – 180 000 km,Peugeot,308,break 1.6 HDi 2016 180 000 km,2016.0,188.0,Diesel,Manuelle,,Dédouanée,Occasion,,,Particulier,0631489480,d2b915cb8737f9c3b772d8fc32bc06bf6de1d30a50c4d9b58a25e9dfe580ddbd,Tanger,Tanger-Tétouan-Al Hoceïma,150000.0,1.0,Je vends une Peugeot 308 de 2016 en très bon état. - Marque : Peugeot - Modèle : 308 - Année-Modèle...
680063,https://www.moteur.ma/fr/voiture/achat-voiture-occasion/detail-annonce/680063/fiat-uno.html,moteur,2026-09-27,2026-09-27 17:08:43,voiture bon état,Fiat,Voiture,bon état,1997.0,220000.0,Essence,Manuelle,,Dédouanée,Occasion,,,Particulier,0684670540,a40d44f066d712cf33be746fc1dbfba91a8616aa1984c9dae6ba1f3a9aae4d2c,Fes,Fès-Meknès,20000.0,1.0,Je vends une Fiat Uno de 1997 en très bon état. - Marque : Fiat - Modèle : Uno - Année : 1997 - Puis...
680062,https://www.moteur.ma/fr/voiture/achat-voiture-occasion/detail-annonce/680062/volkswagen-golf-7.html,moteur,2026-09-27,2026-09-27 17:08:43,Volkswagen Golf 7 Diesel Automatique 2021,Volkswagen,Golf,7 Diesel Automatique 2021,2021.0,71000.0,Diesel,Automatique,,Dédouanée,Occasion,,,Particulier,,,Casablanca,Casablanca-Settat,,1.0,Je propose à la vente une Volkswagen Golf 7 Diesel Automatique de 2021. - Kilométrage : 71 000 km -...
680064,https://www.moteur.ma/fr/voiture/achat-voiture-occasion/detail-annonce/680064/audi-q5.html,moteur,2026-09-27,2026-09-27 17:08:43,audi q5 v6 s line,Audi,Q5,v6 s line,2011.0,256.0,Diesel,Automatique,,Dédouanée,Occasion,,,Particulier,0662753940,0b366ac9d8a2edd6924bc7b490fdf962519eeb1e0194b8cb7cda584505f0fbdd,Casablanca,Casablanca-Settat,123000.0,1.0,audi q5 v6 s line modèle fin 2011 tout option li mahtam marhba
680065,https://www.moteur.ma/fr/voiture/achat-voiture-occasion/detail-annonce/680065/volkswagen-polo.html,moteur,2026-09-27,2026-09-27 17:08:43,Volkswagen Polo Diesel Manuelle 2016 à Casablanca,Volkswagen,Polo,Diesel Manuelle 2016 à Casablanca,2016.0,157000.0,Diesel,Manuelle,,Dédouanée,Occasion,,,Particulier,0663649917,8c3213f60bdbe2c66a890e0ca9bbd29bc38fe0233bb2700778fe40f6d6f62793,Casablanca,Casablanca-Settat,120000.0,1.0,120 000MAD negociable
680066,https://www.moteur.ma/fr/voiture/achat-voiture-occasion/detail-annonce/680066/volkswagen-golf-5.html,moteur,2026-09-27,2026-09-27 17:08:51,golf 5 essence 2007,Volkswagen,Golf,5 essence 2007,2007.0,232000.0,Essence,Manuelle,,Dédouanée,Occasion,,,Particulier,0658171118,43bef8a81a91c747455d8927ea61d8b6be61efae001a94fa65746eeff190bae6,Meknes,Fès-Meknès,63000.0,1.0,golf 5 essence 2007
680045,https://www.moteur.ma/fr/voiture/achat-voiture-occasion/detail-annonce/680045/audi-q5.html,moteur,2026-09-27,2026-09-27 17:08:51,OUDI Q5 MODULE 2015,Audi,Oudi,Q5 MODULE 2015,2015.0,186877.0,Diesel,Automatique,,Dédouanée,Occasion,,,Particulier,0629609092,2bca3a2ff718b37f2ac103446341d2b8e4f3127aa2f55221a16899d02e78d140,Casablanca,Casablanca-Settat,250000.0,1.0,BA9a n9iyaaa libgha marhbaa
680046,https://www.moteur.ma/fr/voiture/achat-voiture-occasion/detail-annonce/680046/dacia-sandero.html,moteur,2026-09-27,2026-09-27 17:08:51,داسيا سانديرو ستبواي اكستريم,Dacia,Sandero,,2022.0,70000.0,Diesel,Manuelle,,Dédouanée,Occasion,,,Particulier,,,Laayoune,Laâyoune-Sakia El Hamra,,1.0,سيارة شبه جديدة
680049,https://www.moteur.ma/fr/voiture/achat-voiture-occasion/detail-annonce/680049/fiat-palio.html,moteur,2026-09-27,2026-09-27 17:08:51,très bon état jamais accidenté,Fiat,Autre,bon état jamais accidenté,1999.0,190000.0,Essence,Manuelle,,Dédouanée,Occasion,,,Particulier,0656445529,d78c92659b6a74f2f32b93eae44b512d581e2b5840c68b55da58bffa8864d5bf,Casablanca,Casablanca-Settat,29000.0,1.0,mazl nqia motour mlih
680048,https://www.moteur.ma/fr/voiture/achat-voiture-occasion/detail-annonce/680048/audi-q5.html,moteur,2026-09-27,2026-09-27 17:08:51,audi q5 model 2015,Audi,Q5,model 2015,2015.0,180000.0,Diesel,Automatique,,Dédouanée,Occasion,,,Particulier,0767865702,82f255efc0a2eb77bfa2342fb1e68f25cd55c7e2a922704cfba3551d6bf23559,Casablanca,Casablanca-Settat,25.0,1.0,audi q5 model 2015 diwana 2019 sbagha dyal dar
680047,https://www.moteur.ma/fr/voiture/achat-voiture-occasion/detail-annonce/680047/peugeot-partner.html,moteur,2026-09-27,2026-09-27 17:08:51,بارتنير موضيل 2003,Peugeot,Autre,,2003.0,100000.0,Diesel,Manuelle,,Dédouanée,Occasion,,,Particulier,,,Mohammedia,Casablanca-Settat,,1.0,بارتنير في حالة جيدة
680026,https://www.moteur.ma/fr/voiture/achat-voiture-occasion/detail-annonce/680026/seres-3.html,moteur,2026-09-27,2026-09-27 17:08:51,Seres 3 full options excellent état première main,Seres,3,full options excellent état première main,2022.0,60000.0,Electrique,Automatique,,Dédouanée,Occasion,,,Particulier,0661792269,961c1faf7872e6cdc910868e05d9d5904cee046cabca6ee85556e33955906391,Casablanca,Casablanca-Settat,230000.0,1.0,"Je vends une Seres 3 toute options en excellent état, première main. - Marque : Seres - Modèle : 3 -..."
680050,https://www.moteur.ma/fr/voiture/achat-voiture-occasion/detail-annonce/680050/volkswagen-tiguan.html,moteur,2026-09-27,2026-09-27 17:08:51,Tiguan R Line 🇩🇪,Volkswagen,Tiguan,R Line,2023.0,109.0,Diesel,Automatique,,Dédouanée,Occasion,,,Particulier,0716534831,279e6ff9af523922897784ffca01b8de67c204f4a302b7c08a814b512fe57d04,El,Casablanca-Settat,385000.0,1.0,للبيع فولكس فاجن تيغوان R Line موديل 2023 بحالة ممتازة. - عجلات ألمنيوم - تكييف - نظام الملاحة GPS -...
680051,https://www.moteur.ma/fr/voiture/achat-voiture-occasion/detail-annonce/680051/audi-q5.html,moteur,2026-09-27,2026-09-27 17:08:51,audi Q5 model 2015,Audi,Q5,model 2015,2015.0,180000.0,Diesel,Automatique,,Dédouanée,Occasion,,,Particulier,,,Casablanca,Casablanca-Settat,,1.0,audi q5 model 2015 diwana 2019 sbagha dyal dar
680052,https://www.moteur.ma/fr/voiture/achat-voiture-occasion/detail-annonce/680052/volkswagen-gol.html,moteur,2026-09-27,2026-09-27 17:08:51,Gol plus en très bon état,Volkswagen,Gol,plus en très bon état,2006.0,100000.0,Essence,Manuelle,2.0,Dédouanée,Occasion,,,Professionnel,0717308126,65b4a27a8874a97d17f7665dfd87b786538e8b4c4e4ed96e2960b6b439769f98,Al,Casablanca-Settat,30000.0,1.0,Je vends une Volkswagen Gol de 2006 en très bon état. - Marque : Volkswagen - Modèle : Gol - Année-M...
680053,https://www.moteur.ma/fr/voiture/achat-voiture-occasion/detail-annonce/680053/dacia-duster.html,moteur,2026-09-27,2026-09-27 17:08:59,Dacia Duster 2016,Dacia,Duster,2016,2016.0,147000.0,Diesel,Manuelle,,Dédouanée,Occasion,,,Particulier,0610277988,16d4fd679ee1dfe11cec87ec6f0b9e430d2dca05a3c5b8bd65d684fca4d3f0e5,Rabat,Rabat-Salé-Kénitra,135000.0,1.0,"Dacia Duster modèle 2016 , diesel , jamais accidenté et en très bon état, pour plus d’information, m..."
680054,https://www.moteur.ma/fr/voiture/achat-voiture-occasion/detail-annonce/680054/dacia-sandero.html,moteur,2026-09-27,2026-09-27 17:09:06,سيارة ممتازة بدون ضرر,Dacia,Sandero,,2021.0,229.0,Diesel,Manuelle,,Dédouanée,Occasion,,,Particulier,0666822079,1ab7fa509bb7d09b7228ff5b2c9aafaf2203249265b4e68ad0277e7e56bf47a8,Casablanca,Casablanca-Settat,200011.0,1.0,أعرض للبيع سيارة داسيا سانديرو موديل 2021 بحالة ممتازة. - الماركة: داسيا - الموديل: سانديرو - السنة:...
680055,https://www.moteur.ma/fr/voiture/achat-voiture-occasion/detail-annonce/680055/dacia-duster.html,moteur,2026-09-27,2026-09-27 17:09:13,dacoa duster 2013,Dacia,Dacoa,duster 2013,2013.0,171000.0,Diesel,Manuelle,,Dédouanée,Occasion,,,Particulier,0608899847,5bbf1a4ea0ebfc9557e4b0050772d043fcd13ddd0a2ac428f265b9642ba38715,Tetouan,Tanger-Tétouan-Al Hoceïma,115000.0,1.0,Je vends une Dacia Duster de 2013 en très bon état. - Marque : Dacia - Modèle : Duster - Année-Modèl...
680034,https://www.moteur.ma/fr/voiture/achat-voiture-occasion/detail-annonce/680034/volkswagen-polo.html,moteur,2026-09-27,2026-09-27 17:09:13,polp,Volkswagen,Polp,,2008.0,270000.0,Essence,Manuelle,,Dédouanée,Occasion,,,Particulier,0674854535,7c5ee56c55e15921b36e670d6eaf586f60d9ebc3e666940c399543cc11467de4,Sale,Rabat-Salé-Kénitra,62000.0,1.0,"polo 1,2 essence 2008"
680035,https://www.moteur.ma/fr/voiture/achat-voiture-occasion/detail-annonce/680035/dacia-sandero.html,moteur,2026-09-27,2026-09-27 17:09:13,Sandiro a vendre,Dacia,Sandiro,a vendre,2025.0,50000.0,Diesel,Manuelle,,Dédouanée,Occasion,,,Particulier,0619470075,d0a48e800cbca81935e1a24e8df2666038f09771aee9db3711c9b6f583535396,Tanger,Tanger-Tétouan-Al Hoceïma,163000.0,1.0,dacia sandiro premier main en excellence état  jamais accident  pas de retouche
680036,https://www.moteur.ma/fr/voiture/achat-voiture-occasion/detail-annonce/680036/fiat-fiorino.html,moteur,2026-09-27,2026-09-27 17:09:13,fiat forino,Fiat,Forino,,2020.0,124000.0,Diesel,Manuelle,,Dédouanée,Occasion,,,Particulier,0643846309,d583cd8826deaf4448f4f939bd010dae09ea33f8b015a81b6acc18d3a95c6966,Casablanca,Casablanca-Settat,110000.0,1.0,fiat forino octobre 2020 trés bon etat
680037,https://www.moteur.ma/fr/voiture/achat-voiture-occasion/detail-annonce/680037/fiat-uno.html,moteur,2026-09-27,2026-09-27 17:09:20,فياط اونو للبيع 2002,Fiat,Autre,,2002.0,155000.0,Diesel,Manuelle,,Dédouanée,Occasion,,,Particulier,0776445188,d9e5ff521f47dfa40b8cb33d069a0a5bb0dc901bf5e852d5139cc3abc8233795,Kenitra,Rabat-Salé-Kénitra,27000.0,1.0,فيات أونو موديل 2002 للبيع بحالة جيدة. - ماركة السيارة: فيات - الموديل: أونو - سنة الصنع: 2002 - نوع...
680038,https://www.moteur.ma/fr/voiture/achat-voiture-occasion/detail-annonce/680038/dacia-logan.html,moteur,2026-09-27,2026-09-27 17:09:20,tonobil kssabiya,Dacia,Tonobil,kssabiya,2013.0,153000.0,Diesel,Manuelle,,Dédouanée,Occasion,,,Particulier,0662076017,1dc9e793ec0c946e987e142f494010a6b45b789853897573912194e5618c3b72,Casablanca,Casablanca-Settat,108000.0,1.0,Baka jdida
680040,https://www.moteur.ma/fr/voiture/achat-voiture-occasion/detail-annonce/680040/kia-picanto.html,moteur,2026-09-27,2026-09-27 17:09:20,العومة طنجة,Kia,Picanto,,2009.0,217227.0,Essence,Manuelle,,Dédouanée,Occasion,,,Particulier,0681828498,9830255f751233ab63383b96541ce0d6925c321d5fde1c6682a0effa3fe86d0e,Tanger,Tanger-Tétouan-Al Hoceïma,60000.0,1.0,tonobir n9iya bzaf
680039,https://www.moteur.ma/fr/voiture/achat-voiture-occasion/detail-annonce/680039/mercedes-benz-classe-c.html,moteur,2026-09-27,2026-09-27 17:09:20,Mercedes-Benz C300 DE AMG LINE,Mercedes-Benz,C300,DE AMG LINE,2024.0,38000.0,Diesel,Automatique,,Dédouanée,Occasion,,,Particulier,0621740317,f92341a96656fb03c83f27c141af1a61886aa306dea5f05bd3178e3f5b1f7ae1,Casablanca,Casablanca-Settat,649000.0,1.0,Je vends une Mercedes-Benz C300 DE AMG LINE de 2024 en excellent état. - Marque : Mercedes-Benz - Mo...
680041,https://www.moteur.ma/fr/voiture/achat-voiture-occasion/detail-annonce/680041/fiat-uno.html,moteur,2026-09-27,2026-09-27 17:09:20,فياط اونو للبيع 2002,Fiat,Autre,,2002.0,155000.0,Diesel,Manuelle,,Dédouanée,Occasion,,,Particulier,0776445188,d9e5ff521f47dfa40b8cb33d069a0a5bb0dc901bf5e852d5139cc3abc8233795,Kenitra,Rabat-Salé-Kénitra,27000.0,1.0,للبيع سيارة فيات اونو موديل 2002 بحالة جيدة. - الماركة: فيات - الموديل: أونو - سنة الموديل: 2002 - ن...
680042,https://www.moteur.ma/fr/voiture/achat-voiture-occasion/detail-annonce/680042/volkswagen-tiguan.html,moteur,2026-09-27,2026-09-27 17:09:29,Volkswagen Tiguan Diesel Automatique 2019,Volkswagen,Tiguan,Diesel Automatique 2019,2019.0,214000.0,Diesel,Automatique,,Dédouanée,Occasion,,,Particulier,,,Beni,Béni Mellal-Khénifra,,1.0,Tiguan modèle 2019 dédouanée 2023
680043,https://www.moteur.ma/fr/voiture/achat-voiture-occasion/detail-annonce/680043/kia-picanto.html,moteur,2026-09-27,2026-09-27 17:09:29,Kia Picanto Essence Manuelle 2013 à Settat,Kia,Picanto,Essence Manuelle 2013 à Settat,2013.0,130000.0,Essence,Manuelle,,Dédouanée,Occasion,,,Particulier,0766484994,b44ccb7f09d96f764790525717e1ab539fe5fc3ae5fc127d82b3083af049eab8,Settat,Casablanca-Settat,68000.0,1.0,KIA PICANTO 2013 JAMAIS ACCIDENTE
680014,https://www.moteur.ma/fr/voiture/achat-voiture-occasion/detail-annonce/680014/opel-corsa.html,moteur,2026-09-27,2026-09-27 17:09:29,À VENDRE – Opel Corsa 1.5 Diesel 102 ch,Opel,Autre,VENDRE Corsa 1.5 Diesel 102 ch,2022.0,94000.0,Diesel,Manuelle,,Dédouanée,Occasion,,,Particulier,0632200914,82dd02c3dab4f87051634d82d3109f4a38187109961e656118678b931757c757,Casablanca,Casablanca-Settat,144000.0,1.0,🚗 À VENDRE – Opel Corsa 1.5 Diesel 102 ch  📅 Année : 2022 ⛽ Motorisation : Diesel 1.5 – 102 ch ⚙️...
680015,https://www.moteur.ma/fr/voiture/achat-voiture-occasion/detail-annonce/680015/ford-kuga.html,moteur,2026-09-27,2026-09-27 17:09:29,Ford Kuga 2017,Ford,Kuga,2017,2017.0,185000.0,Diesel,Manuelle,,Dédouanée,Occasion,,,Particulier,,,Casablanca,Casablanca-Settat,,1.0,"Je mets en vents ma Ford Kuga modèle 2017 , jantes , écran, régulateur vitesse , caméra recueil,..."
680016,https://www.moteur.ma/fr/voiture/achat-voiture-occasion/detail-annonce/680016/dacia-sandero.html,moteur,2026-09-27,2026-09-27 17:09:29,الدربيضاء الرحمة,Dacia,Sandero,,2016.0,78000.0,Diesel,Manuelle,,Dédouanée,Occasion,,,Particulier,0626200569,01a61863bafcb0530b46c07caf8b6d98b9c3d6f217000ee911f19bc743b55a16,Casablanca,Casablanca-Settat,110000.0,1.0,أعرض للبيع سيارة داسيا سانديرو موديل 2016 بحالة ممتازة. - الماركة: داسيا - الموديل: سانديرو - سنة ال...
680017,https://www.moteur.ma/fr/voiture/achat-voiture-occasion/detail-annonce/680017/peugeot-5008.html,moteur,2026-09-27,2026-09-27 17:09:29,Peugeot 5008 Diesel Automatique 2020 à Salé,Peugeot,5008,Diesel Automatique 2020 à Salé,2020.0,138969.0,Diesel,Automatique,,Dédouanée,Occasion,,,Particulier,0667432379,4a30f054e7d8aa2185bcaf2e108b8a22eb3048c6f26233750da3052e21bc7729,Sale,Rabat-Salé-Kénitra,245000.0,1.0,"À vendre Peugeot 5008 année 2020, moteur Diesel, très bon état.  * 📅 Année : 2020 * ⛽ Carburant :..."
680018,https://www.moteur.ma/fr/voiture/achat-voiture-occasion/detail-annonce/680018/dacia-sandero.html,moteur,2026-09-27,2026-09-27 17:09:29,الداربيضاء,Dacia,Sandero,,2016.0,78000.0,Diesel,Manuelle,,Dédouanée,Occasion,,,Particulier,0626200569,01a61863bafcb0530b46c07caf8b6d98b9c3d6f217000ee911f19bc743b55a16,Casablanca,Casablanca-Settat,110000.0,1.0,أعرض للبيع سيارة داسيا سانديرو موديل 2016 بحالة ممتازة. - الماركة: داسيا - الموديل: سانديرو - سنة ال...
680019,https://www.moteur.ma/fr/voiture/achat-voiture-occasion/detail-annonce/680019/citroen-berlingo.html,moteur,2026-09-27,2026-09-27 17:09:29,سيارة في حالة جيدة,Citroën,Berlingo,,2014.0,151199.0,Diesel,Manuelle,,Dédouanée,Occasion,,,Particulier,,,Marrakech,Marrakech-Safi,,1.0,سيارة في حالة جيدة
680021,https://www.moteur.ma/fr/voiture/achat-voiture-occasion/detail-annonce/680021/dacia-logan.html,moteur,2026-09-27,2026-09-27 17:09:36,داسيا لوغان,Dacia,Logan,,2011.0,291314.0,Diesel,Manuelle,,Dédouanée,Occasion,,,Particulier,,,Autre,,,1.0,داسيا لوغان موديل 2011
680022,https://www.moteur.ma/fr/voiture/achat-voiture-occasion/detail-annonce/680022/mercedes-benz-classe-e.html,moteur,2026-09-27,2026-09-27 17:09:36,MERCEDES E220 E,Mercedes-Benz,E220,E,2019.0,1.0,Diesel,Automatique,,Dédouanée,Occasion,,,Particulier,0664055695,76cf78f2146c4e0215bdd07e0454d9e0a37cefe576f4047f2c4b1667edab6cb5,Rabat,Rabat-Salé-Kénitra,310000.0,1.0,Prix  Négociable après visite  Mercedes Benz Classe E220d Luxury  Modèle Fin 2019  Sur Commande Carb...
680023,https://www.moteur.ma/fr/voiture/achat-voiture-occasion/detail-annonce/680023/dacia-dokker.html,moteur,2026-09-27,2026-09-27 17:09:36,dacia dockker model 2021,Dacia,Dockker,model 2021,2021.0,177000.0,Diesel,Manuelle,,Dédouanée,Occasion,,,Particulier,,,Ouarzazate,Drâa-Tafilalet,,1.0,"Je vends une Dacia Dokker de 2021 en très bon état. - Première main, origine WW au Maroc - Diesel, 6..."
680025,https://www.moteur.ma/fr/voiture/achat-voiture-occasion/detail-annonce/680025/volkswagen-touareg.html,moteur,2026-09-27,2026-09-27 17:09:36,Volkswagen Touareg Diesel Automatique 2019,Volkswagen,Touareg,Diesel Automatique 2019,2019.0,168000.0,Diesel,Automatique,,Dédouanée,Occasion,,,Particulier,0661834716,66a95fad49e35fe2833e4bcc8313c9c8eb2fbe5ae8d3c65690fbdd067b24d5b4,Berrechid,Casablanca-Settat,200000.0,1.0,🚘 À VENDRE — VOLKSWAGEN TOUAREG 2019 🇺🇸    🔥 Touareg 2019 USA — SUV Premium    ⛽ Motorisation : V...
680027,https://www.moteur.ma/fr/voiture/achat-voiture-occasion/detail-annonce/680027/citroen-berlingo.html,moteur,2026-09-27,2026-09-27 17:09:36,القنيطرة الساكنية,Citroën,Berlingo,,2014.0,213.0,Diesel,Manuelle,,Dédouanée,Occasion,,,Particulier,0661427013,1ec528e4d008bc3a5cf21057b26218f10972e638ad531c8238348b5e8e375a06,Kenitra,Rabat-Salé-Kénitra,104000.0,1.0,سيارة ستروين بيرلينجو موديل 2014 بحالة ممتازة للبيع بالقنيطرة. - قفل مركزي عن بعد - الماركة: ستروين...
680028,https://www.moteur.ma/fr/voiture/achat-voiture-occasion/detail-annonce/680028/hyundai-santa-fe.html,moteur,2026-09-27,2026-09-27 17:09:36,هونداي سانطافي,Hyundai,Santa,fe,2019.0,137.0,Diesel,Automatique,,Dédouanée,Occasion,,,Particulier,,,Casablanca,Casablanca-Settat,,1.0,هونداي سانطافي
680029,https://www.moteur.ma/fr/voiture/achat-voiture-occasion/detail-annonce/680029/peugeot-boxer.html,moteur,2026-09-27,2026-09-27 17:09:36,Peugeot boxer للبيع,Peugeot,Boxer,,2021.0,10000.0,Diesel,Manuelle,,Dédouanée,Occasion,,,Particulier,,,Meknes,Fès-Meknès,,1.0,للبيع بيجو بوكسر موديل 2021 بحالة جيدة جدا. - الماركة: بيجو - الموديل: بوكسر - سنة الموديل: 2021 - ن...
680030,https://www.moteur.ma/fr/voiture/achat-voiture-occasion/detail-annonce/680030/ford-fiesta.html,moteur,2026-09-27,2026-09-27 17:09:36,Ford Fiesta Essence très bon etat,Ford,Fiesta,Essence très bon etat,2008.0,150000.0,Essence,Manuelle,,Dédouanée,Occasion,,,Particulier,0660804742,c41bf58ec580f49736ff3256f655bf7f062c5e99fe367d5fb3b6ecd4f95479f4,Casablanca,Casablanca-Settat,56000.0,1.0,À vendre Ford Fiesta Essence en très bon état. - Modèle : Fiesta - Année-Modèle : 2008 - Puissance f...
680031,https://www.moteur.ma/fr/voiture/achat-voiture-occasion/detail-annonce/680031/jaguar-e-pace.html,moteur,2026-09-27,2026-09-27 17:09:36,Jaguar e-pace faible kilom 2018 topp,Jaguar,E-pace,faible kilom 2018 topp,2018.0,215000.0,Diesel,Automatique,8.0,Dédouanée,Occasion,,,Particulier,0657070476,5478de0ebef830c62bdac515bb183cc26ffed5fc9761c4a957e87b56b0c2db3f,Rabat,Rabat-Salé-Kénitra,215000.0,1.0,"Jaguar e-pace , 8 cv diesel , 1500 Dh vignettes, 2018 , 132 000 km , jamais accidentée, matricule ra..."
680032,https://www.moteur.ma/fr/voiture/achat-voiture-occasion/detail-annonce/680032/nissan-micra.html,moteur,2026-09-27,2026-09-27 17:09:36,nissan micra,Nissan,Micra,,2018.0,129700.0,Diesel,Manuelle,,Dédouanée,Occasion,,,Particulier,0688574866,b3918de209d6b157c293b2fbe0d8a695526a857f357c3c1ae6db2dd8d8408854,Agadir,Souss-Massa,129000.0,1.0,2 éme main tombol nkia
680000,https://www.moteur.ma/fr/voiture/achat-voiture-occasion/detail-annonce/680000/bmw-serie-5.html,moteur,2026-09-27,2026-09-27 17:09:36,Bmw 520d g30 première main 2017,BMW,520D,g30 première main 2017,2017.0,158000.0,Diesel,Automatique,2.0,Dédouanée,Occasion,,,Professionnel,0657070476,5478de0ebef830c62bdac515bb183cc26ffed5fc9761c4a957e87b56b0c2db3f,Rabat,Rabat-Salé-Kénitra,275000.0,1.0,"Salam , bmw 520d , g30 , 2017 , 158 000 km , peinture d’origine, jamais accidentée, entretien chez b..."
679999,https://www.moteur.ma/fr/voiture/achat-voiture-occasion/detail-annonce/679999/hyundai-santa-fe.html,moteur,2026-09-27,2026-09-27 17:09:44,sunta fe diesel automatique,Hyundai,Sunta,fe diesel automatique,2013.0,170000.0,Diesel,Automatique,,Dédouanée,Occasion,,,Particulier,0603157395,8290f09bd9166b9c87fe30fddf61ed523e06ab2a698b12e17942ad678b314c97,Sale,Rabat-Salé-Kénitra,145000.0,1.0,À vendre Hyundai Santa Fe en excellent état. - Année-Modèle : 2013 - Carburant : Diesel - Boite de v...
680002,https://www.moteur.ma/fr/voiture/achat-voiture-occasion/detail-annonce/680002/kia-sportage.html,moteur,2026-09-27,2026-09-27 17:09:44,Kia sportage active modele 2023,Kia,Sportage,active modele 2023,2023.0,116000.0,Diesel,Automatique,,Dédouanée,Occasion,,,Particulier,0668153850,1ae0ecc8b01ddc7f6748b19a2d0e3a215206a4810f66ad2b1a7519e0f8fc109e,Sale,Rabat-Salé-Kénitra,228000.0,1.0,"À vendre Kia Sportage Active modèle 2023, sans AdBlue, 6 chevaux fiscaux, en excellent état. - Jante..."
680003,https://www.moteur.ma/fr/voiture/achat-voiture-occasion/detail-annonce/680003/peugeot-208.html,moteur,2026-09-27,2026-09-27 17:09:44,Peugeot 208 medil 2024 son adblo,Peugeot,208,medil 2024 son adblo,2024.0,82000.0,Diesel,Manuelle,,Dédouanée,Occasion,,,Particulier,0777360829,005526361b7bf638693029e532f795c1223d38f1582c1f1394d3f3c6a351ca32,Tanger,Tanger-Tétouan-Al Hoceïma,147000.0,1.0,Peugeot 208 //2024 jeme accidenti km 82000 sbra dar
680004,https://www.moteur.ma/fr/voiture/achat-voiture-occasion/detail-annonce/680004/renault-clio.html,moteur,2026-09-27,2026-09-27 17:09:44,Renault Clio 4,Renault,Clio,4,2020.0,150000.0,Diesel,Manuelle,,Dédouanée,Occasion,,,Particulier,0660804742,c41bf58ec580f49736ff3256f655bf7f062c5e99fe367d5fb3b6ecd4f95479f4,Casablanca,Casablanca-Settat,117000.0,1.0,À vendre : Renault Clio 4 de 2020 en excellent état.  - Origine : WW au Maroc - Motorisation : Diese...
680007,https://www.moteur.ma/fr/voiture/achat-voiture-occasion/detail-annonce/680007/hyundai-elantra.html,moteur,2026-09-27,2026-09-27 17:09:44,hyundai elantra GLS,Hyundai,Elantra,GLS,2018.0,173000.0,Diesel,Automatique,,Dédouanée,Occasion,,,Particulier,0668628500,40b9cc64bbde6a4f70504dacd735e404ffc0d1864b8357818f90d3dff3dd3f5b,Taza,Fès-Meknès,150000.0,1.0,"Je mets en vente ma Hyundai Elantra modèle 2018, version GLS Toutes Options (Full Options), équipée..."
680005,https://www.moteur.ma/fr/voiture/achat-voiture-occasion/detail-annonce/680005/volkswagen-golf-7.html,moteur,2026-09-27,2026-09-27 17:09:44,Golf 7.5 GTD 184 HP,Volkswagen,Golf,7.5 GTD 184 HP,2017.0,165000.0,Diesel,Automatique,,Dédouanée,Occasion,,,Particulier,0661772691,ac4acb0684a8eef83d13c460d3d4066ca09f2df8f29f00ffe091848dbbcb9ac7,Agadir,Souss-Massa,280000.0,1.0,Golf 7.5 GTD 184 cv Modèle: 11/2017 Douane: 04/2021 165 000 km évolutifs Full options: • Discover Me...
680008,https://www.moteur.ma/fr/voiture/achat-voiture-occasion/detail-annonce/680008/chevrolet-optra.html,moteur,2026-09-27,2026-09-27 17:09:44,motor fiha jdid,Chevrolet,Motor,fiha jdid,2007.0,220000.0,Essence,Manuelle,,Dédouanée,Occasion,,,Particulier,0600309030,6e338a7cfeb979c53108e7d8f6a03051ef7c63ee6e4b8f986ddb89eb08f00e02,Agadir,Souss-Massa,28000.0,1.0,samsar blach
680009,https://www.moteur.ma/fr/voiture/achat-voiture-occasion/detail-annonce/680009/volkswagen-jetta.html,moteur,2026-09-27,2026-09-27 17:09:44,Jetta pacifique modèle 90 diwana 2000 d&#039;origine,Volkswagen,Jetta,pacifique modèle 90 diwana 2000 d 039 origine,1990.0,300000.0,Diesel,Manuelle,,Dédouanée,Occasion,,,Particulier,0659330470,dfcc45d46392067c81f64ddada5357e66a6e40b6049cee34734783c985b29106,Taza,Fès-Meknès,41000.0,1.0,Jetta pacifique n9iya d&#039;origines modèle 90 diwana 2000 . moteur 19
680012,https://www.moteur.ma/fr/voiture/achat-voiture-occasion/detail-annonce/680012/peugeot-306.html,moteur,2026-09-27,2026-09-27 17:09:44,306 pejout,Peugeot,306,pejout,1996.0,5555.0,Diesel,Manuelle,,Dédouanée,Occasion,,,Particulier,0681432917,ded5896ecd74a36b81306bdfbd281bf02b03b1ece18ce91615f2d956e3d417d9,Autre,,38000.0,1.0,modil 96 diwana 96 cv8
680011,https://www.moteur.ma/fr/voiture/achat-voiture-occasion/detail-annonce/680011/nissan-micra.html,moteur,2026-09-27,2026-09-27 17:09:44,Nissan Micra,Nissan,Micra,,2017.0,223000.0,Diesel,Manuelle,,Dédouanée,Occasion,,,Particulier,0779700448,eefb00cfd3db33547d37c32ac2d81bbad17a37e769312b0812fbf4837c43cfd4,Casablanca,Casablanca-Settat,105000.0,1.0,"À vendre Nissan Micra K14, achetée en septembre 2017, première main. Voiture propre, bien entretenue..."
679986,https://www.moteur.ma/fr/voiture/achat-voiture-occasion/detail-annonce/679986/citroen-c3-aircross.html,moteur,2026-09-27,2026-09-27 17:09:52,première main et prix négociable,Citroën,Autre,main et prix négociable,2021.0,96000.0,Diesel,Manuelle,,Dédouanée,Occasion,,,Particulier,0695495004,756a0debae82ca605a9c5b84d9a851bc102447e16e06150f4118aab891e9e6da,Meknes,Fès-Meknès,180000.0,1.0,"À vendre Citroën C3 Aircross, première main, en excellent état. - Année-Modèle : 2021 - Carburant :..."
679987,https://www.moteur.ma/fr/voiture/achat-voiture-occasion/detail-annonce/679987/hyundai-i30.html,moteur,2026-09-27,2026-09-27 17:09:52,voiture 2018 à vendre,Hyundai,Voiture,2018 à vendre,2018.0,138000.0,Diesel,Manuelle,,Dédouanée,Occasion,,,Particulier,0669335234,2ac5637ae3872ac552872204b86e853a6b839509f3008d245e3a887ca7609b52,Rabat,Rabat-Salé-Kénitra,150000.0,1.0,Je vends une Hyundai i30 de 2018 en très bon état. - Marque : Hyundai - Modèle : i30 - Année-Modèle...
679991,https://www.moteur.ma/fr/voiture/achat-voiture-occasion/detail-annonce/679991/citroen-c5-aircross.html,moteur,2026-09-27,2026-09-27 17:09:52,Citroën C5 Aircross Diesel Manuelle 2022 à Temara,Citroën,C5,Aircross Diesel Manuelle 2022 à Temara,2022.0,35000.0,Diesel,Manuelle,,Dédouanée,Occasion,,,Particulier,0698320083,c46ea0f191bf940f8f0f9ab631110542da112a26ef678b41d2f04d156d4a19ff,Temara,Rabat-Salé-Kénitra,210000.0,1.0,"Je mets en vente ma voiture, 1ère main, en excellent état. Roulée principalement sur autoroute. Tous..."
679990,https://www.moteur.ma/fr/voiture/achat-voiture-occasion/detail-annonce/679990/hyundai-i10.html,moteur,2026-09-27,2026-09-27 17:09:52,Hyundai i10 Essence Manuelle 2016 à Agadir,Hyundai,I10,Essence Manuelle 2016 à Agadir,2016.0,171000.0,Essence,Manuelle,,Dédouanée,Occasion,,,Particulier,0694859841,96fa631b0b7ea0b4357c5c4cbf414761886c11170c073bff4329cd2ca2ea8fcc,Agadir,Souss-Massa,73000.0,1.0,"🚗 Hyundai i10 – Modèle 2016 ⛽ Essence ⚙️ Boîte manuelle 📍 171,000 km ❄️ Climatisation 🪟 Vitres é..."
679992,https://www.moteur.ma/fr/voiture/achat-voiture-occasion/detail-annonce/679992/mercedes-benz-classe-e.html,moteur,2026-09-27,2026-09-27 17:09:52,Mercedes E220d,Mercedes-Benz,E220d,,2019.0,110000.0,Diesel,Automatique,,Dédouanée,Occasion,,,Particulier,0628507168,32068c9ebd282795416e45676c82247c48e02d2920531869c44f8b40ee469029,Tanger,Tanger-Tétouan-Al Hoceïma,265000.0,1.0,À vendre : Mercedes Classe E 220d de 2019 en excellent état. - Origine : WW au Maroc - Première main...
679993,https://www.moteur.ma/fr/voiture/achat-voiture-occasion/detail-annonce/679993/peugeot-3008.html,moteur,2026-09-27,2026-09-27 17:09:52,Peugeot 3008 Diesel Manuelle 2018 à Kénitra,Peugeot,3008,Diesel Manuelle 2018 à Kénitra,2018.0,195000.0,Diesel,Manuelle,,Dédouanée,Occasion,,,Particulier,0672308362,85b8ac2026ebc7165f3ceb222fe7c09a9a860d259289ddf3fbf0528b332d8c90,Kenitra,Rabat-Salé-Kénitra,179000.0,1.0,Voiture particulier pour qui est intéressé
679994,https://www.moteur.ma/fr/voiture/achat-voiture-occasion/detail-annonce/679994/mercedes-benz-classe-cla.html,moteur,2026-09-27,2026-09-27 17:09:52,Mercedes-Benz Classe CLA Diesel Automatique 2015,Mercedes-Benz,Classe,CLA Diesel Automatique 2015,2015.0,150000.0,Diesel,Automatique,,Dédouanée,Occasion,,,Particulier,0706212210,4a77244b9dc264e04e0a5fb38f49cc8e3ccea8a5fdcac02d104f4ad8066777bd,Rabat,Rabat-Salé-Kénitra,210000.0,1.0,Je vends une Mercedes-Benz Classe CLA de 2015. - Kilométrage : 150 000 km - Année-Modèle : 2015 - Pu...
679995,https://www.moteur.ma/fr/voiture/achat-voiture-occasion/detail-annonce/679995/fiat-doblo.html,moteur,2026-09-27,2026-09-27 17:09:52,Fiat Doblo commercial,Fiat,Doblo,commercial,2018.0,132000.0,Diesel,Manuelle,,Dédouanée,Occasion,,,Particulier,0642756202,01fa5279da4c41e3424e673d751093e80e89cf56f1dfc8eadbc6ba92c7c21fe3,Casablanca,Casablanca-Settat,90000.0,1.0,À vendre Fiat Doblo commercial en excellent état.  - Marque : Fiat - Modèle : Doblo - Année : 2018 -...
679996,https://www.moteur.ma/fr/voiture/achat-voiture-occasion/detail-annonce/679996/volvo-xc90.html,moteur,2026-09-27,2026-09-27 17:09:52,Volvo xc90 B5 excellent état modèle 2021,Volvo,Xc90,B5 excellent état modèle 2021,2021.0,159000.0,Diesel,Automatique,,Dédouanée,Occasion,,,Particulier,0600028127,4bbd46c770cc1feecadd0d20b88f3d933fbd3c07060bc4ccf692fb57186984cd,Bouskoura,Casablanca-Settat,359000.0,1.0,"Je vends une Volvo XC90 B5, modèle 2021, en excellent état. - Marque : Volvo - Modèle : XC90 - Année..."
679997,https://www.moteur.ma/fr/voiture/achat-voiture-occasion/detail-annonce/679997/mitsubishi-l200.html,moteur,2026-09-27,2026-09-27 17:09:52,لي معقول مرحبا,Mitsubishi,L200,,2022.0,205000.0,Diesel,Manuelle,,Dédouanée,Occasion,,,Particulier,0696410451,96b370565f447a4b8f03e79a4ec1bb91f9783bebf462be3a8e21f1eca128eda1,Meknes,Fès-Meknès,19000.0,1.0,مرحبا تبرزيط بلاش
679988,https://www.moteur.ma/fr/voiture/achat-voiture-occasion/detail-annonce/679988/citroen-c3-aircross.html,moteur,2026-09-27,2026-09-27 17:09:52,Citroën C3 Diesel Manuelle 2021 à Meknès,Citroën,C3,Diesel Manuelle 2021 à Meknès,2021.0,96000.0,Diesel,Manuelle,,Dédouanée,Occasion,,,Particulier,0695495004,756a0debae82ca605a9c5b84d9a851bc102447e16e06150f4118aab891e9e6da,Meknes,Fès-Meknès,180000.0,1.0,À vendre Citroën C3 Aircross Diesel Manuelle de 2021 en excellent état. - Jantes aluminium - Airbags...
679989,https://www.moteur.ma/fr/voiture/achat-voiture-occasion/detail-annonce/679989/ford-kuga.html,moteur,2026-09-27,2026-09-27 17:09:52,ford kuga 2014 disel 2l,Ford,Kuga,2014 disel 2l,2014.0,220000.0,Diesel,Manuelle,,Dédouanée,Occasion,,,Particulier,0663438606,dd75d5402b88198b214862d8aa8416c08fd41020d166490fe471e5e1f01b9498,Tetouan,Tanger-Tétouan-Al Hoceïma,130000.0,1.0,ford kuga 2014 disel dariba 1500 dh  130 000 dh chwiya mofaham li bghaha marhba
679973,https://www.moteur.ma/fr/voiture/achat-voiture-occasion/detail-annonce/679973/audi-a3-sportback.html,moteur,2026-09-27,2026-09-27 17:09:59,audi a3 sportback auto,Audi,A3,sportback auto,2015.0,130000.0,Diesel,Automatique,,Dédouanée,Occasion,,,Particulier,0680571377,7b3554fca34b8e662f889980e8da15803be0518ca583547051a21b2cff229121,Agadir,Souss-Massa,180000.0,1.0,Je vends une Audi A3 Sportback de 2015 en excellent état. - Boîte de vitesses Automatique - Carburan...
679974,https://www.moteur.ma/fr/voiture/achat-voiture-occasion/detail-annonce/679974/renault-kangoo.html,moteur,2026-09-27,2026-09-27 17:09:59,Renault Kangoo Diesel,Renault,Kangoo,Diesel,2020.0,55000.0,Diesel,Manuelle,,Dédouanée,Occasion,,,Particulier,0743686878,2875baeabd8b223e37afe7292bd74f2f646cd1ceeb046567c42664ea129d23e7,Casablanca,Casablanca-Settat,90000.0,1.0,Je mets en vente ma voiture Renault Kangoo diesel année 2020 en très bon état de fonctionnement .
679975,https://www.moteur.ma/fr/voiture/achat-voiture-occasion/detail-annonce/679975/seat-ateca.html,moteur,2026-09-27,2026-09-27 17:09:59,Seat Ateca 2.0 TDI 150cv Automatique 2021 98000km,Seat,Ateca,2.0 TDI 150cv Automatique 2021 98000km,2021.0,98000.0,Diesel,Automatique,,Dédouanée,Occasion,,,Particulier,0754887035,25d417669a6616743a17c48e66b9995763fc572b2fb7d2fcb5b90e975c725fd4,Casablanca,Casablanca-Settat,270000.0,1.0,SEAT Ateca 2.0 TDI DSG Finition Style Business – Modèle 07/2021  — 98 000km  Voiture importée d&#039;Alle...
679976,https://www.moteur.ma/fr/voiture/achat-voiture-occasion/detail-annonce/679976/hyundai-accent.html,moteur,2026-09-27,2026-09-27 17:09:59,Accent 2017 tte opt,Hyundai,Accent,2017 tte opt,2017.0,180000.0,Diesel,Manuelle,6.0,Dédouanée,Occasion,,,Particulier,,,Sale,Rabat-Salé-Kénitra,,1.0,accent tte option 2017 diesel 6ch excelent état 4 vitre électrique rétroviseur électrique clim  junt...
679977,https://www.moteur.ma/fr/voiture/achat-voiture-occasion/detail-annonce/679977/dacia-logan.html,moteur,2026-09-27,2026-09-27 17:09:59,سيارة للبيع داسيا لوكان 2008,Dacia,Autre,,2008.0,340.0,Diesel,Manuelle,,Dédouanée,Occasion,,,Particulier,,,Tanger,Tanger-Tétouan-Al Hoceïma,,1.0,للجادين فقط
679978,https://www.moteur.ma/fr/voiture/achat-voiture-occasion/detail-annonce/679978/volkswagen-golf-2.html,moteur,2026-09-27,2026-09-27 17:09:59,Volkswagen Golf 2 Diesel Manuelle 1987 à Zagora,Volkswagen,Golf,2 Diesel Manuelle 1987 à Zagora,1987.0,400000.0,Diesel,Manuelle,82.0,Dédouanée,Occasion,,,Professionnel,0668782731,22719bc57c747a7ff4f5ca091ff054e24446b79f89de7ea5509c4385e36b67d5,Zagora,Drâa-Tafilalet,50000.0,1.0,Golf2 a tazarin zagora
679979,https://www.moteur.ma/fr/voiture/achat-voiture-occasion/detail-annonce/679979/mercedes-benz-220.html,moteur,2026-09-27,2026-09-27 17:10:06,Mercedes-Benz,Mercedes-Benz,220,,2008.0,270.0,Diesel,Automatique,,Dédouanée,Occasion,,,Particulier,0662312152,dd87c29e383dd6f94cb70267d5d455e4dba13a48431b6e7279b87a9d10777fee,Autre,,146000.0,1.0,مرسيدس بنز c220موديل 2008 بحالة ممتازة للبيع.  - جميع الرسوم الجمركية مدفوعة.  - محرك ديزل بناقل حرك...
679980,https://www.moteur.ma/fr/voiture/achat-voiture-occasion/detail-annonce/679980/bmw-serie-5.html,moteur,2026-09-27,2026-09-27 17:10:06,bmw m5 diesel 12cv,BMW,M5,diesel 12cv,2011.0,31000.0,Diesel,Automatique,12.0,Dédouanée,Occasion,,,Particulier,,,Sale,Rabat-Salé-Kénitra,,1.0,À vendre BMW Série 5 de 2011 en très bon état. - Marque : BMW - Modèle : Série 5 - Année-Modèle : 20...
679981,https://www.moteur.ma/fr/voiture/achat-voiture-occasion/detail-annonce/679981/byd-seal-u.html,moteur,2026-09-27,2026-09-27 17:10:06,بي واي دي سيل يو جديده,BYD,Seal,u,2025.0,7.0,Hybride,Automatique,,Dédouanée,Occasion,,,Particulier,,,Berkane,Oriental,,1.0,استخدام محدود لاجنبي لداعي السفر ضاربه 7600 كيلو اغلبهم ضو داخل مدينه للبيع باقل من تمن لاميزون بفار...
679982,https://www.moteur.ma/fr/voiture/achat-voiture-occasion/detail-annonce/679982/peugeot-301.html,moteur,2026-09-27,2026-09-27 17:10:06,ازهر البرنوصي,Peugeot,301,,2015.0,200000.0,Diesel,Manuelle,,Dédouanée,Occasion,,,Particulier,0668776953,11336d7ad9cef07310d24cdc7712a30a135d79fd1ad96e4af463a4303950ad46,Casablanca,Casablanca-Settat,88000.0,1.0,بيجو 301 موديل 2015 بحالة جيدة للبيع بالدار البيضاء. - الماركة: بيجو - الموديل: 301 - سنة الموديل: 2...
679983,https://www.moteur.ma/fr/voiture/achat-voiture-occasion/detail-annonce/679983/jeep-grand-cherokee.html,moteur,2026-09-27,2026-09-27 17:10:06,Jeep Grand Cherokee 2016 Diesel Auto - Tetouan,Jeep,Grand,Cherokee 2016 Diesel Auto - Tetouan,2016.0,180000.0,Diesel,Automatique,,Dédouanée,Occasion,,,Particulier,0616076792,ccefcec535b662180555f197cd85e15a5e12c8ecdda04a495a46b09f3c323939,Tetouan,Tanger-Tétouan-Al Hoceïma,110000.0,1.0,"Jeep Grand Cherokee, annee 2016, moteur Diesel V6 CRD 3.0L, boite automatique.  - Kilometrage : +180..."
679984,https://www.moteur.ma/fr/voiture/achat-voiture-occasion/detail-annonce/679984/bmw-serie-5.html,moteur,2026-09-27,2026-09-27 17:10:06,bmw série 5 2011 11cv,BMW,Série,5 2011 11cv,2011.0,310000.0,Diesel,Automatique,11.0,Dédouanée,Occasion,,,Particulier,,,Sale,Rabat-Salé-Kénitra,,1.0,Je propose à la vente une BMW Série 5 de 2011. - Marque : BMW - Modèle : Série 5 - Année : 2011 - Pu...
679958,https://www.moteur.ma/fr/voiture/achat-voiture-occasion/detail-annonce/679958/seat-leon.html,moteur,2026-09-27,2026-09-27 17:10:06,SEAT LEON 2.0 DIESEL – Très bien équipée,Seat,Leon,2.0 DIESEL Très bien équipée,2017.0,232000.0,Diesel,Manuelle,,Dédouanée,Occasion,,,Particulier,0660020492,e30e90e857a66add3ef02b392cd12db5aa084ccd6752aca96a7dbd6bdc0c110a,Marrakech,Marrakech-Safi,168000.0,1.0,"À vendre SEAT Leon 2.0 Diesel , véhicule particulier, très bien équipée et agréable à conduire.  🔹..."
679959,https://www.moteur.ma/fr/voiture/achat-voiture-occasion/detail-annonce/679959/mercedes-benz-250.html,moteur,2026-09-27,2026-09-27 17:10:06,Mercedes-Benz 250 Diesel Automatique 2018 à Fès,Mercedes-Benz,250,Diesel Automatique 2018 à Fès,2018.0,210000.0,Diesel,Automatique,,Dédouanée,Occasion,,,Particulier,0630980858,a4dc862441842b8a32bdbb887b33924c6770c8b43b98dc353a00a75e4586f1fd,Fes,Fès-Meknès,297000.0,1.0,Je mets en vente une Mercedes-Benz GLE 250d 4MATIC (4x4) modèle 2018 en très bon état général. Véhic...
679961,https://www.moteur.ma/fr/voiture/achat-voiture-occasion/detail-annonce/679961/volkswagen-golf-7.html,moteur,2026-09-27,2026-09-27 17:10:13,"golf 7,5 2019 Diwa 2026,09",Volkswagen,Golf,7 5 2019 Diwa 2026 09,2019.0,148000.0,Diesel,Manuelle,,Dédouanée,Occasion,,,Particulier,0655572567,f0f2308c2394a17d863ec6a09832e47810e90bc97b133b9d0c675ba52a452fdd,Settat,Casablanca-Settat,210000.0,1.0,"Je vends une Volkswagen Golf 7,5 modèle 2019, en excellent état et première main. - Kilométrage : 09..."
679962,https://www.moteur.ma/fr/voiture/achat-voiture-occasion/detail-annonce/679962/peugeot-307.html,moteur,2026-09-27,2026-09-27 17:10:13,حي الصفاء الخميسات,Peugeot,307,,2004.0,354.0,Diesel,Manuelle,,Dédouanée,Occasion,,,Particulier,0668097204,cf0e39df006bb67f071e2bed2a38f83b550c1357ab54105cd4fb4da59cf45cf3,Khemisset,Rabat-Salé-Kénitra,62000.0,1.0,سيارة بيجو 307 موديل 2004 للبيع بحالة جيدة. - محرك ديزل، 6 خيول جبائية - ناقل حركة يدوي - مجهزة بوسا...
679963,https://www.moteur.ma/fr/voiture/achat-voiture-occasion/detail-annonce/679963/bmw-serie-3.html,moteur,2026-09-27,2026-09-27 17:10:13,BMW série 3 318 d,BMW,Série,3 318 d,2012.0,248000.0,Diesel,Automatique,,Dédouanée,Occasion,,,Particulier,0622989813,2c899b4a8f86384ef41257a58736e74ddb9dbe030cd47dbe2d81de890a5631c6,Fes,Fès-Meknès,153000.0,1.0,À VENDRE – BMW 318d F30 Pack Luxury  📅 Année : 2012 ⚙️ Boîte automatique 📍 Kilométrage : 248 000 k...
679964,https://www.moteur.ma/fr/voiture/achat-voiture-occasion/detail-annonce/679964/volkswagen-polo.html,moteur,2026-09-27,2026-09-27 17:10:13,POLO DIESEL,Volkswagen,Polo,DIESEL,2003.0,300000.0,Diesel,Manuelle,,Dédouanée,Occasion,,,Particulier,0690142506,a8caabedbc844ef5630492c20783ce00ff3fa7c48559ee61cadc17a6c419eab9,Berkane,Oriental,54000.0,1.0,très bon état
679966,https://www.moteur.ma/fr/voiture/achat-voiture-occasion/detail-annonce/679966/jeep-compass.html,moteur,2026-09-27,2026-09-27 17:10:13,Jeep Compass Hybride Automatique 2023 à Marrakech,Jeep,Compass,Hybride Automatique 2023 à Marrakech,2023.0,90000.0,Hybride,Automatique,,Dédouanée,Occasion,,,Particulier,0661427209,cf9cfc26f0aebac832b922f485d1a5cdd05732db597185ae2a09c03d97aa53e5,Marrakech,Marrakech-Safi,290000.0,1.0,4x4 Hybride rechargeable avec autonomie 50km toute options Consommation 1.5 litre 100km voiture char...
679965,https://www.moteur.ma/fr/voiture/achat-voiture-occasion/detail-annonce/679965/renault-clio.html,moteur,2026-09-27,2026-09-27 17:10:13,Renault Clio Diesel Manuelle 2016 à Rabat,Renault,Clio,Diesel Manuelle 2016 à Rabat,2016.0,190000.0,Diesel,Manuelle,,Dédouanée,Occasion,,,Particulier,0641698812,587f442eb3ac6fd3778380b740f8870b4c4ff8ff978cb0dce3f96e93cece1e9a,Rabat,Rabat-Salé-Kénitra,105000.0,1.0,Je propose à la vente une Renault Clio Diesel Manuelle en excellent état. - Kilométrage : 190 000 km...
679967,https://www.moteur.ma/fr/voiture/achat-voiture-occasion/detail-annonce/679967/citroen-c5.html,moteur,2026-09-27,2026-09-27 17:10:13,très belle voiture a vendre,Citroën,Autre,belle voiture a vendre,2019.0,140000.0,Diesel,Automatique,2.0,Dédouanée,Occasion,,,Professionnel,0707161232,01a39cbd2fcfaa681de868b447b20c35d0d57a2a264040d3d4422d8006370e1c,Autre,,225000.0,1.0,Je mets en vente une Citroën C5 de 2019 en très bon état. - Première main - 5 portes - Diesel - Boît...
679969,https://www.moteur.ma/fr/voiture/achat-voiture-occasion/detail-annonce/679969/peugeot-3008.html,moteur,2026-09-27,2026-09-27 17:10:19,peagaut 3008 dédouaner,Peugeot,Peagaut,3008 dédouaner,2013.0,290000.0,Diesel,Manuelle,6.0,Dédouanée,Occasion,,,Particulier,0701034942,735cb5c55996a25dade47badad289ba7e34871ece379a6a090c5c3922772d0c2,Kenitra,Rabat-Salé-Kénitra,125000.0,1.0,je met en vente ma voiture pegeaut 3008 diesel 6 cv modèle 2013 dédouaner en 2023 jantes aluminium 1...
679968,https://www.moteur.ma/fr/voiture/achat-voiture-occasion/detail-annonce/679968/peugeot-2008.html,moteur,2026-09-27,2026-09-27 17:10:19,2008 à vendre,Peugeot,2008,à vendre,2021.0,100000.0,Diesel,Manuelle,,Dédouanée,Occasion,,,Particulier,0669952156,ee85e6e69d3f6d2f822c569accbb243583e4be8009a0005c4d125ca2c43b2899,Fes,Fès-Meknès,189000.0,1.0,salam je mets en vente ma voiture Peugeot 2008 en très bon etat
679970,https://www.moteur.ma/fr/voiture/achat-voiture-occasion/detail-annonce/679970/nissan-qashqai.html,moteur,2026-09-27,2026-09-27 17:10:19,qashqai 2012,Nissan,Qashqai,2012,2012.0,170000.0,Diesel,Manuelle,,Dédouanée,Occasion,,,Particulier,0676856059,90c30cfa2a8515d6ec66732e02b0da6f30f8d1f8653af0cd7b2ef6e8f51b9d3e,Sale,Rabat-Salé-Kénitra,130000.0,1.0,Je vends  ma Nissan Qashqai de 2012 en bon état. - Jantes aluminium - Airbags - Climatisation - Rada...
679971,https://www.moteur.ma/fr/voiture/achat-voiture-occasion/detail-annonce/679971/peugeot-partner.html,moteur,2026-09-27,2026-09-27 17:10:19,Peugeot Partner Diesel Manuelle 2007 à Casablanca,Peugeot,Partner,Diesel Manuelle 2007 à Casablanca,2007.0,37000.0,Diesel,Manuelle,,Dédouanée,Occasion,,,Particulier,0644699171,262b01b5cfe09be940d736f8bc37c404c35d71e9e84063d02909d77fa9eb3b0f,Casablanca,Casablanca-Settat,58000.0,1.0,بجو باطنير كاينة مديونة لبغها مرخبا  كلشي فيها نقي
679935,https://www.moteur.ma/fr/voiture/achat-voiture-occasion/detail-annonce/679935/jeep-renegade.html,moteur,2026-09-27,2026-09-27 17:10:19,jeep renegade automatic diesel,Jeep,Renegade,automatic diesel,2022.0,110000.0,Diesel,Automatique,,Dédouanée,Occasion,,,Particulier,0771536215,d599974f9bbed879d6f50d27bc394759ac59120df096ca315b39f0585e8ed1c4,Marrakech,Marrakech-Safi,175000.0,1.0,جيب رينيجيد The 2022 بحالة ممتازة للبيع. - محرك ديزل أوتوماتيك بقوة 7 خ ح. - اشتريت في المغرب. - أول...
679937,https://www.moteur.ma/fr/voiture/achat-voiture-occasion/detail-annonce/679937/skoda-kodiaq.html,moteur,2026-09-27,2026-09-27 17:10:19,Skoda kodiaq diesel boîte auto DSG 2019,Skoda,Kodiaq,diesel boîte auto DSG 2019,2019.0,178000.0,Diesel,Automatique,,Dédouanée,Occasion,,,Particulier,0671382624,6800b2514d70038eb96aab01fea9b2babb644f4e12d65d61625c7120fe95acb9,Mohammedia,Casablanca-Settat,220000.0,1.0,Skoda kodiaq diesel DSG 150ch boîte automatique modèle fin 2019 tt options clim auto poste radio tac...
679951,https://www.moteur.ma/fr/voiture/achat-voiture-occasion/detail-annonce/679951/alfa-romeo-autre.html,moteur,2026-09-27,2026-09-27 17:10:19,Stellantis - ALFA ROMEO Junior EV - 2024,Alfa Romeo,Stellantis,- Junior EV - 2024,2024.0,9500.0,Electrique,Automatique,,Dédouanée,Occasion,,,Particulier,0667776654,8e2798a78a3d13a38490932f9afb1bc1ae54f74859f70dc2a01d50ea431dd9fa,Casablanca,Casablanca-Settat,320000.0,1.0,Stellantis met en vente une ALFA ROMEO Junior EV - 2024 à 320000 DH
679950,https://www.moteur.ma/fr/voiture/achat-voiture-occasion/detail-annonce/679950/fiat-500x.html,moteur,2026-09-27,2026-09-27 17:10:19,Stellantis - FIAT 500X - 2025,Fiat,Stellantis,- 500X - 2025,2025.0,44000.0,Essence,Automatique,,Dédouanée,Occasion,,,Particulier,0667776654,8e2798a78a3d13a38490932f9afb1bc1ae54f74859f70dc2a01d50ea431dd9fa,Casablanca,Casablanca-Settat,185000.0,1.0,Stellantis met en vente une FIAT 500X - 2025 à 185000 DH
679949,https://www.moteur.ma/fr/voiture/achat-voiture-occasion/detail-annonce/679949/alfa-romeo-autre.html,moteur,2026-09-27,2026-09-27 17:10:19,Stellantis - ALFA ROMEO Junior - 2024,Alfa Romeo,Stellantis,- Junior - 2024,2024.0,26436.0,Hybride,Automatique,2.0,Dédouanée,Occasion,,,Professionnel,0667776654,8e2798a78a3d13a38490932f9afb1bc1ae54f74859f70dc2a01d50ea431dd9fa,Casablanca,Casablanca-Settat,262000.0,1.0,Stellantis met en vente une ALFA ROMEO Junior - 2024 à 262000 DH
679948,https://www.moteur.ma/fr/voiture/achat-voiture-occasion/detail-annonce/679948/fiat-autre.html,moteur,2026-09-27,2026-09-27 17:10:26,Stellantis - FIAT 600e - 2024,Fiat,Stellantis,- 600e - 2024,2024.0,6253.0,Electrique,Automatique,,Dédouanée,Occasion,,,Particulier,0667776654,8e2798a78a3d13a38490932f9afb1bc1ae54f74859f70dc2a01d50ea431dd9fa,Casablanca,Casablanca-Settat,320000.0,1.0,Stellantis met en vente une FIAT 600e - 2024 à 320000 DH
679947,https://www.moteur.ma/fr/voiture/achat-voiture-occasion/detail-annonce/679947/fiat-autre.html,moteur,2026-09-27,2026-09-27 17:10:26,Stellantis - FIAT Topolino - 2025,Fiat,Stellantis,- Topolino - 2025,2025.0,121.0,Electrique,Automatique,,Dédouanée,Occasion,,,Particulier,0667776654,8e2798a78a3d13a38490932f9afb1bc1ae54f74859f70dc2a01d50ea431dd9fa,Casablanca,Casablanca-Settat,70000.0,1.0,Stellantis met en vente une FIAT Topolino - 2025 à 70000 DH
679938,https://www.moteur.ma/fr/voiture/achat-voiture-occasion/detail-annonce/679938/dacia-duster.html,moteur,2026-09-27,2026-09-27 17:10:26,9ra lta7t Dacia Duster,Dacia,9Ra,lta7t Duster,2012.0,230000.0,Diesel,Manuelle,,Dédouanée,Occasion,,,Particulier,0664119630,c76632c63f0dfac3a895ad0d4f000451afda8dc7cc474634e2e4d61011208ae0,Sale,Rabat-Salé-Kénitra,89000.0,1.0,"Dacia Duster 2012 carte grise  bon état fayta mtekkya, plafond changé, msayba mzyan, ssasi mzyan mra..."
679936,https://www.moteur.ma/fr/voiture/achat-voiture-occasion/detail-annonce/679936/dacia-sandero.html,moteur,2026-09-27,2026-09-27 17:10:26,Sandero Stepway 2021,Dacia,Sandero,Stepway 2021,2021.0,64000.0,Diesel,Manuelle,,Dédouanée,Occasion,,,Particulier,0781299878,cc06db162ecdb49e92b2698d420b946a6702764812f5f1c4a0648e17e3c9bcda,Casablanca,Casablanca-Settat,136000.0,1.0,"À vendre : Dacia Sandero Stepway de 2021, première main, en excellent état. - Marque : Dacia - Modèl..."
679952,https://www.moteur.ma/fr/voiture/achat-voiture-occasion/detail-annonce/679952/fiat-500x.html,moteur,2026-09-27,2026-09-27 17:10:26,Stellantis - FIAT 500X - 2025,Fiat,Stellantis,- 500X - 2025,2025.0,54000.0,Essence,Automatique,,Dédouanée,Occasion,,,Particulier,0667776654,8e2798a78a3d13a38490932f9afb1bc1ae54f74859f70dc2a01d50ea431dd9fa,Casablanca,Casablanca-Settat,179000.0,1.0,Stellantis met en vente une FIAT 500X - 2025 à 179000 DH
679955,https://www.moteur.ma/fr/voiture/achat-voiture-occasion/detail-annonce/679955/fiat-500x.html,moteur,2026-09-27,2026-09-27 17:10:26,Stellantis - FIAT 500X - 2022,Fiat,Stellantis,- 500X - 2022,2022.0,36000.0,Essence,Automatique,,Dédouanée,Occasion,,,Particulier,0667776654,8e2798a78a3d13a38490932f9afb1bc1ae54f74859f70dc2a01d50ea431dd9fa,Casablanca,Casablanca-Settat,195000.0,1.0,Stellantis met en vente une FIAT 500X - 2022 à 195000 DH
679954,https://www.moteur.ma/fr/voiture/achat-voiture-occasion/detail-annonce/679954/hyundai-autre.html,moteur,2026-09-27,2026-09-27 17:10:26,Stellantis - HYUNDAI Bayon - 2023,Hyundai,Stellantis,- Bayon - 2023,2023.0,44510.0,Essence,Automatique,,Dédouanée,Occasion,,,Particulier,0667776654,8e2798a78a3d13a38490932f9afb1bc1ae54f74859f70dc2a01d50ea431dd9fa,Casablanca,Casablanca-Settat,189000.0,1.0,Stellantis met en vente une HYUNDAI Bayon - 2023 à 189000 DH
679953,https://www.moteur.ma/fr/voiture/achat-voiture-occasion/detail-annonce/679953/opel-grandland.html,moteur,2026-09-27,2026-09-27 17:10:26,Stellantis - OPEL GRANDLAND - 2024,Opel,Stellantis,- GRANDLAND - 2024,2024.0,55462.0,Diesel,Automatique,,Dédouanée,Occasion,,,Particulier,0667776654,8e2798a78a3d13a38490932f9afb1bc1ae54f74859f70dc2a01d50ea431dd9fa,Casablanca,Casablanca-Settat,259000.0,1.0,Stellantis met en vente une OPEL GRANDLAND - 2024 à 259000 DH
679956,https://www.moteur.ma/fr/voiture/achat-voiture-occasion/detail-annonce/679956/fiat-autre.html,moteur,2026-09-27,2026-09-27 17:10:26,Stellantis - FIAT 600e - 2024,Fiat,Stellantis,- 600e - 2024,2024.0,9000.0,Electrique,Automatique,,Dédouanée,Occasion,,,Particulier,0667776654,8e2798a78a3d13a38490932f9afb1bc1ae54f74859f70dc2a01d50ea431dd9fa,Casablanca,Casablanca-Settat,269000.0,1.0,Stellantis met en vente une FIAT 600e - 2024 à 269000 DH
679957,https://www.moteur.ma/fr/voiture/achat-voiture-occasion/detail-annonce/679957/fiat-500x.html,moteur,2026-09-27,2026-09-27 17:10:26,Stellantis - FIAT 500X - 2024,Fiat,Stellantis,- 500X - 2024,2024.0,10.0,Essence,Automatique,,Dédouanée,Occasion,,,Particulier,0667776654,8e2798a78a3d13a38490932f9afb1bc1ae54f74859f70dc2a01d50ea431dd9fa,Casablanca,Casablanca-Settat,239000.0,1.0,Stellantis met en vente une FIAT 500X - 2024 à 239000 DH
679946,https://www.moteur.ma/fr/voiture/achat-voiture-occasion/detail-annonce/679946/audi-q5.html,moteur,2026-09-27,2026-09-27 17:10:26,Audi Q5 FULL FULL OPTION,Audi,Q5,FULL FULL OPTION,2026.0,0.0,Diesel,Automatique,,Dédouanée,Occasion,,,Particulier,,,Rabat,Rabat-Salé-Kénitra,,1.0,"Je propose à la vente une Audi Q5 neuve, importée, première main. - Kilométrage : 0 km - Année modèl..."
679939,https://www.moteur.ma/fr/voiture/achat-voiture-occasion/detail-annonce/679939/mitsubishi-montero.html,moteur,2026-09-27,2026-09-27 17:10:26,Mitsubishi Pajero Sport Diesel Automatique 2020,Mitsubishi,Pajero,Sport Diesel Automatique 2020,2020.0,80000.0,Diesel,Automatique,,Dédouanée,Occasion,,,Particulier,0661512490,c95d55cc05ddb9a376cd9c3a12f2267146fbdd44013e9f9d4a88ae571aaeb321,Mohammedia,Casablanca-Settat,299000.0,1.0,Vends Mitusbishi Pajero sport fin 2020 toutes options. En très bon état. Entretenu à la maison Mitsi...
679940,https://www.moteur.ma/fr/voiture/achat-voiture-occasion/detail-annonce/679940/seat-leon.html,moteur,2026-09-27,2026-09-27 17:10:26,voiture à vendre,Seat,Voiture,à vendre,2012.0,200000.0,Diesel,Manuelle,,Dédouanée,Occasion,,,Particulier,0666639287,9b3a28cd75fe02a0adf14ba1adbaf04cd0159348049a2e25f56cb29216eda211,Ifrane,,115000.0,1.0,voiture à vendre très propre
679941,https://www.moteur.ma/fr/voiture/achat-voiture-occasion/detail-annonce/679941/hyundai-tucson.html,moteur,2026-09-27,2026-09-27 17:10:26,Hyundai Tucson Hybride N-Line Neuve 1ére main 2025,Hyundai,Tucson,Hybride N-Line Neuve 1ére main 2025,2025.0,42000.0,Hybride,Automatique,,Dédouanée,Occasion,,,Particulier,,,Agadir,Souss-Massa,,1.0,Hyundai Tucson Nouveau Model Hybride N-Line Full de sa gamme 1ére main Faible Consommation Boite Tip...
679942,https://www.moteur.ma/fr/voiture/achat-voiture-occasion/detail-annonce/679942/skoda-octavia.html,moteur,2026-09-27,2026-09-27 17:10:34,Skoda Octavia Diesel Automatique 2018 à Tanger,Skoda,Octavia,Diesel Automatique 2018 à Tanger,2018.0,271000.0,Diesel,Automatique,,Dédouanée,Occasion,,,Particulier,0662133540,0e28b334d21a40ce95712892ed851186fd3beb34b248a3c21629365e65f54f0b,Tanger,Tanger-Tétouan-Al Hoceïma,180000.0,1.0,Skoda octavia modèle 04/2018 Full option première main très bonne état jamais accidentée km 271000 b...
679943,https://www.moteur.ma/fr/voiture/achat-voiture-occasion/detail-annonce/679943/porsche-cayenne.html,moteur,2026-09-27,2026-09-27 17:10:34,Porsche Cayenne Diesel Automatique 2011,Porsche,Cayenne,Diesel Automatique 2011,2011.0,141000.0,Diesel,Automatique,,Dédouanée,Occasion,,,Particulier,0661183613,e2f20b2c846d70281b0bf078ccf92a92c11806cab07cd574ccb6975575296abd,Casablanca,Casablanca-Settat,160000.0,1.0,"Porsche Cayenne 3.0 V6 diesel Vignette 2026 payé,  141000kms réelles, vente pour déménagement à l&#039;ét..."
679944,https://www.moteur.ma/fr/voiture/achat-voiture-occasion/detail-annonce/679944/ford-focus.html,moteur,2026-09-27,2026-09-27 17:10:34,Ford Focus,Ford,Focus,,2012.0,227000.0,Diesel,Manuelle,,Dédouanée,Occasion,,,Particulier,0620323518,d98fce06e413b2406bea659adc9dc4d7669927b5c703dba124291cac60bde198,El,Casablanca-Settat,115000.0,1.0,Ford focus fin 2011 diesel manuel 6 rapport  227000km véhicule en bon état prix negociable
679945,https://www.moteur.ma/fr/voiture/achat-voiture-occasion/detail-annonce/679945/mercedes-benz-250.html,moteur,2026-09-27,2026-09-27 17:10:34,Mercedes-Benz 250 Diesel Automatique 2018 à Fès,Mercedes-Benz,250,Diesel Automatique 2018 à Fès,2018.0,210000.0,Diesel,Automatique,,Dédouanée,Occasion,,,Particulier,0630980858,a4dc862441842b8a32bdbb887b33924c6770c8b43b98dc353a00a75e4586f1fd,Fes,Fès-Meknès,297000.0,1.0,Je mets en vente une Mercedes-Benz GLE 250d 4MATIC (4x4) modèle 2018 en très bon état général. Véhic...
679902,https://www.moteur.ma/fr/voiture/achat-voiture-occasion/detail-annonce/679902/land-rover-range-rover-evoque.html,moteur,2026-09-27,2026-09-27 17:10:34,Range Rover BB Velar Tout Option Fin 2021,Land Rover,Bb,Velar Tout Option Fin 2021,2021.0,92000.0,Diesel,Automatique,,Dédouanée,Occasion,,,Particulier,,,Agadir,Souss-Massa,,1.0,Range Rover Evoque 1ére main état Neuve Tout D&#039;origine et tout option
679904,https://www.moteur.ma/fr/voiture/achat-voiture-occasion/detail-annonce/679904/citroen-c-elysee.html,moteur,2026-09-27,2026-09-27 17:10:34,Citroën C-Elysée Diesel Manuelle 2019 à Casablanca,Citroën,C-elysée,Diesel Manuelle 2019 à Casablanca,2019.0,186000.0,Diesel,Manuelle,,Dédouanée,Occasion,,,Particulier,0663286228,d1b069ef4f2cc22080559c187a779a9b28a1854adbe127bf4aeef96816210bfe,Casablanca,Casablanca-Settat,145000.0,1.0,"Je vends une Citroën C-Elysée de 2019 en excellent état, première main et origine WW Maroc.  - Kilom..."
679905,https://www.moteur.ma/fr/voiture/achat-voiture-occasion/detail-annonce/679905/peugeot-3008.html,moteur,2026-09-27,2026-09-27 17:10:34,Peugeot 3008 Diesel Automatique 2018 à Casablanca,Peugeot,3008,Diesel Automatique 2018 à Casablanca,2018.0,110793.0,Diesel,Automatique,,Dédouanée,Occasion,,,Particulier,0783489990,5659865a9e94256a8313b9900219596669320ddd95e532cc832ad1f01cc070b2,Casablanca,Casablanca-Settat,145000.0,1.0,Je mets en vente Peugeot 3008 toute options première main avec toit ouvrant panoramique peinture ori...
679906,https://www.moteur.ma/fr/voiture/achat-voiture-occasion/detail-annonce/679906/hyundai-h1.html,moteur,2026-09-27,2026-09-27 17:10:34,Hyundai H1 Diesel Manuelle 2011 à Oued Zem,Hyundai,H1,Diesel Manuelle 2011 à Oued Zem,2011.0,400000.0,Diesel,Manuelle,,Dédouanée,Occasion,,,Particulier,0625612382,1a9e42f0151e73563279a159802fdc7134a22a3fde33e4fde54a8d9196b74434,Autre,,80000.0,1.0,Watssap
679909,https://www.moteur.ma/fr/voiture/achat-voiture-occasion/detail-annonce/679909/nissan-micra.html,moteur,2026-09-27,2026-09-27 17:10:34,Nissan en très bonne état,Nissan,Autre,très bonne état,2021.0,170000.0,Diesel,Manuelle,,Dédouanée,Occasion,,,Particulier,,,Bouskoura,Casablanca-Settat,,1.0,"Nissan Micra de 2021 en très bon état, d&#039;origine WW au Maroc. - Jantes aluminium - Airbags - Climati..."
679910,https://www.moteur.ma/fr/voiture/achat-voiture-occasion/detail-annonce/679910/volkswagen-golf-4.html,moteur,2026-09-27,2026-09-27 17:10:34,اوطاط الحاج,Volkswagen,Golf,4,1998.0,414300.0,Diesel,Manuelle,,Dédouanée,Occasion,,,Particulier,,,Autre,,,1.0,مدينة اوطاط الحاج إقليم بولمان
679908,https://www.moteur.ma/fr/voiture/achat-voiture-occasion/detail-annonce/679908/dacia-logan.html,moteur,2026-09-27,2026-09-27 17:10:34,Dacia Logan Diesel Manuelle 2014 à Tanger,Dacia,Logan,Diesel Manuelle 2014 à Tanger,2014.0,286.0,Diesel,Manuelle,,Dédouanée,Occasion,,,Particulier,0652136012,415c33559ee96ddaba7ad19ad1df84dea34adab9a20ee1db2f173ce3938e1ba7,Tanger,Tanger-Tétouan-Al Hoceïma,90000.0,1.0,لي مهتم يتاصل بهاد الرقم
679911,https://www.moteur.ma/fr/voiture/achat-voiture-occasion/detail-annonce/679911/hyundai-tucson.html,moteur,2026-09-27,2026-09-27 17:10:34,Hyundai Tucson Diesel Automatique 2022 à Oued Zem,Hyundai,Tucson,Diesel Automatique 2022 à Oued Zem,2022.0,250000.0,Diesel,Automatique,,Dédouanée,Occasion,,,Particulier,0625612382,1a9e42f0151e73563279a159802fdc7134a22a3fde33e4fde54a8d9196b74434,Autre,,220000.0,1.0,Watssap
679907,https://www.moteur.ma/fr/voiture/achat-voiture-occasion/detail-annonce/679907/nissan-micra.html,moteur,2026-09-27,2026-09-27 17:10:34,Nissan micra en très bonne état,Nissan,Micra,en très bonne état,2021.0,170000.0,Diesel,Manuelle,,Dédouanée,Occasion,,,Particulier,,,Bouskoura,Casablanca-Settat,,1.0,Nissan Micra de 2021 en excellent état. - Jantes aluminium - Airbags - Climatisation - Système de na...
679912,https://www.moteur.ma/fr/voiture/achat-voiture-occasion/detail-annonce/679912/opel-adam.html,moteur,2026-09-27,2026-09-27 17:10:34,Opel Adam avender,Opel,Adam,avender,2017.0,95000.0,Diesel,Manuelle,2.0,Dédouanée,Occasion,,,Professionnel,0666102062,605df4c764f3812ab4da943e701370bdfc852eed91f0705bfd187f70d78e878b,Tanger,Tanger-Tétouan-Al Hoceïma,50000.0,1.0,bonjour Arabat  ne met  vente  belle  voiture Opel Adam  première  main  modèle  2017 touts options...
679913,https://www.moteur.ma/fr/voiture/achat-voiture-occasion/detail-annonce/679913/volkswagen-golf-4.html,moteur,2026-09-27,2026-09-27 17:10:43,كولف 4 عائلية مديل 2000 ديوانة 2010,Volkswagen,4,2000 2010,2000.0,358.0,Diesel,Manuelle,,Dédouanée,Occasion,,,Particulier,,,Ouarzazate,Drâa-Tafilalet,,1.0,سيارة في حالة جيدة كولشي دوريجين
679934,https://www.moteur.ma/fr/voiture/achat-voiture-occasion/detail-annonce/679934/skoda-superb.html,moteur,2026-09-27,2026-09-27 17:10:43,Skoda Superb Diesel Automatique 2021 à Casablanca,Skoda,Superb,Diesel Automatique 2021 à Casablanca,2021.0,109000.0,Diesel,Automatique,,Dédouanée,Occasion,,,Particulier,,,Casablanca,Casablanca-Settat,,1.0,Skoda  superb  diesel  boîte  automatique  climatisation  automatique  volant  multifonction  limite...
679915,https://www.moteur.ma/fr/voiture/achat-voiture-occasion/detail-annonce/679915/dacia-sandero.html,moteur,2026-09-27,2026-09-27 17:10:43,داسيا سانديرو,Dacia,Sandero,,2021.0,130.0,Diesel,Manuelle,,Dédouanée,Occasion,,,Particulier,0671400046,bc3cec13089cfde5b62c4856284c0bc5d83cea96e21547406ae1bdd09353d309,Sale,Rabat-Salé-Kénitra,119000.0,1.0,داسيا سانديرو موديل 2021 للبيع بحالة جيدة. - عجلات ألمنيوم - تكييف - رادار خلفي - كاميرا خلفية - نوا...
679914,https://www.moteur.ma/fr/voiture/achat-voiture-occasion/detail-annonce/679914/volkswagen-tiguan.html,moteur,2026-09-27,2026-09-27 17:10:43,Tiguan 2012 en excellent état,Volkswagen,Tiguan,2012 en excellent état,2012.0,145000.0,Diesel,Automatique,,Dédouanée,Occasion,,,Particulier,0668454975,351d9fd871b5828919dd5cbb022332f655950ea23e39dcedd349fc77efb82d4f,Casablanca,Casablanca-Settat,150000.0,1.0,Je mets en vente une Volkswagen Tiguan de 2012 en excellent état. - Marque : Volkswagen - Modèle : T...
679916,https://www.moteur.ma/fr/voiture/achat-voiture-occasion/detail-annonce/679916/volkswagen-tiguan.html,moteur,2026-09-27,2026-09-27 17:10:43,Tiguan très bon état,Volkswagen,Tiguan,très bon état,2012.0,145000.0,Diesel,Automatique,,Dédouanée,Occasion,,,Particulier,0668454975,351d9fd871b5828919dd5cbb022332f655950ea23e39dcedd349fc77efb82d4f,Casablanca,Casablanca-Settat,150000.0,1.0,"Volkswagen Tiguan modèle 2012, première main, en excellent état. - Jantes aluminium - Airbags - Clim..."
679917,https://www.moteur.ma/fr/voiture/achat-voiture-occasion/detail-annonce/679917/renault-clio.html,moteur,2026-09-27,2026-09-27 17:10:43,Renault Clio 5,Renault,Clio,5,2021.0,0.0,Diesel,Manuelle,,Dédouanée,Occasion,,,Particulier,,,Casablanca,Casablanca-Settat,,1.0,en vente voiture Renault Clio 5 diesel bon état peinture d&#039;origine jamais accédant tout options fin...
679918,https://www.moteur.ma/fr/voiture/achat-voiture-occasion/detail-annonce/679918/citroen-berlingo.html,moteur,2026-09-27,2026-09-27 17:10:43,Citroën Berlingo Diesel Manuelle 2019 à Casablanca,Citroën,Berlingo,Diesel Manuelle 2019 à Casablanca,2019.0,186000.0,Diesel,Manuelle,,Dédouanée,Occasion,,,Particulier,0663286228,d1b069ef4f2cc22080559c187a779a9b28a1854adbe127bf4aeef96816210bfe,Casablanca,Casablanca-Settat,145000.0,1.0,À vendre : Citroën Berlingo Diesel Manuelle de 2019 en excellent état. - Kilométrage : 186 000 km -...
679919,https://www.moteur.ma/fr/voiture/achat-voiture-occasion/detail-annonce/679919/citroen-c3.html,moteur,2026-09-27,2026-09-27 17:10:43,tonobile jdida dyali lkhasma,Citroën,Tonobile,jdida dyali lkhasma,2009.0,88000.0,Essence,Manuelle,,Dédouanée,Occasion,,,Particulier,0614298072,0ee1e22548131fbdfedd9a0249d79385c23a46b1a2621332901453f92c4a0cd7,Larache,Tanger-Tétouan-Al Hoceïma,47000.0,1.0,tonobile jdida dyali lkhadma pnowat jdade boraje makinche tamen mezyane
679922,https://www.moteur.ma/fr/voiture/achat-voiture-occasion/detail-annonce/679922/audi-q5.html,moteur,2026-09-27,2026-09-27 17:10:43,Audi Q5 Sline Diesel Automatique 2018 à Rabat,Audi,Q5,Sline Diesel Automatique 2018 à Rabat,2018.0,200000.0,Diesel,Automatique,,Dédouanée,Occasion,,,Particulier,,,Rabat,Rabat-Salé-Kénitra,,1.0,"À vendre, Audi Q5 Sline modèle 2018 dédouanée en 2023"
679923,https://www.moteur.ma/fr/voiture/achat-voiture-occasion/detail-annonce/679923/hyundai-accent.html,moteur,2026-09-27,2026-09-27 17:10:43,Hyundai Accent Diesel Manuelle 2010 à Casablanca,Hyundai,Accent,Diesel Manuelle 2010 à Casablanca,2010.0,290000.0,Diesel,Manuelle,,Dédouanée,Occasion,,,Particulier,0703808167,443fb179350a46708ccf5e6c526f317adffb0498f79fc8a5e64b3c50c3f5b7f6,Casablanca,Casablanca-Settat,65000.0,1.0,Voiture en bon état jamais accidentée modèle 2010 pour plus information contacter moi en whatsapp pr...
679900,https://www.moteur.ma/fr/voiture/achat-voiture-occasion/detail-annonce/679900/volkswagen-golf-7.html,moteur,2026-09-27,2026-09-27 17:10:43,Volkswagen Golf 7 2019 automatique,Volkswagen,Golf,7 2019 automatique,2019.0,92000.0,Diesel,Automatique,,Dédouanée,Occasion,,,Particulier,,,Sale,Rabat-Salé-Kénitra,,1.0,BIENVENUE CHEZ AUTO AZRAAK    ✅Volkswagen Golf 7   ✅Modèle 2019 ✅Kilometrage 92.000km ✅Motorisat...
679924,https://www.moteur.ma/fr/voiture/achat-voiture-occasion/detail-annonce/679924/citroen-c3.html,moteur,2026-09-27,2026-09-27 17:10:43,tonobile  dyali lkhasma pnowat jdade  tamen mez,Citroën,Tonobile,dyali lkhasma pnowat jdade tamen mez,2009.0,88000.0,Essence,Manuelle,,Dédouanée,Occasion,,,Particulier,0614298072,0ee1e22548131fbdfedd9a0249d79385c23a46b1a2621332901453f92c4a0cd7,Larache,Tanger-Tétouan-Al Hoceïma,47000.0,1.0,سيارة ستروين سي 3 موديل 2009 بحالة ممتازة للبيع. - مقاعد جلدية - نوافذ كهربائية - قفل مركزي عن بعد -...
679925,https://www.moteur.ma/fr/voiture/achat-voiture-occasion/detail-annonce/679925/volkswagen-tiguan.html,moteur,2026-09-27,2026-09-27 17:10:43,volkswagen tiguan 1er main 66000km,Volkswagen,Tiguan,1er main 66000km,2018.0,66000.0,Diesel,Automatique,,Dédouanée,Occasion,,,Particulier,0772664882,c35209c14571850902561d6c19c77e5aeab542ad73c33557aeb418b4d60664f8,Casablanca,Casablanca-Settat,235000.0,1.0,"Volkswagen Tiguan de 2018 en excellent état, première main et 66 000 km. - Origine WW Maroc - Diesel..."
679926,https://www.moteur.ma/fr/voiture/achat-voiture-occasion/detail-annonce/679926/nissan-micra.html,moteur,2026-09-27,2026-09-27 17:10:43,Nissan Micra Diesel Manuelle 2021 à Bouskoura,Nissan,Micra,Diesel Manuelle 2021 à Bouskoura,2021.0,170000.0,Diesel,Manuelle,,Dédouanée,Occasion,,,Particulier,,,Bouskoura,Casablanca-Settat,,1.0,Nissan Micra Diesel Manuelle 2021 en très bon état et bien équipée. - Kilométrage : 170 000 km - Jan...
679899,https://www.moteur.ma/fr/voiture/achat-voiture-occasion/detail-annonce/679899/skoda-superb.html,moteur,2026-09-27,2026-09-27 17:10:43,Skoda Superb Diesel Automatique 2021 à Casablanca,Skoda,Superb,Diesel Automatique 2021 à Casablanca,2021.0,109000.0,Diesel,Automatique,,Dédouanée,Occasion,,,Particulier,,,Casablanca,Casablanca-Settat,,1.0,Skoda  superb  diesel  toute options  boîte  automatique climatisation automatique volant  multifonc...
679927,https://www.moteur.ma/fr/voiture/achat-voiture-occasion/detail-annonce/679927/volkswagen-passat.html,moteur,2026-09-27,2026-09-27 17:10:43,باسات cc للبيع في المغرب,Volkswagen,Cc,,2016.0,300000.0,Essence,Manuelle,,Dédouanée,Occasion,,,Particulier,,,Casablanca,Casablanca-Settat,,1.0,للبيع سيارة فولكس فاجن باسات CC موديل 2016 بحالة جيدة جدا. - الماركة: فولكس فاجن - الموديل: باسات CC...
679929,https://www.moteur.ma/fr/voiture/achat-voiture-occasion/detail-annonce/679929/ford-kuga.html,moteur,2026-09-27,2026-09-27 17:10:43,Ford Kuga Automatique,Ford,Kuga,Automatique,2017.0,200000.0,Diesel,Automatique,,Dédouanée,Occasion,,,Particulier,,,Casablanca,Casablanca-Settat,,1.0,À vendre Ford Kuga Titanium modèle 2017 en très bon état. - Jantes en aluminium - Airbags - Climatis...
679930,https://www.moteur.ma/fr/voiture/achat-voiture-occasion/detail-annonce/679930/renault-fluence.html,moteur,2026-09-27,2026-09-27 17:10:43,الدروة الدار البيضاء,Renault,Fluence,,2014.0,250000.0,Diesel,Automatique,,Dédouanée,Occasion,,,Particulier,0662789200,28663aece7a384e15f018b22bf285c53e0185dae02a9c7694d4a4b6e948ec736,Autre,,105000.0,1.0,****
679932,https://www.moteur.ma/fr/voiture/achat-voiture-occasion/detail-annonce/679932/hyundai-tucson-xrt.html,moteur,2026-09-27,2026-09-27 17:10:43,سيارة نقي بزاف,Hyundai,Tucson,xrt,2019.0,190.0,Diesel,Automatique,,Dédouanée,Occasion,,,Particulier,,,Tanger,Tanger-Tétouan-Al Hoceïma,,1.0,سيارة   نقي بزف
679931,https://www.moteur.ma/fr/voiture/achat-voiture-occasion/detail-annonce/679931/volkswagen-golf-7.html,moteur,2026-09-27,2026-09-27 17:10:43,golf 7 2L manuelle fin 2013 165000 km,Volkswagen,Golf,7 2L manuelle fin 2013 165000 km,2013.0,165000.0,Diesel,Manuelle,2.0,Dédouanée,Occasion,,,Professionnel,0620404911,099ced9e2b6d71a9f5a73b4efafbf172e91b256d06c3727dad997c323d9561ff,Casablanca,Casablanca-Settat,159000.0,1.0,Je propose à la vente une Volkswagen Golf 7 en excellent état. - Fin de production 2013 - Moteur Die...
679933,https://www.moteur.ma/fr/voiture/achat-voiture-occasion/detail-annonce/679933/hyundai-i10.html,moteur,2026-09-27,2026-09-27 17:10:51,Hyundai i10 Essence Manuelle 2009 à Fès,Hyundai,I10,Essence Manuelle 2009 à Fès,2009.0,223000.0,Essence,Manuelle,,Dédouanée,Occasion,,,Particulier,,,Fes,Fès-Meknès,,1.0,Je propose à la vente une Hyundai i10 de 2009 en excellent état. - Kilométrage : 223 000 km - Marque...
679883,https://www.moteur.ma/fr/voiture/achat-voiture-occasion/detail-annonce/679883/hyundai-i20.html,moteur,2026-09-27,2026-09-27 17:10:51,Hyundai i20  à vendre Modèle 2026,Hyundai,I20,à vendre Modèle 2026,2026.0,16000.0,Essence,Automatique,,Dédouanée,Occasion,,,Particulier,0661806791,aadecc070ccb93203054b3832a0cab65a7c4af42d3ba1c9aaa4dd116111260cb,Rabat,Rabat-Salé-Kénitra,183000.0,1.0,HyunDAl l20 avendre Modèle 2026
679881,https://www.moteur.ma/fr/voiture/achat-voiture-occasion/detail-annonce/679881/volkswagen-tiguan.html,moteur,2026-09-27,2026-09-27 17:10:51,Volkswagen Tiguan Diesel Automatique 2013,Volkswagen,Tiguan,Diesel Automatique 2013,2013.0,191.0,Diesel,Automatique,,Dédouanée,Occasion,,,Particulier,0666892347,15690051d8e0e80c27e6a62ceaa4d33cde746ba15873a042db3ac7c3ede6fdf1,Khouribga,Béni Mellal-Khénifra,208000.0,1.0,Vend Volkswagen Tiguan Diesel Automatique de 2013 en excellent état. - Kilométrage : 191 000 km - Ja...
679882,https://www.moteur.ma/fr/voiture/achat-voiture-occasion/detail-annonce/679882/mercedes-benz-classe-gla.html,moteur,2026-09-27,2026-09-27 17:10:51,MERCEDES GLA 200 - PACK AMG (2024),Mercedes-Benz,Gla,200 - PACK AMG 2024,2024.0,55000.0,Diesel,Automatique,,Dédouanée,Occasion,,,Particulier,0661467204,2dbea754d6db4ba7e7d00e514dbd0d406745e2218f5135f03370e61b36ac36fd,Casablanca,Casablanca-Settat,420000.0,1.0,"À vendre : Mercedes GLA Pack AMG en excellent état, première main. - Jantes aluminium - Airbags - Cl..."
679886,https://www.moteur.ma/fr/voiture/achat-voiture-occasion/detail-annonce/679886/fiat-doblo.html,moteur,2026-09-27,2026-09-27 17:10:51,Fiat Doblo Diesel Manuelle 2015 à Larache,Fiat,Doblo,Diesel Manuelle 2015 à Larache,2015.0,232000.0,Diesel,Manuelle,,Dédouanée,Occasion,,,Particulier,0613564277,76d064fc87006b14b371b30b35189c5fa5bbcd9e14845eb9cf1dc262a69f8d72,Larache,Tanger-Tétouan-Al Hoceïma,100000.0,1.0,À vendre Fiat Doblo Diesel Manuelle de 2015 en très bon état.  - Kilométrage : 232 000 km - Motorisa...
679887,https://www.moteur.ma/fr/voiture/achat-voiture-occasion/detail-annonce/679887/alfa-romeo-147.html,moteur,2026-09-27,2026-09-27 17:10:51,Alfa Romeo 147 Essence Manuelle 2003 à Temara,Alfa Romeo,147,Essence Manuelle 2003 à Temara,2003.0,0.0,Essence,Manuelle,9.0,Dédouanée,Occasion,,,Particulier,0627386138,cd9f5f115cf8bd135e879f895cac19c7aaf4e922d2ba7d9004f5aceb3ff1a904,Temara,Rabat-Salé-Kénitra,35000.0,1.0,Alfa romeo 147 essence modèle 2003  2 portes 9ch fiha rwatcha li bgha merhba
679888,https://www.moteur.ma/fr/voiture/achat-voiture-occasion/detail-annonce/679888/hyundai-h100.html,moteur,2026-09-27,2026-09-27 17:10:51,Hyundai H100 Diesel Automatique 2023 à Meknès,Hyundai,H100,Diesel Automatique 2023 à Meknès,2023.0,90000.0,Diesel,Automatique,,Dédouanée,Occasion,,,Particulier,0653989096,9f6732f53eff7160c1d244cfa3d623b3bf010cb0dd465893d24b632eb59510b8,Meknes,Fès-Meknès,190000.0,1.0,هيونداي ه 100 موديل 2023 نقيا بزاف للبغا نقا مرحبا
679890,https://www.moteur.ma/fr/voiture/achat-voiture-occasion/detail-annonce/679890/fiat-doblo.html,moteur,2026-09-27,2026-09-27 17:10:51,fiat doblo,Fiat,Doblo,,2018.0,146000.0,Diesel,Manuelle,,Dédouanée,Occasion,,,Particulier,0632864988,0b676a74185cb9e137468680bce5c274dc84d31a8fe9d6d0bc02d3c6ebcd906e,Tanger,Tanger-Tétouan-Al Hoceïma,115000.0,1.0,fiat doblo
679891,https://www.moteur.ma/fr/voiture/achat-voiture-occasion/detail-annonce/679891/hyundai-tucson.html,moteur,2026-09-27,2026-09-27 17:10:51,Hyundai Tucson Diesel Automatique 2023 à Tanger,Hyundai,Tucson,Diesel Automatique 2023 à Tanger,2023.0,91000.0,Diesel,Automatique,,Dédouanée,Occasion,,,Particulier,,,Tanger,Tanger-Tétouan-Al Hoceïma,,1.0,"Je mets ma voiture en vente, modèle 2023, toutes options, finition Luxe. Pour plus d’informations, n..."
679893,https://www.moteur.ma/fr/voiture/achat-voiture-occasion/detail-annonce/679893/peugeot-partner.html,moteur,2026-09-27,2026-09-27 17:10:51,تمارة مسيرة 2,Peugeot,2,,2012.0,13500.0,Diesel,Manuelle,,Dédouanée,Occasion,,,Particulier,,,Temara,Rabat-Salé-Kénitra,,1.0,أعرض للبيع بيجو بارتنر موديل 2012. - الماركة: بيجو - الموديل: بارتنر - السنة: 2012 - القوة الجبائية:...
679895,https://www.moteur.ma/fr/voiture/achat-voiture-occasion/detail-annonce/679895/opel-insignia.html,moteur,2026-09-27,2026-09-27 17:10:51,Insigna 09/2015 en vente,Opel,Insigna,09 2015 en vente,2005.0,219000.0,Diesel,Manuelle,8.0,Dédouanée,Occasion,,,Particulier,0675495233,b41ce09ca4da266c20cbd129531e724ea89a095437efbc060b9e6ee596550443,Rabat,Rabat-Salé-Kénitra,110000.0,1.0,"je mets en vente Opel Insignia Modèle 09/2015, 1 er main, 219000 Km, 8cv, jamais accidenté"
679896,https://www.moteur.ma/fr/voiture/achat-voiture-occasion/detail-annonce/679896/volkswagen-tiguan.html,moteur,2026-09-27,2026-09-27 17:10:51,Tigouan élégance,Volkswagen,Tigouan,élégance,2021.0,135000.0,Diesel,Automatique,,Dédouanée,Occasion,,,Particulier,0676283625,dced8f49ad39c36faef4285e6ae652bb3b0ca68f93aca50387ca4d6a43ebcb86,Settat,Casablanca-Settat,370000.0,1.0,Tigouan élégance tout options : - modèle 9/2021 - diwana 8/2026 - kilométrage :135000km certifié
679894,https://www.moteur.ma/fr/voiture/achat-voiture-occasion/detail-annonce/679894/citroen-c3.html,moteur,2026-09-27,2026-09-27 17:10:51,citroen c3 2019,Citroën,C3,2019,2019.0,109580.0,Diesel,Manuelle,,Dédouanée,Occasion,,,Particulier,0602944483,5e1c2d33bd014346644b1a79db73da91fdb32bb84ab0fa4c814ec694292981f0,Tanger,Tanger-Tétouan-Al Hoceïma,145000.0,1.0,أعرض للبيع سيارتي من نوع  Citroën C3 ديزل 1.6 HDi، طراز Feel Pack، موديل 2019. ( Aout 2019 )  لملكي...
679897,https://www.moteur.ma/fr/voiture/achat-voiture-occasion/detail-annonce/679897/renault-koleos.html,moteur,2026-09-27,2026-09-27 17:10:51,voiture koleos en très bon état boîte automatique,Renault,Voiture,koleos en très bon état boîte automatique,2016.0,299000.0,Diesel,Automatique,,Dédouanée,Occasion,,,Particulier,0673081702,b7dc469eaadc3872e0f6fc4924e0605f734c148ab7f5912f2bc1fdb1d9de2ba3,Agadir,Souss-Massa,107000.0,1.0,voiture koleos en très bon état boîte automatique
679898,https://www.moteur.ma/fr/voiture/achat-voiture-occasion/detail-annonce/679898/renault-clio.html,moteur,2026-09-27,2026-09-27 17:10:51,Renault Clio Diesel Automatique 2021 à Casablanca,Renault,Clio,Diesel Automatique 2021 à Casablanca,2021.0,141.0,Diesel,Automatique,,Dédouanée,Occasion,,,Particulier,0601798005,b73092018874b690ec65f014591fdaeed9010d4596b60b81fb432b3acae82d6e,Casablanca,Casablanca-Settat,143000.0,1.0,À vendre Renault Clio Diesel Automatique de 2021 en excellent état. - Kilométrage : 141 km - Jantes...
679885,https://www.moteur.ma/fr/voiture/achat-voiture-occasion/detail-annonce/679885/volkswagen-jetta.html,moteur,2026-09-27,2026-09-27 17:10:51,Volkswagen Jetta Diesel Manuelle 2014 à El Jadida,Volkswagen,Jetta,Diesel Manuelle 2014 à El Jadida,2014.0,200000.0,Diesel,Manuelle,,Dédouanée,Occasion,,,Particulier,0666159511,690c849672a131a78c2d00ea86a3faffcb1811a063274a16f3839e9c4354ea91,El,Casablanca-Settat,132000.0,1.0,Je mets en vente ma voiture Jetta Diesel manuelle de 2014 en très bon état. - Kilométrage : 200 000...
528734,https://www.moteur.ma/fr/voiture/achat-voiture-occasion/detail-annonce/528734/volvo-xc60.html,moteur,2026-09-27,2026-09-27 17:10:51,Volvo xc60,Volvo,Xc60,,2021.0,103000.0,Diesel,Automatique,,Dédouanée,Occasion,,,Particulier,0661233854,c6b87834a072592086de9c78d342746cb0ee22aeec3509def4d1a6b917b85d08,Marrakech,Marrakech-Safi,309000.0,1.0,"À saisir – Volvo XC60 – 07/2021 Je mets en vente une magnifique Volvo XC60, en très bon état soigneu..."
679872,https://www.moteur.ma/fr/voiture/achat-voiture-occasion/detail-annonce/679872/renault-clio.html,moteur,2026-09-27,2026-09-27 17:11:00,Clio 4 2017 diesel,Renault,Clio,4 2017 diesel,2017.0,220000.0,Diesel,Manuelle,,Dédouanée,Occasion,,,Particulier,0631915466,7c16bc0c3b7b86e4694dc2cd2e1fd592175a3b09b7d76ebc242d439c8095d316,Meknes,Fès-Meknès,108000.0,1.0,Je mets en vente ma clio 4 modèle 2017 avec 222k km au compteur (parcouru majoritairement sur autoro...
679874,https://www.moteur.ma/fr/voiture/achat-voiture-occasion/detail-annonce/679874/ford-transit.html,moteur,2026-09-27,2026-09-27 17:11:00,Ford cosstom,Ford,Cosstom,,2019.0,210.0,Diesel,Manuelle,,Dédouanée,Occasion,,,Particulier,0635538787,3dc62de9bdfef50e12ca550955e18dec360b585ef2e4d1ae730bfc205ea7eeee,Oujda,Oriental,175000.0,1.0,أعرض للبيع شاحنة فورد ترانزيت بحالة جيدة جدا. - الماركة: فورد - الموديل: ترانزيت - سنة الموديل: 2019...
679876,https://www.moteur.ma/fr/voiture/achat-voiture-occasion/detail-annonce/679876/infiniti-fx35.html,moteur,2026-09-27,2026-09-27 17:11:00,infiniti fx 35 2009 dedeoune,Infiniti,Fx,35 2009 dedeoune,2009.0,101000.0,Essence,Automatique,,Dédouanée,Occasion,,,Particulier,0710468446,5a6d01328b7808297af5860064ed509fd4654de8fdf329f6a114c98ddfc66df5,Casablanca,Casablanca-Settat,103000.0,1.0,vente magnifique infiniti fx **** dedeoune état général très propre merci de me contacté
679875,https://www.moteur.ma/fr/voiture/achat-voiture-occasion/detail-annonce/679875/hyundai-santa-fe.html,moteur,2026-09-27,2026-09-27 17:11:00,hyndai santa fe,Hyundai,Santa,fe,2013.0,270000.0,Diesel,Automatique,,Dédouanée,Occasion,,,Particulier,0632468444,7820b5dcdfb6e7ecd6299f99d8bf1f11d7fad19a91bb308228fb861434581fe7,Laayoune,Laâyoune-Sakia El Hamra,148000.0,1.0,je vends ma belle voiture hyndai santa fe en excellent état
679877,https://www.moteur.ma/fr/voiture/achat-voiture-occasion/detail-annonce/679877/citroen-c-elysee.html,moteur,2026-09-27,2026-09-27 17:11:00,Citroen c-elysee,Citroën,C-elysee,,2013.0,141000.0,Diesel,Manuelle,,Dédouanée,Occasion,,,Particulier,0622821328,c3392e412a1fb1ed1353c745f9523550611faafbd8b13244834b5913db6a9e57,Agadir,Souss-Massa,79000.0,1.0,"Citroen c-elysee diesel, faible kilométrage 141000 km, réparation a prévoir (pare brise fissuré, bou..."
679878,https://www.moteur.ma/fr/voiture/achat-voiture-occasion/detail-annonce/679878/dacia-sandero.html,moteur,2026-09-27,2026-09-27 17:11:00,Dacia Sandero Diesel Manuelle 2013 à Casablanca,Dacia,Sandero,Diesel Manuelle 2013 à Casablanca,2013.0,350000.0,Diesel,Manuelle,,Dédouanée,Occasion,,,Particulier,0782479628,144955bfea63edc48a417f9d4056773b93b3fc156669d7a30a372f7be5528e66,Casablanca,Casablanca-Settat,73000.0,1.0,À vendre Dacia Sandero Diesel Manuelle de 2013 en très bon état. - Kilométrage : 350 000 km - Marque...
679871,https://www.moteur.ma/fr/voiture/achat-voiture-occasion/detail-annonce/679871/renault-clio.html,moteur,2026-09-27,2026-09-27 17:11:00,Renault clio 4,Renault,Clio,4,2016.0,155000.0,Diesel,Manuelle,6.0,Dédouanée,Occasion,,,Particulier,0668511262,12651d82e11be5ef79ccf68e10c4e4e04d8e4fc6f996e96989de9439249959a3,Fes,Fès-Meknès,100000.0,1.0,"Je propose à la vente une Renault Clio 4 de 2016. - Moteur Diesel, 6 CV fiscaux - Boîte de vitesses..."
679865,https://www.moteur.ma/fr/voiture/achat-voiture-occasion/detail-annonce/679865/peugeot-partner.html,moteur,2026-09-27,2026-09-27 17:11:00,peugeot partner 2011,Peugeot,Partner,2011,2011.0,215000.0,Diesel,Manuelle,,Dédouanée,Occasion,,,Particulier,0715179306,c8a565e0a3fdfa18c3ed0abe360c1057835a23a6d2c15d788eae803141f753eb,Tanger,Tanger-Tétouan-Al Hoceïma,73000.0,1.0,peugeot partner 2011 215km n9iya bezaf kayna f tanger
679866,https://www.moteur.ma/fr/voiture/achat-voiture-occasion/detail-annonce/679866/hyundai-accent.html,moteur,2026-09-27,2026-09-27 17:11:00,Hyundai Accent Diesel Manuelle 2020 à Tinghir,Hyundai,Accent,Diesel Manuelle 2020 à Tinghir,2020.0,92500.0,Diesel,Manuelle,,Dédouanée,Occasion,,,Particulier,0662496864,caf98e27df245f112b86afe6df4315202d9f9a0f2860f736ed54a5375df48d43,Tinghir,Drâa-Tafilalet,150000.0,1.0,Je mets en vente ma voiture
679870,https://www.moteur.ma/fr/voiture/achat-voiture-occasion/detail-annonce/679870/volkswagen-passat.html,moteur,2026-09-27,2026-09-27 17:11:16,Volkswagen Passat CC Diesel  2015 à Salé,Volkswagen,Passat,CC Diesel 2015 à Salé,2015.0,190000.0,Diesel,Manuelle,,Dédouanée,Occasion,,,Particulier,0667344838,85a36a170edb211e479ff20bf69a838b535182e20f6588f8e64a7e612195ff33,Sale,Rabat-Salé-Kénitra,148000.0,1.0,À vendre : Volkswagen Passat CC Diesel de 2015 en excellent état.  - Kilométrage : 190 000 km - Puis...
679853,https://www.moteur.ma/fr/voiture/achat-voiture-occasion/detail-annonce/679853/ford-focus.html,moteur,2026-09-27,2026-09-27 17:11:16,ford focus,Ford,Focus,,2015.0,203000.0,Diesel,Manuelle,,Dédouanée,Occasion,,,Particulier,0657201340,8cd33f0028e34bf885a7893daa78dd4d2db22e74200fb4c5453dc718b2bd05de,Agadir,Souss-Massa,128000.0,1.0,📍 Ville: Agadir / Tikwine 📅 Année: 2015 🛣️ Km: 202.000 Km ⛽ Moteur: 1.6 TDCi 115ch - 6 vitesses -...
679852,https://www.moteur.ma/fr/voiture/achat-voiture-occasion/detail-annonce/679852/toyota-rav-4.html,moteur,2026-09-27,2026-09-27 17:11:16,Toyota RAV-4 Hybride Automatique 2024 à Marrakech,Toyota,Rav-4,Hybride Automatique 2024 à Marrakech,2024.0,9000.0,Hybride,Automatique,9.0,Dédouanée,Occasion,,,Particulier,0695399384,f948bd8a28a4a1c762237b2ecfae55aaca57ec9fbf1d2a379f87e5b833c83696,Marrakech,Marrakech-Safi,370000.0,1.0,"Toyota RAV4 2.5 Hybride 222ch Dynamic AWD-i MY24, (S.U.V.), Gris Acier métallisé, 9cv, 5 portes, mis..."
679854,https://www.moteur.ma/fr/voiture/achat-voiture-occasion/detail-annonce/679854/audi-a3-berline.html,moteur,2026-09-27,2026-09-27 17:11:16,Audi A3 sline 2008. d2011,Audi,A3,sline 2008. d2011,2008.0,250000.0,Diesel,Manuelle,,Dédouanée,Occasion,,,Particulier,0639856236,6e8cf98a6c23f376b840c54f37c099097721ac4bf868f6c153f5407eba20e4ff,Autre,,112000.0,1.0,2008 d 2011 2L Sline  250 000 km 3amra Kosanat Kysakhno  Climatiseur  Régulateur de vitesse  Antibro...
679855,https://www.moteur.ma/fr/voiture/achat-voiture-occasion/detail-annonce/679855/hyundai-tucson.html,moteur,2026-09-27,2026-09-27 17:11:16,Hyundai Tucson Diesel Boite Auto,Hyundai,Tucson,Diesel Boite Auto,2007.0,390000.0,Diesel,Automatique,,Dédouanée,Occasion,,,Particulier,0672368565,fa727a261e0372c0d9b6e762d251b52cbe9933967dea8b9ba2ce213a18202b94,Agadir,Souss-Massa,74000.0,1.0,À vendre Hyundai Tucson en très bon état. - Marque : Hyundai - Modèle : Tucson - Puissance fiscale :...
679856,https://www.moteur.ma/fr/voiture/achat-voiture-occasion/detail-annonce/679856/bmw-x3.html,moteur,2026-09-27,2026-09-27 17:11:16,BMW X3 2007 esssence,BMW,X3,2007 esssence,2007.0,22.0,Essence,Manuelle,2.0,Dédouanée,Occasion,,,Professionnel,0710468446,5a6d01328b7808297af5860064ed509fd4654de8fdf329f6a114c98ddfc66df5,Casablanca,Casablanca-Settat,63000.0,1.0,bmw x **** essence état général très propre merci de me contacté si vous etes intéressé intermédiair...
679857,https://www.moteur.ma/fr/voiture/achat-voiture-occasion/detail-annonce/679857/opel-astra.html,moteur,2026-09-27,2026-09-27 17:11:24,Opel Astra Diesel Manuelle 2004 à Safi,Opel,Astra,Diesel Manuelle 2004 à Safi,2004.0,0.0,Diesel,Manuelle,,Dédouanée,Occasion,,,Particulier,0696969573,64df3cd510237671abf950061811c0996b309892a19ef9d6c7efbde2e1e77b7b,Safi,Marrakech-Safi,67000.0,1.0,OPEL ASTRA  2004  * الوقود: مازوط   * الضريبة والورق: كلشي خالص ومريكل.  * الحالة: السيارة نُقية ومز...
679858,https://www.moteur.ma/fr/voiture/achat-voiture-occasion/detail-annonce/679858/fiat-punto.html,moteur,2026-09-27,2026-09-27 17:11:24,Fiat Punto Diesel Manuelle 2015 à Casablanca,Fiat,Punto,Diesel Manuelle 2015 à Casablanca,2015.0,102000.0,Diesel,Manuelle,5.0,Dédouanée,Occasion,,,Particulier,0778389004,543d23a2fffe0629d947ecfe84bea2214d46c02f968033436fc4622adc6a3d51,Casablanca,Casablanca-Settat,93000.0,1.0,"Fiat punto allure diesel 5 CV année **** toutes options, les retro èlectrique, les vitres électrique..."
679859,https://www.moteur.ma/fr/voiture/achat-voiture-occasion/detail-annonce/679859/volkswagen-golf-6.html,moteur,2026-09-27,2026-09-27 17:11:24,Volkswagen Golf 6 Diesel Manuelle 2012 à El Jadida,Volkswagen,Golf,6 Diesel Manuelle 2012 à El Jadida,2012.0,300000.0,Diesel,Manuelle,,Dédouanée,Occasion,,,Particulier,0715113249,a6ef95d3f05d38c2445270b40db7265ecfe86984e58115882d7461e15e33b145,El,Casablanca-Settat,119000.0,1.0,Je mets en vente une belle Golf 6 bleumotion model 2012 dédounée2016 toutes options et en très bonne...
679861,https://www.moteur.ma/fr/voiture/achat-voiture-occasion/detail-annonce/679861/peugeot-208.html,moteur,2026-09-27,2026-09-27 17:11:24,Peugeot 208 Diesel Manuelle 2023 à Casablanca,Peugeot,208,Diesel Manuelle 2023 à Casablanca,2023.0,58000.0,Diesel,Manuelle,6.0,Dédouanée,Occasion,,,Particulier,0778389004,543d23a2fffe0629d947ecfe84bea2214d46c02f968033436fc4622adc6a3d51,Casablanca,Casablanca-Settat,149000.0,1.0,"Peugeot 208 allure diesel 6 CV année **** toutes options, les retro rabatables, les vitres électriqu..."
679862,https://www.moteur.ma/fr/voiture/achat-voiture-occasion/detail-annonce/679862/renault-master.html,moteur,2026-09-27,2026-09-27 17:11:24,Renault master premier main,Renault,Master,premier main,2021.0,400000.0,Diesel,Manuelle,,Dédouanée,Occasion,,,Particulier,0634002830,35d8c83172f894e6085adb819b8ddffcae7e6d4cbb5afba144bcd051cb6861ce,Casablanca,Casablanca-Settat,250000.0,1.0,Je propose à la vente un Renault Master de 2021 en excellent état. - Marque : Renault - Modèle : Mas...
679863,https://www.moteur.ma/fr/voiture/achat-voiture-occasion/detail-annonce/679863/citroen-c3.html,moteur,2026-09-27,2026-09-27 17:11:24,Citroen C3 nkhiya,Citroën,C3,nkhiya,2008.0,240.0,Essence,Manuelle,,Dédouanée,Occasion,,,Particulier,0668909377,a5663f4549c5e8356deb17d322691bbec74bb9169d7cb050a5cf18bc03f85548,Rabat,Rabat-Salé-Kénitra,58000.0,1.0,voiture économique tout options clim centralisé assisté vitres électriques rétroviseurs électriques...
679841,https://www.moteur.ma/fr/voiture/achat-voiture-occasion/detail-annonce/679841/dacia-sandero.html,moteur,2026-09-27,2026-09-27 17:11:24,Dacia Sandero Stepway 1 ere main,Dacia,Sandero,Stepway 1 ere main,2020.0,120000.0,Diesel,Manuelle,,Dédouanée,Occasion,,,Particulier,0720170134,956515fefced6135da54ad6d8b2c93377f0a92af7826975e285ee8401eac203b,Agadir,Souss-Massa,128000.0,1.0,premiere main 120000 km modele 31/12/2019 4 pneus neufs Sans Semsar
679842,https://www.moteur.ma/fr/voiture/achat-voiture-occasion/detail-annonce/679842/volkswagen-tiguan.html,moteur,2026-09-27,2026-09-27 17:11:24,VW TIGUAN Toute option,Volkswagen,TIGUAN,Toute option,2018.0,144000.0,Diesel,Automatique,2.0,Dédouanée,Occasion,,,Professionnel,0699258438,21a204047ab178e0a2ecda347ebf0c39638899785e1865474a92fd27ca81b34b,Safi,Marrakech-Safi,240000.0,1.0,"VW TIGUAN 4 Motion modéle 07/2018 1ère main kilométrage 144000 km en excellente état, full options+..."
679843,https://www.moteur.ma/fr/voiture/achat-voiture-occasion/detail-annonce/679843/nissan-micra.html,moteur,2026-09-27,2026-09-27 17:11:32,Nissan Micra Diesel Manuelle 2019 à Agadir,Nissan,Micra,Diesel Manuelle 2019 à Agadir,2019.0,80114.0,Diesel,Manuelle,,Dédouanée,Occasion,,,Particulier,0618038866,395621b8ab22ac47f1f4d3631f4d1b77fc2e5a73781cfb2608aa34147cb6291f,Agadir,Souss-Massa,138000.0,1.0,Nissan micra très bon état jamais accidenté faible consommation 2emm main
679844,https://www.moteur.ma/fr/voiture/achat-voiture-occasion/detail-annonce/679844/peugeot-206.html,moteur,2026-09-27,2026-09-27 17:11:32,Peugeot 206,Peugeot,206,,2005.0,400000.0,Diesel,Manuelle,,Dédouanée,Occasion,,,Particulier,0605023321,de48ab72715e7391ad3eb0b7e6bcb34bde0e1fa24ea97983a8df7b4bed86e046,Autre,,51000.0,1.0,Peugeot 206 motor hd jdid
679846,https://www.moteur.ma/fr/voiture/achat-voiture-occasion/detail-annonce/679846/jeep-grand-cherokee.html,moteur,2026-09-27,2026-09-27 17:11:32,Belle occasion a ne pas rater,Jeep,Belle,occasion a ne pas rater,2017.0,169000.0,Diesel,Automatique,,Dédouanée,Occasion,,,Particulier,0705053606,138312be5ebf1a0ed6daec809ff323026e68edc635b73aaa4c153997d5fb573c,Casablanca,Casablanca-Settat,153000.0,1.0,Je mets en vente une Jeep Grand Cherokee de 2017 en très bon état. - Marque : Jeep - Modèle : Grand...
679845,https://www.moteur.ma/fr/voiture/achat-voiture-occasion/detail-annonce/679845/peugeot-3008.html,moteur,2026-09-27,2026-09-27 17:11:32,Peugeot 30008,Peugeot,30008,,2019.0,140000.0,Diesel,Automatique,,Dédouanée,Occasion,,,Particulier,0610215791,3c51c1a40531aa0a2eac47baa0e26cf37a565e886eb224c3b0cbafd85b655648,Rabat,Rabat-Salé-Kénitra,199000.0,1.0,Je propose à la vente une Peugeot 3008 Diesel Automatique de 2019 en très bon état. - Origine : WW a...
679864,https://www.moteur.ma/fr/voiture/achat-voiture-occasion/detail-annonce/679864/bmw-x3.html,moteur,2026-09-27,2026-09-27 17:11:32,BMW X3 Diesel Automatique 2018 à Casablanca,BMW,X3,Diesel Automatique 2018 à Casablanca,2018.0,160000.0,Diesel,Automatique,,Dédouanée,Occasion,,,Particulier,0661248209,5a2cdc0207e8681896c6dfa3d60b29d71ec036110229dec61f8b7b19b03a478e,Casablanca,Casablanca-Settat,315000.0,1.0,Excellente voiture
679847,https://www.moteur.ma/fr/voiture/achat-voiture-occasion/detail-annonce/679847/ford-kuga.html,moteur,2026-09-27,2026-09-27 17:11:32,ford kuga a vendre,Ford,Kuga,a vendre,2021.0,162000.0,Diesel,Automatique,,Dédouanée,Occasion,,,Particulier,0762532163,ff3673e137134abaa404d14152db21f720f3c99eed32edad6f0b3e17febe0af7,Casablanca,Casablanca-Settat,210000.0,1.0,- ford kuga - modele :04/2021 - kilometrage :162000 km - 1.5 diesel - automatique - jamais accidenté...
679848,https://www.moteur.ma/fr/voiture/achat-voiture-occasion/detail-annonce/679848/ford-fiesta.html,moteur,2026-09-27,2026-09-27 17:11:32,Ford fiesta essence,Ford,Fiesta,essence,2017.0,178000.0,Essence,Manuelle,,Dédouanée,Occasion,,,Particulier,0788265985,21653ddfb403127488a29364d77706b05fd337af30f8c2e4635e904190e57ba5,Casablanca,Casablanca-Settat,75000.0,1.0,Modèle 2017 Carburant : Essence  Boîte de vitesses Manuelle Options  airbags climatisation  système...
679849,https://www.moteur.ma/fr/voiture/achat-voiture-occasion/detail-annonce/679849/infiniti-ex35.html,moteur,2026-09-27,2026-09-27 17:11:32,infiniti Ex 35 10 2008 essence,Infiniti,Ex,35 10 2008 essence,2008.0,111000.0,Essence,Automatique,,Dédouanée,Occasion,,,Particulier,0723313061,34f261f83daae3728f03eeac53947fc35957a5f2380b0645660a7f342d7a0872,Casablanca,Casablanca-Settat,73000.0,1.0,vente magnifique infiniti Ex **** dedounee canada essence vignette ok intéressé par un particulier s...
679850,https://www.moteur.ma/fr/voiture/achat-voiture-occasion/detail-annonce/679850/renault-r19.html,moteur,2026-09-27,2026-09-27 17:11:32,Renault 19 DT Alizée,Renault,19,DT Alizée,1996.0,96000.0,Diesel,Manuelle,,Dédouanée,Occasion,,,Particulier,,,Berkane,Oriental,65000.0,1.0,"A vendre Renault 19 1l9 dt de 1996, toute les pièces d&#039;origine.  Voiture française. actuellement en..."
679829,https://www.moteur.ma/fr/voiture/achat-voiture-occasion/detail-annonce/679829/citroen-c4.html,moteur,2026-09-27,2026-09-27 17:11:40,C4 très bon état,Citroën,C4,très bon état,2005.0,400.0,Diesel,Manuelle,,Dédouanée,Occasion,,,Particulier,0664265290,3a381c72fd64b0e27f1aaa3033a844b2d1cd21cf765cced0c5369f6c8b1ee49e,Mohammedia,Casablanca-Settat,65000.0,1.0,Je propose à la vente une Citroën C4 de 2005 en très bon état. - Marque : Citroën - Modèle : C4 - An...
679832,https://www.moteur.ma/fr/voiture/achat-voiture-occasion/detail-annonce/679832/renault-express.html,moteur,2026-09-27,2026-09-27 17:11:40,mudel 2022 renault express,Renault,Mudel,2022 express,2022.0,220.0,Diesel,Manuelle,,Dédouanée,Occasion,,,Particulier,0607118709,a082fd2b514a0c3c23d10a38e58600ebe8f8c655c9b3cbc570d55539d1a29332,Tetouan,Tanger-Tétouan-Al Hoceïma,133000.0,1.0,للبيع رونو إكسبريس موديل 2022 بحالة جيدة. - الماركة: رينو - الموديل: إكسبريس - السنة: 2022 - نوع الو...
679833,https://www.moteur.ma/fr/voiture/achat-voiture-occasion/detail-annonce/679833/peugeot-307.html,moteur,2026-09-27,2026-09-27 17:11:40,belle voiture Peugeot 307 oxygo essence 8 ch,Peugeot,Belle,voiture 307 oxygo essence 8 ch,2008.0,290000.0,Essence,Manuelle,8.0,Dédouanée,Occasion,,,Particulier,0660187445,d30488de6d7485e159df2b9ad032ff9b51d9c7a06cd7fd678dfb56c2746a70e0,Rabat,Rabat-Salé-Kénitra,53000.0,1.0,Je propose à la vente une Peugeot 307 Oxygo en très bon état. - Marque : Peugeot - Modèle : 307 Oxyg...
679834,https://www.moteur.ma/fr/voiture/achat-voiture-occasion/detail-annonce/679834/chevrolet-cruze.html,moteur,2026-09-27,2026-09-27 17:11:40,Chevrolet Cruze LT 2.0 Diesel 2016 Très bon état,Chevrolet,Cruze,LT 2.0 Diesel 2016 Très bon état,2016.0,245000.0,Diesel,Manuelle,,Dédouanée,Occasion,,,Particulier,0627140399,0218371efc387537b12edec74d7b58d1753701c67a68b0d41632625818dc5b90,Temara,Rabat-Salé-Kénitra,108000.0,1.0,"Je mets en vente ma Chevrolet Cruze LT 2.0 Diesel, modèle 2016, avec boîte manuelle 6 rapports. Véhi..."
679835,https://www.moteur.ma/fr/voiture/achat-voiture-occasion/detail-annonce/679835/ford-focus.html,moteur,2026-09-27,2026-09-27 17:11:40,food focus titanium,Ford,Food,focus titanium,2013.0,114000.0,Diesel,Manuelle,,Dédouanée,Occasion,,,Particulier,0638954604,3c32b935c4838cbfcb11328663fb23681473e35b0dcfa8fa3590680df69cdf4a,Casablanca,Casablanca-Settat,135000.0,1.0,Options: Airbags frontaux et latéraux ABS ESP Aide au freinage d&#039;urgence Antipatinage jantes 17 pouc...
679830,https://www.moteur.ma/fr/voiture/achat-voiture-occasion/detail-annonce/679830/volkswagen-golf-2.html,moteur,2026-09-27,2026-09-27 17:11:40,a vendre ma voiture,Volkswagen,A,vendre ma voiture,1987.0,200000.0,Diesel,Manuelle,,Dédouanée,Occasion,,,Particulier,0658477336,b84130bcb88c68b77de23d2858b49c0c6bb2352cfb0f3dbe54ece85ea58443d5,Sale,Rabat-Salé-Kénitra,33000.0,1.0,a vendre ma voiture
679836,https://www.moteur.ma/fr/voiture/achat-voiture-occasion/detail-annonce/679836/hyundai-elantra.html,moteur,2026-09-27,2026-09-27 17:11:40,أيت ملول 2023,Hyundai,Autre,,2023.0,100000.0,Electrique,Automatique,,Dédouanée,Occasion,,,Particulier,,,Agadir,Souss-Massa,,1.0,2023 كلمتراج 100الف كينة في أيت ملول
679838,https://www.moteur.ma/fr/voiture/achat-voiture-occasion/detail-annonce/679838/fiat-palio.html,moteur,2026-09-27,2026-09-27 17:11:40,Fiat Palio Essence Manuelle 2001 à Rabat,Fiat,Palio,Essence Manuelle 2001 à Rabat,2001.0,207000.0,Essence,Manuelle,,Dédouanée,Occasion,,,Particulier,0643521706,7741832569667e16fc5d9323c5fdeb4618b0b07aebdd5da595a116c0b847e4e7,Rabat,Rabat-Salé-Kénitra,27000.0,1.0,À vendre : Fiat Palio en très bon état. - Kilométrage : 207 000 km - Carburant : Essence - Puissance...
679837,https://www.moteur.ma/fr/voiture/achat-voiture-occasion/detail-annonce/679837/mercedes-benz-220.html,moteur,2026-09-27,2026-09-27 17:11:40,Mercedes-Benz 220 Diesel Manuelle 2008,Mercedes-Benz,220,Diesel Manuelle 2008,2008.0,258000.0,Diesel,Manuelle,,Dédouanée,Occasion,,,Particulier,0660811743,0a39394e8d34b428b3198e3a5361253f7b838e1bc1d6efb71e97ef804b0a7ce8,Casablanca,Casablanca-Settat,10800.0,1.0,Li interessé merhba carte gris machi wkala  kasebha db 3ans
679839,https://www.moteur.ma/fr/voiture/achat-voiture-occasion/detail-annonce/679839/hyundai-i30.html,moteur,2026-09-27,2026-09-27 17:11:40,Hyundai I30 très bon état tout option,Hyundai,I30,très bon état tout option,2018.0,200000.0,Diesel,Manuelle,,Dédouanée,Occasion,,,Particulier,0662622485,34828f6229a941e1dd9bdaace1ef0011b7c6e4c17cb12915bee2a351604e6c03,Casablanca,Casablanca-Settat,143000.0,1.0,Hyundai i30 très bon état
679840,https://www.moteur.ma/fr/voiture/achat-voiture-occasion/detail-annonce/679840/mahindra-kuv-100.html,moteur,2026-09-27,2026-09-27 17:11:40,véhicule a vendre,Mahindra,Véhicule,a vendre,2020.0,56000.0,Diesel,Manuelle,,Dédouanée,Occasion,,,Particulier,0678139619,e4196f61995a77b92ab8c48684c30168dac93561110c5fe8e80e1fa58a5b2af5,Mohammedia,Casablanca-Settat,80000.0,1.0,"Je propose à la vente une Mahindra KUV 100 de 2020, une voiture diesel en excellent état. - Première..."
679798,https://www.moteur.ma/fr/voiture/achat-voiture-occasion/detail-annonce/679798/ford-kuga.html,moteur,2026-09-27,2026-09-27 17:11:40,ford  kugaa,Ford,Kugaa,,2013.0,270.0,Diesel,Manuelle,,Dédouanée,Occasion,,,Particulier,,,Fes,Fès-Meknès,,1.0,top dn9awa jamais accidenté carte grise whatspp mre7ba
679800,https://www.moteur.ma/fr/voiture/achat-voiture-occasion/detail-annonce/679800/hyundai-elantra.html,moteur,2026-09-27,2026-09-27 17:11:40,Hyundai Elantra 2017 full options,Hyundai,Elantra,2017 full options,2017.0,92000.0,Diesel,Automatique,,Dédouanée,Occasion,,,Particulier,,,Tanger,Tanger-Tétouan-Al Hoceïma,,1.0,"Voiture diesel première main, full options (keyless, siège électrique, caméra de recule, radar avant..."
679801,https://www.moteur.ma/fr/voiture/achat-voiture-occasion/detail-annonce/679801/dacia-spring.html,moteur,2026-09-27,2026-09-27 17:11:40,dacia spring,Dacia,Spring,,2025.0,36.0,Electrique,Automatique,,Dédouanée,Occasion,,,Particulier,0663242110,7c6cfe3a611698f7df98c3a5b01826b769d9713b3d3d2765e364ee0010c689f0,Fes,Fès-Meknès,140000.0,1.0,je me vente une cette voiture peinture d’origine mazala jdida
679802,https://www.moteur.ma/fr/voiture/achat-voiture-occasion/detail-annonce/679802/land-rover-range-rover-evoque.html,moteur,2026-09-27,2026-09-27 17:11:40,Range Rover Evoque 2017 – 190.000 km – Cuir,Land Rover,Evoque,2017 190.000 km Cuir,2017.0,190000.0,Diesel,Automatique,,Dédouanée,Occasion,,,Particulier,0767186437,c76ec14b5f10f6a5214b57daf8e2041102ce3fffb345398e28afb0cbb75453be,Casablanca,Casablanca-Settat,220000.0,1.0,À vendre Range Rover Evoque année 2017 • Kilométrage : 190.000 km • Année : 2017 • Intérieur cuir •...
679803,https://www.moteur.ma/fr/voiture/achat-voiture-occasion/detail-annonce/679803/peugeot-308.html,moteur,2026-09-27,2026-09-27 17:11:40,Peugeot 308 Diesel Manuelle 2011 à Meknès,Peugeot,308,Diesel Manuelle 2011 à Meknès,2011.0,273.0,Diesel,Manuelle,2.0,Dédouanée,Occasion,,,Professionnel,0784821753,acdea1f385d883355955fccc4245005c6f81743e139892fc9d0735f14c9ea220,Meknes,Fès-Meknès,95000.0,1.0,À vendre Peugeot 308 très bon état jamais accidenté et moteur neuf tout options
679804,https://www.moteur.ma/fr/voiture/achat-voiture-occasion/detail-annonce/679804/dacia-duster.html,moteur,2026-09-27,2026-09-27 17:11:47,dacia duster automatique diesel 2023,Dacia,Duster,automatique diesel 2023,2023.0,90000.0,Diesel,Automatique,,Dédouanée,Occasion,,,Particulier,,,Casablanca,Casablanca-Settat,,1.0,je mets en vente ma voiture dacia duster diesel première main modèle 2023/07 climatisation vitre éle...
679805,https://www.moteur.ma/fr/voiture/achat-voiture-occasion/detail-annonce/679805/renault-captur.html,moteur,2026-09-27,2026-09-27 17:11:47,Renault capture 2023,Renault,Capture,2023,2023.0,850000.0,Essence,Automatique,,Dédouanée,Occasion,,,Particulier,0662866098,3d5bfad5c2dfd3d3f1cc23d825516fa766385c2cca65a8590ad20e8fa193c7d7,Temara,Rabat-Salé-Kénitra,180000.0,1.0,"Je vends une Renault Captur de 2023 en excellent état. - Première main, origine WW Maroc - Boîte de..."
679797,https://www.moteur.ma/fr/voiture/achat-voiture-occasion/detail-annonce/679797/volkswagen-golf-2.html,moteur,2026-09-27,2026-09-27 17:11:47,a vendre ma voiture,Volkswagen,A,vendre ma voiture,1987.0,200000.0,Diesel,Manuelle,,Dédouanée,Occasion,,,Particulier,0658477336,b84130bcb88c68b77de23d2858b49c0c6bb2352cfb0f3dbe54ece85ea58443d5,Sale,Rabat-Salé-Kénitra,33000.0,1.0,a vendre ma voiture
679806,https://www.moteur.ma/fr/voiture/achat-voiture-occasion/detail-annonce/679806/volvo-s90.html,moteur,2026-09-27,2026-09-27 17:11:47,Volvo S90 Diesel Automatique 2021 à Fès,Volvo,S90,Diesel Automatique 2021 à Fès,2021.0,236000.0,Diesel,Automatique,,Dédouanée,Occasion,,,Particulier,0654247580,4c5ef2da0290545f19a89c99dfbe220c10be82745e6b30d02d10e8cb38fcd914,Fes,Fès-Meknès,300000.0,1.0,Je vends ma voiture Volvo s90 diesel Mod 21 automatique 3 main Full option
679807,https://www.moteur.ma/fr/voiture/achat-voiture-occasion/detail-annonce/679807/volkswagen-tiguan.html,moteur,2026-09-27,2026-09-27 17:11:47,Tiguan 2016,Volkswagen,Tiguan,2016,2016.0,220050.0,Diesel,Manuelle,,Dédouanée,Occasion,,,Particulier,0663470337,302ef951069717ac473057811898835909174add2f86cf44dd82296170447b39,Casablanca,Casablanca-Settat,163000.0,1.0,تغوان  Tiguan  mercedes  vw
679808,https://www.moteur.ma/fr/voiture/achat-voiture-occasion/detail-annonce/679808/renault-clio.html,moteur,2026-09-27,2026-09-27 17:11:47,clio4 2018,Renault,Clio4,2018,2018.0,197000.0,Diesel,Manuelle,,Dédouanée,Occasion,,,Particulier,0651111061,e679cbda9283be19df3e26609cd6ab6bf9834ba8a240ffe15a37b310bcdb1de8,Beni,Béni Mellal-Khénifra,11200.0,1.0,"Je propose à la vente une Renault Clio 4 de 2018, en très bon état. - Carburant : Diesel - Boîte de..."
679809,https://www.moteur.ma/fr/voiture/achat-voiture-occasion/detail-annonce/679809/opel-corsa.html,moteur,2026-09-27,2026-09-27 17:11:47,Opel Corsa diesel 2023,Opel,Corsa,diesel 2023,2023.0,80000.0,Diesel,Manuelle,,Dédouanée,Occasion,,,Particulier,,,Casablanca,Casablanca-Settat,,1.0,je mets en vente ma voiture Opel Corsa diesel première main modèle 2023/07 climatisation vitre élect...
679812,https://www.moteur.ma/fr/voiture/achat-voiture-occasion/detail-annonce/679812/land-rover-range-rover-sport.html,moteur,2026-09-27,2026-09-27 17:11:47,range Rover hse sport modèle 2014 toutes options,Land Rover,Hse,sport modèle 2014 toutes options,2014.0,240000.0,Diesel,Automatique,,Dédouanée,Occasion,,,Particulier,0656052624,d19e4213fcd29e7cb49fd11482fba6741b137a3f886a94dd3927ae44a11f6667,Tanger,Tanger-Tétouan-Al Hoceïma,220000.0,1.0,range Rover sport hse modèle 2014 kilométrage 240k toutes options ww au maroc très bonne état pour p...
679813,https://www.moteur.ma/fr/voiture/achat-voiture-occasion/detail-annonce/679813/toyota-rav-4.html,moteur,2026-09-27,2026-09-27 17:11:47,Toyota RAV4,Toyota,Rav4,,2016.0,221.0,Diesel,Manuelle,,Dédouanée,Occasion,,,Particulier,0634837123,bd5dde5c98c0d1d27973f502fa57d7fe0e07652c67cfc43272858cc2e4912214,Fes,Fès-Meknès,160000.0,1.0,🚘 Toyota RAV4 – Modèle 2016  سيارة Toyota RAV4 موديل 2016، بحالة جيدة، 221.000 km حقيقية.  ✅ Kilom...
679814,https://www.moteur.ma/fr/voiture/achat-voiture-occasion/detail-annonce/679814/dacia-logan.html,moteur,2026-09-27,2026-09-27 17:11:47,داسيا لوجان ديزل يدوي 2021 في الدار البيضاء,Dacia,Autre,,2021.0,145000.0,Diesel,Manuelle,,Dédouanée,Occasion,,,Particulier,0619582366,a99f8b930e91e291655511cc05ece842c22c69fc8884a4bd20b7037debaed986,Casablanca,Casablanca-Settat,97000.0,1.0,très bonne état
679815,https://www.moteur.ma/fr/voiture/achat-voiture-occasion/detail-annonce/679815/mercedes-benz-300.html,moteur,2026-09-27,2026-09-27 17:11:47,بني مكدت جيراري دايرت تمني,Mercedes-Benz,300,,2020.0,130.0,Diesel,Automatique,,Dédouanée,Occasion,,,Particulier,,,Tanger,Tanger-Tétouan-Al Hoceïma,,1.0,مرسيدس بنز 300 كوبيه موديل 2020 بحالة جديدة. - ديزل أوتوماتيك - 5 أبواب - عجلات ألمنيوم - تكييف - فت...
679816,https://www.moteur.ma/fr/voiture/achat-voiture-occasion/detail-annonce/679816/seat-ateca.html,moteur,2026-09-27,2026-09-27 17:11:47,tetouan 123,Seat,Autre,123,2017.0,137.0,Diesel,Automatique,,Dédouanée,Occasion,,,Particulier,0610739057,7a33be7c77773db9a826f5cc526fd4e425392c88a1a64acf1d556c9c4fff5b3f,Tetouan,Tanger-Tétouan-Al Hoceïma,230000.0,1.0,للبيع سيارة سيات أتيكا موديل 2017 بحالة جيدة جداً. - محرك ديزل - ناقل حركة أوتوماتيك - 8 خيول جبائية...
679817,https://www.moteur.ma/fr/voiture/achat-voiture-occasion/detail-annonce/679817/renault-master.html,moteur,2026-09-27,2026-09-27 17:11:47,Renault master 2021 premier main,Renault,Master,2021 premier main,2021.0,390000.0,Diesel,Manuelle,,Dédouanée,Occasion,,,Particulier,0634002830,35d8c83172f894e6085adb819b8ddffcae7e6d4cbb5afba144bcd051cb6861ce,Casablanca,Casablanca-Settat,250000.0,1.0,Je propose à la vente un Renault Master de 2021 en excellent état. - Marque : Renault - Modèle : Mas...
679818,https://www.moteur.ma/fr/voiture/achat-voiture-occasion/detail-annonce/679818/volkswagen-golf-7.html,moteur,2026-09-27,2026-09-27 17:11:47,Volkswagen golf 7,Volkswagen,Golf,7,2013.0,262000.0,Diesel,Automatique,,Dédouanée,Occasion,,,Particulier,0669794119,fe8b00601579078bed1133b504c463e4620e921f9b92147a2c561b5cadb8fad7,Beni,Béni Mellal-Khénifra,162000.0,1.0,Je vends une Volkswagen Golf 7 de 2013 en excellent état. - Carburant : Diesel - Boîte de vitesses :...
679819,https://www.moteur.ma/fr/voiture/achat-voiture-occasion/detail-annonce/679819/peugeot-306.html,moteur,2026-09-27,2026-09-27 17:11:47,pejout 306,Peugeot,Pejout,306,1996.0,555.0,Diesel,Manuelle,,Dédouanée,Occasion,,,Particulier,0681432917,ded5896ecd74a36b81306bdfbd281bf02b03b1ece18ce91615f2d956e3d417d9,Autre,,38000.0,1.0,modil 96 diwana 96 cv8
679820,https://www.moteur.ma/fr/voiture/achat-voiture-occasion/detail-annonce/679820/volkswagen-tiguan.html,moteur,2026-09-27,2026-09-27 17:11:47,tiguan 2008,Volkswagen,Tiguan,2008,2008.0,293000.0,Diesel,Manuelle,,Dédouanée,Occasion,,,Particulier,0719774727,7b14515d9e9f7fea28da0a7781bd84dec36c46deb5c68f2c361ffcfbdcb9e871,Fes,Fès-Meknès,105000.0,1.0,"Je vends une Volkswagen Tiguan de 2008 en excellent état, dédouanée et première main. - Motorisation..."
679821,https://www.moteur.ma/fr/voiture/achat-voiture-occasion/detail-annonce/679821/volkswagen-golf-6.html,moteur,2026-09-27,2026-09-27 17:11:47,golf 6 2 L,Volkswagen,Golf,6 2 L,2008.0,286000.0,Diesel,Manuelle,,Dédouanée,Occasion,,,Particulier,,,Autre,,,1.0,golf 6 modèle 12/2008 diwna 2013 moteur 2 litres 6 eme vitesse tt options clima digital volant 3amra...
679822,https://www.moteur.ma/fr/voiture/achat-voiture-occasion/detail-annonce/679822/volkswagen-golf-5.html,moteur,2026-09-27,2026-09-27 17:11:47,"golf 5 1,9 2008/2011",Volkswagen,Golf,5 1 9 2008 2011,2008.0,300.0,Diesel,Manuelle,,Dédouanée,Occasion,,,Particulier,,,Autre,,,1.0,"golf 5 modèle 2008 diwna 2011 moteur 1,9 darja tt options clima digital 4 vitres électrique régulate..."
680001,https://www.moteur.ma/fr/voiture/achat-voiture-occasion/detail-annonce/680001/volkswagen-coccinelle.html,moteur,2026-09-27,2026-09-27 17:11:47,Volkswagen Coccinelle Essence Manuelle 2000,Volkswagen,Coccinelle,Essence Manuelle 2000,2000.0,140000.0,Essence,Manuelle,,Dédouanée,Occasion,,,Particulier,0605145371,82ebaf8c3c8042d81a51b0546d55ba724ab90fff2e936b5892eb7552d456998e,Agadir,Souss-Massa,35000.0,1.0,À vendre : Volkswagen Coccinelle de l&#039;année 2000.  - Kilométrage : 140 000 km  - Puissance fiscale :...
679824,https://www.moteur.ma/fr/voiture/achat-voiture-occasion/detail-annonce/679824/toyota-prado.html,moteur,2026-09-27,2026-09-27 17:11:47,Land Cruiser Prado TX Transport Touristique 2014,Toyota,Cruiser,Prado TX Transport Touristique 2014,2014.0,487000.0,Diesel,Automatique,,Dédouanée,Occasion,,,Particulier,,,Arfoud,,,1.0,Je propose à la vente une Toyota Prado Land Cruiser TX Transport Touristique 2014 en très bon état....
679826,https://www.moteur.ma/fr/voiture/achat-voiture-occasion/detail-annonce/679826/peugeot-3008.html,moteur,2026-09-27,2026-09-27 17:11:47,Peugeot 3008 GT Line toutes options toit ouvrant,Peugeot,3008,GT Line toutes options toit ouvrant,2024.0,25000.0,Hybride,Automatique,,Dédouanée,Occasion,,,Particulier,0600487563,f1b39d08743f47687b64110c9ec3e31fc1ed35fd6f5feef449ac1c820279ff85,Marrakech,Marrakech-Safi,350000.0,1.0,"À vendre Peugeot 3008 GT Line, première main, en excellent état, très bien entretenu et soigneusemen..."
679827,https://www.moteur.ma/fr/voiture/achat-voiture-occasion/detail-annonce/679827/renault-kangoo.html,moteur,2026-09-27,2026-09-27 17:11:47,Tanger BRANES,Renault,Autre,BRANES,2010.0,0.0,Diesel,Manuelle,,Dédouanée,Occasion,,,Particulier,0608476894,e88d53a6ad1d0d13dbbae58ed63f0026c4bff017ee1adadad042aedafbe59323,Tanger,Tanger-Tétouan-Al Hoceïma,85000.0,1.0,سيارة رينو كانغو بحالة جيدة معروضة للبيع في طنجة. - 6 أبواب  - عجلات ألمنيوم - نوافذ كهربائية - مارك...
679828,https://www.moteur.ma/fr/voiture/achat-voiture-occasion/detail-annonce/679828/renault-kangoo.html,moteur,2026-09-27,2026-09-27 17:11:47,renault kangoo,Renault,Kangoo,,2012.0,455236.0,Diesel,Manuelle,,Dédouanée,Occasion,,,Particulier,,,Casablanca,Casablanca-Settat,,1.0,Renault Kangoo de 2012 en bon état. - Marque : Renault - Modèle : Kangoo - Année : 2012 - Carburant...
679777,https://www.moteur.ma/fr/voiture/achat-voiture-occasion/detail-annonce/679777/volkswagen-t-roc.html,moteur,2026-09-27,2026-09-27 17:11:55,VW T-ROC BLACK PACK 2023,Volkswagen,T-ROC,BLACK PACK 2023,2023.0,70000.0,Diesel,Automatique,,Dédouanée,Occasion,,,Particulier,,,Casablanca,Casablanca-Settat,,1.0,Je met en vent mon VW T-ROC 2023 BLACK PACK - 70 000km  -Jantes Alliage 18 noires  -Projecteurs Full...
679778,https://www.moteur.ma/fr/voiture/achat-voiture-occasion/detail-annonce/679778/renault-kangoo.html,moteur,2026-09-27,2026-09-27 17:11:55,renault kangoo,Renault,Kangoo,,2012.0,455.0,Diesel,Manuelle,,Dédouanée,Occasion,,,Particulier,,,Casablanca,Casablanca-Settat,,1.0,À vendre : Renault Kangoo de 2012 en bon état. - Carburant Diesel - Boîte de vitesses Manuelle - Pui...
679779,https://www.moteur.ma/fr/voiture/achat-voiture-occasion/detail-annonce/679779/fiat-500.html,moteur,2026-09-27,2026-09-27 17:11:55,Fiat 500 Diesel Automatique 2023 à Kénitra,Fiat,500,Diesel Automatique 2023 à Kénitra,2023.0,59000.0,Diesel,Automatique,,Dédouanée,Occasion,,,Particulier,0681606466,8220e5cfe06b33b30d8af131ecbf6d1400b5650124a47ff4aac30401d1a9ab0c,Kenitra,Rabat-Salé-Kénitra,115000.0,1.0,Fiat 500 Abarth 595 turismo cabriolet  Modèle 2023 Automatique  59000 kms  Numéro : Fiat 500 Abarth...
679780,https://www.moteur.ma/fr/voiture/achat-voiture-occasion/detail-annonce/679780/volkswagen-golf-7.html,moteur,2026-09-27,2026-09-27 17:11:55,golf 7 automatique,Volkswagen,Golf,7 automatique,2017.0,200000.0,Diesel,Automatique,,Dédouanée,Occasion,,,Particulier,0651152812,63e747b65c7d186351865c09f84f9a3d8d31147467eeb58f2962dbf21f55ad8a,Sidi,Rabat-Salé-Kénitra,165000.0,1.0,"Je propose à la vente une Volkswagen Golf 7 de 2017 en excellent état, origine WW Maroc. - Boite de..."
679782,https://www.moteur.ma/fr/voiture/achat-voiture-occasion/detail-annonce/679782/dacia-logan.html,moteur,2026-09-27,2026-09-27 17:11:55,dacia logan,Dacia,Logan,,2010.0,171000.0,Diesel,Manuelle,,Dédouanée,Occasion,,,Particulier,,,Agadir,Souss-Massa,,1.0,modèle 2010 kilométrage 171000 mazot l3amra kayna f nawi had belfaa sbagha fiha voil 3la bra  lchari...
679783,https://www.moteur.ma/fr/voiture/achat-voiture-occasion/detail-annonce/679783/citroen-c3.html,moteur,2026-09-27,2026-09-27 17:11:55,Citroën c 3,Citroën,C,3,2020.0,99000.0,Diesel,Manuelle,,Dédouanée,Occasion,,,Particulier,0619732020,647bb33caaf555fb40526a9bae6a822bd9fc6a74eb2c1c612ac1bc1e4592fdb2,Casablanca,Casablanca-Settat,150000.0,1.0,Je vends une Citroën C3 de 2020 en excellent état. - Origine WW au Maroc - Première main - Diesel -...
679784,https://www.moteur.ma/fr/voiture/achat-voiture-occasion/detail-annonce/679784/dacia-logan.html,moteur,2026-09-27,2026-09-27 17:11:55,dacia logan,Dacia,Logan,,2010.0,171000.0,Diesel,Manuelle,,Dédouanée,Occasion,,,Particulier,,,Agadir,Souss-Massa,,1.0,modèle 2010 kilométrage 171000  mazot l3amra  mojoda f nawahi had belfaa sbagha fiha voil 3la bra  k...
679785,https://www.moteur.ma/fr/voiture/achat-voiture-occasion/detail-annonce/679785/peugeot-208.html,moteur,2026-09-27,2026-09-27 17:11:55,يرجى التواصل والاستفساروالمعاينة على الرقم المسجل,Peugeot,208,,2023.0,24027.0,Diesel,Manuelle,,Dédouanée,Occasion,,,Particulier,,,Guelmim,Guelmim-Oued Noun,,1.0,"📣 À vendre : Peugeot 208, modèle octobre 2023, en état quasi neuf ✨Description : Une excellente op..."
679786,https://www.moteur.ma/fr/voiture/achat-voiture-occasion/detail-annonce/679786/volkswagen-tiguan.html,moteur,2026-09-27,2026-09-27 17:11:55,Volkswagen Tiguan Diesel Automatique 2023,Volkswagen,Tiguan,Diesel Automatique 2023,2023.0,89000.0,Diesel,Automatique,,Dédouanée,Occasion,,,Particulier,0663123723,787072d1d09adb6325208b7ba3f42a2d151fdbe347f9ace4896b6a0d270732e7,Casablanca,Casablanca-Settat,370000.0,1.0,"A VENDRE – Volkswagen Tiguan 2023 Diesel Automatique Volkswagen Tiguan en excellent état, très bien..."
679787,https://www.moteur.ma/fr/voiture/achat-voiture-occasion/detail-annonce/679787/volkswagen-golf-7.html,moteur,2026-09-27,2026-09-27 17:11:55,تطوان  حي صومال,Volkswagen,Golf,7,2026.0,300.0,Essence,Manuelle,,Dédouanée,Occasion,,,Particulier,0620147747,8e0d78a2e71ab6e24e7846f909aca294424a3091755feacb7d3122751ee07499,Tetouan,Tanger-Tétouan-Al Hoceïma,600.0,1.0,للبيع سيارة فان بحالة ممتازة. - عجلات ألمنيوم - نوع الوقود: بنزين - ناقل الحركة: يدوي - عدد الأبواب:...
679788,https://www.moteur.ma/fr/voiture/achat-voiture-occasion/detail-annonce/679788/peugeot-206.html,moteur,2026-09-27,2026-09-27 17:11:55,سيارة للبيع,Peugeot,206,,2009.0,200004.0,Diesel,Manuelle,,Dédouanée,Occasion,,,Particulier,,,Casablanca,Casablanca-Settat,,1.0,À vendre : Peugeot 206 de 2009 en excellent état. - Première main - Moteur Diesel - Boîte manuelle -...
679789,https://www.moteur.ma/fr/voiture/achat-voiture-occasion/detail-annonce/679789/volkswagen-caddy.html,moteur,2026-09-27,2026-09-27 17:11:55,أسفي حي السلام,Volkswagen,Caddy,,2019.0,300.0,Diesel,Automatique,,Dédouanée,Occasion,,,Particulier,0668098018,fdf55423140b18e3259bd803a5bdebfb9a377357c3815bf4b94f8f77fa93db64,Safi,Marrakech-Safi,300.0,1.0,فولكس فاجن كادي موديل 2019 بحالة جيدة جدا للبيع في آسفي. - عجلات ألمنيوم - قوة جبائية 8 خ - نوع الوق...
679790,https://www.moteur.ma/fr/voiture/achat-voiture-occasion/detail-annonce/679790/toyota-prado.html,moteur,2026-09-27,2026-09-27 17:11:55,Toyota prado,Toyota,Prado,,2004.0,10.0,Diesel,Manuelle,,Dédouanée,Occasion,,,Particulier,0690478877,38a78f2bef5f82b2e6e31bfcb8195ba0376926434a3555dfc162504c6cc7c734,Laayoune,Laâyoune-Sakia El Hamra,110000.0,1.0,لي مهتم يرسل لي رسالة نمشيلو رقم
679791,https://www.moteur.ma/fr/voiture/achat-voiture-occasion/detail-annonce/679791/toyota-rav-4.html,moteur,2026-09-27,2026-09-27 17:11:55,Toyota RAV-4 Diesel Manuelle 2010 à Tanger,Toyota,Rav-4,Diesel Manuelle 2010 à Tanger,2010.0,300000.0,Diesel,Manuelle,,Dédouanée,Occasion,,,Particulier,0648270368,fa28147ee91ece647db89024315e7d98b45687e259e33c2a9d3e4aa135b6be12,Tanger,Tanger-Tétouan-Al Hoceïma,93000.0,1.0,"Je mets en vente une Toyota RAV4, année 2008, moteur Diesel, en très bon état général.  🚗 Modèle :..."
679792,https://www.moteur.ma/fr/voiture/achat-voiture-occasion/detail-annonce/679792/volkswagen-t-roc.html,moteur,2026-09-27,2026-09-27 17:11:55,سيارة في حالة ممتازة .model 2019 diwana 11/2023,Volkswagen,.Model,2019 diwana 11 2023,2019.0,270000.0,Diesel,Manuelle,,Dédouanée,Occasion,,,Particulier,0670785529,2b05f6aa6ad924f3f132ad18bb1c7b3320c750236ddeffa3595712c298a9d571,El,Casablanca-Settat,235000.0,1.0,للبيع سيارة فولكس فاجن تي-روك بحالة ممتازة. - عجلات ألمنيوم - وسائد هوائية - تكييف - نظام الملاحة GP...
679793,https://www.moteur.ma/fr/voiture/achat-voiture-occasion/detail-annonce/679793/fiat-punto.html,moteur,2026-09-27,2026-09-27 17:11:55,Fiat Punto Diesel Manuelle 2016 à Bouskoura,Fiat,Punto,Diesel Manuelle 2016 à Bouskoura,2016.0,137000.0,Diesel,Manuelle,,Dédouanée,Occasion,,,Particulier,0772300802,928522f0cb151065574c97d6ef9d469545b6967f89d2adead8b8b5ac24d6a91f,Bouskoura,Casablanca-Settat,80000.0,1.0,Je veux vendre ma voiture il est encore neuve toute options la clime jante aluminium salon cuir limi...
679794,https://www.moteur.ma/fr/voiture/achat-voiture-occasion/detail-annonce/679794/mercedes-benz-220.html,moteur,2026-09-27,2026-09-27 17:11:55,sidi Slimane,Mercedes-Benz,Sidi,Slimane,2002.0,300485.0,Diesel,Manuelle,,Dédouanée,Occasion,,,Particulier,0663294581,849dced2bc55c917d874ebee19daa59bc07be79929431a20d92f9d531e8be66b,Kenitra,Rabat-Salé-Kénitra,80000.0,1.0,Mercedes kawkawa mliha modil 2002 diwana 2011libghaha marhba
679781,https://www.moteur.ma/fr/voiture/achat-voiture-occasion/detail-annonce/679781/skoda-karoq.html,moteur,2026-09-27,2026-09-27 17:11:55,Skoda Karoq Diesel Automatique 2025 à Casablanca,Skoda,Karoq,Diesel Automatique 2025 à Casablanca,2025.0,23000.0,Diesel,Automatique,,Dédouanée,Occasion,,,Particulier,0769566658,8877b198b5b23073ff238963ee30994364482b2cab257fa6481c0150692feaf8,Casablanca,Casablanca-Settat,298000.0,1.0,"À vendre : Skoda Karoq Diesel Automatique 2025, comme neuve. - Kilométrage : 23 000 km - Marque : Sk..."
679767,https://www.moteur.ma/fr/voiture/achat-voiture-occasion/detail-annonce/679767/citroen-xsara.html,moteur,2026-09-27,2026-09-27 17:11:55,Citroën Xsara Diesel Manuelle 2003 à Casablanca,Citroën,Xsara,Diesel Manuelle 2003 à Casablanca,2003.0,170000.0,Diesel,Manuelle,8.0,Dédouanée,Occasion,,,Particulier,0612563014,72d270f7535fd9d9e8329772838ed20cde0c603ce39731794b74863b35c25bff,Casablanca,Casablanca-Settat,49000.0,1.0,قرا عاد سول 🙏 A vendre: 2003 - 8ch - diesel Consommation mixte 4.7%  Toutes options : Clima khdama/...
679769,https://www.moteur.ma/fr/voiture/achat-voiture-occasion/detail-annonce/679769/renault-kangoo.html,moteur,2026-09-27,2026-09-27 17:12:03,طنجة حي أهلا,Renault,Kangoo,,2012.0,50000.0,Diesel,Manuelle,,Dédouanée,Occasion,,,Particulier,0608996616,44e2c53e23fca1d8657394bd445ec1b7b223ed628bd1528f7c6f995fac0f94a4,Tanger,Tanger-Tétouan-Al Hoceïma,87000.0,1.0,سيارة للبيع مرحبا بالجميع
679770,https://www.moteur.ma/fr/voiture/achat-voiture-occasion/detail-annonce/679770/peugeot-3008.html,moteur,2026-09-27,2026-09-27 17:12:03,Peugeot 3008 Hybride Automatique 2024 à Marrakech,Peugeot,3008,Hybride Automatique 2024 à Marrakech,2024.0,25000.0,Hybride,Automatique,,Dédouanée,Occasion,,,Particulier,,,Marrakech,Marrakech-Safi,290500.0,1.0,Je propose à la vente une Peugeot 3008 Hybride Automatique en excellent état. - Kilométrage : 25 000...
679772,https://www.moteur.ma/fr/voiture/achat-voiture-occasion/detail-annonce/679772/dacia-logan.html,moteur,2026-09-27,2026-09-27 17:12:03,dacia logan,Dacia,Logan,,2020.0,136.0,Diesel,Manuelle,,Dédouanée,Occasion,,,Particulier,0657456280,54b026bd9bb89875af3bc93e1d0fdc3f1c42644ad175272cc29d1c893f2f250c,Rabat,Rabat-Salé-Kénitra,105000.0,1.0,je mets en vente ma voiture dacia logan bon état motor carosari sbgh d&#039;origine jamisa accd disponibl...
679771,https://www.moteur.ma/fr/voiture/achat-voiture-occasion/detail-annonce/679771/dacia-sandero.html,moteur,2026-09-27,2026-09-27 17:12:03,داسيا سانديرو,Dacia,Sandero,,2021.0,200.0,Diesel,Manuelle,,Dédouanée,Occasion,,,Particulier,,,Nador,Oriental,,1.0,داسيا سانديرو موديل 2021 بحالة ممتازة للبيع. - عجلات ألمنيوم - وسائد هوائية - تكييف - نظام الملاحة G...
679773,https://www.moteur.ma/fr/voiture/achat-voiture-occasion/detail-annonce/679773/bmw-x3.html,moteur,2026-09-27,2026-09-27 17:12:11,BMW X3 xDrive X-Line 2019 | 8 CV,BMW,X3,xDrive X-Line 2019 8 CV,2019.0,156000.0,Diesel,Automatique,8.0,Dédouanée,Occasion,,,Particulier,0604268107,38eb83686d0e86d53f8f8ce07d7fbc49a75cd8f879a19958c2f4d40bd526095c,Casablanca,Casablanca-Settat,340000.0,1.0,BMW X3 xDrive X-Line – 2019 📍 156.000 KM ⚙️ Automatique | 4x4 xDrive | 8 CV ✨ X-Line | Toutes opti...
679775,https://www.moteur.ma/fr/voiture/achat-voiture-occasion/detail-annonce/679775/renault-laguna-.html,moteur,2026-09-27,2026-09-27 17:12:11,renault laguna 1 module 2001 mazot 7 dlkhil,Renault,Laguna,1 module 2001 mazot 7 dlkhil,2001.0,120000.0,Diesel,Manuelle,,Dédouanée,Occasion,,,Particulier,0617010711,8f00227cee390772121a0b77c2f6b2570d72410b19e85de9ed96113aa08297bb,Taroudannt,,41000.0,1.0,Renault laguna 1 module 2001 mazot 7dlkhil moteur Dti zaj electric jwant aluminium montissorat jdad...
679751,https://www.moteur.ma/fr/voiture/achat-voiture-occasion/detail-annonce/679751/hyundai-accent.html,moteur,2026-09-27,2026-09-27 17:12:11,Hyundia accent 2021,Hyundai,Hyundia,accent 2021,2021.0,134000.0,Diesel,Manuelle,,Dédouanée,Occasion,,,Particulier,0651111061,e679cbda9283be19df3e26609cd6ab6bf9834ba8a240ffe15a37b310bcdb1de8,Beni,Béni Mellal-Khénifra,142000.0,1.0,Je vends une Hyundai Accent modèle 2021 en excellent état. - Carburant : Diesel - Boîte de vitesses...
679752,https://www.moteur.ma/fr/voiture/achat-voiture-occasion/detail-annonce/679752/kia-sportage.html,moteur,2026-09-27,2026-09-27 17:12:11,kia sportage 2012 automatic,Kia,Sportage,2012 automatic,2012.0,226000.0,Diesel,Automatique,8.0,Dédouanée,Occasion,,,Particulier,0651111061,e679cbda9283be19df3e26609cd6ab6bf9834ba8a240ffe15a37b310bcdb1de8,Beni,Béni Mellal-Khénifra,127000.0,1.0,"À vendre Kia Sportage de 2012 en excellent état. - Boîte de vitesses automatique - Diesel, 8 CV fisc..."
679753,https://www.moteur.ma/fr/voiture/achat-voiture-occasion/detail-annonce/679753/dacia-dokker.html,moteur,2026-09-27,2026-09-27 17:12:11,dacia dokker,Dacia,Dokker,,2020.0,113.0,Diesel,Manuelle,,Dédouanée,Occasion,,,Particulier,0778444685,8849d894d60ca1513d0f686ffb7994932f992cde4e8cf6e3807a6ff042b0aae9,Rabat,Rabat-Salé-Kénitra,135000.0,1.0,je mets en vente ma voiture dacia dokker bon état motor carosari jamisa accd disponible temara
679754,https://www.moteur.ma/fr/voiture/achat-voiture-occasion/detail-annonce/679754/toyota-rav-4.html,moteur,2026-09-27,2026-09-27 17:12:11,Toyota RAV 4 à vendre,Toyota,Rav,4 à vendre,2024.0,26600.0,Hybride,Automatique,,Dédouanée,Occasion,,,Particulier,0660170719,f7d474b4111b4c83cf74a5c1f6b0b8a7128c63369343decd9ccbc6d3b4085e1c,Tanger,Tanger-Tétouan-Al Hoceïma,350000.0,1.0,"Toyota RAV4 Hybride 2.5L – 218 ch – Finition Distinctive+  Très belle RAV4 hybride, très bon état, c..."
679755,https://www.moteur.ma/fr/voiture/achat-voiture-occasion/detail-annonce/679755/volkswagen-tiguan.html,moteur,2026-09-27,2026-09-27 17:12:18,TIGUAN ESSENCE PARFAITE ÉTAT MODEL 08/2010,Volkswagen,Tiguan,ESSENCE PARFAITE ÉTAT MODEL 08 2010,2010.0,290000.0,Essence,Manuelle,,Dédouanée,Occasion,,,Particulier,0705108695,5dc549efef16733d44aa64e25b18b1911c8ae68150dea69befa8835b6a727a00,Fes,Fès-Meknès,89000.0,1.0,"Je vends une Volkswagen Tiguan essence en excellent état, modèle 2010. - Boîte manuelle - Puissance..."
679757,https://www.moteur.ma/fr/voiture/achat-voiture-occasion/detail-annonce/679757/dacia-logan.html,moteur,2026-09-27,2026-09-27 17:12:18,tnobit simo,Dacia,Tnobit,simo,2016.0,0.0,Diesel,Manuelle,,Dédouanée,Occasion,,,Particulier,0662511641,3aeb3d4345881b85e9218af53ac0911b6690e6e180fd4eae11202d62dc50d7a6,Rabat,Rabat-Salé-Kénitra,100000.0,1.0,"À vendre : Dacia Logan de 2016, première main. - Marque : Dacia - Modèle : Logan - Année-Modèle : 20..."
679756,https://www.moteur.ma/fr/voiture/achat-voiture-occasion/detail-annonce/679756/volkswagen-touareg.html,moteur,2026-09-27,2026-09-27 17:12:18,Volkswagen Touareg 2017 Pulmane,Volkswagen,Touareg,2017 Pulmane,2017.0,200000.0,Diesel,Automatique,,Dédouanée,Occasion,,,Particulier,0707305920,b6d18485bc99e2ae42b30fc27ecb0a4cd43c8d34b4e32e0b0bf10437d8dc4bf8,Casablanca,Casablanca-Settat,175000.0,1.0,À vendre : Volkswagen Touareg de 2017 en excellent état. - Marque : Volkswagen - Modèle : Touareg -...
679759,https://www.moteur.ma/fr/voiture/achat-voiture-occasion/detail-annonce/679759/volkswagen-touareg.html,moteur,2026-09-27,2026-09-27 17:12:18,VW TOUAREG 2017 PULLMAN,Volkswagen,TOUAREG,2017 PULLMAN,2017.0,230000.0,Diesel,Automatique,,Dédouanée,Occasion,,,Particulier,0608122616,a14b2645a7527a6ef5705c325b141a998c11c13f78672cc5a3fb832a3d9dbbf8,Casablanca,Casablanca-Settat,168000.0,1.0,VW TOUAREG PULLMAN MODEL 2017 230K KM JAMAIS ACCIDENTE CASABLANCA
679758,https://www.moteur.ma/fr/voiture/achat-voiture-occasion/detail-annonce/679758/renault-megane.html,moteur,2026-09-27,2026-09-27 17:12:18,Renault Megane 4 2022,Renault,Megane,4 2022,2022.0,87000.0,Diesel,Automatique,,Dédouanée,Occasion,,,Particulier,0785448499,5fb419fdced6339437be5e5e2fb0ebac41196860733249bd9a6b4cd2d0eccbd6,Meknes,Fès-Meknès,215000.0,1.0,Renault Megane 4 phase 2  Finition techno  Modèle : 2022 Diesel sans adblue Kilométrage : 87000 km V...
679760,https://www.moteur.ma/fr/voiture/achat-voiture-occasion/detail-annonce/679760/renault-clio.html,moteur,2026-09-27,2026-09-27 17:12:18,RENAULT CLIO 5,Renault,Clio,5,2023.0,129000.0,Diesel,Manuelle,,Dédouanée,Occasion,,,Particulier,0770659024,b905ba88556b8e937ba456a65a817038af145c841fcddc4b40f4c22a5363143d,Rabat,Rabat-Salé-Kénitra,137000.0,1.0,"Je vends une Renault Clio 5 en excellent état, première main. - Marque : Renault - Modèle : Clio 5 -..."
679761,https://www.moteur.ma/fr/voiture/achat-voiture-occasion/detail-annonce/679761/fiat-500.html,moteur,2026-09-27,2026-09-27 17:12:18,dolce vita,Fiat,Dolce,vita,2021.0,30000.0,Essence,Automatique,,Dédouanée,Occasion,,,Particulier,0724262905,f5884faa594cade9b2a35a2303b4cfa250540bcc352a8768b240889693520545,Dar,Casablanca-Settat,145000.0,1.0,"Je vends ma Fiat 500 en excellent état, modèle 2021. - Première main, origine WW au Maroc - Boîte de..."
679762,https://www.moteur.ma/fr/voiture/achat-voiture-occasion/detail-annonce/679762/volkswagen-touareg.html,moteur,2026-09-27,2026-09-27 17:12:18,Touareg 2016,Volkswagen,Touareg,2016,2016.0,220000.0,Diesel,Automatique,,Dédouanée,Occasion,,,Particulier,0651111061,e679cbda9283be19df3e26609cd6ab6bf9834ba8a240ffe15a37b310bcdb1de8,Beni,Béni Mellal-Khénifra,145000.0,1.0,Je propose à la vente une Volkswagen Touareg de 2016 en excellent état. - Marque : Volkswagen - Modè...
679763,https://www.moteur.ma/fr/voiture/achat-voiture-occasion/detail-annonce/679763/hyundai-trajet.html,moteur,2026-09-27,2026-09-27 17:12:18,Hyundai Trajet Diesel Manuelle 2005 à El Jadida,Hyundai,Trajet,Diesel Manuelle 2005 à El Jadida,2005.0,200000.0,Diesel,Manuelle,,Dédouanée,Occasion,,,Particulier,,,El,Casablanca-Settat,,1.0,À vendre Hyundai Trajet Diesel Manuelle de 2005 en bon état. - Kilométrage : 200 000 km - Jantes alu...
679764,https://www.moteur.ma/fr/voiture/achat-voiture-occasion/detail-annonce/679764/renault-clio.html,moteur,2026-09-27,2026-09-27 17:12:18,Clio 4 automatique,Renault,Clio,4 automatique,2019.0,112000.0,Diesel,Automatique,75.0,Dédouanée,Occasion,,,Professionnel,0662090754,c4989da9a90e4719a87a1589b88adf13483be61cb4b869dceac9cde5848b5768,Marrakech,Marrakech-Safi,143000.0,1.0,clio4 automatique  modele 2019 diesel  112000km
679765,https://www.moteur.ma/fr/voiture/achat-voiture-occasion/detail-annonce/679765/fiat-500.html,moteur,2026-09-27,2026-09-27 17:12:26,Fiat 500 Essence Automatique 2015 à Marrakech,Fiat,500,Essence Automatique 2015 à Marrakech,2015.0,111000.0,Essence,Automatique,,Dédouanée,Occasion,,,Particulier,0649108845,d357169158a010aa5b59ababdfa82ef48be2dc5d4e62364ef6084fa6d3aa06f6,Marrakech,Marrakech-Safi,80000.0,1.0,"FIAT 500 Essence, Boite a vitesse Duologic (Mode Automatique et Mode Impulsionnel) , Cylindres 4, Pu..."
679766,https://www.moteur.ma/fr/voiture/achat-voiture-occasion/detail-annonce/679766/citroen-c3.html,moteur,2026-09-27,2026-09-27 17:12:26,Citroën C3 Chain,Citroën,C3,Chain,2024.0,80000.0,Diesel,Manuelle,,Dédouanée,Occasion,,,Particulier,0770659024,b905ba88556b8e937ba456a65a817038af145c841fcddc4b40f4c22a5363143d,Rabat,Rabat-Salé-Kénitra,153000.0,1.0,Je propose à la vente une Citroën C3 diesel de 2024. - Kilométrage : 0 km - Boîte de vitesses : Manu...
679744,https://www.moteur.ma/fr/voiture/achat-voiture-occasion/detail-annonce/679744/ford-fiesta.html,moteur,2026-09-27,2026-09-27 17:12:26,ford fiesta,Ford,Fiesta,,2017.0,70000.0,Diesel,Manuelle,,Dédouanée,Occasion,,,Particulier,0661455981,2dd9d54bb24377f09759e2222ef1cfe8520c477eb0035cba7d5f81a405b3edae,Casablanca,Casablanca-Settat,107000.0,1.0,"ford fiesta diesel en parfaite ètat, peinture d&#039;origine,faible kilomètrage (poste Android,caméra de..."
679745,https://www.moteur.ma/fr/voiture/achat-voiture-occasion/detail-annonce/679745/volkswagen-jetta.html,moteur,2026-09-27,2026-09-27 17:12:26,Volkswagen Jetta Diesel Manuelle 2020 à Temara,Volkswagen,Jetta,Diesel Manuelle 2020 à Temara,2020.0,47000.0,Diesel,Manuelle,,Dédouanée,Occasion,,,Particulier,0661773831,b8b88513a27b5394caf312abbb4dca068f82467c6c60ec5922f78a9675fbb2bf,Temara,Rabat-Salé-Kénitra,190000.0,1.0,Je vends ma voiture volk. jetta avec faible kilométrage 47000 mod.le mois 11/2020 en excellent état....
679746,https://www.moteur.ma/fr/voiture/achat-voiture-occasion/detail-annonce/679746/citroen-c3.html,moteur,2026-09-27,2026-09-27 17:12:34,Citroen C3 comme neuve,Citroën,C3,comme neuve,2008.0,240.0,Essence,Manuelle,,Dédouanée,Occasion,,,Particulier,0668909377,a5663f4549c5e8356deb17d322691bbec74bb9169d7cb050a5cf18bc03f85548,Temara,Rabat-Salé-Kénitra,58000.0,1.0,voiture économique tout options clim centralisé assisté vitres électriques rétroviseurs électriques...
679747,https://www.moteur.ma/fr/voiture/achat-voiture-occasion/detail-annonce/679747/dacia-duster.html,moteur,2026-09-27,2026-09-27 17:12:34,dacia duster 2017/12,Dacia,Duster,2017 12,2017.0,123000.0,Diesel,Manuelle,,Dédouanée,Occasion,,,Particulier,0635127978,40b7b9f1a5bf537d0be017bd7cbf7b2e95a9b6cf28c35e8d94cc2d606c37b73c,Marrakech,Marrakech-Safi,145000.0,1.0,Je vends une Dacia Duster de décembre 2017 en très bon état. - Marque : Dacia - Modèle : Duster - An...
679748,https://www.moteur.ma/fr/voiture/achat-voiture-occasion/detail-annonce/679748/hyundai-accent.html,moteur,2026-09-27,2026-09-27 17:12:34,automatic accent,Hyundai,Automatic,accent,2022.0,78000.0,Diesel,Automatique,,Dédouanée,Occasion,,,Particulier,0659966655,8fdc3c8b281a5dd6e3adda7b3edc3c35cef1bfeb9402060c4cc0ea10af71debb,Marrakech,Marrakech-Safi,140000.0,1.0,هيونداي أكسنت موديل 2022 أوتوماتيك ديزل بحالة جيدة جدا. - عجلات ألمنيوم - وسائد هوائية - تكييف - نظا...
679749,https://www.moteur.ma/fr/voiture/achat-voiture-occasion/detail-annonce/679749/chevrolet-aveo.html,moteur,2026-09-27,2026-09-27 17:12:41,opportunity,Chevrolet,Opportunity,,2010.0,225.0,Essence,Manuelle,,Dédouanée,Occasion,,,Particulier,0661546871,3706a55665c1ec63c5a406fe0fa024c5dc4510545358b7a3ba8573d93edec0a3,Rabat,Rabat-Salé-Kénitra,58000.0,1.0,"très bon voiture, économique, propre,bien entretenu, particulier, légèrement négociable"
679738,https://www.moteur.ma/fr/voiture/achat-voiture-occasion/detail-annonce/679738/citroen-xsara.html,moteur,2026-09-27,2026-09-27 17:12:41,Xsara mazot,Citroën,Xsara,mazot,2000.0,285000.0,Diesel,Manuelle,,Dédouanée,Occasion,,,Particulier,0768343735,95d17e7e7ff15f1afe40b501ca04ef379f3091affe6a0de92171f6b610ac20f8,Inezgane,Souss-Massa,45000.0,1.0,Je vends une Citroën Xsara en très bon état. - Modèle : Xsara - Année : 2000 - Carburant : Diesel -...
679740,https://www.moteur.ma/fr/voiture/achat-voiture-occasion/detail-annonce/679740/mercedes-benz-220.html,moteur,2026-09-27,2026-09-27 17:12:41,Mercedes 220 Diesel Manuelle 2007  Agadir tilila,Mercedes-Benz,220,Diesel Manuelle 2007 Agadir tilila,2007.0,260000.0,Diesel,Manuelle,,Dédouanée,Occasion,,,Particulier,,,Agadir,Souss-Massa,,1.0,CDI 220- Model 2007 toute option-dédouané  **** km-Jamais accidente-Peinture d‘origine-volant multif...
679741,https://www.moteur.ma/fr/voiture/achat-voiture-occasion/detail-annonce/679741/renault-kangoo.html,moteur,2026-09-27,2026-09-27 17:12:41,Renault Kangoo Diesel Manuelle 2019 à Casablanca,Renault,Kangoo,Diesel Manuelle 2019 à Casablanca,2019.0,90000.0,Diesel,Manuelle,,Dédouanée,Occasion,,,Particulier,0766484994,b44ccb7f09d96f764790525717e1ab539fe5fc3ae5fc127d82b3083af049eab8,Casablanca,Casablanca-Settat,140000.0,1.0,KONGO 2019 PREMIERES MAINS JAMAIS ACCIDENTE LA PAINTURE ORIGAINALE LENTRETIEN DE LA MAISON SAMSARA B...
679742,https://www.moteur.ma/fr/voiture/achat-voiture-occasion/detail-annonce/679742/ford-fiesta.html,moteur,2026-09-27,2026-09-27 17:12:41,Ford Fiesta Diesel Manuelle 2017 à Tanger,Ford,Fiesta,Diesel Manuelle 2017 à Tanger,2017.0,165000.0,Diesel,Manuelle,,Dédouanée,Occasion,,,Particulier,0669781718,aad02dcd2a54e7cd0caf04b0a2a7c0b8fbd153d01540f829c47fea33b27e5f01,Tanger,Tanger-Tétouan-Al Hoceïma,119000.0,1.0,"Je vends ma Ford Fiesta Diesel, année 2017, 2ème main, en très bon état général.  🔹 Kilométrage : 1..."
679739,https://www.moteur.ma/fr/voiture/achat-voiture-occasion/detail-annonce/679739/hyundai-tucson.html,moteur,2026-09-27,2026-09-27 17:12:41,Hyundai Tucson Diesel Automatique 2018,Hyundai,Tucson,Diesel Automatique 2018,2018.0,137000.0,Diesel,Automatique,,Dédouanée,Occasion,,,Particulier,0661416702,2c872914511d94a32f490030b1ea4f5345db1cdfa422d845c1e85bc7e0b93b61,Mohammedia,Casablanca-Settat,205000.0,1.0,Je vends une Hyundai Tucson Diesel Automatique de 2018 en très bon état. - Kilométrage : 137 000 km...
679743,https://www.moteur.ma/fr/voiture/achat-voiture-occasion/detail-annonce/679743/renault-clio.html,moteur,2026-09-27,2026-09-27 17:12:41,Clio 5 diesel Explore,Renault,Clio,5 diesel Explore,2021.0,138000.0,Diesel,Manuelle,,Dédouanée,Occasion,,,Particulier,0788533596,c5b98d4c09c263376a28407f80d74157be85d95c66bcde2a03fdce4f60e9aa6f,Casablanca,Casablanca-Settat,145000.0,1.0,Je mets en vente ma voiture Clio 5 modèle 2021 diesel toutes options démarrage star stop sans adblue...
679731,https://www.moteur.ma/fr/voiture/achat-voiture-occasion/detail-annonce/679731/peugeot-3008.html,moteur,2026-09-27,2026-09-27 17:12:50,Peugeot 3008 Diesel Automatique 2018 à Casablanca,Peugeot,3008,Diesel Automatique 2018 à Casablanca,2018.0,200000.0,Diesel,Automatique,,Dédouanée,Occasion,,,Particulier,0666938624,60940363f0ad532ecc337702d4a9c94d50f0ba6dfdb15b3f8ba626711497b29c,Casablanca,Casablanca-Settat,182000.0,1.0,"Je met en vente ma voiture de marque peugeot 3008 ,allure 2 litres ,très bon etat ,jamais accidentée..."
679732,https://www.moteur.ma/fr/voiture/achat-voiture-occasion/detail-annonce/679732/peugeot-partner.html,moteur,2026-09-27,2026-09-27 17:12:50,sayara 3ailiya,Peugeot,Sayara,3ailiya,2012.0,300.0,Diesel,Manuelle,,Dédouanée,Occasion,,,Particulier,0619519316,ba7810ecdc0ea80c4cec07ee959a304a906882111952a00ebf2d521d6001c130,Tanger,Tanger-Tétouan-Al Hoceïma,100000.0,1.0,أعرض للبيع بيجو بارتنر موديل 2012 بحالة ممتازة. - عجلات ألمنيوم - تكييف - مقاعد جلدية - نوافذ كهربائ...
679733,https://www.moteur.ma/fr/voiture/achat-voiture-occasion/detail-annonce/679733/ford-focus.html,moteur,2026-09-27,2026-09-27 17:12:50,ford focus ghia 2011,Ford,Focus,ghia 2011,2011.0,280000.0,Diesel,Manuelle,,Dédouanée,Occasion,,,Particulier,0662577715,3adf8797860ae36e8b8d94f8593afa5581dd0808792dc82eafcf29512a696a61,Casablanca,Casablanca-Settat,96000.0,1.0,Ford focus ghia 2011 فورد فوكيس غيا 2011 العامرة طوموبيل نقيا بزاف بنوات بربعة جداد موطور جديد زيرو...
679736,https://www.moteur.ma/fr/voiture/achat-voiture-occasion/detail-annonce/679736/citroen-berlingo.html,moteur,2026-09-27,2026-09-27 17:12:50,🇩🇪 Citroën berlingo 🇩🇪,Citroën,Berlingo,,2016.0,200.0,Diesel,Manuelle,,Dédouanée,Occasion,,,Particulier,0658113011,90aef28933e1f568dc16621b6dc5737e0af54086ab20126eb51ae537dfa760bd,Nador,Oriental,175000.0,1.0,Citroën berlingo 🇩🇪 *Année:11/2016 *Deuana.09/2026 ~Matricule: ب B-20 Km.200xxx Moteur nickel 100% B...
679730,https://www.moteur.ma/fr/voiture/achat-voiture-occasion/detail-annonce/679730/hyundai-santa-fe.html,moteur,2026-09-27,2026-09-27 17:12:50,Hyundai Santa Fe Diesel Manuelle 2015 à Rabat,Hyundai,Santa,Fe Diesel Manuelle 2015 à Rabat,2015.0,183280.0,Diesel,Manuelle,,Dédouanée,Occasion,,,Particulier,0642630965,0ba5249bc984d8aeea98d8d31708ea081523914b8e8808ec0f97d8e893339a34,Rabat,Rabat-Salé-Kénitra,155000.0,1.0,🚙 À VENDRE – Hyundai Santa Fe 2015 – 7 PLACES  📍 Rabat 💰 Prix : 155000 DH – légèrement négociable...
679737,https://www.moteur.ma/fr/voiture/achat-voiture-occasion/detail-annonce/679737/mercedes-benz-classe-c.html,moteur,2026-09-27,2026-09-27 17:12:50,Mercedes c220 w205 2018,Mercedes-Benz,C220,w205 2018,2018.0,150000.0,Diesel,Automatique,,Dédouanée,Occasion,,,Particulier,0600098833,a0853d42b2431359aa0aa10de3465b86407acd59f9663252160729ec5da93657,Marrakech,Marrakech-Safi,275000.0,1.0,À vendre Mercedes C220 W205 de 2018 en très bon état. - Origine : WW au Maroc - Carburant : Diesel -...
679717,https://www.moteur.ma/fr/voiture/achat-voiture-occasion/detail-annonce/679717/dacia-dokker.html,moteur,2026-09-27,2026-09-27 17:12:50,Dacia Dokker 2021,Dacia,Dokker,2021,2021.0,140000.0,Diesel,Manuelle,,Dédouanée,Occasion,,,Particulier,0671526953,d88e6b7d003e6235eee89925ef930a7de601e5cc46be9a5fd6a6d61d880a7950,Casablanca,Casablanca-Settat,145000.0,1.0,📅 Modèle : 2021 📍 1ère main 🛣️ Kilométrage : 140 000 km ✅ Jamais accidentée 🎨 Peinture d’origine...
679719,https://www.moteur.ma/fr/voiture/achat-voiture-occasion/detail-annonce/679719/fiat-500.html,moteur,2026-09-27,2026-09-27 17:12:50,Fiat 500 en excellent état à vendre.,Fiat,500,en excellent état à vendre.,2013.0,69600.0,Essence,Automatique,,Dédouanée,Occasion,,,Particulier,0661656070,d2a597a5ede3cdf3fdeeeb262dd8c7d23cd496db24e567e8d29950bd93d87eb3,Casablanca,Casablanca-Settat,115000.0,1.0,"Je mets en vente une Fiat 500 de 2013 en excellent état, première main et très bien entretenue.  - M..."
679720,https://www.moteur.ma/fr/voiture/achat-voiture-occasion/detail-annonce/679720/dacia-sandero.html,moteur,2026-09-27,2026-09-27 17:12:50,Dacia Sandero Diesel Manuelle 2013 à Fès,Dacia,Sandero,Diesel Manuelle 2013 à Fès,2013.0,194000.0,Diesel,Manuelle,,Dédouanée,Occasion,,,Particulier,0700025648,70183d3efdc6373159be03ddde28859d34a9ab7ac2a6cbbba3bad9003e5ce9f9,Fes,Fès-Meknès,100000.0,1.0,سيارة للبيع
679721,https://www.moteur.ma/fr/voiture/achat-voiture-occasion/detail-annonce/679721/fiat-siena.html,moteur,2026-09-27,2026-09-27 17:12:58,fiat siena,Fiat,Siena,,1998.0,0.0,Essence,Manuelle,,Dédouanée,Occasion,,,Particulier,0691047403,9f186b868e1ff0a5fb492cca5fb380e5f3578a8ce69d2475365b2e52e58fad2d,Sale,Rabat-Salé-Kénitra,26000.0,1.0,voiture Bon dyal drwich yalah badalt liha moteur ba9i mlih
679722,https://www.moteur.ma/fr/voiture/achat-voiture-occasion/detail-annonce/679722/ford-kuga.html,moteur,2026-09-27,2026-09-27 17:12:58,ford kuga,Ford,Kuga,,2013.0,170000.0,Diesel,Manuelle,,Dédouanée,Occasion,,,Particulier,0625414130,df1f048ba19486c6340e67b03cd148dd6968a31e322a6fa572aa22c8c0be3783,Casablanca,Casablanca-Settat,138000.0,1.0,فورد كوغا Titanium X – Full Options – حالة ممتازة  📅 الموديل: 2013 ⛽ الوقود: ديزل 📍 الكيلومترات:...
679723,https://www.moteur.ma/fr/voiture/achat-voiture-occasion/detail-annonce/679723/hyundai-creta.html,moteur,2026-09-27,2026-09-27 17:12:58,سيارة رائعة للبيع,Hyundai,Creta,,2016.0,205300.0,Diesel,Manuelle,,Dédouanée,Occasion,,,Particulier,0641739254,c077b4e0731c890a187d8b2c03dbc64ebcfdb3fc6658c41771b90b20e687d652,Mohammedia,Casablanca-Settat,150000.0,1.0,هيونداي كريتا موديل 2016 بحالة جيدة للبيع. - الماركة: هيونداي - الموديل: كريتا - سنة الموديل: 2016 -...
679718,https://www.moteur.ma/fr/voiture/achat-voiture-occasion/detail-annonce/679718/peugeot-206.html,moteur,2026-09-27,2026-09-27 17:12:58,Peugeot 206,Peugeot,206,,2011.0,91440.0,Essence,Manuelle,,Dédouanée,Occasion,,,Particulier,0668073430,9084ba81893515bf4a52eb5ad68c5943eeac597456990e04fc573af53d0137b5,Kenitra,Rabat-Salé-Kénitra,67000.0,1.0,Peugeot 206 +
679724,https://www.moteur.ma/fr/voiture/achat-voiture-occasion/detail-annonce/679724/dacia-logan.html,moteur,2026-09-27,2026-09-27 17:12:58,Dacia Logan Diesel Manuelle 2021 à Youssoufia,Dacia,Logan,Diesel Manuelle 2021 à Youssoufia,2021.0,120000.0,Diesel,Manuelle,,Dédouanée,Occasion,,,Particulier,0766484994,b44ccb7f09d96f764790525717e1ab539fe5fc3ae5fc127d82b3083af049eab8,Youssoufia,,125000.0,1.0,DACIA LOGAN JAMAIS ACCIDENTE LA PAINTURE ORIGAINALE LENTRETIEN DE LA MAISON SON INTERMAIDAIRE WAKALA...
679725,https://www.moteur.ma/fr/voiture/achat-voiture-occasion/detail-annonce/679725/peugeot-partner.html,moteur,2026-09-27,2026-09-27 17:12:58,sayara 3ailiya,Peugeot,Sayara,3ailiya,2012.0,300.0,Diesel,Manuelle,,Dédouanée,Occasion,,,Particulier,0770904127,9090e7021a6251baf32ae831084c5e13e136370e3b812f23abbecf0dd0c6bba3,Tanger,Tanger-Tétouan-Al Hoceïma,100000.0,1.0,سيارة عائلية بيجو بارتنر موديل 2012 بحالة ممتازة. - عجلات ألمنيوم - تكييف - مقاعد جلدية - كاميرا خلف...
679726,https://www.moteur.ma/fr/voiture/achat-voiture-occasion/detail-annonce/679726/nissan-qashqai.html,moteur,2026-09-27,2026-09-27 17:12:58,Nissan qashqai,Nissan,Qashqai,,2014.0,200.0,Diesel,Manuelle,,Dédouanée,Occasion,,,Particulier,0684884027,5c636cefeb5135b18f18dec8a4556137ba67e59aea972688a7ae1a8a4229a16f,Rabat,Rabat-Salé-Kénitra,136000.0,1.0,je mets en vente ma voiture Nissan qashqai model 2014/10 toute option sbgh d&#039;origine 6chv jamisa acc...
679727,https://www.moteur.ma/fr/voiture/achat-voiture-occasion/detail-annonce/679727/citroen-c3.html,moteur,2026-09-27,2026-09-27 17:12:58,Citroen picasso,Citroën,Picasso,,2010.0,370000.0,Diesel,Manuelle,,Dédouanée,Occasion,,,Particulier,0704151127,d21b34f7e013d0a6450e0114419d9c35d4639d89df158c1748261e1fe9ac507b,Kenitra,Rabat-Salé-Kénitra,88000.0,1.0,tomobil n9iya kolchi amarche aji wrkeb
679728,https://www.moteur.ma/fr/voiture/achat-voiture-occasion/detail-annonce/679728/kia-cerato.html,moteur,2026-09-27,2026-09-27 17:12:58,kia Cerato Première Main,Kia,Cerato,Première Main,2007.0,280000.0,Diesel,Manuelle,,Dédouanée,Occasion,,,Particulier,0660209470,43414b3bbe73ecbfcb4ffdfa9a93b81ebfa5ec706045190642192219374a5607,Temara,Rabat-Salé-Kénitra,52000.0,1.0,"Vous cherchez une voiture fiable, économique et agréable à conduire ? Cette Kia Cerato peut être une..."
679710,https://www.moteur.ma/fr/voiture/achat-voiture-occasion/detail-annonce/679710/bmw-serie-5.html,moteur,2026-09-27,2026-09-27 17:12:58,bmw e34 524td Kolchi khdam abs clima jaj daw ...,BMW,E34,524td Kolchi khdam abs clima jaj daw ...,1988.0,831780.0,Diesel,Manuelle,,Dédouanée,Occasion,,,Particulier,0765632002,127e0efad041c122d83149d1aaac9e591a46c46c5b412d8311ec0486aa11a8bf,Casablanca,Casablanca-Settat,55000.0,1.0,bmw e34 524td fiha clima abs jaja électrique  Kolchi khdam fiha LAH ybark
679711,https://www.moteur.ma/fr/voiture/achat-voiture-occasion/detail-annonce/679711/hyundai-ix35.html,moteur,2026-09-27,2026-09-27 17:12:58,Hyundai ix35,Hyundai,Ix35,,2015.0,175000.0,Diesel,Manuelle,,Dédouanée,Occasion,,,Particulier,0651686938,599e146e97203370fe8b385f7347a60de27c3809383555468f5f40facbb2d009,Fes,Fès-Meknès,160000.0,1.0,je met en vent ma voiture Hyundai ix35 mdl 2015 tout option 7chv
679713,https://www.moteur.ma/fr/voiture/achat-voiture-occasion/detail-annonce/679713/byd-seagull.html,moteur,2026-09-27,2026-09-27 17:13:15,byd  électrique,BYD,Autre,,2025.0,58000.0,Electrique,Automatique,,Dédouanée,Occasion,,,Particulier,0665662405,65a686435fbe5abccdeecbf4c5218ce5f9ad107fdb9614d427a7776926deedbf,Marrakech,Marrakech-Safi,165000.0,1.0,Byd modele 2025 1er main jamais accidenté
679715,https://www.moteur.ma/fr/voiture/achat-voiture-occasion/detail-annonce/679715/nissan-juke.html,moteur,2026-09-27,2026-09-27 17:13:15,Nissan juke,Nissan,Juke,,2013.0,190000.0,Diesel,Manuelle,,Dédouanée,Occasion,,,Particulier,0665451760,d637a579488b96dad40892345af63789d5c7b874e76f191c9e0f10593c8a442b,Fes,Fès-Meknès,120000.0,1.0,Nissan juke-box diesel très bonne état
679716,https://www.moteur.ma/fr/voiture/achat-voiture-occasion/detail-annonce/679716/mazda-3.html,moteur,2026-09-27,2026-09-27 17:13:15,Mazda 3 coupée,Mazda,3,coupée,2010.0,236000.0,Essence,Manuelle,,Dédouanée,Occasion,,,Particulier,0623685902,5229a8af4b5f5ebc4580e8ed5ec0a4279c7c58fd042dea9caed2926bd795a93f,Rabat,Rabat-Salé-Kénitra,65000.0,1.0,Je vends une Mazda 3 coupée de 2010 en très bon état. - Jantes aluminium - Airbags - Climatisation -...
679697,https://www.moteur.ma/fr/voiture/achat-voiture-occasion/detail-annonce/679697/land-rover-discovery-sport-.html,moteur,2026-09-27,2026-09-27 17:13:23,Discovery Sport 2019,Land Rover,Discovery,Sport 2019,2019.0,94000.0,Diesel,Automatique,,Dédouanée,Occasion,,,Particulier,0610201400,6e968c18b78031a27551e5a598cc65b988778456542af906e0566129ee74955e,Marrakech,Marrakech-Safi,220000.0,1.0,"Voiture en très bon état à vendre , les intermédiaires prière de s&#039;abstenir"
679698,https://www.moteur.ma/fr/voiture/achat-voiture-occasion/detail-annonce/679698/renault-clio.html,moteur,2026-09-27,2026-09-27 17:13:23,voiture Renault compus 2013 2eme main,Renault,Voiture,compus 2013 2eme main,2013.0,210000.0,Essence,Manuelle,,Dédouanée,Occasion,,,Particulier,0667023354,aeb06275912e1a8e58bac4442c251421109b8bcbe7239190009ec40fc4f02c94,Casablanca,Casablanca-Settat,65000.0,1.0,voiture Renault compus 2eme main model 2013
679699,https://www.moteur.ma/fr/voiture/achat-voiture-occasion/detail-annonce/679699/toyota-verso.html,moteur,2026-09-27,2026-09-27 17:13:23,تويوتا فيرسو ديزل يدوي 2007 في سيدي إفني,Toyota,Autre,,2007.0,284000.0,Diesel,Manuelle,,Dédouanée,Occasion,,,Particulier,0661828471,42ba462ac82d88506c843a302e59ce4230c3dd568653168d404050646ba2d058,Autre,,75000.0,1.0,أعرض للبيع سيارة تويوتا فيرسو ديزل يدوية موديل 2007 بحالة جيدة. - الكيلومتراج: 284000 كلم - وسائد هو...
679700,https://www.moteur.ma/fr/voiture/achat-voiture-occasion/detail-annonce/679700/volkswagen-tiguan.html,moteur,2026-09-27,2026-09-27 17:13:33,dédouaner 2022,Volkswagen,Dédouaner,2022,2014.0,190000.0,Diesel,Manuelle,,Dédouanée,Occasion,,,Particulier,0654419788,ae8e6fa9276e00607a1f946ea191e978339284044ac7ea57091e51d3a78e8dc2,Beni,Béni Mellal-Khénifra,180000.0,1.0,tomobiil meliiha ji o rekab
679701,https://www.moteur.ma/fr/voiture/achat-voiture-occasion/detail-annonce/679701/ford-fusion.html,moteur,2026-09-27,2026-09-27 17:13:33,FORD FUSION SE 2017,Ford,Fusion,SE 2017,2017.0,150000.0,Diesel,Automatique,,Dédouanée,Occasion,,,Particulier,0614942992,6adb8960cda19709b318cba8fbd0bb7635221adee9ae57200c0dc936e40dd5d3,El,Casablanca-Settat,152000.0,1.0,Je vends une Ford Fusion SE de 2017 en très bon état. - Marque : Ford - Modèle : Fusion - Année-Modè...
679702,https://www.moteur.ma/fr/voiture/achat-voiture-occasion/detail-annonce/679702/citroen-c3.html,moteur,2026-09-27,2026-09-27 17:13:33,سلا حي الانبيعات,Citroën,C3,,2004.0,346.0,Diesel,Manuelle,,Dédouanée,Occasion,,,Particulier,0660821640,2ec1ff7458138a44685f618bf2eaa79a2cf0d31bbd34603fe0239e94f4964220,Sale,Rabat-Salé-Kénitra,58000.0,1.0,Citroën c3 modèle 2004 zaj avant électrique  caméra arrière  4 pneu neuf
679704,https://www.moteur.ma/fr/voiture/achat-voiture-occasion/detail-annonce/679704/ford-fiesta.html,moteur,2026-09-27,2026-09-27 17:13:33,Ford fiesta trend diesel,Ford,Fiesta,trend diesel,2016.0,85000.0,Diesel,Manuelle,,Dédouanée,Occasion,,,Particulier,0660717900,62ac8a83745df4dff77a7b1ab82b90e682de74d2401f234559c9e1824204436c,Casablanca,Casablanca-Settat,115000.0,1.0,"Je vends une Ford Fiesta Trend Diesel de 2016 en très bon état. - Première main, origine WW au Maroc..."
679703,https://www.moteur.ma/fr/voiture/achat-voiture-occasion/detail-annonce/679703/hyundai-i10.html,moteur,2026-09-27,2026-09-27 17:13:33,Hyundai i10 Essence Manuelle 2011 à Dar Bouazza,Hyundai,I10,Essence Manuelle 2011 à Dar Bouazza,2011.0,130000.0,Essence,Manuelle,,Dédouanée,Occasion,,,Particulier,0766484994,b44ccb7f09d96f764790525717e1ab539fe5fc3ae5fc127d82b3083af049eab8,Dar,Casablanca-Settat,60000.0,1.0,HYUNDAI I10 2011 PREMIERES MAINS JAMAIS ACCIDENTE LA PAINTURE ORIGAINALE 4PNO NEUF LES VETRE ELECTRI...
679705,https://www.moteur.ma/fr/voiture/achat-voiture-occasion/detail-annonce/679705/suzuki-carry.html,moteur,2026-09-27,2026-09-27 17:13:33,هوندا للبيع ليبغا يخدم,Suzuki,Carry,,1994.0,300000.0,Electrique,Manuelle,,Dédouanée,Occasion,,,Particulier,0699336320,86795cd196c1dd7623bd0e0f21e3d6b6c9992bbd5826960bf0ee1da3d73856e2,Casablanca,Casablanca-Settat,38000.0,1.0,هوندا للبيع
679706,https://www.moteur.ma/fr/voiture/achat-voiture-occasion/detail-annonce/679706/ford-kuga.html,moteur,2026-09-27,2026-09-27 17:13:33,tanger madina,Ford,Autre,madina,2013.0,180.0,Diesel,Manuelle,,Dédouanée,Occasion,,,Particulier,,,Tanger,Tanger-Tétouan-Al Hoceïma,,1.0,أعرض للبيع سيارة فورد كوغا موديل 2013 بحالة جيدة. - الماركة: فورد - الموديل: كوغا - السنة: 2013 - ال...
679707,https://www.moteur.ma/fr/voiture/achat-voiture-occasion/detail-annonce/679707/ford-fiesta.html,moteur,2026-09-27,2026-09-27 17:13:39,ford fiesta 2013,Ford,Fiesta,2013,2013.0,170000.0,Diesel,Manuelle,,Dédouanée,Occasion,,,Particulier,,,Khemisset,Rabat-Salé-Kénitra,,1.0,"Ford Fiesta model 2013 en très bon état, faible consommation, bien entretenue.  - Airbags - Climatis..."
679708,https://www.moteur.ma/fr/voiture/achat-voiture-occasion/detail-annonce/679708/renault-scenic.html,moteur,2026-09-27,2026-09-27 17:13:39,سيارة نقية الهيكل والموتور نقيين,Renault,Scenic,,2006.0,200000.0,Diesel,Manuelle,,Dédouanée,Occasion,,,Particulier,,,Errachidia,Drâa-Tafilalet,,1.0,للجادين مرحبا الهاتف
679672,https://www.moteur.ma/fr/voiture/achat-voiture-occasion/detail-annonce/679672/audi-q5.html,moteur,2026-09-27,2026-09-27 17:13:39,audi q5 2023 dedouaner 2026/08,Audi,Q5,2023 dedouaner 2026 08,2023.0,146000.0,Diesel,Automatique,,Dédouanée,Occasion,,,Particulier,,,Marrakech,Marrakech-Safi,,1.0,À vendre Audi Q5 modèle 2023 en excellent état. - Marque : Audi - Modèle : Q5 - Année-Modèle : 2023...
679673,https://www.moteur.ma/fr/voiture/achat-voiture-occasion/detail-annonce/679673/citroen-berlingo.html,moteur,2026-09-27,2026-09-27 17:13:39,Citroen berlingo,Citroën,Berlingo,,2018.0,135.0,Diesel,Manuelle,,Dédouanée,Occasion,,,Particulier,,,El,Casablanca-Settat,,1.0,Citroen berlingo mrhba bi ljami3
679674,https://www.moteur.ma/fr/voiture/achat-voiture-occasion/detail-annonce/679674/volkswagen-tiguan.html,moteur,2026-09-27,2026-09-27 17:13:39,Tiguan 2017,Volkswagen,Tiguan,2017,2017.0,170000.0,Diesel,Automatique,,Dédouanée,Occasion,,,Particulier,0661385063,fbd14db39678268f2597c6aea186ed19a83e2815bee3304fb9468a2a054def7b,Agadir,Souss-Massa,215000.0,1.0,Tiguan automatique **** km Dsg
679675,https://www.moteur.ma/fr/voiture/achat-voiture-occasion/detail-annonce/679675/ford-focus.html,moteur,2026-09-27,2026-09-27 17:13:47,Ford Focus Diesel Automatique 2022,Ford,Focus,Diesel Automatique 2022,2022.0,60.0,Diesel,Automatique,,Dédouanée,Occasion,,,Particulier,0617534145,2b736632d84e6b313ef66d3c4aa6173b6a0095722e6e84cbce7b3d57912e14a3,Casablanca,Casablanca-Settat,188000.0,1.0,Ford focus 2022 conncetde automamtique
679677,https://www.moteur.ma/fr/voiture/achat-voiture-occasion/detail-annonce/679677/ford-focus.html,moteur,2026-09-27,2026-09-27 17:13:47,Ford Focus Diesel Manuelle 2009 à Nador,Ford,Focus,Diesel Manuelle 2009 à Nador,2009.0,267000.0,Diesel,Manuelle,,Dédouanée,Occasion,,,Particulier,0673347033,e7c0d344a56de8ed535d2598d6e3e2e8ae6e14a8defc90eea95a2823b195f1fd,Nador,Oriental,85000.0,1.0,Je vends une Ford Focus Diesel Manuelle de 2009 en bon état. - Kilométrage : 267 000 km - Puissance...
679678,https://www.moteur.ma/fr/voiture/achat-voiture-occasion/detail-annonce/679678/kia-sportage.html,moteur,2026-09-27,2026-09-27 17:13:47,KIA SPORTAGE MOD 2008,Kia,Sportage,MOD 2008,2008.0,284682.0,Diesel,Manuelle,,Dédouanée,Occasion,,,Particulier,0662676690,0842d938fc37f6b9fed2608ba91ee59f8d1f9227f037263be507ea646ae0990b,Oujda,Oriental,70000.0,1.0,"Kia Sportage de 2008 à vendre, en bon état. - Jantes aluminium - Climatisation - Vitres électriques..."
679679,https://www.moteur.ma/fr/voiture/achat-voiture-occasion/detail-annonce/679679/dacia-logan.html,moteur,2026-09-27,2026-09-27 17:13:47,داسيا لوجان موديل 2023,Dacia,Autre,,2023.0,160.0,Diesel,Manuelle,,Dédouanée,Occasion,,,Particulier,,,El,Casablanca-Settat,,1.0,أعرض للبيع سيارة داسيا لوجان موديل 2023 بحالة ممتازة. - الماركة: داسيا - الموديل: لوجان - السنة: 202...
679680,https://www.moteur.ma/fr/voiture/achat-voiture-occasion/detail-annonce/679680/citroen-nemo.html,moteur,2026-09-27,2026-09-27 17:13:47,vente voiture,Citroën,Autre,voiture,2015.0,180000.0,Diesel,Manuelle,,Dédouanée,Occasion,,,Particulier,0661576277,b9c9e4d4366429313d2b9bc09320f96067a5c3f9441bf2871fd4fb174ea59962,Tiznit,Souss-Massa,105000.0,1.0,voiture premier main en bon état
679682,https://www.moteur.ma/fr/voiture/achat-voiture-occasion/detail-annonce/679682/ford-kuga.html,moteur,2026-09-27,2026-09-27 17:13:47,Ford Kuga Diesel Manuelle 2012 à Fès,Ford,Kuga,Diesel Manuelle 2012 à Fès,2012.0,230000.0,Diesel,Manuelle,,Dédouanée,Occasion,,,Particulier,0660638778,1e9f7842c92a5427165e61160e652e807c02e0022bd8265c40002213fb216e72,Fes,Fès-Meknès,125000.0,1.0,Je vends une Ford Kuga Diesel Manuelle de 2012 en bon état. - Kilométrage : 230 000 km - Année-Modèl...
679681,https://www.moteur.ma/fr/voiture/achat-voiture-occasion/detail-annonce/679681/volkswagen-jetta.html,moteur,2026-09-27,2026-09-27 17:13:47,Volkswagen Jetta Diesel Automatique 2018,Volkswagen,Jetta,Diesel Automatique 2018,2018.0,196000.0,Diesel,Automatique,,Dédouanée,Occasion,,,Particulier,0670282412,74962edbe4f304383000f85b1eed7e3752b77d302ed7c8755a71be5111e0c51b,Casablanca,Casablanca-Settat,145000.0,1.0,Je vends une Volkswagen Jetta Diesel Automatique de 2018 en très bon état. - Kilométrage : 196 000 k...
679683,https://www.moteur.ma/fr/voiture/achat-voiture-occasion/detail-annonce/679683/porsche-cayenne.html,moteur,2026-09-27,2026-09-27 17:13:47,Porsche Cayenne Essence Automatique 2021 à Tanger,Porsche,Cayenne,Essence Automatique 2021 à Tanger,2021.0,77000.0,Essence,Automatique,82.0,Dédouanée,Occasion,,,Professionnel,0714417131,e0e3a148af88da8612cc44c991642d048e6de6ca89e09d0d97a708478d4699a0,Tanger,Tanger-Tétouan-Al Hoceïma,480000.0,1.0,سيارة نقيا كلشي خالص
679684,https://www.moteur.ma/fr/voiture/achat-voiture-occasion/detail-annonce/679684/renault-captur.html,moteur,2026-09-27,2026-09-27 17:13:54,renault captur techno,Renault,Captur,techno,2021.0,120.0,Diesel,Manuelle,,Dédouanée,Occasion,,,Particulier,,,Casablanca,Casablanca-Settat,,1.0,li interesse merhba
679685,https://www.moteur.ma/fr/voiture/achat-voiture-occasion/detail-annonce/679685/opel-corsa.html,moteur,2026-09-27,2026-09-27 17:13:54,oujda   si kkhdr,Opel,Autre,si kkhdr,2022.0,140.0,Diesel,Manuelle,,Dédouanée,Occasion,,,Particulier,,,Oujda,Oriental,,1.0,أوبل كورسا موديل 2022 بحالة ممتازة معروضة للبيع في وجدة. - محرك ديزل بقوة 6 خيول جبائية - ناقل حركة...
679686,https://www.moteur.ma/fr/voiture/achat-voiture-occasion/detail-annonce/679686/mercedes-benz-classe-e.html,moteur,2026-09-27,2026-09-27 17:13:54,Mercedes-Benz Classe E Diesel Automatique 2019,Mercedes-Benz,Classe,E Diesel Automatique 2019,2019.0,180000.0,Diesel,Automatique,,Dédouanée,Occasion,,,Particulier,0677147006,365641807ea43f55cdc73f2e27fa8f9daabf6aa420d3831f0b6d4b1152b9172d,Rabat,Rabat-Salé-Kénitra,285000.0,1.0,Mercedes classe E220 diesel automatique Modèle 8/2019 première main bon état toutes options
679687,https://www.moteur.ma/fr/voiture/achat-voiture-occasion/detail-annonce/679687/kia-picanto.html,moteur,2026-09-27,2026-09-27 17:13:54,Picanto automatique,Kia,Picanto,automatique,2021.0,121.0,Essence,Automatique,6.0,Dédouanée,Occasion,,,Particulier,,,Casablanca,Casablanca-Settat,,1.0,en vente voiture Picanto automatique 6 ch faible consommation bon état peinture d&#039;origine jamais acc...
679688,https://www.moteur.ma/fr/voiture/achat-voiture-occasion/detail-annonce/679688/dacia-sandero.html,moteur,2026-09-27,2026-09-27 17:13:54,داسيا مليحة,Dacia,Sandero,,2012.0,200000.0,Diesel,Manuelle,,Dédouanée,Occasion,,,Particulier,,,Tetouan,Tanger-Tétouan-Al Hoceïma,,1.0,أعرض للبيع سيارة داسيا سانديرو موديل 2012 بحالة جيدة. - المحرك: ديزل - ناقل الحركة: يدوي - القوة الج...
679689,https://www.moteur.ma/fr/voiture/achat-voiture-occasion/detail-annonce/679689/ford-focus.html,moteur,2026-09-27,2026-09-27 17:13:54,Ford focus titanium,Ford,Focus,titanium,2015.0,225.0,Diesel,Manuelle,,Dédouanée,Occasion,,,Particulier,0628940918,4aa8a41b43be64dd0bebc01fbd6c675592567ec6527a9b7fb82f4805818a368b,Temara,Rabat-Salé-Kénitra,14500.0,1.0,Je propose à la vente une Ford Focus Titanium de 2015.  - Marque Ford - Modèle Focus Titanium - Anné...
679690,https://www.moteur.ma/fr/voiture/achat-voiture-occasion/detail-annonce/679690/land-rover-range-rover-sport.html,moteur,2026-09-27,2026-09-27 17:13:54,range sport 2014,Land Rover,Sport,2014,2014.0,195000.0,Diesel,Automatique,,Dédouanée,Occasion,,,Particulier,0660553784,11a7147722e6c892a658f48e38ed6cab3f8303b527da92c0c7826dae15f54b2f,Casablanca,Casablanca-Settat,220000.0,1.0,"À VENDRE – RANGE ROVER SPORT DYNAMIC | 2014  🔥 Un SUV de prestige qui allie élégance, puissance et..."
679691,https://www.moteur.ma/fr/voiture/achat-voiture-occasion/detail-annonce/679691/ford-focus.html,moteur,2026-09-27,2026-09-27 17:13:54,Ford Focus Diesel Manuelle 2009 à Berkane,Ford,Focus,Diesel Manuelle 2009 à Berkane,2009.0,267000.0,Diesel,Manuelle,,Dédouanée,Occasion,,,Particulier,0673347033,e7c0d344a56de8ed535d2598d6e3e2e8ae6e14a8defc90eea95a2823b195f1fd,Berkane,Oriental,85000.0,1.0,"À vendre Ford Focus Diesel Manuelle de 2009 en bon état, origine WW au Maroc.  - Kilométrage : 267 0..."
679692,https://www.moteur.ma/fr/voiture/achat-voiture-occasion/detail-annonce/679692/land-rover-range-rover-evoque.html,moteur,2026-09-27,2026-09-27 17:13:54,Land rover évoque Bébé velar R-dynamic,Land Rover,Évoque,Bébé velar R-dynamic,2020.0,156000.0,Diesel,Automatique,,Dédouanée,Occasion,,,Particulier,,,Casablanca,Casablanca-Settat,,1.0,range rover évoque Bébé velar R-dynamic sortie au Maroc en 2020 Toit panoramique  tt options km 1560...
679693,https://www.moteur.ma/fr/voiture/achat-voiture-occasion/detail-annonce/679693/renault-kangoo.html,moteur,2026-09-27,2026-09-27 17:14:01,renult kangoo d65 dob colis,Renault,Renult,kangoo d65 dob colis,2008.0,200000.0,Diesel,Manuelle,,Dédouanée,Occasion,,,Particulier,,,Casablanca,Casablanca-Settat,,1.0,لدينا رينو كانغو d65 dob colis بحالة جيدة جدا. - الماركة: رينو - الموديل: كانغو - سنة الموديل: 2008...
679694,https://www.moteur.ma/fr/voiture/achat-voiture-occasion/detail-annonce/679694/hyundai-accent.html,moteur,2026-09-27,2026-09-27 17:14:01,hyundai accent essence 97 mliha,Hyundai,Accent,essence 97 mliha,1997.0,200000.0,Essence,Manuelle,,Dédouanée,Occasion,,,Particulier,0702260228,7699fb4a897ce0727f10f7023cfb2df1271f08c216cef7e4a440bd06076b43b0,Agadir,Souss-Massa,27000.0,1.0,hyundai accent essence mod 97 mliha motor karosri mlih lbouraj walo lksida makaynach salon n9i pnowa...
679665,https://www.moteur.ma/fr/voiture/achat-voiture-occasion/detail-annonce/679665/porsche-cayenne.html,moteur,2026-09-27,2026-09-27 17:14:01,Porsche Cayenne S Coupé Hybride - 10/2025,Porsche,Cayenne,S Coupé Hybride - 10 2025,2025.0,12000.0,Hybride,Automatique,,Dédouanée,Occasion,,,Particulier,0661252419,e7ac4dfc201d1f92491985d864d775bbc537a8e8d7723cee868bfc73d583f4fb,Casablanca,Casablanca-Settat,1400000.0,1.0,"Bonjour,  Je mets en vente ma Porsche Cayenne S Coupé, full option, de couleur Gris Nardo, du 10/202..."
679666,https://www.moteur.ma/fr/voiture/achat-voiture-occasion/detail-annonce/679666/mercedes-benz-classe-s.html,moteur,2026-09-27,2026-09-27 17:14:01,Mercedes-Benz Classe S350d AMG - 2015,Mercedes-Benz,Classe,S350d AMG - 2015,2015.0,91500.0,Diesel,Automatique,,Dédouanée,Occasion,,,Particulier,0661252419,e7ac4dfc201d1f92491985d864d775bbc537a8e8d7723cee868bfc73d583f4fb,Casablanca,Casablanca-Settat,460000.0,1.0,"Bonjour,  Je met en vente une Mercedes-Benz Classe S350d Bluetec Pack AMG de 2015 en Excellent état...."
679667,https://www.moteur.ma/fr/voiture/achat-voiture-occasion/detail-annonce/679667/bmw-x3.html,moteur,2026-09-27,2026-09-27 17:14:01,BMW X3 exellente etat avec prix négociable,BMW,X3,exellente etat avec prix négociable,2004.0,270000.0,Diesel,Manuelle,,Dédouanée,Occasion,,,Particulier,0707051146,c7120ab754bdb04d2092bb3160a2c0d768b099eb3b3f680f21766e216b2b5321,Casablanca,Casablanca-Settat,80000.0,1.0,Je vends une BMW X3 de 2004 en excellent état. - Jantes aluminium - Airbags - Toit ouvrant - Sièges...
679669,https://www.moteur.ma/fr/voiture/achat-voiture-occasion/detail-annonce/679669/volkswagen-tiguan.html,moteur,2026-09-27,2026-09-27 17:14:09,الدريوش  حي الامل,Volkswagen,Tiguan,,2020.0,205000.0,Diesel,Automatique,,Dédouanée,Occasion,,,Particulier,,,Autre,,330000.0,1.0,سيارة جيدة جدا كل المواصفات موجودة للمزيد من المعلومات المرجو التواصل معي
679670,https://www.moteur.ma/fr/voiture/achat-voiture-occasion/detail-annonce/679670/fiat-tipo.html,moteur,2026-09-27,2026-09-27 17:14:09,Fiat Tipo Diesel Manuelle 2023 à Casablanca,Fiat,Tipo,Diesel Manuelle 2023 à Casablanca,2023.0,87000.0,Diesel,Manuelle,6.0,Dédouanée,Occasion,,,Particulier,0657947081,2c66f4a1d631df383233af19a16c7fa280a1faf06de606ab68f79e41dbc3561b,Casablanca,Casablanca-Settat,129000.0,1.0,Je mis en vente ma voiture fiat tipo model 2023 Trés bon état Jamais accidenté Diesel 87000 km 6 cv...
679661,https://www.moteur.ma/fr/voiture/achat-voiture-occasion/detail-annonce/679661/dacia-dokker.html,moteur,2026-09-27,2026-09-27 17:14:16,سيارة اقتصادية دوكير داسيا,Dacia,Dokker,,2019.0,190000.0,Diesel,Manuelle,,Dédouanée,Occasion,,,Particulier,0622891783,d3f5c6c110089ade0e5958424b1ca6c0a73651ef62e1c8cf135b982774b59453,Casablanca,Casablanca-Settat,128000.0,1.0,للبيع سيارة داسيا دوكر موديل 2019 بحالة ممتازة. - ماركة داسيا، موديل دوكر، سنة 2019 - محرك ديزل، 6 خ...
629488,https://www.moteur.ma/fr/voiture/achat-voiture-occasion/detail-annonce/629488/volkswagen-tiguan.html,moteur,2026-09-27,2026-09-27 17:14:16,Volkswagen Tiguan R-Line – Entretien suivi 🔥,Volkswagen,Tiguan,R-Line Entretien suivi,2021.0,150000.0,Diesel,Automatique,,Dédouanée,Occasion,,,Particulier,0652105451,ed639a5a43337b02a191d6c2f2d48b2bf520810d9510ea570a0339f51b296980,Tanger,Tanger-Tétouan-Al Hoceïma,490000.0,1.0,"🚘 Volkswagen Tiguan R-Line 2.0 TDI 200ch 4Motion – Full Options, année 2021, en excellent état. 📅..."
679662,https://www.moteur.ma/fr/voiture/achat-voiture-occasion/detail-annonce/679662/bmw-serie-4.html,moteur,2026-09-27,2026-09-27 17:14:16,BMW Série 4 Diesel Automatique 2014 à Dar Bouazza,BMW,Série,4 Diesel Automatique 2014 à Dar Bouazza,2014.0,191000.0,Diesel,Automatique,,Dédouanée,Occasion,,,Particulier,0659147348,03776588f457c9ee55c94c4df457c8ee9ce382fe813dea77d8e3754d542291a8,Dar,Casablanca-Settat,180000.0,1.0,"BMW Série 4 420d – 2014 – 191 000 km À vendre BMW Série 4 420d Diesel, mise en circulation en août 2..."
679663,https://www.moteur.ma/fr/voiture/achat-voiture-occasion/detail-annonce/679663/peugeot-308.html,moteur,2026-09-27,2026-09-27 17:14:16,Peugeot 308 diesel 2017,Peugeot,308,diesel 2017,2017.0,172000.0,Diesel,Manuelle,,Dédouanée,Occasion,,,Particulier,0668329462,f888d06b8accab8bea070ba67c54afa44da9ec715256499bd24f0f2867c79ab1,El,Casablanca-Settat,123000.0,1.0,Peugeot 308 diesel voiture bonne état
679664,https://www.moteur.ma/fr/voiture/achat-voiture-occasion/detail-annonce/679664/opel-astra.html,moteur,2026-09-27,2026-09-27 17:14:25,Opel Astra Diesel Manuelle 2018 à Casablanca,Opel,Astra,Diesel Manuelle 2018 à Casablanca,2018.0,190400.0,Diesel,Manuelle,,Dédouanée,Occasion,,,Particulier,0663635107,7f4a98f15b514dd84ec1ec721119080297313c920b1eeb860e6d59f61db76593,Casablanca,Casablanca-Settat,145000.0,1.0,"Opel Astra-K 2018 boîte manuelle 6 rapports de vitesse , 1.6 CDTI 136cv d&#039;origine (modifié après sta..."
679656,https://www.moteur.ma/fr/voiture/achat-voiture-occasion/detail-annonce/679656/peugeot-309.html,moteur,2026-09-27,2026-09-27 17:14:25,Peugeot 309 Diesel Manuelle 1996 à Casablanca,Peugeot,309,Diesel Manuelle 1996 à Casablanca,1996.0,171843.0,Diesel,Manuelle,7.0,Dédouanée,Occasion,,,Particulier,0666929563,a203328a5df2dadb69cc74530b217d256d02b3caf1ddf6d6332b1a3738a39cb7,Casablanca,Casablanca-Settat,25000.0,1.0,Salam voiture Kayna f Mohammedia en très bonne état diesel 7 cv prix un peu negociable.
679658,https://www.moteur.ma/fr/voiture/achat-voiture-occasion/detail-annonce/679658/land-rover-range-rover-evoque.html,moteur,2026-09-27,2026-09-27 17:14:25,مدينة ميدلت,Land Rover,Autre,evoque,2012.0,236.0,Diesel,Automatique,,Dédouanée,Occasion,,,Particulier,0782020806,e701024bd92fd317985fbf54dd9eadc206ef8e1f329a7092085f5d0c75073579,Midelt,,200000.0,1.0,أعرض للبيع سيارة لاند روفر رانج روفر إيفوك موديل 2012 بحالة ممتازة. - الماركة: لاند روفر - الموديل:...
679659,https://www.moteur.ma/fr/voiture/achat-voiture-occasion/detail-annonce/679659/peugeot-3008.html,moteur,2026-09-27,2026-09-27 17:14:34,Peugeot  3008,Peugeot,3008,,2018.0,79800.0,Diesel,Manuelle,,Dédouanée,Occasion,,,Particulier,0661510555,535c6354f75df77d6f4a1bfbd9daa9cc667eb75c2cb1ec489056b49c2021e6fb,Rabat,Rabat-Salé-Kénitra,179000.0,1.0,particulier  vend à  particulier  Peugeot  3008  excellent état  1ère  main  peinture d’origine  deu...
679651,https://www.moteur.ma/fr/voiture/achat-voiture-occasion/detail-annonce/679651/volkswagen-touareg.html,moteur,2026-09-27,2026-09-27 17:14:34,Volkswagen Touareg Diesel Automatique 2017,Volkswagen,Touareg,Diesel Automatique 2017,2017.0,177000.0,Diesel,Automatique,,Dédouanée,Occasion,,,Particulier,0714417131,e0e3a148af88da8612cc44c991642d048e6de6ca89e09d0d97a708478d4699a0,Tanger,Tanger-Tétouan-Al Hoceïma,300000.0,1.0,Syara n9ia
679652,https://www.moteur.ma/fr/voiture/achat-voiture-occasion/detail-annonce/679652/dacia-sandero.html,moteur,2026-09-27,2026-09-27 17:14:52,sandero 2022/10,Dacia,Sandero,2022 10,2022.0,100000.0,Diesel,Manuelle,,Dédouanée,Occasion,,,Particulier,0602375001,24420c2c698c620a23698b2723f76183cdedf08fbeceafb6d9b60ae3a55227c2,Casablanca,Casablanca-Settat,129000.0,1.0,"À vendre Dacia Sandero de Octobre 2022 en excellent état, origine WW Maroc. - Kilométrage : Non spéc..."
679653,https://www.moteur.ma/fr/voiture/achat-voiture-occasion/detail-annonce/679653/audi-q5.html,moteur,2026-09-27,2026-09-27 17:14:59,أودي كيو5 ديزل أوتوماتيك 2022 في خريبكة,Audi,5,2022,2022.0,170000.0,Diesel,Automatique,,Dédouanée,Occasion,,,Particulier,0656565603,977ba6020570ebab14c723f137a7114ddc20980db9548120cfe9bfb3e719313b,Khouribga,Béni Mellal-Khénifra,590000.0,1.0,أعرض للبيع سيارة مستعملة في خريبكة. للمزيد من المعلومات أو لمعاينة السيارة، يرجى الاتصال.
679639,https://www.moteur.ma/fr/voiture/achat-voiture-occasion/detail-annonce/679639/citroen-c5-aircross.html,moteur,2026-09-27,2026-09-27 17:15:21,Citroën C5 aircross diesel,Citroën,C5,aircross diesel,2025.0,24000.0,Diesel,Automatique,,Dédouanée,Occasion,,,Particulier,0682424048,ca05b0e9b6a8309c95b7fdce0cbacd8bc379950a59611edd7e866499b92eb6d5,Casablanca,Casablanca-Settat,265000.0,1.0,"À vendre : Citroën C5 Aircross boîte automatique, modèle 2025, en excellent état. - Marque : Citroën..."
679640,https://www.moteur.ma/fr/voiture/achat-voiture-occasion/detail-annonce/679640/volkswagen-golf-7.html,moteur,2026-09-27,2026-09-27 17:15:21,Volkswagen Golf 7 Diesel Manuelle 2016,Volkswagen,Golf,7 Diesel Manuelle 2016,2016.0,56126.0,Diesel,Manuelle,6.0,Dédouanée,Occasion,,,Particulier,0724788267,15f7de477667c442a422b3e41d9904f133bb0888ca507d6d2c1bf86b039536e3,Casablanca,Casablanca-Settat,190000.0,1.0,56162 km 6cv  bonne etat Boite manuelle
679641,https://www.moteur.ma/fr/voiture/achat-voiture-occasion/detail-annonce/679641/seat-ateca.html,moteur,2026-09-27,2026-09-27 17:15:21,Seat Ateca Diesel Automatique 2021 à Fès,Seat,Ateca,Diesel Automatique 2021 à Fès,2021.0,167000.0,Diesel,Automatique,8.0,Dédouanée,Occasion,,,Particulier,0630363846,4327cb00be2b71555f35948767c69bef594801a72af3e85b2729c91b2cfdccb0,Fes,Fès-Meknès,250000.0,1.0,"Seat Ateca, Diesel, BAV Automatique  2l / 8cv - 150cv , Modèle /2021 dédouanée le mois avril 2026, k..."
679642,https://www.moteur.ma/fr/voiture/achat-voiture-occasion/detail-annonce/679642/seat-arona.html,moteur,2026-09-27,2026-09-27 17:15:21,Seat Arona à vendre,Seat,Arona,à vendre,2021.0,165000.0,Diesel,Manuelle,,Dédouanée,Occasion,,,Particulier,0670220424,4262b1ba87af6f1aaad4c6f9e7e0c48dd5b303054512cad0e9d9c0c648fbcf29,Agadir,Souss-Massa,170000.0,1.0,أعرض للبيع سيارة سيات أرونا موديل 2021 بحالة ممتازة. - الماركة: سيات - الموديل: أرونا - سنة الموديل:...
679643,https://www.moteur.ma/fr/voiture/achat-voiture-occasion/detail-annonce/679643/ford-ranger.html,moteur,2026-09-27,2026-09-27 17:15:37,ford ranger,Ford,Ranger,,2021.0,230000.0,Diesel,Automatique,,Dédouanée,Occasion,,,Particulier,0693708085,3a427c486eddcf42eaa5cff21f593ab06cb9e27a6ce5bf6f5ac6dccee5cdcd5a,Khenifra,Béni Mellal-Khénifra,270000.0,1.0,"À vendre Ford Ranger de 2021 en très bon état, première main. - Marque Ford - Modèle Ranger - Année-..."
679644,https://www.moteur.ma/fr/voiture/achat-voiture-occasion/detail-annonce/679644/skoda-karoq.html,moteur,2026-09-27,2026-09-27 17:15:37,Skoda Karoq de 2020 dédouanée 2025,Skoda,Karoq,de 2020 dédouanée 2025,2020.0,140000.0,Diesel,Automatique,,Dédouanée,Occasion,,,Particulier,0639050729,5092225e2da7b7313cea8e0d73aa60ad11a515f2e679bf63046ceec1d6ff9ad6,Tanger,Tanger-Tétouan-Al Hoceïma,230000.0,1.0,"Je mets en vente une Skoda Karoq de 2020 en excellent état, première main et dédouanée. - Kilométrag..."
679645,https://www.moteur.ma/fr/voiture/achat-voiture-occasion/detail-annonce/679645/daewoo-lanos.html,moteur,2026-09-27,2026-09-27 17:15:37,belle voiture Daewoo Dariba 650 dhs,Belle,Voiture,Daewoo Dariba 650 dhs,1998.0,200000.0,Essence,Manuelle,,Dédouanée,Occasion,,,Particulier,0652186322,b8e0c00c0baddbd37de69758e1850f28a374e8e212c7aa46ba1735f3b12163c1,El,Casablanca-Settat,25000.0,1.0,سيلرة نقية
679646,https://www.moteur.ma/fr/voiture/achat-voiture-occasion/detail-annonce/679646/nissan-qashqai.html,moteur,2026-09-27,2026-09-27 17:15:42,Nissan Qashqai Acenta Plus Diwana 2023,Nissan,Qashqai,Acenta Plus Diwana 2023,2015.0,200.0,Diesel,Manuelle,,Dédouanée,Occasion,,,Particulier,0660341848,1a3f8814b1cbf91a477598dd82def47c773d2bd48760fdafc8e25137fae6870f,Meknes,Fès-Meknès,178000.0,1.0,- je mette vendre ma voiture Nissan Qashqai -Nissan Qashqai Acenta Plus -modèle 2015 Diwana 2023 -pr...
679647,https://www.moteur.ma/fr/voiture/achat-voiture-occasion/detail-annonce/679647/hyundai-tucson.html,moteur,2026-09-27,2026-09-27 17:15:42,Tucson Diwana 2026i Toi ouvrant et panoramique,Hyundai,Tucson,Diwana 2026i Toi ouvrant et panoramique,2018.0,180.0,Diesel,Manuelle,2.0,Dédouanée,Occasion,,,Professionnel,0660341848,1a3f8814b1cbf91a477598dd82def47c773d2bd48760fdafc8e25137fae6870f,Meknes,Fès-Meknès,218000.0,1.0,- je mette vendre ma voiture Hyundai Tucson -Hyundai Tucson -modèle 2018 Diwana 19/03/2026 -première...
679632,https://www.moteur.ma/fr/voiture/achat-voiture-occasion/detail-annonce/679632/citroen-berlingo.html,moteur,2026-09-27,2026-09-27 17:15:50,berlingo 2021,Citroën,Berlingo,2021,2021.0,94000.0,Diesel,Manuelle,,Dédouanée,Occasion,,,Particulier,0662795336,662a76dd30172fe5b35a7e019497477c314f329b35847d93b36577587ff5e89e,Fes,Fès-Meknès,178000.0,1.0,Citroën berlingo 2021  94 000 la voiture ww 0 sbagha
679631,https://www.moteur.ma/fr/voiture/achat-voiture-occasion/detail-annonce/679631/bmw-serie-5.html,moteur,2026-09-27,2026-09-27 17:15:50,BMW SERIE 520,BMW,Serie,520,2018.0,220000.0,Diesel,Automatique,,Dédouanée,Occasion,,,Particulier,0661446206,3623f7ae2f3f1c0ae98c81ea354be0947196e297ae75c1f6cadff7b66ffdae2e,Casablanca,Casablanca-Settat,255000.0,1.0,"BMW 520 en très bon état, propre et bien entretenue. Kilométrage principalement effectué sur de long..."
679634,https://www.moteur.ma/fr/voiture/achat-voiture-occasion/detail-annonce/679634/audi-q5.html,moteur,2026-09-27,2026-09-27 17:15:50,أودي كيو5 ديزل أوتوماتيك 2022 في خريبكة,Audi,5,2022,2022.0,170000.0,Diesel,Automatique,,Dédouanée,Occasion,,,Particulier,0656565603,977ba6020570ebab14c723f137a7114ddc20980db9548120cfe9bfb3e719313b,Khouribga,Béni Mellal-Khénifra,580000.0,1.0,أودي كيو5 ديزل أوتوماتيك موديل 2022 بحالة ممتازة للبيع في خريبكة. - كيلومتراج: 170000 كلم - عجلات أل...
679635,https://www.moteur.ma/fr/voiture/achat-voiture-occasion/detail-annonce/679635/ford-focus.html,moteur,2026-09-27,2026-09-27 17:15:50,Ford focus automatique,Ford,Focus,automatique,2020.0,83000.0,Diesel,Automatique,,Dédouanée,Occasion,,,Particulier,0676881404,25878bb1ef4009089eb038afe65ebaba71bda7c49b96af0de4af94d907fe50ba,Sale,Rabat-Salé-Kénitra,190000.0,1.0,Ford focus  12/2020 tout option  Km : 83 000 Carburant : diesel  Matricule : 1-و Boite vitesse : aut...
679637,https://www.moteur.ma/fr/voiture/achat-voiture-occasion/detail-annonce/679637/skoda-octavia.html,moteur,2026-09-27,2026-09-27 17:15:58,Skoda Octavia Diesel Manuelle 2021 à Rabat,Skoda,Octavia,Diesel Manuelle 2021 à Rabat,2021.0,66000.0,Diesel,Manuelle,8.0,Dédouanée,Occasion,,,Particulier,,,Rabat,Rabat-Salé-Kénitra,,1.0,"Skoda Octavia Boîte Manuelle Diesel 8cv Modele 2021  en excellent état 1ere main (abs,airbag,clim ,e..."
679636,https://www.moteur.ma/fr/voiture/achat-voiture-occasion/detail-annonce/679636/renault-megane.html,moteur,2026-09-27,2026-09-27 17:16:04,megane sedan,Renault,Megane,sedan,2020.0,89000.0,Diesel,Automatique,,Dédouanée,Occasion,,,Particulier,0661546849,a7e61c8415cf31b7da92719bd55e01b752ef21ec31de1307c54257795a8f4e39,Rabat,Rabat-Salé-Kénitra,187000.0,1.0,je mets en vente ma voiture megane sedan modele 2020 automatique toutes options en excellente etat j...
679622,https://www.moteur.ma/fr/voiture/achat-voiture-occasion/detail-annonce/679622/autre-autre.html,moteur,2026-09-27,2026-09-27 17:16:27,Autre Autres Essence Manuelle 2024 à Meknès,Autre,Autres,Essence Manuelle 2024 à Meknès,2024.0,50000.0,Essence,Manuelle,,Dédouanée,Occasion,,,Particulier,,,Meknes,Fès-Meknès,80000.0,1.0,AUTO MEZIANE
679623,https://www.moteur.ma/fr/voiture/achat-voiture-occasion/detail-annonce/679623/land-rover-freelander.html,moteur,2026-09-27,2026-09-27 17:16:27,Freelander 2,Land Rover,Freelander,2,2013.0,99000.0,Diesel,Automatique,,Dédouanée,Occasion,,,Particulier,0661070141,ca0aef40ac24472de447e93cb63ffa28ab5e58dd62b7dd0ad7e5a3af69b964e4,Tanger,Tanger-Tétouan-Al Hoceïma,132000.0,1.0,Je vends un Land Rover Freelander 2 de 2013 en très bon état. - Carburant : Diesel - Boîte de vitess...
679624,https://www.moteur.ma/fr/voiture/achat-voiture-occasion/detail-annonce/679624/bmw-serie-2.html,moteur,2026-09-27,2026-09-27 17:16:34,BMW série 2 Grand coupé 218 d,BMW,Série,2 Grand coupé 218 d,2023.0,94000.0,Diesel,Automatique,,Dédouanée,Occasion,,,Particulier,,,Kenitra,Rabat-Salé-Kénitra,,1.0,BMW série 2 grand coupé 218 d  Modèle 2023 km 94000 1ér main   Boite vitesse automatique Salon cuir...
679625,https://www.moteur.ma/fr/voiture/achat-voiture-occasion/detail-annonce/679625/renault-megane.html,moteur,2026-09-27,2026-09-27 17:16:34,الدار البيضاء,Renault,Megane,,2016.0,450000.0,Diesel,Automatique,,Dédouanée,Occasion,,,Particulier,0699525219,7dbc0e9147123469167b141d49437c51822c4ec90b4c0d44c768bf2efda96fad,Casablanca,Casablanca-Settat,13000.0,1.0,المغرب13000 مليون
679626,https://www.moteur.ma/fr/voiture/achat-voiture-occasion/detail-annonce/679626/volkswagen-tiguan.html,moteur,2026-09-27,2026-09-27 17:16:34,Tiguan pack R-Line dédouaner 2026,Volkswagen,Tiguan,pack R-Line dédouaner 2026,2018.0,190000.0,Diesel,Automatique,,Dédouanée,Occasion,,,Particulier,,,Meknes,Fès-Meknès,,1.0,modèle 2018 dédouaner 2026 première main matricule Meknès état comme neuf j&#039;accepte reprise
679627,https://www.moteur.ma/fr/voiture/achat-voiture-occasion/detail-annonce/679627/audi-q8.html,moteur,2026-09-27,2026-09-27 17:16:34,Audi Q8 S-Line Quattro,Audi,Q8,S-Line Quattro,2021.0,140000.0,Diesel,Automatique,,Dédouanée,Occasion,,,Particulier,,,Casablanca,Casablanca-Settat,,1.0,Audi Q8 S-line Quattro importée neuve en 2021 Full options      Contactez-nous pour plus d&#039;informati...
679628,https://www.moteur.ma/fr/voiture/achat-voiture-occasion/detail-annonce/679628/hyundai-atos.html,moteur,2026-09-27,2026-09-27 17:16:34,هيونداي أتوس بنزين يدوي 2005 في مراكش,Hyundai,Autre,,2005.0,350000.0,Essence,Manuelle,,Dédouanée,Occasion,,,Particulier,0684213068,5cd77b31ec95c54d9594f7d446475a5f49d6c4d6351f5f189f090344173886d9,Marrakech,Marrakech-Safi,42000.0,1.0,"Hyundai Atos Prime 2005 à vendre 350 000 km Essence – Boîte manuelle Voiture en bon état général, éc..."
679629,https://www.moteur.ma/fr/voiture/achat-voiture-occasion/detail-annonce/679629/mitsubishi-pajero.html,moteur,2026-09-27,2026-09-27 17:16:34,MITSUBISHI TRANSPORT TOURISTIQUE,Mitsubishi,Transport,TOURISTIQUE,2018.0,257000.0,Diesel,Manuelle,,Dédouanée,Occasion,,,Particulier,0649325099,e20ac89315cd332db61ef1d79e3735b0fda7f79411c4008c854a67992264cdcc,Marrakech,Marrakech-Safi,240000.0,1.0,MITSUBISHI TRANSPORT TOURISTIQUE  📅 Année : 2018 🗓️ Mise en circulation : Novembre 2018 📍 Kilométr...
679619,https://www.moteur.ma/fr/voiture/achat-voiture-occasion/detail-annonce/679619/dacia-sandero.html,moteur,2026-09-27,2026-09-27 17:16:34,dacia sandero,Dacia,Sandero,,2017.0,180.0,Diesel,Manuelle,,Dédouanée,Occasion,,,Particulier,0654458880,7a4f3cf3bd9fb1fac60c49e20dc736407338b0e1c7f2852ff040113e985dc0d2,Larache,Tanger-Tétouan-Al Hoceïma,90000.0,1.0,"dacia sandero 2017 darba 180 kayna fl3rayx  sba4a dar tomobil ba9a n9ya  hanmra , title: dacia sande..."
679620,https://www.moteur.ma/fr/voiture/achat-voiture-occasion/detail-annonce/679620/volkswagen-polo.html,moteur,2026-09-27,2026-09-27 17:16:34,golf polo 6N 1996 essence,Volkswagen,Golf,polo 6N 1996 essence,1996.0,247000.0,Essence,Manuelle,,Dédouanée,Occasion,,,Particulier,0630686068,821546471dabee8a177cf11dedbf6ba0df2004f1b3dccfc7768749cdf6f74dd5,Tanger,Tanger-Tétouan-Al Hoceïma,32500.0,1.0,Je mets en vente une Volkswagen Polo 6N de 1996. - Kilométrage : 247 000 km (réel) - Moteur : En bon...
679621,https://www.moteur.ma/fr/voiture/achat-voiture-occasion/detail-annonce/679621/dacia-logan.html,moteur,2026-09-27,2026-09-27 17:16:40,Dacia Logan Diesel Manuelle 2019 à Fès,Dacia,Logan,Diesel Manuelle 2019 à Fès,2019.0,132000.0,Diesel,Manuelle,6.0,Dédouanée,Occasion,,,Particulier,0652017945,347723830f93ebfbcdb574783a8b468924b4ae58b12aaf60849230bc11e40f64,Fes,Fès-Meknès,120000.0,1.0,Bonjour je mets en vente ma voiture dacia logan diesel de 6 cv modèle **** 2e main kilométrage 13200...
679616,https://www.moteur.ma/fr/voiture/achat-voiture-occasion/detail-annonce/679616/jeep-renegade.html,moteur,2026-09-27,2026-09-27 17:16:47,jeep renegade foul op,Jeep,Renegade,foul op,2021.0,20000.0,Diesel,Automatique,,Dédouanée,Occasion,,,Particulier,0673437379,9606931fca4b89e83d12089e9d4671de90d6d9fa8940700b814597d161ab2c4b,Casablanca,Casablanca-Settat,230000.0,1.0,je met avendre ma voiture jeep renegade mazal n9iya obazaf model 2021 moi 10 kilmtraj 22000 chari ma...
680186,https://www.moteur.ma/fr/voiture/achat-voiture-occasion/detail-annonce/680186/renault-kangoo.html,moteur,2026-09-27,2026-09-27 18:02:04,حي يعقوب المنصور,Renault,Kangoo,,2011.0,220000.0,Diesel,Manuelle,,Dédouanée,Occasion,,,Particulier,0671574806,b98d0576209829343dfe6f99393e188e06cecdf5564e7c6b1812e3122e5a2e73,Rabat,Rabat-Salé-Kénitra,820000.0,1.0,سيارة رينو كانغو للبيع بحالة جيدة. - الماركة: رينو - الموديل: كانغو - سنة الموديل: 2011 - القوة الجب...
680187,https://www.moteur.ma/fr/voiture/achat-voiture-occasion/detail-annonce/680187/renault-clio.html,moteur,2026-09-27,2026-09-27 18:02:04,rino clio 202,Renault,Rino,clio 202,2020.0,22000.0,Diesel,Manuelle,,Dédouanée,Occasion,,,Particulier,,,Khenifra,Béni Mellal-Khénifra,,1.0,أعرض للبيع سيارة رينو كليو موديل 2020 بحالة جيدة جدا. - الماركة: رينو - الموديل: كليو - السنة: 2020...
680188,https://www.moteur.ma/fr/voiture/achat-voiture-occasion/detail-annonce/680188/kia-picanto.html,moteur,2026-09-27,2026-09-27 18:02:04,prix négociable après la consulter,Kia,Prix,négociable après la consulter,2007.0,130000.0,Essence,Manuelle,,Dédouanée,Occasion,,,Particulier,,,Marrakech,Marrakech-Safi,,1.0,Je vends une Kia Picanto de 2007 en très bon état. - Jantes aluminium - Climatisation - Vitres élect...
680189,https://www.moteur.ma/fr/voiture/achat-voiture-occasion/detail-annonce/680189/hyundai-i10.html,moteur,2026-09-27,2026-09-27 18:02:04,Hyundai i10 essence modèle 2012,Hyundai,I10,essence modèle 2012,2012.0,99000.0,Essence,Manuelle,,Dédouanée,Occasion,,,Particulier,0666856123,2bb8d1a412f3863e10f1f4b092071193df7d3b35e4c6a85e82350c3b32a173f5,Casablanca,Casablanca-Settat,68000.0,1.0,Hyundai i10 essence modèle 2012 en très bon état. - Climatisation - Vitres électriques - 5 portes -...
680190,https://www.moteur.ma/fr/voiture/achat-voiture-occasion/detail-annonce/680190/kia-picanto.html,moteur,2026-09-27,2026-09-27 18:02:04,le prix négociable après la consulter,Kia,Le,prix négociable après la consulter,2007.0,130000.0,Essence,Manuelle,,Dédouanée,Occasion,,,Particulier,,,Marrakech,Marrakech-Safi,,1.0,pneu nouveau le moteur est dans une tres bonne état aussi   ****
680191,https://www.moteur.ma/fr/voiture/achat-voiture-occasion/detail-annonce/680191/renault-megane.html,moteur,2026-09-27,2026-09-27 18:02:11,سيارة رونو ميكان مازوت نص عمارة,Renault,Megane,,1999.0,200.0,Diesel,Manuelle,,Dédouanée,Occasion,,,Particulier,0710423024,63a6ed9228460d57ee850fd3bcbe41a249fe54aac50a5ef62436e9aeffe5e4be,Fes,Fès-Meknès,58000.0,1.0,سيارة للبيع رونو ميكان الموديل 99 نص عمارة لون ازرق مغلق
680193,https://www.moteur.ma/fr/voiture/achat-voiture-occasion/detail-annonce/680193/mitsubishi-l200.html,moteur,2026-09-27,2026-09-27 18:02:11,MitsubishiL200,Mitsubishi,Mitsubishil200,,2009.0,400.0,Essence,Manuelle,,Dédouanée,Occasion,,,Particulier,,,Berrechid,Casablanca-Settat,,1.0,للبيع سيارة بيك أب في برشيد. تواصل معي إذا كنت مهتماً.
680194,https://www.moteur.ma/fr/voiture/achat-voiture-occasion/detail-annonce/680194/dacia-dokker.html,moteur,2026-09-27,2026-09-27 18:02:11,Dacia Dokker Diesel Manuelle 2021 à Tanger,Dacia,Dokker,Diesel Manuelle 2021 à Tanger,2021.0,240000.0,Diesel,Manuelle,,Dédouanée,Occasion,,,Particulier,0662148991,95def2ea63eadaf6f137d904ec3cbec710906bb49946c186adadaa3354b43c2c,Tanger,Tanger-Tétouan-Al Hoceïma,145000.0,1.0,🚗 Dacia docker Diesel ⛽️ Manuelle    📅 Modèle 2021  📍 Disponible à Tanger  📊 Kilométrage : 2400...
680195,https://www.moteur.ma/fr/voiture/achat-voiture-occasion/detail-annonce/680195/renault-clio.html,moteur,2026-09-27,2026-09-27 18:02:11,Renault clio classique essence,Renault,Clio,classique essence,2008.0,62700.0,Essence,Manuelle,,Dédouanée,Occasion,,,Particulier,0600155062,9084995ef0d746a53483449833468fdb2b11e71e70133626fc76a444456f79c0,Autre,,78000.0,1.0,"2 ✋🏼,carte grise."
680170,https://www.moteur.ma/fr/voiture/achat-voiture-occasion/detail-annonce/680170/volkswagen-sharan.html,moteur,2026-09-27,2026-09-27 18:02:11,فولسفاكن شران مزالة نقية ديوانية 2021,Volkswagen,Autre,,2013.0,250000.0,Diesel,Automatique,,Dédouanée,Occasion,,,Particulier,,,Tanger,Tanger-Tétouan-Al Hoceïma,,1.0,أعرض للبيع فولكس فاجن شاران موديل 2013 بحالة ممتازة. - تم دفع الرسوم الجمركية (ديوانة 2021) - ناقل ح...
673495,https://www.moteur.ma/fr/voiture/achat-voiture-occasion/detail-annonce/673495/hyundai-tucson.html,moteur,2026-09-27,2026-09-27 18:02:11,Hyundai Tecson tout option,Hyundai,Tecson,tout option,2021.0,175000.0,Diesel,Automatique,,Dédouanée,Occasion,,,Particulier,,,Casablanca,Casablanca-Settat,,1.0,Tucson à vendre  rien à prévoir  excellente état
680171,https://www.moteur.ma/fr/voiture/achat-voiture-occasion/detail-annonce/680171/honda-cr-v.html,moteur,2026-09-27,2026-09-27 18:02:18,Honda CR-V Diesel Automatique 2013 à Rabat,Honda,Cr-v,Diesel Automatique 2013 à Rabat,2013.0,257000.0,Diesel,Automatique,,Dédouanée,Occasion,,,Particulier,0661620969,58e2708a83ed453fc55c3366ed694f473f75771113ef19d253ea64cad517fe76,Rabat,Rabat-Salé-Kénitra,130000.0,1.0,À vendre – Honda CR-V 2013 Automatique.  📍 Visible à Rabat 💰 Prix : 130000 DH  Les intermédiaires...
680173,https://www.moteur.ma/fr/voiture/achat-voiture-occasion/detail-annonce/680173/honda-civic.html,moteur,2026-09-27,2026-09-27 18:02:18,honda civic automatique essence,Honda,Civic,automatique essence,2007.0,200000.0,Essence,Automatique,,Dédouanée,Occasion,,,Particulier,0628696851,d03ec551c7ee1bd94bf372f40951d52b315236b97041ad7d0f10efcbf9ac2a5d,Laayoune,Laâyoune-Sakia El Hamra,67000.0,1.0,bon voitue  moteur mazian boit jdida
680172,https://www.moteur.ma/fr/voiture/achat-voiture-occasion/detail-annonce/680172/ford-focus.html,moteur,2026-09-27,2026-09-27 18:02:18,Ford Focus 2011 – 2ème main – Très bien entretenue,Ford,Focus,2011 2ème main Très bien entretenue,2011.0,370000.0,Diesel,Manuelle,,Dédouanée,Occasion,,,Particulier,0675767163,23daaec615e343e502920226c7b467e54be1f82e443054995569913e250aa715,Autre,,90000.0,1.0,"Je vends ma Ford Focus de 2011, deuxième main et très bien entretenue. - Jantes aluminium - Airbags..."
680175,https://www.moteur.ma/fr/voiture/achat-voiture-occasion/detail-annonce/680175/renault-clio.html,moteur,2026-09-27,2026-09-27 18:02:18,Renault clio classique,Renault,Clio,classique,2008.0,62700.0,Essence,Automatique,,Dédouanée,Occasion,,,Particulier,0600155062,9084995ef0d746a53483449833468fdb2b11e71e70133626fc76a444456f79c0,Autre,,78000.0,1.0,"voiture comme neuve, 2 ✋🏼,carte grise."
680177,https://www.moteur.ma/fr/voiture/achat-voiture-occasion/detail-annonce/680177/peugeot-208.html,moteur,2026-09-27,2026-09-27 18:02:18,voiture a vendre,Peugeot,Voiture,a vendre,2019.0,190000.0,Diesel,Manuelle,,Dédouanée,Occasion,,,Particulier,0655920295,8bf75ba48a830d56e2d0474a6f37de2599ab9b443c79192827f09ea0b35ee8a0,El,Casablanca-Settat,111000.0,1.0,je met en vente ma voiture Peugeot 208 diesel model 2019 tt option
680179,https://www.moteur.ma/fr/voiture/achat-voiture-occasion/detail-annonce/680179/dacia-sandero.html,moteur,2026-09-27,2026-09-27 18:02:18,Dacia Sandero Diesel Automatique 2019 à Casablanca,Dacia,Sandero,Diesel Automatique 2019 à Casablanca,2019.0,75000.0,Diesel,Automatique,,Dédouanée,Occasion,,,Particulier,0639571340,1ec0fc8feebcdf3bf838bdbc2c33037f062919f470dbffa9eb7827f5151aef70,Casablanca,Casablanca-Settat,195000.0,1.0,"Bonjour je met en vente la dacia duster premiere main , tres bonne etat"
680178,https://www.moteur.ma/fr/voiture/achat-voiture-occasion/detail-annonce/680178/peugeot-2008.html,moteur,2026-09-27,2026-09-27 18:02:18,peugeout 2008 2020/8,Peugeot,Peugeout,2008 2020 8,2020.0,145.0,Diesel,Manuelle,,Dédouanée,Occasion,,,Particulier,0708864261,24736254f7dd6cf9085c1acc0800cc058335d64fb3eb2875855db3b5c2c66503,Kenitra,Rabat-Salé-Kénitra,196000.0,1.0,"À vendre : Peugeot 2008 de 2020 en excellent état, première main, origine WW Maroc. - Jantes alumini..."
680180,https://www.moteur.ma/fr/voiture/achat-voiture-occasion/detail-annonce/680180/peugeot-2008.html,moteur,2026-09-27,2026-09-27 18:02:24,peugeout 2008 2020/8,Peugeot,Peugeout,2008 2020 8,2020.0,145.0,Diesel,Manuelle,,Dédouanée,Occasion,,,Particulier,0708864261,24736254f7dd6cf9085c1acc0800cc058335d64fb3eb2875855db3b5c2c66503,Kenitra,Rabat-Salé-Kénitra,196000.0,1.0,"À vendre Peugeot 2008 de 2020 en excellent état, première main. - Marque : Peugeot - Modèle : 2008 -..."
680176,https://www.moteur.ma/fr/voiture/achat-voiture-occasion/detail-annonce/680176/renault-clio.html,moteur,2026-09-27,2026-09-27 18:02:24,clio4 essence modèle 2014,Renault,Clio4,essence modèle 2014,2014.0,185000.0,Essence,Manuelle,,Dédouanée,Occasion,,,Particulier,0660861028,8f2a7a7d2fbae703c7d2dc5260210f5b362ad88621f9d4fee05aab627cd0c10b,Fes,Fès-Meknès,73000.0,1.0,visible sur route sefeou fes  voirs photos
680181,https://www.moteur.ma/fr/voiture/achat-voiture-occasion/detail-annonce/680181/toyota-corolla.html,moteur,2026-09-27,2026-09-27 18:02:24,Toyota Corolla,Toyota,Corolla,,2005.0,500000.0,Diesel,Manuelle,,Dédouanée,Occasion,,,Particulier,0663379722,6e9cc0dcf24fdec8ed04454f48c6785bf66b6e9227e234fb98954af4743ac2a8,Inezgane,Souss-Massa,55000.0,1.0,salam Toyota Corolla deasel 8 khayl. portes centralisée. vitrés électrique. climat... li bghaha itas...
680182,https://www.moteur.ma/fr/voiture/achat-voiture-occasion/detail-annonce/680182/mercedes-benz-220.html,moteur,2026-09-27,2026-09-27 18:02:24,Mercedes-Benz 220 Diesel Automatique 2014,Mercedes-Benz,220,Diesel Automatique 2014,2014.0,160000.0,Diesel,Automatique,,Dédouanée,Occasion,,,Particulier,0604085382,bc71fd16833beb0bf162bcacc233b1e8e9dd945cc1dcdaa57002ce7fc8ce3701,Casablanca,Casablanca-Settat,240000.0,1.0,À vendre : Mercedes-Benz 220 Diesel Automatique de 2014 en très bon état. - Kilométrage : 160 000 km...
680184,https://www.moteur.ma/fr/voiture/achat-voiture-occasion/detail-annonce/680184/volkswagen-touran.html,moteur,2026-09-27,2026-09-27 18:02:24,Volkswagen,Volkswagen,Touran,,2009.0,3000.0,Diesel,Manuelle,,Dédouanée,Occasion,,,Particulier,0660776541,93f4f6aeee6f12a85d95ae548b550a5f8467aa5f6a256c09417c438c29fdff60,Casablanca,Casablanca-Settat,100000.0,1.0,Volkswagen Touraine
680192,https://www.moteur.ma/fr/voiture/achat-voiture-occasion/detail-annonce/680192/renault-clio.html,moteur,2026-09-27,2026-09-27 18:02:24,vente clio 4 essence visible sur fes,Renault,Autre,clio 4 essence visible sur fes,2014.0,185000.0,Essence,Manuelle,,Dédouanée,Occasion,,,Particulier,0660861028,8f2a7a7d2fbae703c7d2dc5260210f5b362ad88621f9d4fee05aab627cd0c10b,Fes,Fès-Meknès,75000.0,1.0,clio 4 essence modèle 2014 1850000km visible sur fes route sefeou
680174,https://www.moteur.ma/fr/voiture/achat-voiture-occasion/detail-annonce/680174/seat-ibiza.html,moteur,2026-09-27,2026-09-27 18:02:24,seat ibiza essence,Seat,Ibiza,essence,2021.0,50000.0,Essence,Manuelle,,Dédouanée,Occasion,,,Particulier,0602452802,378ac25ffe0abafdb6fc45c45de541f530f4df04ed1ff22d91102937cd092c9c,El,Casablanca-Settat,145000.0,1.0,première main jamais touché état comme neuf km seulement 50alf avec carnet d&#039;entretien ajour chez ma...
680185,https://www.moteur.ma/fr/voiture/achat-voiture-occasion/detail-annonce/680185/autre-autre.html,moteur,2026-09-27,2026-09-27 18:02:24,optice skoda camiq model 2021,Skoda,Optice,camiq model 2021,2021.0,0.0,Diesel,Manuelle,,Dédouanée,Occasion,,,Particulier,0679549325,4755395927ed0c5d519ef20fa91a3887ab5c2356f70fe84e0549dd8770d77bee,Kenitra,Rabat-Salé-Kénitra,4500.0,1.0,skoda camiq opatic model 2021
680158,https://www.moteur.ma/fr/voiture/achat-voiture-occasion/detail-annonce/680158/renault-r11.html,moteur,2026-09-27,2026-09-27 18:02:31,خميس ايت عميرة اكدير,Renault,R11,,1985.0,20000.0,Diesel,Manuelle,,Dédouanée,Occasion,,,Particulier,0697410357,1c76bb48bd079ebac3eee6e234994503bbfcf68d915b0c37a80e58e8507d462a,Autre,,27000.0,1.0,سيارة رينو آر 11 ديزل بحالة جيدة للبيع. - الماركة: رينو - الموديل: آر 11 - سنة الموديل: 1985 - نوع ا...
680159,https://www.moteur.ma/fr/voiture/achat-voiture-occasion/detail-annonce/680159/audi-q3.html,moteur,2026-09-27,2026-09-27 18:02:31,Audi Q3 Diesel Automatique 2021 à Nador,Audi,Q3,Diesel Automatique 2021 à Nador,2021.0,105000.0,Diesel,Automatique,,Dédouanée,Occasion,,,Particulier,0601651640,5384041276db863485f47ae6e599f7ea2de93269e0f49f0946d819118f78f80c,Nador,Oriental,485000.0,1.0,"Je propose à la vente une Audi Q3 Diesel Automatique de 2021, en excellent état. - Kilométrage : 105..."
680160,https://www.moteur.ma/fr/voiture/achat-voiture-occasion/detail-annonce/680160/hyundai-elantra.html,moteur,2026-09-27,2026-09-27 18:02:31,hyundai elantra GLS,Hyundai,Elantra,GLS,2018.0,173000.0,Diesel,Automatique,,Dédouanée,Occasion,,,Particulier,0668628500,40b9cc64bbde6a4f70504dacd735e404ffc0d1864b8357818f90d3dff3dd3f5b,Taza,Fès-Meknès,148000.0,1.0,"Je mets en vente ma Hyundai Elantra modèle 2018, version GLS Toutes Options (Full Options), équipée..."
680161,https://www.moteur.ma/fr/voiture/achat-voiture-occasion/detail-annonce/680161/peugeot-partner.html,moteur,2026-09-27,2026-09-27 18:02:31,tmobil mliha,Peugeot,Tmobil,mliha,2008.0,300000.0,Diesel,Manuelle,,Dédouanée,Occasion,,,Particulier,0662404943,7a944c0f2540b54f913f09867077d120d4d2921e63bdb0849289f65a39d0795e,Casablanca,Casablanca-Settat,60000.0,1.0,أعرض للبيع سيارة مستعملة بحالة جيدة. الموقع: الرحمة، الدار البيضاء. تواصل معي للمزيد من التفاصيل.
680162,https://www.moteur.ma/fr/voiture/achat-voiture-occasion/detail-annonce/680162/dacia-dokker.html,moteur,2026-09-27,2026-09-27 18:02:31,dacia dokker,Dacia,Dokker,,2012.0,410000.0,Diesel,Manuelle,,Dédouanée,Occasion,,,Particulier,0661145425,98112fba109e020213c3de822534a111d622a399f33ae56ad1d24bb49a68e535,Casablanca,Casablanca-Settat,95000.0,1.0,dacia Dokker dacia dokker
680163,https://www.moteur.ma/fr/voiture/achat-voiture-occasion/detail-annonce/680163/renault-laguna-.html,moteur,2026-09-27,2026-09-27 18:02:31,Renault laguna 3,Renault,Laguna,3,2009.0,300000.0,Diesel,Manuelle,2.0,Dédouanée,Occasion,,,Professionnel,0687985872,4a276d68fd7a5517b0cd4948774fe9d86a220bb66744e8a8f1151627518c27b9,Casablanca,Casablanca-Settat,56000.0,1.0,أعرض للبيع سيارة رينو لاغونا 3 موديل 2009 بحالة جيدة. - عجلات ألمنيوم - وسائد هوائية - تكييف - نوافذ...
680165,https://www.moteur.ma/fr/voiture/achat-voiture-occasion/detail-annonce/680165/ford-fusion.html,moteur,2026-09-27,2026-09-27 18:02:37,Ford Fusion 2008 Diesel –,Ford,Fusion,2008 Diesel,2008.0,281474.0,Diesel,Manuelle,,Dédouanée,Occasion,,,Particulier,0660653204,13b16702d326d93f528f15b45161a6da21e10c9274d26ee3c9be91e22d3a5602,Marrakech,Marrakech-Safi,68000.0,1.0,Ford Fusion 2008 Diesel –  état corect – Moteur impeccable
680164,https://www.moteur.ma/fr/voiture/achat-voiture-occasion/detail-annonce/680164/hyundai-tucson.html,moteur,2026-09-27,2026-09-27 18:02:37,hyundia tucson 2019,Hyundai,Hyundia,tucson 2019,2019.0,120000.0,Diesel,Automatique,,Dédouanée,Occasion,,,Particulier,0689804060,476aab8884091b467b3b04aa169a4f186454ad9d487451f675992f19bf32e7b5,Rabat,Rabat-Salé-Kénitra,265000.0,1.0,hyunida tucson 2019 boit vitess automatique tout option 122000k
680166,https://www.moteur.ma/fr/voiture/achat-voiture-occasion/detail-annonce/680166/hyundai-tucson.html,moteur,2026-09-27,2026-09-27 18:02:37,هيونداي توسون ديزل أوتوماتيك2L  2020 في مكناس,Hyundai,2L,2020,2020.0,90000.0,Diesel,Automatique,,Dédouanée,Occasion,,,Particulier,0668180311,1c7de65b7fa1ea7c48e2d8c0a9401716bda4ffdc7069660ca2cabcadf1a8a66c,Meknes,Fès-Meknès,279000.0,1.0,هيونداي TUCSON ديزل أوتوماتيك موديل 2020 بحالة ممتازة للبيع في مكناس. - الموديل: 2020 - نوع الوقود:...
680167,https://www.moteur.ma/fr/voiture/achat-voiture-occasion/detail-annonce/680167/skoda-octavia.html,moteur,2026-09-27,2026-09-27 18:02:37,skoda octavia 2018,Skoda,Octavia,2018,2018.0,153000.0,Diesel,Manuelle,,Dédouanée,Occasion,,,Particulier,0613415107,44d4abaa7cc464762832baaacdd03d107fbebea1849ba52283b2642278a0f2c5,Mohammedia,Casablanca-Settat,162000.0,1.0,Je vends une Skoda Octavia de 2018 en excellent état. - Marque : Skoda - Modèle : Octavia - Année :...
680168,https://www.moteur.ma/fr/voiture/achat-voiture-occasion/detail-annonce/680168/peugeot-407.html,moteur,2026-09-27,2026-09-27 18:02:37,سياره نقية قتصدية عامرة,Peugeot,407,,2005.0,300000.0,Diesel,Manuelle,,Dédouanée,Occasion,,,Particulier,0664650938,a70f0ca82cc4f260e6878f024838cdbdc6d819e21e31cdb3e2c0c49583cc4483,Casablanca,Casablanca-Settat,55000.0,1.0,أعرض للبيع سيارة بيجو 407 موديل 2005 بحالة ممتازة. - الماركة: بيجو - الموديل: 407 - السنة: 2005 - ال...
680169,https://www.moteur.ma/fr/voiture/achat-voiture-occasion/detail-annonce/680169/volkswagen-caddy.html,moteur,2026-09-27,2026-09-27 18:02:37,Volkswagen Caddy Diesel Manuelle 2007 à Meknès,Volkswagen,Caddy,Diesel Manuelle 2007 à Meknès,2007.0,350000.0,Diesel,Manuelle,,Dédouanée,Occasion,,,Particulier,0621509572,922dbc1edc6939ced8dfd4ecee10db33a3f0ce722b50da3b922facc8daf99adb,Meknes,Fès-Meknès,105000.0,1.0,vw Caddy 1.9 TDI modèle 2007 moteur Diesel BLS  Kilométrage: 350.000 km  Loun: grey drhem  Douane: 2...
680149,https://www.moteur.ma/fr/voiture/achat-voiture-occasion/detail-annonce/680149/audi-a4.html,moteur,2026-09-27,2026-09-27 18:02:37,Audi A4 Sline 2.0 TDI 190 ch,Audi,A4,Sline 2.0 TDI 190 ch,2015.0,320000.0,Diesel,Automatique,,Dédouanée,Occasion,,,Particulier,0764256696,ecb66374dc72f9c4d03875504724092d1b46eca8315a6e93c65d7474ce58f771,Tanger,Tanger-Tétouan-Al Hoceïma,207500.0,1.0,"Audi A4 Sline 2.0 TDI 190 CH – version rare et d’origine allemande. 2025, dedouane en 2019. 320000km..."
680150,https://www.moteur.ma/fr/voiture/achat-voiture-occasion/detail-annonce/680150/audi-100.html,moteur,2026-09-27,2026-09-27 18:02:37,Audi 100 Essence Automatique 2021 à Tanger,Audi,100,Essence Automatique 2021 à Tanger,2021.0,39000.0,Essence,Automatique,,Dédouanée,Occasion,,,Particulier,0666976296,fb19f227e23a06f24160b8c0cc1483582404786742cf5649fe1c2982fca1541d,Tanger,Tanger-Tétouan-Al Hoceïma,400000.0,1.0,Je vends une Audi S3 de 2021 en excellent état. - Kilométrage : 39 000 km - Jantes aluminium - Airba...
680151,https://www.moteur.ma/fr/voiture/achat-voiture-occasion/detail-annonce/680151/peugeot-208.html,moteur,2026-09-27,2026-09-27 18:02:37,peugeut 208,Peugeot,208,,2013.0,169000.0,Diesel,Manuelle,2.0,Dédouanée,Occasion,,,Professionnel,0655270528,ee66a9eb9ab55fc993ca513178884e6b21a343c0c3269d0971a1e8f83fd49a4d,Sale,Rabat-Salé-Kénitra,93000.0,1.0,fiha voile
680152,https://www.moteur.ma/fr/voiture/achat-voiture-occasion/detail-annonce/680152/volkswagen-touran.html,moteur,2026-09-27,2026-09-27 18:02:44,touran 2017 bon état,Volkswagen,Touran,2017 bon état,2017.0,290000.0,Diesel,Automatique,,Dédouanée,Occasion,,,Particulier,0624848181,caefc44f92725dca2d8e6fd9312d68b48d1c8309efd3729da3e77f64d712d2dd,Khouribga,Béni Mellal-Khénifra,208000.0,1.0,touran 2017 déd 2021 Automatic 2L 8chv clim digital
680153,https://www.moteur.ma/fr/voiture/achat-voiture-occasion/detail-annonce/680153/volkswagen-golf-6.html,moteur,2026-09-27,2026-09-27 18:02:44,golf 6 Modil 2012 diwana 2016,Volkswagen,Golf,6 Modil 2012 diwana 2016,2012.0,317000.0,Diesel,Manuelle,,Dédouanée,Occasion,,,Particulier,0684274279,f39fb944d59e09613aec111ac31ed044e7a22eb976e1d02a86e4d5ec7be84e7b,Casablanca,Casablanca-Settat,122000.0,1.0,أعرض للبيع سيارة فولكس فاجن غولف 6 موديل 2012، تم إدخالها إلى المغرب سنة 2016.  - الماركة: فولكس فاج...
680154,https://www.moteur.ma/fr/voiture/achat-voiture-occasion/detail-annonce/680154/audi-a3-berline.html,moteur,2026-09-27,2026-09-27 18:02:44,Audi A3 Berline Diesel Manuelle 2010 à Marrakech,Audi,A3,Berline Diesel Manuelle 2010 à Marrakech,2010.0,260200.0,Diesel,Manuelle,,Dédouanée,Occasion,,,Particulier,0690005372,93187087046dc43901869c09c84f3053c9745b3f8eb9506ef535d1f9e09112c6,Marrakech,Marrakech-Safi,135000.0,1.0,Audi A 3 Sline en très bon état
680155,https://www.moteur.ma/fr/voiture/achat-voiture-occasion/detail-annonce/680155/fiat-500.html,moteur,2026-09-27,2026-09-27 18:02:44,Fiat 500 Essence Manuelle 2011 à Marrakech,Fiat,500,Essence Manuelle 2011 à Marrakech,2011.0,81500.0,Essence,Manuelle,,Dédouanée,Occasion,,,Particulier,0633385951,54ae2a685ccc33981d3c34ff4afe4daa9d74754292927fc908336ee1ced6cc8f,Marrakech,Marrakech-Safi,89000.0,1.0,"Bonjour, je mets en vente ma Fiat 500, immatriculée Casablanca.  La voiture est en très bon état, le..."
680142,https://www.moteur.ma/fr/voiture/achat-voiture-occasion/detail-annonce/680142/volkswagen-golf-7.html,moteur,2026-09-27,2026-09-27 18:02:44,golf 7.5 2016 Gasoil,Volkswagen,Golf,7.5 2016 Gasoil,2016.0,270000.0,Essence,Automatique,,Dédouanée,Occasion,,,Particulier,0666490755,aece765bd1a139a54f7cf406f6f25e839cc6a9e30c71ab3f5ff2b2bd27507d78,Marrakech,Marrakech-Safi,175000.0,1.0,للبيع فولكس فاجن غولف 7 بحالة جيدة. - الماركة: فولكس فاجن - الموديل: غولف 7 - السنة: 2016 - القوة ال...
680143,https://www.moteur.ma/fr/voiture/achat-voiture-occasion/detail-annonce/680143/dacia-logan.html,moteur,2026-09-27,2026-09-27 18:02:44,sale laayayda,Dacia,Autre,laayayda,2014.0,150000.0,Diesel,Manuelle,2.0,Dédouanée,Occasion,,,Professionnel,0621594857,e78792319e0c270cc6b3e5381482ac412d809cc755622c8b8f5fcc645d347210,Sale,Rabat-Salé-Kénitra,102000.0,1.0,أعرض للبيع سيارة داسيا لوجان موديل 2014 بحالة ممتازة. - اشتريت في المغرب - 5 أبواب - 6 خيل ضريبي - ن...
680144,https://www.moteur.ma/fr/voiture/achat-voiture-occasion/detail-annonce/680144/citroen-xsara.html,moteur,2026-09-27,2026-09-27 18:02:52,je voudrais vendre ma voiture,Citroën,Je,voudrais vendre ma voiture,2003.0,250000.0,Diesel,Manuelle,,Dédouanée,Occasion,,,Particulier,0649414468,8c5a2b70eacf9986c6c1b39190d2712c8859a6adcc93be5ddb32041e27d7c753,Casablanca,Casablanca-Settat,40000.0,1.0,je voudrais vendre ma voiture Citroën Xsara modèle 2003 en bonne état
680145,https://www.moteur.ma/fr/voiture/achat-voiture-occasion/detail-annonce/680145/fiat-tipo.html,moteur,2026-09-27,2026-09-27 18:02:52,fiat tipo,Fiat,Tipo,,2018.0,137000.0,Diesel,Manuelle,,Dédouanée,Occasion,,,Particulier,0661836046,a87b6d0c68433dd3d7586f184c27887b2568eabb3e3ddba41ed822b58a80d068,Mohammedia,Casablanca-Settat,125000.0,1.0,Je vends une Fiat Tipo de 2018 en excellent état. - Marque : Fiat - Modèle : Tipo - Année-Modèle : 2...
680146,https://www.moteur.ma/fr/voiture/achat-voiture-occasion/detail-annonce/680146/skoda-octavia.html,moteur,2026-09-27,2026-09-27 18:02:52,Skoda Octavia 2020 – Première Main,Skoda,Octavia,2020 Première Main,2020.0,220000.0,Diesel,Manuelle,,Dédouanée,Occasion,,,Particulier,0662410635,e6179db241c63e06ba04f4e9c1b30d7587ffa35e01b2100a53fccf0a150f7699,Khenifra,Béni Mellal-Khénifra,185000.0,1.0,"À vendre : Skoda Octavia de 2020 en très bon état, première main et origine WW au Maroc. - Marque :..."
680124,https://www.moteur.ma/fr/voiture/achat-voiture-occasion/detail-annonce/680124/nissan-micra.html,moteur,2026-09-27,2026-09-27 18:02:52,vente voiture nissan,Nissan,Autre,voiture,2023.0,122258.0,Diesel,Manuelle,,Dédouanée,Occasion,,,Particulier,0661111984,ce9a74eb1a6883a3a07f03a879dc15586bd279087b7149a09668e37d38d2f683,Marrakech,Marrakech-Safi,138000.0,1.0,"Je mets en vente ma Nissan Micra, première main, en excellent état général. Véhicule très bien entre..."
680125,https://www.moteur.ma/fr/voiture/achat-voiture-occasion/detail-annonce/680125/skoda-octavia.html,moteur,2026-09-27,2026-09-27 18:02:52,Skoda Octavia 2020 Diesel 8CV | 1ère Main,Skoda,Octavia,2020 Diesel 8CV 1ère Main,2020.0,220000.0,Diesel,Manuelle,8.0,Dédouanée,Occasion,,,Particulier,0662410635,e6179db241c63e06ba04f4e9c1b30d7587ffa35e01b2100a53fccf0a150f7699,Khenifra,Béni Mellal-Khénifra,185000.0,1.0,"À vendre Skoda Octavia de 2020, première main et jamais accidentée. - Marque : Skoda - Modèle : Octa..."
680128,https://www.moteur.ma/fr/voiture/achat-voiture-occasion/detail-annonce/680128/hyundai-i10.html,moteur,2026-09-27,2026-09-27 18:02:52,i10 Hyundai 2017,Hyundai,I10,2017,2017.0,67600.0,Essence,Manuelle,,Dédouanée,Occasion,,,Particulier,0680192584,68217c185f821766b11a6e329630aa591c35a2905e5befaa106427e282231e25,Marrakech,Marrakech-Safi,89000.0,1.0,"je mets en vente ma voiture personnelle hyundai i10 modèle fin 2017 en très bon état, voiture très é..."
680126,https://www.moteur.ma/fr/voiture/achat-voiture-occasion/detail-annonce/680126/ford-kuga.html,moteur,2026-09-27,2026-09-27 18:02:52,Ford Kuga Titanium 2018 2l Manuelle,Ford,Kuga,Titanium 2018 2l Manuelle,2018.0,192000.0,Diesel,Manuelle,,Dédouanée,Occasion,,,Particulier,0667989622,06fff32e16de502f5cc7f99d465af1fcd6d52df33b169a4ddff6c0525e240e85,Berkane,Oriental,180000.0,1.0,Ford Kuga 2018 Titanium 2.0L 2ème main 192 000 km Boîte manuelle Jamais accidentée Très bon état Bie...
680127,https://www.moteur.ma/fr/voiture/achat-voiture-occasion/detail-annonce/680127/dacia-duster.html,moteur,2026-09-27,2026-09-27 18:02:52,DACIA DUSTER 2012 4x4,Dacia,Duster,2012 4x4,2012.0,280000.0,Diesel,Manuelle,,Dédouanée,Occasion,,,Particulier,0708546175,d4a0547a6ab172bb6d69f769af1463fd90fdeda772103f0b8294d68071919688,Sale,Rabat-Salé-Kénitra,113000.0,1.0,À vendre Dacia Duster 4x4 de 2012 en bon état. - Marque : Dacia - Modèle : Duster - Année : 2012 - P...
680129,https://www.moteur.ma/fr/voiture/achat-voiture-occasion/detail-annonce/680129/volkswagen-tiguan.html,moteur,2026-09-27,2026-09-27 18:02:52,الفقيه بنصالح,Volkswagen,Tiguan,,2020.0,223000.0,Diesel,Automatique,,Dédouanée,Occasion,,,Particulier,0658652267,2f1c669f26cc8e6adf6ea3b6305a98a9d2b1557888c2a23f6b14c9eeed42b707,Fquih,Béni Mellal-Khénifra,370000.0,1.0,للبيع فولكس فاجن تيغوان موديل 2020 بحالة جيدة جدا. - عجلات ألمنيوم - وسائد هوائية - تكييف - فتحة سقف...
680130,https://www.moteur.ma/fr/voiture/achat-voiture-occasion/detail-annonce/680130/hyundai-accent.html,moteur,2026-09-27,2026-09-27 18:02:52,Hyundai accent   Model 9/12/2021  Tamn 175000,Hyundai,Accent,Model 9 12 2021 Tamn 175000,2021.0,117000.0,Diesel,Automatique,,Dédouanée,Occasion,,,Particulier,0661219620,e421af0f9ffd3cfa63041013eeabd5a1e5bdaf713b9bb9b9dec567a414b25651,Tanger,Tanger-Tétouan-Al Hoceïma,175000.0,1.0,أعرض للبيع سيارة هيونداي أكسنت موديل 2021 بحالة ممتازة. - الماركة: هيونداي - الموديل: أكسنت - السنة:...
680131,https://www.moteur.ma/fr/voiture/achat-voiture-occasion/detail-annonce/680131/kia-picanto.html,moteur,2026-09-27,2026-09-27 18:02:52,Kia Picanto Essence Manuelle 2015 à Tanger,Kia,Picanto,Essence Manuelle 2015 à Tanger,2015.0,138000.0,Essence,Manuelle,,Dédouanée,Occasion,,,Particulier,0651080217,3b3192f7020935e620faf06ab5d8ab923fe252b683ae9f5f14a0e1b78e25e798,Tanger,Tanger-Tétouan-Al Hoceïma,68000.0,1.0,Kia Picanto Essence Manuelle 07/2015 à Tanger Tél:
680132,https://www.moteur.ma/fr/voiture/achat-voiture-occasion/detail-annonce/680132/bmw-serie-3.html,moteur,2026-09-27,2026-09-27 18:02:52,Bmw série 3,BMW,Série,3,2022.0,110000.0,Diesel,Automatique,82.0,Dédouanée,Occasion,,,Professionnel,0661609336,2d667658986722ec85b7d74bcca9a76939e37350b36b8a568a3e75f7eb13bf74,Casablanca,Casablanca-Settat,320000.0,1.0,"Je propose une BMW Série 3 de 2022 en excellent état, jamais accidentée, suivi Smeia première main,..."
680133,https://www.moteur.ma/fr/voiture/achat-voiture-occasion/detail-annonce/680133/renault-r19.html,moteur,2026-09-27,2026-09-27 18:03:00,كلميم شارع الجديد,Renault,R19,,1992.0,330000.0,Essence,Manuelle,,Dédouanée,Occasion,,,Particulier,0673321544,d5654835170a78d42732f20cd2ed4c6714327d603aa091c020a55c576d7c579b,Guelmim,Guelmim-Oued Noun,30000.0,1.0,رونو 19 سطوريا اصانص موديل 92 الديوانة 2000 موطور تيربو 8 الخيل
680134,https://www.moteur.ma/fr/voiture/achat-voiture-occasion/detail-annonce/680134/audi-q2.html,moteur,2026-09-27,2026-09-27 18:03:00,vente q2 2022 71500km,Audi,Autre,q2 2022 71500km,2022.0,71500.0,Diesel,Automatique,,Dédouanée,Occasion,,,Particulier,,,Nador,Oriental,,1.0,vente q2 2022 w 71500km ww Maroc disponible à Oujda
680135,https://www.moteur.ma/fr/voiture/achat-voiture-occasion/detail-annonce/680135/peugeot-308.html,moteur,2026-09-27,2026-09-27 18:03:00,PEUGEOT 308 GT LINE  FULL OPTIONS  1ÈRE MAIN,Peugeot,308,GT LINE FULL OPTIONS 1ÈRE MAIN,2024.0,70000.0,Diesel,Automatique,,Dédouanée,Occasion,,,Particulier,0754296115,d3a7322e375f79702be712fd82bd07de6f5ba505ac339c438cdf786146de4c2c,Tanger,Tanger-Tétouan-Al Hoceïma,250000.0,1.0,"🚨 PEUGEOT 308 GT LINE – FULL OPTIONS – 1ÈRE MAIN 🚨  À vendre Peugeot 308 GT Line HDi, mise en circ..."
680136,https://www.moteur.ma/fr/voiture/achat-voiture-occasion/detail-annonce/680136/ford-fiesta.html,moteur,2026-09-27,2026-09-27 18:03:00,ford fiesta,Ford,Fiesta,,2016.0,134000.0,Diesel,Manuelle,,Dédouanée,Occasion,,,Particulier,,,Safi,Marrakech-Safi,,1.0,ford fiesta modèle 2016 en bonne état de carrosserie
680137,https://www.moteur.ma/fr/voiture/achat-voiture-occasion/detail-annonce/680137/audi-q2.html,moteur,2026-09-27,2026-09-27 18:03:00,vente q2 2022,Audi,Autre,q2 2022,2022.0,71500.0,Diesel,Automatique,,Dédouanée,Occasion,,,Particulier,,,Berkane,Oriental,,1.0,vente q2 2022 71500km
680138,https://www.moteur.ma/fr/voiture/achat-voiture-occasion/detail-annonce/680138/hyundai-elantra.html,moteur,2026-09-27,2026-09-27 18:03:00,hyundai elantra,Hyundai,Elantra,,2008.0,260000.0,Diesel,Manuelle,,Dédouanée,Occasion,,,Particulier,,,Beni,Béni Mellal-Khénifra,,1.0,Je vends une Hyundai Elantra de 2008 en très bon état. - Marque : Hyundai - Modèle : Elantra - Année...
680139,https://www.moteur.ma/fr/voiture/achat-voiture-occasion/detail-annonce/680139/hyundai-tucson.html,moteur,2026-09-27,2026-09-27 18:03:00,شارع علال الفاسي,Hyundai,Tucson,,2017.0,246.0,Diesel,Automatique,,Dédouanée,Occasion,,,Particulier,,,Marrakech,Marrakech-Safi,,1.0,tucson Bon calité
680140,https://www.moteur.ma/fr/voiture/achat-voiture-occasion/detail-annonce/680140/ford-fiesta.html,moteur,2026-09-27,2026-09-27 18:03:00,ford fiesta 2016,Ford,Fiesta,2016,2016.0,134000.0,Diesel,Manuelle,,Dédouanée,Occasion,,,Particulier,,,Safi,Marrakech-Safi,,1.0,ford fiesta en bonne état modèle 2016
680141,https://www.moteur.ma/fr/voiture/achat-voiture-occasion/detail-annonce/680141/dacia-sandero.html,moteur,2026-09-27,2026-09-27 18:03:00,dacia sandero stepway,Dacia,Sandero,stepway,2020.0,113000.0,Diesel,Manuelle,,Dédouanée,Occasion,,,Particulier,,,Casablanca,Casablanca-Settat,,1.0,داسيا سانديرو سطيبواي موديل 2020 صباغة الاولى مشاء الله نقية بزاف فيدونج مديور كولو باطري جديد
680248,https://www.moteur.ma/fr/voiture/achat-voiture-occasion/detail-annonce/680248/peugeot-206.html,moteur,2026-09-27,2026-09-27 18:54:48,206 essence 2003 6ch dariba 350 dh,Peugeot,206,essence 2003 6ch dariba 350 dh,2003.0,212000.0,Essence,Manuelle,6.0,Dédouanée,Occasion,,,Particulier,0655889349,4f9fbaa95633f96650be729295273687eb344da08ee897d1e600b3da96b791ae,Casablanca,Casablanca-Settat,44000.0,1.0,سيارة 206 إيصانص موديل 2003 سيارة ممتازة
680249,https://www.moteur.ma/fr/voiture/achat-voiture-occasion/detail-annonce/680249/peugeot-308.html,moteur,2026-09-27,2026-09-27 18:54:48,Peugeot 308 diesel HDI full option l3amra,Peugeot,308,diesel HDI full option l3amra,2014.0,200000.0,Diesel,Manuelle,6.0,Dédouanée,Occasion,,,Particulier,0674876594,737710bf5dc7941b82f40036d7ecce1a155d55244d83e7f51bebd23ae716ce83,Agadir,Souss-Massa,140000.0,1.0,Peugeot 308 diesel HDI moteur full option l&#039;année complète puissance fiscale 6cv Modèle 2014 propre...
680251,https://www.moteur.ma/fr/voiture/achat-voiture-occasion/detail-annonce/680251/volkswagen-polo.html,moteur,2026-09-27,2026-09-27 18:54:48,polo a vendre,Volkswagen,Polo,a vendre,2015.0,170000.0,Diesel,Manuelle,,Dédouanée,Occasion,,,Particulier,0661898638,176923a075656e1fb52b63890860faaa6053f3ebd2ac09bc3e915821fe9d8201,Marrakech,Marrakech-Safi,100000.0,1.0,polo  a vendre
680250,https://www.moteur.ma/fr/voiture/achat-voiture-occasion/detail-annonce/680250/peugeot-508.html,moteur,2026-09-27,2026-09-27 18:54:48,peugeot 508 en bonne etat,Peugeot,508,en bonne etat,2016.0,250000.0,Diesel,Automatique,95.0,Dédouanée,Occasion,,,Professionnel,0661621010,504ba6d2f9c8ea3230347ba26b11f417d864c33c053b15861e5359b7bb9638c4,Rabat,Rabat-Salé-Kénitra,125000.0,1.0,peugeot 508 a vendre pour plus d info contactez au
680252,https://www.moteur.ma/fr/voiture/achat-voiture-occasion/detail-annonce/680252/renault-express.html,moteur,2026-09-27,2026-09-27 18:54:55,Renault Express Diesel,Renault,Express,Diesel,2022.0,130000.0,Diesel,Manuelle,,Dédouanée,Occasion,,,Particulier,0748586888,cc9da5bb476c6812472db10206f0dae8b8dfeef29fba2136d7e4acffc31a627e,Meknes,Fès-Meknès,80000.0,1.0,Je mets en vente ma voiture Renault Express Diesel année 2022 en très bon état.
680253,https://www.moteur.ma/fr/voiture/achat-voiture-occasion/detail-annonce/680253/volkswagen-tiguan.html,moteur,2026-09-27,2026-09-27 18:54:55,tiguan r line 190 ch,Volkswagen,Tiguan,r line 190 ch,2019.0,148000.0,Diesel,Automatique,,Dédouanée,Occasion,,,Particulier,0664107214,e95a2181473eca47f9842275eb9ab04be3c0c2285f9d2bfa3823da22522231ec,Khemisset,Rabat-Salé-Kénitra,350000.0,1.0,tiguan rline 7ora 190 ch diwana 2023
680254,https://www.moteur.ma/fr/voiture/achat-voiture-occasion/detail-annonce/680254/dacia-logan.html,moteur,2026-09-27,2026-09-27 18:54:55,dacia logan,Dacia,Logan,,2009.0,200.0,Diesel,Manuelle,,Dédouanée,Occasion,,,Particulier,,,Marrakech,Marrakech-Safi,,1.0,داسيا لوجان موديل 2009 بحالة جيدة جدا للبيع. - محرك ديزل - ناقل حركة يدوي - 6 خيول جبائية - تكييف -...
680256,https://www.moteur.ma/fr/voiture/achat-voiture-occasion/detail-annonce/680256/jaguar-e-pace.html,moteur,2026-09-27,2026-09-27 18:54:55,Jaguar e-pace faible kilométrage toppp,Jaguar,E-pace,faible kilométrage toppp,2019.0,132000.0,Diesel,Automatique,8.0,Dédouanée,Occasion,,,Particulier,0694016644,682155e707ea3815f7645e78d44275b52f85e317b2d5afdad92a8f18c56385a4,Rabat,Rabat-Salé-Kénitra,215000.0,1.0,"Jaguar e-pace , 8 cv diesel , 1500 dh vignette , jamais accidentée , retouches oui , 132 000 km réel..."
680255,https://www.moteur.ma/fr/voiture/achat-voiture-occasion/detail-annonce/680255/peugeot-partner.html,moteur,2026-09-27,2026-09-27 18:54:55,بيجو تيبي  للبيع,Peugeot,Partner,,2014.0,320.0,Diesel,Manuelle,,Dédouanée,Occasion,,,Particulier,,,Beni,Béni Mellal-Khénifra,,1.0,tomobil mliha  lichari merhba
680257,https://www.moteur.ma/fr/voiture/achat-voiture-occasion/detail-annonce/680257/jeep-wrangler.html,moteur,2026-09-27,2026-09-27 18:54:55,Jeep Wrangler Diesel Manuelle 2016 à Casablanca,Jeep,Wrangler,Diesel Manuelle 2016 à Casablanca,2016.0,129000.0,Diesel,Manuelle,,Dédouanée,Occasion,,,Particulier,0663304500,f471b3122eb1701d98828026c48095e98afb9086a49f40cd0fa66e824a6f55b5,Casablanca,Casablanca-Settat,189000.0,1.0,"Je mets en vente ma Jeep Wrangler Diesel, année 2016, première main. - Première main -  Peinture d’o..."
680258,https://www.moteur.ma/fr/voiture/achat-voiture-occasion/detail-annonce/680258/renault-megane.html,moteur,2026-09-27,2026-09-27 18:54:55,Renault Megane Essence Manuelle 1999 à Rabat,Renault,Megane,Essence Manuelle 1999 à Rabat,1999.0,333333.0,Essence,Manuelle,,Dédouanée,Occasion,,,Particulier,0662155060,edd6e5c7cc6f791163d4915ff75f2337a945ba81ebc75a6a3aed2f9e5cee0b31,Rabat,Rabat-Salé-Kénitra,38500.0,1.0,Etat mekanique parfait fiha bouraje fe numero dyalha
680259,https://www.moteur.ma/fr/voiture/achat-voiture-occasion/detail-annonce/680259/volkswagen-tiguan.html,moteur,2026-09-27,2026-09-27 18:55:02,Tiguan black  r-line,Volkswagen,Tiguan,black r-line,2021.0,69000.0,Diesel,Automatique,,Dédouanée,Occasion,,,Particulier,,,Oujda,Oriental,,1.0,"tiguan R line black edition , faible kilométrage 69000 , 1 ère main  boîte auto - toit ouvrant - lin..."
680260,https://www.moteur.ma/fr/voiture/achat-voiture-occasion/detail-annonce/680260/hyundai-tucson.html,moteur,2026-09-27,2026-09-27 18:55:02,Hyundai Tucson 2022 neuf,Hyundai,Tucson,2022 neuf,2022.0,100000.0,Diesel,Automatique,,Dédouanée,Occasion,,,Particulier,0728328177,815d0e4462f3b10215c90366be9958e7d85de51b885df2623c562093e398d41c,Fes,Fès-Meknès,235000.0,1.0,Disponible à Fés
680264,https://www.moteur.ma/fr/voiture/achat-voiture-occasion/detail-annonce/680264/hyundai-tucson.html,moteur,2026-09-27,2026-09-27 18:55:02,Hyundai Tucson Diesel Automatique 2025 à Tétouan,Hyundai,Tucson,Diesel Automatique 2025 à Tétouan,2025.0,28000.0,Diesel,Automatique,,Dédouanée,Occasion,,,Particulier,0600460102,e8ce2cd8e580e9d4d8d857b0856e66bebdadafd71903980593c30abf128846f8,Tetouan,Tanger-Tétouan-Al Hoceïma,400000.0,1.0,Hyundai tucson N.LINE  2025   28000 km  DIESEL   FULL FULL OPTIONS
680261,https://www.moteur.ma/fr/voiture/achat-voiture-occasion/detail-annonce/680261/ford-kuga.html,moteur,2026-09-27,2026-09-27 18:55:02,kuga 2014 diesel tres bon etat,Ford,Kuga,2014 diesel tres bon etat,2014.0,200000.0,Diesel,Manuelle,,Dédouanée,Occasion,,,Particulier,,,Casablanca,Casablanca-Settat,,1.0,"Ford Kuga 2014 diesel en très bon état, origine WW Maroc. - Jantes aluminium - Airbags - Climatisati..."
680263,https://www.moteur.ma/fr/voiture/achat-voiture-occasion/detail-annonce/680263/dacia-logan.html,moteur,2026-09-27,2026-09-27 18:55:02,Dacia Logan Essence Manuelle 2008 à Meknès,Dacia,Logan,Essence Manuelle 2008 à Meknès,2008.0,188026.0,Essence,Manuelle,,Dédouanée,Occasion,,,Particulier,0603567408,f72dd12ee9ae3050e52fa904bb37628cdffa08b7fad6e21ccf4742935028e5a7,Meknes,Fès-Meknès,47000.0,1.0,"Titre : Dacia Logan 1.4 MPI Essence Modèle 2008Description :Je mets en vente ma Dacia Logan essence,..."
680262,https://www.moteur.ma/fr/voiture/achat-voiture-occasion/detail-annonce/680262/volkswagen-caddy.html,moteur,2026-09-27,2026-09-27 18:55:02,Volkswagen Caddy Diesel 2023 excellent état,Volkswagen,Caddy,Diesel 2023 excellent état,2023.0,64500.0,Diesel,Manuelle,,Dédouanée,Occasion,,,Particulier,0788421119,0b7eda22b5df9b5e85c52c0c244eb8af987989d3251342c848828810bbf00994,Casablanca,Casablanca-Settat,195000.0,1.0,Je vends un Volkswagen Caddy de 2023 en excellent état. حالة ممتازة - Kilométrage : 64 500 km - Marq...
680265,https://www.moteur.ma/fr/voiture/achat-voiture-occasion/detail-annonce/680265/ford-focus.html,moteur,2026-09-27,2026-09-27 18:55:02,ford foucs,Ford,Foucs,,2021.0,16.0,Diesel,Automatique,,Dédouanée,Occasion,,,Particulier,,,Casablanca,Casablanca-Settat,,1.0,je ment en vende ford foucs bova
680266,https://www.moteur.ma/fr/voiture/achat-voiture-occasion/detail-annonce/680266/bmw-serie-5.html,moteur,2026-09-27,2026-09-27 18:55:02,BMW 520d g30 faible kilo toppp,BMW,520D,g30 faible kilo toppp,2017.0,158000.0,Diesel,Automatique,,Dédouanée,Occasion,,,Particulier,0694016644,682155e707ea3815f7645e78d44275b52f85e317b2d5afdad92a8f18c56385a4,Rabat,Rabat-Salé-Kénitra,275000.0,1.0,"BMW 520d , g30 , 2017 , première main , jamais accidentée , peinture d’origine , pas de retouches ,..."
680267,https://www.moteur.ma/fr/voiture/achat-voiture-occasion/detail-annonce/680267/hyundai-i10.html,moteur,2026-09-27,2026-09-27 18:55:02,Hyundai i10 Essence Manuelle 2008 à El Jadida,Hyundai,I10,Essence Manuelle 2008 à El Jadida,2008.0,174000.0,Essence,Manuelle,,Dédouanée,Occasion,,,Particulier,,,El,Casablanca-Settat,,1.0,Hyundai i10  Sidi abed El jadida
680268,https://www.moteur.ma/fr/voiture/achat-voiture-occasion/detail-annonce/680268/hyundai-i30.html,moteur,2026-09-27,2026-09-27 18:55:02,Hyundai I30 Automatic,Hyundai,I30,Automatic,2014.0,200000.0,Diesel,Automatique,,Dédouanée,Occasion,,,Particulier,0638032387,be6d1d7023ec10200b0ec278e996927493a2fe0ea1ec6ae1bd883d380379f477,Casablanca,Casablanca-Settat,129.0,1.0,Je vends une Hyundai i30 en excellent état. -  model : 2014 .. automatic .. faible consommation.. ba...
680269,https://www.moteur.ma/fr/voiture/achat-voiture-occasion/detail-annonce/680269/hyundai-i30.html,moteur,2026-09-27,2026-09-27 18:55:02,هواندي موديل 2022,Hyundai,Autre,,2022.0,180.0,Diesel,Automatique,,Dédouanée,Occasion,,,Particulier,,,Settat,Casablanca-Settat,,1.0,هواندي موديل 2022
680270,https://www.moteur.ma/fr/voiture/achat-voiture-occasion/detail-annonce/680270/volkswagen-polo.html,moteur,2026-09-27,2026-09-27 18:55:02,Volkswagen Polo tdi 1.4L 6cv,Volkswagen,Polo,tdi 1.4L 6cv,2008.0,230000.0,Diesel,Manuelle,6.0,Dédouanée,Occasion,,,Professionnel,0708026574,725318607e536d2d37d76de815c03aa982fc69b017e872eb76636165ff376d9e,Kenitra,Rabat-Salé-Kénitra,80000.0,1.0,⚠️ قرا الإعلان مزيان قبل التواصل، جميع المعلومات الأساسية مذكورة فيه. 💰 80.000 درهم (8 المليون) نها...
680271,https://www.moteur.ma/fr/voiture/achat-voiture-occasion/detail-annonce/680271/dacia-duster.html,moteur,2026-09-27,2026-09-27 18:55:10,dacia duster,Dacia,Duster,,2013.0,999999.0,Diesel,Manuelle,,Dédouanée,Occasion,,,Particulier,0688649040,b28ae849757d98132df14416c151eaad98b14a85797a9c7d0ce53dbb838351f2,Casablanca,Casablanca-Settat,105000.0,1.0,dacia dudter 2013  zaje electrec 3la 4 clima +double air bag
680272,https://www.moteur.ma/fr/voiture/achat-voiture-occasion/detail-annonce/680272/hyundai-bayon.html,moteur,2026-09-27,2026-09-27 18:55:10,très belle voiture,Hyundai,Autre,belle voiture,2023.0,20000.0,Hybride,Automatique,,Dédouanée,Occasion,,,Particulier,0661507080,538418af4d1fbbda0e15b3fc9901b436c9743b3fcb908343eef00fc2b52a3df1,Rabat,Rabat-Salé-Kénitra,180000.0,1.0,Je vends une Hyundai Bayon de 2023 en excellent état. - Marque : Hyundai - Modèle : Bayon - Année-Mo...
680274,https://www.moteur.ma/fr/voiture/achat-voiture-occasion/detail-annonce/680274/mercedes-benz-classe-c.html,moteur,2026-09-27,2026-09-27 18:55:10,Mercedes-Benz Classe C Diesel 2021,Mercedes-Benz,Classe,C Diesel 2021,2021.0,95000.0,Diesel,Automatique,,Dédouanée,Occasion,,,Particulier,0600460102,e8ce2cd8e580e9d4d8d857b0856e66bebdadafd71903980593c30abf128846f8,Tetouan,Tanger-Tétouan-Al Hoceïma,540000.0,1.0,Model 2021 dewana 2024 voiture comme nuef
680273,https://www.moteur.ma/fr/voiture/achat-voiture-occasion/detail-annonce/680273/land-rover-range-rover-sport.html,moteur,2026-09-27,2026-09-27 18:55:10,Land Rover,Land Rover,Autre,sport,2017.0,120000.0,Diesel,Automatique,,Dédouanée,Occasion,,,Particulier,0662077662,42750f0f735f5be207c892b1c37b2586027f2ba8e032520fb0cfda12f2838a7c,Casablanca,Casablanca-Settat,350000.0,1.0,range autobiography en parfaite etat 120m klmtr entretien a jour
680228,https://www.moteur.ma/fr/voiture/achat-voiture-occasion/detail-annonce/680228/hyundai-bayon.html,moteur,2026-09-27,2026-09-27 18:55:10,très belle voiture,Hyundai,Autre,belle voiture,2023.0,20000.0,Hybride,Automatique,,Dédouanée,Occasion,,,Particulier,0661507080,538418af4d1fbbda0e15b3fc9901b436c9743b3fcb908343eef00fc2b52a3df1,Rabat,Rabat-Salé-Kénitra,180000.0,1.0,"Je mets en vente une Hyundai Bayon de 2023 en excellent état.  - Première main, origine WW au Maroc..."
680227,https://www.moteur.ma/fr/voiture/achat-voiture-occasion/detail-annonce/680227/volkswagen-golf-7.html,moteur,2026-09-27,2026-09-27 18:55:10,volkswagen golf 7.5 GTD,Volkswagen,Golf,7.5 GTD,2018.0,194000.0,Diesel,Automatique,,Dédouanée,Occasion,,,Particulier,,,Agadir,Souss-Massa,,1.0,volkswagen golf 7.5 GTD
680229,https://www.moteur.ma/fr/voiture/achat-voiture-occasion/detail-annonce/680229/porsche-cayenne.html,moteur,2026-09-27,2026-09-27 18:55:15,Porsche Cayenne Hybride Automatique 2025 à Rabat,Porsche,Cayenne,Hybride Automatique 2025 à Rabat,2025.0,23000.0,Hybride,Automatique,,Dédouanée,Occasion,,,Particulier,,,Rabat,Rabat-Salé-Kénitra,,1.0,Je propose à la vente une Porsche Cayenne Coupé Hybride pack turbo. - Kilométrage : 23 000 km - Anné...
680231,https://www.moteur.ma/fr/voiture/achat-voiture-occasion/detail-annonce/680231/bmw-serie-5.html,moteur,2026-09-27,2026-09-27 18:55:15,F10 impeccable,BMW,F10,impeccable,2017.0,146000.0,Diesel,Automatique,,Dédouanée,Occasion,,,Particulier,0661148022,e9cc88021cdd317292cf4e0a6cc28414a2fdab010826b488a1a403e4cf73cb6c,Casablanca,Casablanca-Settat,230000.0,1.0,modèle 28x12x2016  pack luxury   bourrée d&#039;options.  4 pneus neufs .  boîte automatique vidangée che...
680230,https://www.moteur.ma/fr/voiture/achat-voiture-occasion/detail-annonce/680230/land-rover-range-rover-sport.html,moteur,2026-09-27,2026-09-27 18:55:15,Range rover sport 2014,Land Rover,Sport,2014,2014.0,300000.0,Diesel,Automatique,,Dédouanée,Occasion,,,Particulier,,,Agadir,Souss-Massa,,1.0,"Je vends un  Range Rover Sport en bon état, première main et origine WW Maroc.  - Boite de vitesses..."
680233,https://www.moteur.ma/fr/voiture/achat-voiture-occasion/detail-annonce/680233/seat-altea.html,moteur,2026-09-27,2026-09-27 18:55:15,Seat Altea Disel,Seat,Altea,Disel,2022.0,61000.0,Diesel,Automatique,,Dédouanée,Occasion,,,Particulier,,,Agadir,Souss-Massa,,1.0,Je vends une Seat Altea Diesel de 2022 en excellent état. - Kilométrage : Non spécifié - Puissance f...
680232,https://www.moteur.ma/fr/voiture/achat-voiture-occasion/detail-annonce/680232/hyundai-accent.html,moteur,2026-09-27,2026-09-27 18:55:15,HYUNDAI ACCENT 1.6 CRDi DIESEL – AUTOMATIQUE,Hyundai,Accent,1.6 CRDi DIESEL AUTOMATIQUE,2021.0,145400.0,Diesel,Automatique,,Dédouanée,Occasion,,,Particulier,0621344947,45cfb9c692d60cde5a9be64e284bf0c95a4f33216606350d4cf7c2fa6c78998a,Mechra,,145400.0,1.0,"Je mets en vente ma Hyundai Accent, motorisation 1.6 CRDi diesel, boîte automatique, couleur gris mé..."
680234,https://www.moteur.ma/fr/voiture/achat-voiture-occasion/detail-annonce/680234/citroen-c1.html,moteur,2026-09-27,2026-09-27 18:55:15,voiture a vendre,Citroën,Voiture,a vendre,2012.0,130000.0,Essence,Manuelle,,Dédouanée,Occasion,,,Particulier,0665948290,46374e8b6db65b8fb8bbd6b6bc1567917cc1479cc0ed9fcb700bbe1aafbd874b,Casablanca,Casablanca-Settat,68000.0,1.0,je mets en vente ma voiture à vendre excellent état jamais accidentée
680236,https://www.moteur.ma/fr/voiture/achat-voiture-occasion/detail-annonce/680236/peugeot-208.html,moteur,2026-09-27,2026-09-27 18:55:15,Peugeot 208 Diesel Manuelle 2013 à Tétouan,Peugeot,208,Diesel Manuelle 2013 à Tétouan,2013.0,260000.0,Diesel,Manuelle,,Dédouanée,Occasion,,,Particulier,0600460102,e8ce2cd8e580e9d4d8d857b0856e66bebdadafd71903980593c30abf128846f8,Tetouan,Tanger-Tétouan-Al Hoceïma,97000.0,1.0,Model 2013 darba 260000 km avec carnet d&#039;entretien diala kolxi f la maison 4 pnues jdadin vidange mb...
680238,https://www.moteur.ma/fr/voiture/achat-voiture-occasion/detail-annonce/680238/seat-ateca.html,moteur,2026-09-27,2026-09-27 18:55:15,Seat Ateca Diesel Automatique 2024 à Casablanca,Seat,Ateca,Diesel Automatique 2024 à Casablanca,2024.0,60000.0,Diesel,Automatique,,Dédouanée,Occasion,,,Particulier,0661172794,8daaa9929c8efd76f8d9f8f6ec52eda40b6ec84ff1aaec919c449cbf1bf8fac2,Casablanca,Casablanca-Settat,280000.0,1.0,"À vendre Seat Ateca Diesel Automatique de 2024, en excellent état.  - Kilométrage : 60 000 km - Puis..."
680240,https://www.moteur.ma/fr/voiture/achat-voiture-occasion/detail-annonce/680240/land-rover-range-rover-evoque.html,moteur,2026-09-27,2026-09-27 18:55:15,العيون الصحراء المغربية,Land Rover,Autre,evoque,2015.0,200000.0,Diesel,Automatique,,Dédouanée,Occasion,,,Particulier,0632409751,9ac24fd83fdcd67a2569e7df645949a1e5cbe4d853cec3185d0ac3fd96c6247c,Fes,Fès-Meknès,190000.0,1.0,رونجروفر افوك
680239,https://www.moteur.ma/fr/voiture/achat-voiture-occasion/detail-annonce/680239/dacia-dokker.html,moteur,2026-09-27,2026-09-27 18:55:15,Dacia Dokker Diesel Manuelle 2017 à Agadir,Dacia,Dokker,Diesel Manuelle 2017 à Agadir,2017.0,249000.0,Diesel,Manuelle,,Dédouanée,Occasion,,,Particulier,0671367729,979ad53755f49e21b1f9f3c0e14738ae9c03624dc626c7fb8f58e8b50234b59b,Agadir,Souss-Massa,117000.0,1.0,Docker bon etat jamais accidente sans clim
680241,https://www.moteur.ma/fr/voiture/achat-voiture-occasion/detail-annonce/680241/volkswagen-touareg.html,moteur,2026-09-27,2026-09-27 18:55:15,ابن جرير قريب من مراكش,Volkswagen,Touareg,,2022.0,120.0,Diesel,Automatique,,Dédouanée,Occasion,,,Particulier,0766173871,7911d617d2853eae9cfbea036a818e61f05c27ddd9ddd57577b2a8d054415e53,Benguerir,Marrakech-Safi,430000.0,1.0,فولكس فاجن تواريج موديل 2022 بحالة ممتازة للبيع. - عجلات ألمنيوم، وسائد هوائية، تكييف، نظام ملاحة GP...
680243,https://www.moteur.ma/fr/voiture/achat-voiture-occasion/detail-annonce/680243/peugeot-208.html,moteur,2026-09-27,2026-09-27 18:55:21,Peugeot 208,Peugeot,208,,2019.0,135000.0,Diesel,Manuelle,,Dédouanée,Occasion,,,Particulier,0635691296,8b3fa5668099be5b3766893f202316d032471fd4172c57f9e78c1f8a74d0f5cf,Tanger,Tanger-Tétouan-Al Hoceïma,115000.0,1.0,"À vendre Peugeot 208 de 2019 en très bon état, première main. - Marque : Peugeot - Modèle : 208 - An..."
680242,https://www.moteur.ma/fr/voiture/achat-voiture-occasion/detail-annonce/680242/dacia-logan.html,moteur,2026-09-27,2026-09-27 18:55:21,dacia loagne,Dacia,Loagne,,2018.0,170.0,Diesel,Manuelle,,Dédouanée,Occasion,,,Particulier,0700776672,62ec282392d2af02fdfc8cfa81b891d39407ae710f95cd25949e53a3306ec777,Casablanca,Casablanca-Settat,89500.0,1.0,dacia logane
680244,https://www.moteur.ma/fr/voiture/achat-voiture-occasion/detail-annonce/680244/nissan-qashqai.html,moteur,2026-09-27,2026-09-27 18:55:21,Nissan Qashqai 2019 à Salé,Nissan,Qashqai,2019 à Salé,2019.0,120000.0,Diesel,Manuelle,,Dédouanée,Occasion,,,Particulier,0720958688,2fbac819d6a4cdf3d4c97c166e76981409825958e3e8423aceca83c6056c10da,Sale,Rabat-Salé-Kénitra,195000.0,1.0,"Nissan Qashqai 2019 en très bon état, jamais accidentée, première main et origine WW Maroc. - Kilomé..."
680247,https://www.moteur.ma/fr/voiture/achat-voiture-occasion/detail-annonce/680247/peugeot-407.html,moteur,2026-09-27,2026-09-27 18:55:21,Peugeot 407 Diesel Manuelle 2007 à Fès,Peugeot,407,Diesel Manuelle 2007 à Fès,2007.0,0.0,Diesel,Manuelle,,Dédouanée,Occasion,,,Particulier,,,Fes,Fès-Meknès,,1.0,Peugeot 407 sw Diesel HDi faible consomation 6chevaux .model 2007 dewana 2015 tout option pinture do...
680246,https://www.moteur.ma/fr/voiture/achat-voiture-occasion/detail-annonce/680246/citroen-c5.html,moteur,2026-09-27,2026-09-27 18:55:21,Citroën c5 automatique essence 2011,Citroën,C5,automatique essence 2011,2011.0,300.0,Essence,Automatique,,Dédouanée,Occasion,,,Particulier,0781429092,6ffd50c6bbd867bc007df9704c7b8e023009060166c9f9d078dfdecc8b17f698,Tanger,Tanger-Tétouan-Al Hoceïma,64000.0,1.0,Citroën c5 automatique essence tout option modèle 2011 très bon état vignette 3000dh
680245,https://www.moteur.ma/fr/voiture/achat-voiture-occasion/detail-annonce/680245/peugeot-306.html,moteur,2026-09-27,2026-09-27 18:55:21,Peugeot 306 en bon état.,Peugeot,306,en bon état.,2002.0,200000.0,Diesel,Manuelle,7.0,Dédouanée,Occasion,,,Particulier,0600601452,a90ae5c491ccdf900ce5de572ff470bdd17f1e6ec4736cc199a222616ef947b3,Autre,,49000.0,1.0,"je mets en vente ma Peugeot 306 modèle 2002, 7 CV en bon état."
680212,https://www.moteur.ma/fr/voiture/achat-voiture-occasion/detail-annonce/680212/hyundai-ix35.html,moteur,2026-09-27,2026-09-27 18:55:21,Hyundai ix35 Parfait 1er main,Hyundai,Ix35,Parfait 1er main,2014.0,89000.0,Diesel,Manuelle,,Dédouanée,Occasion,,,Particulier,0704663965,576b220146d22f1595e84b8f8853f00012c18bb3bcbb453b9998c2162f09afca,Agadir,Souss-Massa,157000.0,1.0,Je propose à la vente une Hyundai ix35 en excellent état 1er main Vente cause depart A letranger dis...
680213,https://www.moteur.ma/fr/voiture/achat-voiture-occasion/detail-annonce/680213/volkswagen-t-roc.html,moteur,2026-09-27,2026-09-27 18:55:21,Volkswagen full options,Volkswagen,Autre,options,2023.0,64.0,Diesel,Automatique,,Dédouanée,Occasion,,,Particulier,0706107423,f1e3e52f5dfd6afe2cba65a7db176b9c408017d6488efac9cef5c0fd6116c9e2,Kenitra,Rabat-Salé-Kénitra,277000.0,1.0,Volkswagen neuf 2023 64km neuf en très bonne état
680214,https://www.moteur.ma/fr/voiture/achat-voiture-occasion/detail-annonce/680214/renault-clio.html,moteur,2026-09-27,2026-09-27 18:55:21,Clio 4 les pneus neufs kit de distribution neuf,Renault,Clio,4 les pneus neufs kit de distribution neuf,2017.0,295000.0,Diesel,Manuelle,,Dédouanée,Occasion,,,Particulier,0694127217,74ece31eeaf513cbdf316472764f800132dabc61cd79d0d86c69d5a21b1634ff,Tanger,Tanger-Tétouan-Al Hoceïma,100000.0,1.0,À vendre Renault Clio 4 de 2017 en très bon état. - Kilométrage : Non spécifié - Pneus neufs - Kit d...
680215,https://www.moteur.ma/fr/voiture/achat-voiture-occasion/detail-annonce/680215/volkswagen-touran.html,moteur,2026-09-27,2026-09-27 18:55:21,touran 2013 ded 2017 automatique 2L,Volkswagen,Touran,2013 ded 2017 automatique 2L,2013.0,350.0,Diesel,Automatique,,Dédouanée,Occasion,,,Particulier,0666917273,ffdc898a220ca011d9680d9388ca232f97aeeb6a6f2055b80a4ad95d5d0fbb8a,Khouribga,Béni Mellal-Khénifra,165000.0,1.0,touran 2013 ded 2017 automatique 2L
680216,https://www.moteur.ma/fr/voiture/achat-voiture-occasion/detail-annonce/680216/land-rover-range-rover-evoque.html,moteur,2026-09-27,2026-09-27 18:55:21,Land Rover Range Rover Evoque Diesel Automatique,Land Rover,Autre,Evoque Diesel Automatique,2013.0,150000.0,Diesel,Automatique,,Dédouanée,Occasion,,,Particulier,0600678488,47f1e04e41adf1beb2f21a07f2ee027606580cf9753e872e4a9948114f79c25b,Larache,Tanger-Tétouan-Al Hoceïma,179000.0,1.0,Land rover Evoque
680217,https://www.moteur.ma/fr/voiture/achat-voiture-occasion/detail-annonce/680217/dacia-logan.html,moteur,2026-09-27,2026-09-27 18:55:21,داصيا لوكان 2009 العمرة مزوط,Dacia,Autre,,2009.0,200.0,Diesel,Manuelle,,Dédouanée,Occasion,,,Particulier,0600731661,f9dec1cc69910b124326d2f8a3d879423bae39aa98a69597414ef21a58b5336b,Marrakech,Marrakech-Safi,69000.0,1.0,داسيا لوجان موديل 2009 بحالة جيدة جدا للبيع. - نوع الوقود: ديزل - ناقل الحركة: يدوي - القوة الجبائية...
680219,https://www.moteur.ma/fr/voiture/achat-voiture-occasion/detail-annonce/680219/hyundai-santa-fe.html,moteur,2026-09-27,2026-09-27 18:55:21,hyndai santa fe,Hyundai,Santa,fe,2013.0,270000.0,Diesel,Automatique,,Dédouanée,Occasion,,,Particulier,0632468444,7820b5dcdfb6e7ecd6299f99d8bf1f11d7fad19a91bb308228fb861434581fe7,Smara,,148000.0,1.0,je vends ma belle voiture hyndai santa fe en excellent état
680218,https://www.moteur.ma/fr/voiture/achat-voiture-occasion/detail-annonce/680218/toyota-rav-4.html,moteur,2026-09-27,2026-09-27 18:55:21,Toyota RAV4,Toyota,Rav4,,2016.0,250000.0,Diesel,Automatique,,Dédouanée,Occasion,,,Particulier,0661324553,51e5ed0f87fbc67960d9e55c02b3ec23fdf533aaa2b6f99304d20f8cb7811567,Rabat,Rabat-Salé-Kénitra,170000.0,1.0,belle Toyota RAV4 Diesel année 2016 1ère main
680220,https://www.moteur.ma/fr/voiture/achat-voiture-occasion/detail-annonce/680220/renault-megane.html,moteur,2026-09-27,2026-09-27 18:55:21,renault megane 4 diesel,Renault,Megane,4 diesel,2016.0,147000.0,Diesel,Manuelle,6.0,Dédouanée,Occasion,,,Particulier,0667386217,bb8d68ddf8d6babcbf7e0535d966e55c61443e54c9296124d085dcce99ad9440,Marrakech,Marrakech-Safi,135000.0,1.0,je vent une renault megane 4 de 2016 diesel 6cv voiture tres bon etat pour plus d’information
680221,https://www.moteur.ma/fr/voiture/achat-voiture-occasion/detail-annonce/680221/jaguar-f-type.html,moteur,2026-09-27,2026-09-27 18:55:21,Jaguar F-Type Essence Automatique 2016,Jaguar,F-type,Essence Automatique 2016,2016.0,48000.0,Essence,Automatique,,Dédouanée,Occasion,,,Particulier,,,Casablanca,Casablanca-Settat,,1.0,Je vends une jaguar F type modèle 2016 3.0L V6 en excellent état suivie à la maison Smeia.
680224,https://www.moteur.ma/fr/voiture/achat-voiture-occasion/detail-annonce/680224/audi-a6.html,moteur,2026-09-27,2026-09-27 18:55:21,Audi A6 diesel,Audi,A6,diesel,2020.0,116000.0,Diesel,Automatique,2.0,Dédouanée,Occasion,,,Professionnel,0663260429,bcf2c261264fe18ea045e8b135756fabc73d2f14ff7473f46a1d2ecdbf60d5fd,Casablanca,Casablanca-Settat,285000.0,1.0,Audi A6 diesel j&#039; ammais accidents km réal entretien chez Audi....
680223,https://www.moteur.ma/fr/voiture/achat-voiture-occasion/detail-annonce/680223/peugeot-208.html,moteur,2026-09-27,2026-09-27 18:55:30,Peugeot 208 diesel 1.6HDI manuel 2020,Peugeot,208,diesel 1.6HDI manuel 2020,2020.0,120000.0,Diesel,Manuelle,,Dédouanée,Occasion,,,Particulier,0677563397,5bb44b133977241aa5b95deb2dcd3d2594f18c4467e6b95aee3e166e2beb8bc7,Meknes,Fès-Meknès,129999.0,1.0,premier peinture  carte grise personnel  darba 120k modèle 2020  jamais accidenté  smsar manbi3lakch
680222,https://www.moteur.ma/fr/voiture/achat-voiture-occasion/detail-annonce/680222/peugeot-508.html,moteur,2026-09-27,2026-09-27 18:55:30,Peugeot 508 2l full option,Peugeot,508,2l full option,2015.0,151.0,Diesel,Automatique,,Dédouanée,Occasion,,,Particulier,0777660108,f6a6c0fded5fac963fc136a9006769cbfdc4fa7f2cbc7d2c2c6d40de06af9f87,Rabat,Rabat-Salé-Kénitra,138000.0,1.0,Peugeot 508 2l ful option
680225,https://www.moteur.ma/fr/voiture/achat-voiture-occasion/detail-annonce/680225/peugeot-3008.html,moteur,2026-09-27,2026-09-27 18:55:30,فاس حي النرجس,Peugeot,3008,,2019.0,179000.0,Diesel,Automatique,,Dédouanée,Occasion,,,Particulier,0662329490,5e6856e2a060c6a3770d6af2c0d46b41b0fdc15cbbe2b47f893dfba9906adc88,Fes,Fès-Meknès,195000.0,1.0,أعرض للبيع سيارة بيجو 3008 موديل 2019 بحالة ممتازة.  - الماركة: بيجو - الموديل: 3008 - سنة الموديل:...
680197,https://www.moteur.ma/fr/voiture/achat-voiture-occasion/detail-annonce/680197/dacia-logan.html,moteur,2026-09-27,2026-09-27 18:55:30,Dacia Logan 2023,Dacia,Logan,2023,2023.0,33852.0,Diesel,Manuelle,,Dédouanée,Occasion,,,Particulier,0602966745,fc9f5b5f86ee7a45c88052301da0a100c7c4ec72e8f18d6e7fbc122b4aa6d822,Casablanca,Casablanca-Settat,160000.0,1.0,Dacia Logan 2023/10 toutes options en exellente état peinture d’origine : -Démarrage main libre -Det...
680198,https://www.moteur.ma/fr/voiture/achat-voiture-occasion/detail-annonce/680198/hyundai-tucson.html,moteur,2026-09-27,2026-09-27 18:55:30,Hyundai Tucson HEV Ultimate 230 ch – 2022,Hyundai,Tucson,HEV Ultimate 230 ch 2022,2022.0,90000.0,Hybride,Automatique,,Dédouanée,Occasion,,,Particulier,0712063098,e382c3fc093594b41692ab9ac799c4921b0fc0c59050fc32a0a94f55ce763c6b,Tanger,Tanger-Tétouan-Al Hoceïma,285000.0,1.0,"Véhicule très bien entretenu, 1ère main, jamais accidenté et suivi intégralement chez Hyundai."
680199,https://www.moteur.ma/fr/voiture/achat-voiture-occasion/detail-annonce/680199/nissan-juke.html,moteur,2026-09-27,2026-09-27 18:55:30,nissan juke essance boite automatique,Nissan,Juke,essance boite automatique,2021.0,94000.0,Essence,Automatique,,Dédouanée,Occasion,,,Particulier,0663260429,bcf2c261264fe18ea045e8b135756fabc73d2f14ff7473f46a1d2ecdbf60d5fd,Casablanca,Casablanca-Settat,182000.0,1.0,nissan juke essance boite automatique essance j&#039; ammais accidents 1 ème main
680200,https://www.moteur.ma/fr/voiture/achat-voiture-occasion/detail-annonce/680200/mercedes-benz-classe-cla.html,moteur,2026-09-27,2026-09-27 18:55:30,Mercedes benz Cla restylée,Mercedes-Benz,Cla,restylée,2018.0,165000.0,Diesel,Automatique,,Dédouanée,Occasion,,,Particulier,0642037794,afbd987881298047b95df4c877bbde72e9240a021441820c3a3157e2611d682f,Casablanca,Casablanca-Settat,202000.0,1.0,pour plus d’informations n’hésitez pas a m’appeler
680202,https://www.moteur.ma/fr/voiture/achat-voiture-occasion/detail-annonce/680202/peugeot-308.html,moteur,2026-09-27,2026-09-27 18:55:30,Peugeot 308 modèle 2012 faible kilométrage,Peugeot,308,modèle 2012 faible kilométrage,2012.0,162.0,Diesel,Manuelle,,Dédouanée,Occasion,,,Particulier,,,Meknes,Fès-Meknès,,1.0,Je vends une Peugeot 308 de 2012 en excellent état.  - Marque : Peugeot  - Modèle : 308  - Année-Mod...
680201,https://www.moteur.ma/fr/voiture/achat-voiture-occasion/detail-annonce/680201/audi-q5.html,moteur,2026-09-27,2026-09-27 18:55:30,Audi Q5 Diesel,Audi,Q5,Diesel,2018.0,200000.0,Diesel,Automatique,,Dédouanée,Occasion,,,Particulier,,,Agadir,Souss-Massa,,1.0,Je vends une Audi Q5 de 2018 en excellent état.  - Marque : Audi  - Modèle : Q5  - Année-Modèle : 20...
680203,https://www.moteur.ma/fr/voiture/achat-voiture-occasion/detail-annonce/680203/dacia-logan.html,moteur,2026-09-27,2026-09-27 18:55:30,Logan Excellent Etat 1er main,Dacia,Logan,Excellent Etat 1er main,2022.0,41000.0,Diesel,Manuelle,,Dédouanée,Occasion,,,Particulier,0704663965,576b220146d22f1595e84b8f8853f00012c18bb3bcbb453b9998c2162f09afca,Agadir,Souss-Massa,134000.0,1.0,Logan a la vente model 2022 ww Etat 1er main 40.000 Km Vente cause depart a letranger disponible sur...
680204,https://www.moteur.ma/fr/voiture/achat-voiture-occasion/detail-annonce/680204/byd-seal-u.html,moteur,2026-09-27,2026-09-27 18:55:30,BYD modèle 2025  neuf,BYD,Autre,2025 neuf,2025.0,8000.0,Hybride,Automatique,2.0,Dédouanée,Occasion,,,Professionnel,0661689060,d2c3a471513908987b477abc9c134079cba53c7275a8ffd56edfa4992ce73089,Agadir,Souss-Massa,50000.0,1.0,Je propose à la vente une BYD Seal U modèle 2025. - État : Neuf - Kilométrage : 8000 - Carburant : H...
680206,https://www.moteur.ma/fr/voiture/achat-voiture-occasion/detail-annonce/680206/hyundai-i10.html,moteur,2026-09-27,2026-09-27 18:55:36,Hyundai i10 essence modèle 2012,Hyundai,I10,essence modèle 2012,2012.0,99000.0,Essence,Manuelle,,Dédouanée,Occasion,,,Particulier,0666856123,2bb8d1a412f3863e10f1f4b092071193df7d3b35e4c6a85e82350c3b32a173f5,Casablanca,Casablanca-Settat,68000.0,1.0,À vendre : Hyundai i10 essence modèle 2012 en très bon état.  - Kilométrage : Non spécifié - Puissan...
680207,https://www.moteur.ma/fr/voiture/achat-voiture-occasion/detail-annonce/680207/renault-clio.html,moteur,2026-09-27,2026-09-27 18:55:36,clio 5 2026,Renault,Clio,5 2026,2026.0,4000.0,Diesel,Manuelle,,Dédouanée,Occasion,,,Particulier,,,Casablanca,Casablanca-Settat,,1.0,🚘 Renault Clio 5 🚘                            Premiere main  Ville : Casablanca  Téléphone : 0️⃣6️...
680208,https://www.moteur.ma/fr/voiture/achat-voiture-occasion/detail-annonce/680208/seat-leon.html,moteur,2026-09-27,2026-09-27 18:55:36,Seat leon FR phase 2 2019,Seat,Leon,FR phase 2 2019,2019.0,207.0,Diesel,Manuelle,,Dédouanée,Occasion,,,Particulier,,,Casablanca,Casablanca-Settat,,1.0,Je mets en vente ma seat leon FR 2019  soigneusement entretenu  jamais accidenté  peinture d’origine...
680209,https://www.moteur.ma/fr/voiture/achat-voiture-occasion/detail-annonce/680209/toyota-yaris.html,moteur,2026-09-27,2026-09-27 18:55:36,Toyota Yaris Diesel Manuelle 2018 à Fès,Toyota,Yaris,Diesel Manuelle 2018 à Fès,2018.0,186688.0,Diesel,Manuelle,,Dédouanée,Occasion,,,Particulier,0610518050,3a9260b6bbee55134b5bc8f27dfec42fe88e7e00468eb26b8f6464a94505048a,Fes,Fès-Meknès,113000.0,1.0,"Toyota Yaris Diesel de 2018 en excellent état, origine WW Maroc. - Kilométrage : 186 688 km - Climat..."
680210,https://www.moteur.ma/fr/voiture/achat-voiture-occasion/detail-annonce/680210/mitsubishi-l300.html,moteur,2026-09-27,2026-09-27 18:55:36,MitsubishiL300,Mitsubishi,Mitsubishil300,,1998.0,0.0,Diesel,Manuelle,,Dédouanée,Occasion,,,Particulier,0603437013,6935e9180d733ad0e37f9f35c3803065224a543162909d07d29de826e75a810a,Safi,Marrakech-Safi,8.0,1.0,بيتشي بقا مليحة لي بغها مرحبا
44937,https://www.wandaloo.com/occasion/toyota-corolla-prestige-hybride-occasion-tanger-maroc/44937.html,wandaloo,2026-09-27,2026-09-27 22:50:17,TOYOTA Corolla Prestige,Toyota,Corolla,Prestige,2022.0,100000.0,Hybride,,8.0,Dédouanée,Occasion,,,Particulier,0754296115,d3a7322e375f79702be712fd82bd07de6f5ba505ac339c438cdf786146de4c2c,Tanger,Tanger-Tétouan-Al Hoceïma,160000.0,1.0,
680498,https://www.moteur.ma/fr/voiture/achat-voiture-occasion/detail-annonce/680498/land-rover-range-rover-evoque.html,moteur,2026-09-25,2026-09-27 23:03:21,Land Rover Range Rover Evoque Diesel Automatique,Land Rover,Autre,Evoque Diesel Automatique,2017.0,190000.0,Diesel,Automatique,,Dédouanée,Occasion,,,Particulier,0767186437,c76ec14b5f10f6a5214b57daf8e2041102ce3fffb345398e28afb0cbb75453be,Casablanca,Casablanca-Settat,210000.0,1.0,Je vends cette Land Rover Range Rover Evoque de 2017 en très bon état. - Marque : Land Rover - Modèl...
680454,https://www.moteur.ma/fr/voiture/achat-voiture-occasion/detail-annonce/680454/ford-fiesta.html,moteur,2026-09-25,2026-09-27 23:04:44,Ford fiesta,Ford,Fiesta,,2017.0,117000.0,Diesel,Manuelle,,Dédouanée,Occasion,,,Particulier,0788265985,21653ddfb403127488a29364d77706b05fd337af30f8c2e4635e904190e57ba5,Casablanca,Casablanca-Settat,93000.0,1.0,ford fiesta diesel 2017
680467,https://www.moteur.ma/fr/voiture/achat-voiture-occasion/detail-annonce/680467/dacia-sandero.html,moteur,2026-09-24,2026-09-27 23:08:46,dacia sandero steepway à vendre sans smsar 2021,Dacia,Sandero,steepway à vendre sans smsar 2021,2021.0,88000.0,Diesel,Manuelle,,Dédouanée,Occasion,,,Particulier,0660239663,f202b6fe01c9eeb0f8ae6c7a6ca4ae768cad86c4a16293266eeb8c1d05dcb76a,Tetouan,Tanger-Tétouan-Al Hoceïma,132000.0,1.0,À vendre Dacia Sandero Stepway de 2021 en excellent état. - Marque : Dacia - Modèle : Sandero Stepwa...
680381,https://www.moteur.ma/fr/voiture/achat-voiture-occasion/detail-annonce/680381/renault-kangoo.html,moteur,2026-09-16,2026-09-27 23:35:08,رونو كونغو 2017 دربا300  سيارة نقية وكلشي امرش,Renault,Autre,300,2017.0,300.0,Diesel,Manuelle,,Dédouanée,Occasion,,,Particulier,0632936268,649ec0c82cad49ceb074d6c82c8167823412f9a3a63ab565138661ed22d47b61,Rabat,Rabat-Salé-Kénitra,11800.0,1.0,"🚗 للبيع: رونو كانغو 2017 📅 سنة الصنع: 2017 📍 المدينة: الرباط 🛣️ الكيلومترات: 300,000 كم 💰 الثمن:..."
680563,https://www.moteur.ma/fr/voiture/achat-voiture-occasion/detail-annonce/680563/peugeot-208.html,moteur,2026-09-27,2026-09-27 23:51:38,Peugeot 208 Diesel Manuelle 2024 à Tanger,Peugeot,208,Diesel Manuelle 2024 à Tanger,2024.0,50000.0,Diesel,Manuelle,,Dédouanée,Occasion,,,Particulier,,,Tanger,Tanger-Tétouan-Al Hoceïma,,1.0,Libghaha marehba
680564,https://www.moteur.ma/fr/voiture/achat-voiture-occasion/detail-annonce/680564/ford-focus.html,moteur,2026-09-27,2026-09-27 23:51:38,Ford Focus Diesel Manuelle 2016 à Béni Mellal,Ford,Focus,Diesel Manuelle 2016 à Béni Mellal,2016.0,180000.0,Diesel,Manuelle,,Dédouanée,Occasion,,,Particulier,0688803452,09e589cf44a509775c51fcc285911d0f1964d73067c6bde231a3fb9f15e31e05,Beni,Béni Mellal-Khénifra,147000.0,1.0,Focus très propre pour les intéressés
680565,https://www.moteur.ma/fr/voiture/achat-voiture-occasion/detail-annonce/680565/volkswagen-golf-2.html,moteur,2026-09-27,2026-09-27 23:51:38,Volkswagen Golf 2 Diesel Manuelle 1989 à Had Kourt,Volkswagen,Golf,2 Diesel Manuelle 1989 à Had Kourt,1989.0,400000.0,Diesel,Manuelle,,Dédouanée,Occasion,,,Particulier,0662231144,91f91e75de7b8016d86327bdb813945ed7c4e6b75f624f34b022041b167e9435,Autre,,33000.0,1.0,Mrahba li bghaha moteur serie 3 en bonne état
680566,https://www.moteur.ma/fr/voiture/achat-voiture-occasion/detail-annonce/680566/ford-focus.html,moteur,2026-09-27,2026-09-27 23:51:38,Ford Focus Diesel Manuelle 2016 à Béni Mellal,Ford,Focus,Diesel Manuelle 2016 à Béni Mellal,2016.0,180000.0,Diesel,Manuelle,,Dédouanée,Occasion,,,Particulier,0688803452,09e589cf44a509775c51fcc285911d0f1964d73067c6bde231a3fb9f15e31e05,Beni,Béni Mellal-Khénifra,147000.0,1.0,Focus très propre pour les intéressés
680556,https://www.moteur.ma/fr/voiture/achat-voiture-occasion/detail-annonce/680556/porsche-cayenne.html,moteur,2026-09-27,2026-09-27 23:51:38,Porsche Cayenne Hybride Automatique 2024,Porsche,Cayenne,Hybride Automatique 2024,2024.0,60000.0,Hybride,Automatique,,Dédouanée,Occasion,,,Particulier,0619081067,3686db2d459796d5e0227c129f8be9af7326bf4ae5e61d69227590f21f92293c,Marrakech,Marrakech-Safi,1350000.0,1.0,"Porsche Cayenne E-Hybrid 2024 – État irréprochable  Magnifique Porsche Cayenne E-Hybrid 2024, en éta..."
680557,https://www.moteur.ma/fr/voiture/achat-voiture-occasion/detail-annonce/680557/citroen-c5.html,moteur,2026-09-27,2026-09-27 23:51:38,Citroën C5,Citroën,C5,,2007.0,250.0,Essence,Manuelle,,Dédouanée,Occasion,,,Particulier,,,Kenitra,Rabat-Salé-Kénitra,,1.0,سدي الطيبي اولاد النصر الشرقية مالوط
680558,https://www.moteur.ma/fr/voiture/achat-voiture-occasion/detail-annonce/680558/volkswagen-tiguan.html,moteur,2026-09-27,2026-09-27 23:51:38,Tiguan r lien  2.0 tdi 4 motion,Volkswagen,Tiguan,r lien 2.0 tdi 4 motion,2020.0,108000.0,Diesel,Automatique,,Dédouanée,Occasion,,,Particulier,,,Khouribga,Béni Mellal-Khénifra,,1.0,Tiguan r lien  2.0 tdi 4 motion
680559,https://www.moteur.ma/fr/voiture/achat-voiture-occasion/detail-annonce/680559/jeep-grand-cherokee.html,moteur,2026-09-27,2026-09-27 23:51:38,Jeep Grand Cherokee,Jeep,Grand,Cherokee,2016.0,220000.0,Diesel,Automatique,,Dédouanée,Occasion,,,Particulier,0664499913,5b4ace37c6b7889830c1baabac2831d948193de4f5880e70f83aa353c84ec7f3,Marrakech,Marrakech-Safi,140000.0,1.0,🚗 Jeep Grand Cherokee 2016 à vendre  * 📅 Année : 2016 * 📍 Kilométrage : 220 000 km * 💰 Prix : 15...
680560,https://www.moteur.ma/fr/voiture/achat-voiture-occasion/detail-annonce/680560/volkswagen-touareg.html,moteur,2026-09-27,2026-09-27 23:51:38,touareg a vendre,Volkswagen,Touareg,a vendre,2021.0,156000.0,Diesel,Automatique,,Dédouanée,Occasion,,,Particulier,0661133974,658c7d90790b7fa8f9b3d9462c3844c692c248b561298065c5cb4d712cd3a63f,Agadir,Souss-Massa,360000.0,1.0,À vendre Volkswagen Touareg de 2021 en excellent état. - Kilométrage : 156000 - Carburant : Diesel -...
680561,https://www.moteur.ma/fr/voiture/achat-voiture-occasion/detail-annonce/680561/dacia-duster.html,moteur,2026-09-27,2026-09-27 23:51:38,DACIA DUSTER  AUTOMATIQUE MODÈLE 2023,Dacia,Duster,AUTOMATIQUE MODÈLE 2023,2023.0,160.0,Diesel,Automatique,,Dédouanée,Occasion,,,Particulier,,,Errachidia,Drâa-Tafilalet,,1.0,للبيع داسيا داستر أوتوماتيكية موديل 2023 بحالة ممتازة.  - الماركة: داسيا  - الموديل: داستر  - سنة ال...
680547,https://www.moteur.ma/fr/voiture/achat-voiture-occasion/detail-annonce/680547/citroen-c3.html,moteur,2026-09-27,2026-09-27 23:51:38,سيارة اقتصادية 100,Citroën,100,,2004.0,9999.0,Diesel,Manuelle,,Dédouanée,Occasion,,,Particulier,0628989854,351d8567ad8b6509d8bea573fa5427b7c02952841942dd51e6b2410305022434,Rabat,Rabat-Salé-Kénitra,53000.0,1.0,سيارة ستروين سي 3 موديل 2004 للبيع بحالة جيدة. - نوع الوقود: ديزل - القوة الجبائية: 6 خ - تكييف - نو...
680549,https://www.moteur.ma/fr/voiture/achat-voiture-occasion/detail-annonce/680549/mercedes-benz-220.html,moteur,2026-09-27,2026-09-27 23:51:38,مديل 2002 دورة  2003  E220,Mercedes-Benz,Autre,2003 E220,2002.0,400.0,Diesel,Automatique,,Dédouanée,Occasion,,,Particulier,,,Sidi,Rabat-Salé-Kénitra,,1.0,ميرسيديسe220 مديل 2002 ديوانة 2003  بواط اوطومتيك
680548,https://www.moteur.ma/fr/voiture/achat-voiture-occasion/detail-annonce/680548/lexus-sc.html,moteur,2026-09-27,2026-09-27 23:51:38,LexusSC,Lexus,Lexussc,,2023.0,258.0,Essence,Automatique,,Dédouanée,Occasion,,,Particulier,,,Fes,Fès-Meknès,,1.0,أعرض للبيع سيارة لكزس إس سي موديل 2023 بحالة ممتازة.  - عجلات ألمنيوم  - 9 خيل قوة جبائية  - محرك بن...
680551,https://www.moteur.ma/fr/voiture/achat-voiture-occasion/detail-annonce/680551/nissan-qashqai.html,moteur,2026-09-27,2026-09-27 23:51:38,Nissan Qashai,Nissan,Qashai,,2016.0,260.0,Diesel,Manuelle,,Dédouanée,Occasion,,,Particulier,0713259969,1dfc1996ae9498221a7eea2e7c5c16c04a282d6af61cd8ee10287bcd617704bd,Temara,Rabat-Salé-Kénitra,155000.0,1.0,je mets en vente ma voiture Nissan Qashai 2ème main modèle 2016 faible consommation  260k km  Gsm :
680550,https://www.moteur.ma/fr/voiture/achat-voiture-occasion/detail-annonce/680550/toyota-c-hr.html,moteur,2026-09-27,2026-09-27 23:51:38,Toyota C-HR Hybride faible kilo 2020,Toyota,C-hr,Hybride faible kilo 2020,2020.0,80000.0,Hybride,Automatique,,Dédouanée,Occasion,,,Particulier,0694016644,682155e707ea3815f7645e78d44275b52f85e317b2d5afdad92a8f18c56385a4,Meknes,Fès-Meknès,180000.0,1.0,"Vente urgent , prix de vente 18 m ( très bon prix par rapport au marche , ) Toyota chr , 2020 , 80 0..."
680553,https://www.moteur.ma/fr/voiture/achat-voiture-occasion/detail-annonce/680553/renault-express.html,moteur,2026-09-27,2026-09-27 23:51:38,express 2022 à vendre,Renault,Express,2022 à vendre,2022.0,73000.0,Diesel,Manuelle,,Dédouanée,Occasion,,,Particulier,,,Casablanca,Casablanca-Settat,,1.0,للبيع رينو إكسبريس موديل 2022 بحالة ممتازة.  - نوع الوقود: ديزل  - ناقل الحركة: يدوي  - وسائد هوائية...
680552,https://www.moteur.ma/fr/voiture/achat-voiture-occasion/detail-annonce/680552/mercedes-benz-classe-cla.html,moteur,2026-09-27,2026-09-27 23:51:38,voiture très bon ètat Mercedes Benz,Mercedes-Benz,Voiture,très bon ètat Benz,2017.0,92000.0,Diesel,Automatique,9.0,Dédouanée,Occasion,,,Professionnel,0704784156,02d083afce2567018799d79d83ac52c8ae1d2bdd61afe62f0760b87d724078d6,Agadir,Souss-Massa,50000.0,1.0,"Je vends une Mercedes-Benz Classe CLA de 2017 en très bon état.  - Motorisation Diesel, 9 CV fiscaux..."
680554,https://www.moteur.ma/fr/voiture/achat-voiture-occasion/detail-annonce/680554/ford-fiesta.html,moteur,2026-09-27,2026-09-27 23:51:45,Ford Fiesta Diesel Manuelle 2015 à Agourai,Ford,Fiesta,Diesel Manuelle 2015 à Agourai,2015.0,180000.0,Diesel,Manuelle,,Dédouanée,Occasion,,,Particulier,0614404813,69c754ea71107771457beeed6d5d720615c3be186485ac60f0c719efdf73fd46,Autre,,105000.0,1.0,À vendre : Ford Fiesta Diesel Trend Plus Manuelle de 2015 en excellent état. - Kilométrage : 180 000...
680555,https://www.moteur.ma/fr/voiture/achat-voiture-occasion/detail-annonce/680555/ford-kuga.html,moteur,2026-09-27,2026-09-27 23:51:45,ford kuga 8 ch 2016 à vendre,Ford,Kuga,8 ch 2016 à vendre,2016.0,239000.0,Diesel,Manuelle,8.0,Dédouanée,Occasion,,,Particulier,0670387290,23cc352e991b721b3c7f5bfb6974e1fc91dcf672e035f9d0eeced2037298badc,Demnate,,239000.0,1.0,"je met en vente ma voiture ford kuga 2026 à vendre , bon etat, kilométrage réel 239000 dhs , si vous..."
680542,https://www.moteur.ma/fr/voiture/achat-voiture-occasion/detail-annonce/680542/renault-clio.html,moteur,2026-09-27,2026-09-27 23:51:45,Renault Clio,Renault,Clio,,2020.0,149000.0,Diesel,Manuelle,,Dédouanée,Occasion,,,Particulier,0600606752,dbb47205b930abe28148e936f54342036e13517750a6950d6a30f0df896af477,Ben,Casablanca-Settat,120000.0,1.0,Clio 4 n9ia toutes les vidanges sont dans la maison model 6/12/2019 n9ia n9ia n9ia
680543,https://www.moteur.ma/fr/voiture/achat-voiture-occasion/detail-annonce/680543/opel-zafira.html,moteur,2026-09-27,2026-09-27 23:51:45,Opel Zafira Diesel Manuelle 2004 à Khouribga,Opel,Zafira,Diesel Manuelle 2004 à Khouribga,2004.0,220000.0,Diesel,Manuelle,,Dédouanée,Occasion,,,Particulier,0662035543,12bee974c46fc593bbc2dad2745dca6adbbb59375f6d5dc1fc6596dfadae7662,Khouribga,Béni Mellal-Khénifra,75000.0,1.0,"Pour plus d&#039;informations, veuillez m&#039;appeler !"
680544,https://www.moteur.ma/fr/voiture/achat-voiture-occasion/detail-annonce/680544/volkswagen-golf-7.html,moteur,2026-09-27,2026-09-27 23:51:45,فولكس فاجن غولف 7 ديزل يدوي 2015 في أكادير,Volkswagen,7,2015,2015.0,280.0,Diesel,Manuelle,,Dédouanée,Occasion,,,Particulier,0662495991,7a3392ef61688fbc1b7075acf494bd579a25ce9f4ceca782ab75381c09938c1f,Agadir,Souss-Massa,146000.0,1.0,أعرض للبيع سيارة فولكس فاجن غولف 7 موديل 2015 بحالة جيدة جدا. - كيلومتراج: 280 - عجلات ألمنيوم - وسا...
680546,https://www.moteur.ma/fr/voiture/achat-voiture-occasion/detail-annonce/680546/renault-clio.html,moteur,2026-09-27,2026-09-27 23:51:45,Renault Clio Diesel Manuelle 2022 à Casablanca,Renault,Clio,Diesel Manuelle 2022 à Casablanca,2022.0,150.0,Diesel,Manuelle,,Dédouanée,Occasion,,,Particulier,0652392719,442662b777ead537e18e2296024470428c607abdb5b16a371aeae1400b6657fb,Casablanca,Casablanca-Settat,162000.0,1.0,لي مهتم مرحبا  البيع بوكالة مرفوض سمسار لا
680545,https://www.moteur.ma/fr/voiture/achat-voiture-occasion/detail-annonce/680545/mercedes-benz-classe-e.html,moteur,2026-09-27,2026-09-27 23:51:45,MERCEDES E250 W212 AVANTGARDE BITURBOS,Mercedes-Benz,E250,W212 AVANTGARDE BITURBOS,2009.0,280000.0,Diesel,Automatique,,Dédouanée,Occasion,,,Particulier,0722386814,1f4a4acaaa1a80f80d8a50c120e6b5fd72c690752819aa7eba56751ece5e44c3,Temara,Rabat-Salé-Kénitra,140000.0,1.0,Mercedes-Benz Classe E 250 CDI Avantgarde – 2009 Dédouanée Allemagne – Entretien à jour Kilométrage...
680532,https://www.moteur.ma/fr/voiture/achat-voiture-occasion/detail-annonce/680532/ford-focus.html,moteur,2026-09-27,2026-09-27 23:51:45,Ford Focus Diesel Manuelle 2002 à Casablanca,Ford,Focus,Diesel Manuelle 2002 à Casablanca,2002.0,390.0,Diesel,Manuelle,,Dédouanée,Occasion,,,Particulier,0666233731,a045f01887752d4e79e29e3078921f78ae95ea266382e26e46a71f05b61ce1d9,Casablanca,Casablanca-Settat,49000.0,1.0,À vendre Ford Focus Diesel Manuelle de 2002 en très bon état. - Kilométrage : 390 - Jantes aluminium...
680534,https://www.moteur.ma/fr/voiture/achat-voiture-occasion/detail-annonce/680534/mercedes-benz-classe-c.html,moteur,2026-09-27,2026-09-27 23:51:45,Mercedes-Benz Classe C COUPE,Mercedes-Benz,Classe,C COUPE,2018.0,145000.0,Diesel,Automatique,,Dédouanée,Occasion,,,Particulier,0661827392,619fc554b344d529daed6f06d08b85dbf21ecf9a1357e63e90107a75cf58fbdf,Meknes,Fès-Meknès,360000.0,1.0,Je vends ma Mercedes-Benz Classe C Coupé de 2018 en excellent état. - Kilométrage : 145 000 km - Car...
680536,https://www.moteur.ma/fr/voiture/achat-voiture-occasion/detail-annonce/680536/abarth-595.html,moteur,2026-09-27,2026-09-27 23:51:45,abarth 595,Abarth,595,,2019.0,102000.0,Essence,Automatique,,Dédouanée,Occasion,,,Particulier,0755338408,77f3dcb540f13fd887d7cdd927a1a3bd830957f7cb7918e610e030f34c9fb646,Martil,,130000.0,1.0,bonjour vend abarth 595  automatique (model pologne) 102mille km reel voiture entretenu  vidange tou...
680535,https://www.moteur.ma/fr/voiture/achat-voiture-occasion/detail-annonce/680535/ford-focus.html,moteur,2026-09-27,2026-09-27 23:51:45,Ford Focus Titanium 2017,Ford,Focus,Titanium 2017,2017.0,88000.0,Diesel,Manuelle,,Dédouanée,Occasion,,,Particulier,0644845670,18fb867c8b311e4b96d74a0e1fe9c0237484ee397362d4acdd948f44347543ff,Meknes,Fès-Meknès,165000.0,1.0,Ford Focus – 1ère main – 88 000 km – Entretien 100 % Ford – État exceptionnel À vendre : Ford Focus...
680537,https://www.moteur.ma/fr/voiture/achat-voiture-occasion/detail-annonce/680537/suzuki-alto.html,moteur,2026-09-27,2026-09-27 23:51:45,Suzuki Alto Essence Manuelle 2007 à Tanger,Suzuki,Alto,Essence Manuelle 2007 à Tanger,2007.0,126000.0,Essence,Manuelle,,Dédouanée,Occasion,,,Particulier,0660052047,03817e6fb7ba1b683241d365bcb14f2dfef75d36b5cbcababb02e66a731efdaf,Tanger,Tanger-Tétouan-Al Hoceïma,35000.0,1.0,Tonobile nqia kolxi fiha mzn li bghaha marhba
680539,https://www.moteur.ma/fr/voiture/achat-voiture-occasion/detail-annonce/680539/nissan-juke.html,moteur,2026-09-27,2026-09-27 23:51:45,nissan juke tecna,Nissan,Juke,tecna,2014.0,185000.0,Diesel,Manuelle,,Dédouanée,Occasion,,,Particulier,0666755801,1d7714b330e9fefa5e3b8a1878a116f5214d4849ce45253ccb2e9761f9fad36e,Bouznika,,113000.0,1.0,nissan juke a vendre
680538,https://www.moteur.ma/fr/voiture/achat-voiture-occasion/detail-annonce/680538/volkswagen-tiguan.html,moteur,2026-09-27,2026-09-27 23:51:45,Tiguan R-Line 150 ch Dédouaner,Volkswagen,Tiguan,R-Line 150 ch Dédouaner,2018.0,180000.0,Diesel,Automatique,,Dédouanée,Occasion,,,Particulier,0666831205,adc34079c5afa972cb27959d5eba5ff26bda39fa2d154e6eed8da34ed7c651a0,Tetouan,Tanger-Tétouan-Al Hoceïma,330000.0,1.0,Tiguan R-Line intérieur et extérieur 150 Ch matricul Rabat. 1/و modèle : 2018 Dédouanement : 2022 ki...
680540,https://www.moteur.ma/fr/voiture/achat-voiture-occasion/detail-annonce/680540/citroen-c4.html,moteur,2026-09-27,2026-09-27 23:51:45,🌵 Cactus C4 citron,Citroën,Cactus,C4 citron,2017.0,94000.0,Essence,Manuelle,,Dédouanée,Occasion,,,Particulier,0667437614,1f71193ad4c3f65ba3d8c82323410f597c57beb4597bc8dd912f8334f6bbb1a2,Kenitra,Rabat-Salé-Kénitra,135000.0,1.0,belle occasion à ne pas  rater
680533,https://www.moteur.ma/fr/voiture/achat-voiture-occasion/detail-annonce/680533/kia-picanto.html,moteur,2026-09-27,2026-09-27 23:51:45,kia pikanto model 2024 darba 27k Km,Kia,Pikanto,model 2024 darba 27k Km,2023.0,27000.0,Essence,Manuelle,,Dédouanée,Occasion,,,Particulier,0698605417,61cb6baedc677ecabd6bf026d6b5a398f3ca49c79977eebc80e40fe9c501a63e,Marrakech,Marrakech-Safi,118000.0,1.0,kia pikanto model 2024 darba 27k Km Manuel tres propre
680541,https://www.moteur.ma/fr/voiture/achat-voiture-occasion/detail-annonce/680541/dacia-sandero.html,moteur,2026-09-27,2026-09-27 23:51:45,Sandero Stepway Diesel aaron vendre,Dacia,Sandero,Stepway Diesel aaron vendre,2021.0,150000.0,Diesel,Manuelle,,Dédouanée,Occasion,,,Particulier,0643304339,169af53c7ecc707e36a7c0d3f327142f977005e3b3f4a0947c980f81c5e3fa99,Fes,Fès-Meknès,128000.0,1.0,Je propose à la vente cette Dacia Sandero Stepway Diesel de 2021. - Marque Dacia - Modèle Sandero St...
680523,https://www.moteur.ma/fr/voiture/achat-voiture-occasion/detail-annonce/680523/volkswagen-golf-6.html,moteur,2026-09-27,2026-09-27 23:51:53,Volkswagen Golf 6 Diesel Manuelle 2009 à Agadir,Volkswagen,Golf,6 Diesel Manuelle 2009 à Agadir,2009.0,289000.0,Diesel,Manuelle,,Dédouanée,Occasion,,,Particulier,0609249095,8556eee80154484fb6bf4537c4c14f67975186545ec273cbec4bd23dfb4912fb,Agadir,Souss-Massa,120000.0,1.0,En très bonne état
680524,https://www.moteur.ma/fr/voiture/achat-voiture-occasion/detail-annonce/680524/renault-megane.html,moteur,2026-09-27,2026-09-27 23:51:53,Megane 4 modèle 2020✅,Renault,Megane,4 modèle 2020,2020.0,120000.0,Diesel,Manuelle,,Dédouanée,Occasion,,,Particulier,0655940695,b284ec59e19ee69944cdd24004973ae08d45e4f74f53a6be5c1c04f785d5bd53,Sale,Rabat-Salé-Kénitra,170000.0,1.0,À vendre Renault Megane de 2020 en excellent état. - Origine : WW au Maroc - Carburant : Diesel - Bo...
680527,https://www.moteur.ma/fr/voiture/achat-voiture-occasion/detail-annonce/680527/fiat-500.html,moteur,2026-09-27,2026-09-27 23:51:53,fiat 500 premier main en très bon état,Fiat,500,premier main en très bon état,2018.0,95000.0,Essence,Automatique,,Dédouanée,Occasion,,,Particulier,0610725521,73ae779de5d2b3ebdfba841416ec5a5816ba11996b52859fa8a848c964df7eda,Marrakech,Marrakech-Safi,130000.0,1.0,fiat 500 premier main en très bon état
680526,https://www.moteur.ma/fr/voiture/achat-voiture-occasion/detail-annonce/680526/volkswagen-tiguan.html,moteur,2026-09-27,2026-09-27 23:51:53,vendre voiture très bon état,Volkswagen,Autre,voiture très bon état,2022.0,120.0,Diesel,Automatique,,Dédouanée,Occasion,,,Particulier,0661046784,da24233f0c8146e27404731fb62c613c80e51419fd638f2f7e337d0f84577426,Casablanca,Casablanca-Settat,420000.0,1.0,Tiguan airline
680528,https://www.moteur.ma/fr/voiture/achat-voiture-occasion/detail-annonce/680528/renault-clio.html,moteur,2026-09-27,2026-09-27 23:51:53,libghaha marhba tmobil n9iya bazaf,Renault,Libghaha,marhba tmobil n9iya bazaf,2020.0,148.0,Diesel,Automatique,,Dédouanée,Occasion,,,Particulier,0629625306,014702aa59fbfb0bbefcbc1811c6944b3253e19705f75769c8b565942619ab12,Kenitra,Rabat-Salé-Kénitra,135000.0,1.0,أعرض للبيع سيارة رينو كليو موديل 2020 بحالة جيدة جدا. - محرك ديزل بقوة 6 خ ح. - ناقل حركة أوتوماتيك....
680529,https://www.moteur.ma/fr/voiture/achat-voiture-occasion/detail-annonce/680529/peugeot-208.html,moteur,2026-09-27,2026-09-27 23:51:53,peugeot 208 diesel 2025,Peugeot,208,diesel 2025,2025.0,16500.0,Diesel,Manuelle,6.0,Dédouanée,Occasion,,,Particulier,0661130048,fa915f0fdd5d3e30f610723201f27b4885632e66dd3cfd51b8b585255c86b35f,Casablanca,Casablanca-Settat,170000.0,1.0,je met en vente une peugeot 208 diesel 6cv faible kilometrage premiere main entretien effectué chez...
680530,https://www.moteur.ma/fr/voiture/achat-voiture-occasion/detail-annonce/680530/peugeot-307.html,moteur,2026-09-27,2026-09-27 23:51:53,Peugeot 307 Diesel Manuelle 2008 à Marrakech,Peugeot,307,Diesel Manuelle 2008 à Marrakech,2008.0,300.0,Diesel,Manuelle,,Dédouanée,Occasion,,,Particulier,0785752130,165da3cc67f62b261e77d0d1b014bb6ddf5d52c9a826139396fe7cd360484fc9,Marrakech,Marrakech-Safi,75000.0,1.0,JE MET EN VENT MA VOITUR PEUGOT 307 HDI BON ETAT
680525,https://www.moteur.ma/fr/voiture/achat-voiture-occasion/detail-annonce/680525/renault-r19.html,moteur,2026-09-27,2026-09-27 23:51:53,r 19 tomobil mliha smsara la,Renault,R,19 tomobil mliha smsara la,1993.0,320000.0,Diesel,Manuelle,,Dédouanée,Occasion,,,Particulier,0688798421,76d4b4a077b6b845cfbe4a8e00d2aa3d8e121ef2ae27900e64c0d758ca6ac132,Casablanca,Casablanca-Settat,42000.0,1.0,**** smsara la tomobil ksbiya lmlih
680516,https://www.moteur.ma/fr/voiture/achat-voiture-occasion/detail-annonce/680516/renault-talisman.html,moteur,2026-09-27,2026-09-27 23:51:53,fhohruuhghhhh,Renault,Fhohruuhghhhh,,2019.0,142000.0,Diesel,Automatique,,Dédouanée,Occasion,,,Particulier,0631126811,de6d7bd1f028aa4dd9f3a6cc100b0c6e1541c41054ac2ceab9dd3739fd3ac15e,Casablanca,Casablanca-Settat,190000.0,1.0,fhijggkkjvgjkjjjhhhuf
680517,https://www.moteur.ma/fr/voiture/achat-voiture-occasion/detail-annonce/680517/renault-express.html,moteur,2026-09-27,2026-09-27 23:52:02,Bon express,Renault,Autre,express,2023.0,66000.0,Diesel,Manuelle,,Dédouanée,Occasion,,,Particulier,0662527204,68b2341bb527d36475e0611c2011280cbbbdcf2f7bd009aaaf2f26e93ff12aa9,Settat,Casablanca-Settat,167000.0,1.0,wakala non
680518,https://www.moteur.ma/fr/voiture/achat-voiture-occasion/detail-annonce/680518/dacia-duster.html,moteur,2026-09-27,2026-09-27 23:52:02,Dacia Duster Diesel Manuelle 2018 à Tanger,Dacia,Duster,Diesel Manuelle 2018 à Tanger,2018.0,156000.0,Diesel,Manuelle,,Dédouanée,Occasion,,,Particulier,0687961657,54d9f2daaa6a0246ef71e39b8ccd0953606fbcd76ffedba1b921729afd7db841,Tanger,Tanger-Tétouan-Al Hoceïma,148000.0,1.0,Dacia Duster à vendre model 2018 km 156k tomobil ne9ia li Ando lgharad Marhba
680519,https://www.moteur.ma/fr/voiture/achat-voiture-occasion/detail-annonce/680519/renault-clio.html,moteur,2026-09-27,2026-09-27 23:52:02,تطوان سيارات مستعمله نظيفه,Renault,Clio,,2009.0,152270.0,Diesel,Manuelle,,Dédouanée,Occasion,,,Particulier,0605511204,d91d0db4c68a88d7ced33c7499a2a9b4a8f06d57368df9b48f25489ec2ce84eb,Tetouan,Tanger-Tétouan-Al Hoceïma,58000.0,1.0,رينو كليو موديل 2009 بحالة جيدة جداً للبيع بتطوان.  - عجلات ألمنيوم  - وسائد هوائية  - نوافذ كهربائي...
680520,https://www.moteur.ma/fr/voiture/achat-voiture-occasion/detail-annonce/680520/fiat-punto.html,moteur,2026-09-27,2026-09-27 23:52:02,fiat punto classique للبيع في حالة جيدة جي و شوف,Fiat,Punto,classique,2008.0,280.0,Diesel,Manuelle,,Dédouanée,Occasion,,,Particulier,0641417817,d12ab0fa620cde5898b0e22848d9936cf75040cdfa9fad2270feb56b682c07b8,Casablanca,Casablanca-Settat,590.0,1.0,أعرض للبيع سيارة فيات بونتو كلاسيك بحالة جيدة.  - الماركة: فيات  - الموديل: بونتو  - سنة الموديل: 20...
680521,https://www.moteur.ma/fr/voiture/achat-voiture-occasion/detail-annonce/680521/peugeot-206.html,moteur,2026-09-27,2026-09-27 23:52:02,Peugeot 206 Essence Manuelle 2005 à Kénitra,Peugeot,206,Essence Manuelle 2005 à Kénitra,2005.0,139000.0,Essence,Manuelle,,Dédouanée,Occasion,,,Particulier,0631499819,96b628199440d879a55eb844ed80bf8010bf9cfc97bfb5350bf3051a36305764,Kenitra,Rabat-Salé-Kénitra,50000.0,1.0,Voiture economique et fiable contacter moi au N°Tél:
680504,https://www.moteur.ma/fr/voiture/achat-voiture-occasion/detail-annonce/680504/fiat-uno.html,moteur,2026-09-27,2026-09-27 23:52:02,سيارة اونو للبيع,Fiat,Uno,,1999.0,223.0,Essence,Manuelle,,Dédouanée,Occasion,,,Particulier,0607760427,0b967a885f4f986437ae160dd58c5b7153da7d661457ee84e399e59f82bc5764,Casablanca,Casablanca-Settat,15000.0,1.0,أعرض للبيع سيارة فيات أونو موديل 1999 بحالة لا بأس بها. - عجلات ألمنيوم - مشغل CD/MP3/Bluetooth - قف...
680505,https://www.moteur.ma/fr/voiture/achat-voiture-occasion/detail-annonce/680505/citroen-c5.html,moteur,2026-09-27,2026-09-27 23:52:02,Citroen C5,Citroën,C5,,2009.0,150.0,Diesel,Automatique,,Dédouanée,Occasion,,,Particulier,0667027568,0fbf9dfb508a2af707c5d6358e61221542a00796981c3527c8203a8baaccf5aa,Sale,Rabat-Salé-Kénitra,10200.0,1.0,Citroen C5  tonobil ba9ia jdida w n9ia  a salé
680506,https://www.moteur.ma/fr/voiture/achat-voiture-occasion/detail-annonce/680506/citroen-c-elysee.html,moteur,2026-09-27,2026-09-27 23:52:02,Citroen C-Elysée,Citroën,C-elysée,,2021.0,109.0,Diesel,Manuelle,,Dédouanée,Occasion,,,Particulier,,,Sale,Rabat-Salé-Kénitra,,1.0,Citroen C-Elysée  tonobil ba9ia jdida w n9ia  a salé
680508,https://www.moteur.ma/fr/voiture/achat-voiture-occasion/detail-annonce/680508/volkswagen-caddy.html,moteur,2026-09-27,2026-09-27 23:52:02,سيارة للبيع,Volkswagen,Caddy,,2007.0,300000.0,Diesel,Manuelle,,Dédouanée,Occasion,,,Particulier,,,Taza,Fès-Meknès,,1.0,سيارة كادي للبيع موديل 2007 ديوانة 2012 الصباغة ديال الدار جامي أكسيدون وممكن الروبريز
680509,https://www.moteur.ma/fr/voiture/achat-voiture-occasion/detail-annonce/680509/ford-kuga.html,moteur,2026-09-27,2026-09-27 23:52:02,Ford kuga 2016 automatic,Ford,Kuga,2016 automatic,2016.0,173.0,Diesel,Automatique,,Dédouanée,Occasion,,,Particulier,,,Tiflet,,,1.0,Ford kuga 2016 automatic toute opposition titanium fiable consommation
680510,https://www.moteur.ma/fr/voiture/achat-voiture-occasion/detail-annonce/680510/mercedes-benz-classe-e.html,moteur,2026-09-27,2026-09-27 23:52:02,Mercedes E220,Mercedes-Benz,E220,,2014.0,192000.0,Diesel,Automatique,,Dédouanée,Occasion,,,Particulier,0660534076,fa0f276d27f3f610ee0696202901ba3d91cb262427d6a6af4f11b262a30bbc1b,Rabat,Rabat-Salé-Kénitra,159000.0,1.0,Je vends une Mercedes-Benz Classe E de 2014 en bon état. - Origine : WW au Maroc - Carburant : Diese...
680511,https://www.moteur.ma/fr/voiture/achat-voiture-occasion/detail-annonce/680511/chana-benni.html,moteur,2026-09-27,2026-09-27 23:52:02,ChanaBenni,Chanabenni,Autre,,2009.0,130.0,Essence,Manuelle,,Dédouanée,Occasion,,,Particulier,,,Rabat,Rabat-Salé-Kénitra,,1.0,سيارة مستعملة للبيع
680503,https://www.moteur.ma/fr/voiture/achat-voiture-occasion/detail-annonce/680503/toyota-land-cruiser.html,moteur,2026-09-27,2026-09-27 23:52:02,Toyota Land Cruiser,Toyota,Cruiser,,2010.0,170000.0,Diesel,Automatique,,Dédouanée,Occasion,,,Particulier,0691934593,83a3ecb7faba972f8f50ad36c933c200bf6e7dfeee1f1880527a5c27088581a8,Agadir,Souss-Massa,200000.0,1.0,Voiture luxe gamme Voiture circulation juste en ville Jamais off road Entretien la maison Peinture o...
680513,https://www.moteur.ma/fr/voiture/achat-voiture-occasion/detail-annonce/680513/renault-clio.html,moteur,2026-09-27,2026-09-27 23:52:02,Renault Clio,Renault,Clio,,2019.0,164.0,Diesel,Automatique,,Dédouanée,Occasion,,,Particulier,,,Safi,Marrakech-Safi,,1.0,لي مهتم مرحبا
680514,https://www.moteur.ma/fr/voiture/achat-voiture-occasion/detail-annonce/680514/renault-megane.html,moteur,2026-09-27,2026-09-27 23:52:02,Renault Scénic,Renault,Scénic,,1997.0,380000.0,Diesel,Manuelle,,Dédouanée,Occasion,,,Particulier,0662119149,6b7a3a79b63dc248e2de8e180672433971dca81e9359f8548c836c1dedce2292,Autre,,60000.0,1.0,Renault Scénic diesel très bon état model 97 diwana 2009 moteur DTI climatisation vitré électrique c...
680515,https://www.moteur.ma/fr/voiture/achat-voiture-occasion/detail-annonce/680515/dacia-duster.html,moteur,2026-09-27,2026-09-27 23:52:02,DACIA DUSTER 2021 AUTOMATIQUE,Dacia,Duster,2021 AUTOMATIQUE,2021.0,130000.0,Diesel,Automatique,,Dédouanée,Occasion,,,Particulier,0760027205,343d2a034ba122cdbed543e1bc412295390332d8ec3071c49158da64fbc59bf4,Autre,,185000.0,1.0,للبيع سيارة داسيا داستر موديل 2021 بحالة جيدة. - عجلات ألمنيوم - تكييف - رادار خلفي - كاميرا خلفية -...
680500,https://www.moteur.ma/fr/voiture/achat-voiture-occasion/detail-annonce/680500/bmw-x1.html,moteur,2026-09-27,2026-09-27 23:52:11,BMW X1 Essence Manuelle 2011 à Tanger,BMW,X1,Essence Manuelle 2011 à Tanger,2011.0,269000.0,Essence,Manuelle,,Dédouanée,Occasion,,,Particulier,0663685402,3e40638b044786fd4978a49184ee51631686f139790921abb635472110a3cfd7,Tanger,Tanger-Tétouan-Al Hoceïma,110000.0,1.0,"​À vendre, magnifique BMW X1 année 2011 en très bon état général. Véhicule propre, élégant et très a..."
680499,https://www.moteur.ma/fr/voiture/achat-voiture-occasion/detail-annonce/680499/bmw-serie-1.html,moteur,2026-09-27,2026-09-27 23:52:11,bmw s1 2011,BMW,S1,2011,2011.0,280000.0,Diesel,Automatique,,Dédouanée,Occasion,,,Particulier,0646269621,3606b00c6a23ff6939aa16856614ca209d54629888e1ff26e19fc8e339cff05b,Casablanca,Casablanca-Settat,115000.0,1.0,أعرض للبيع سيارة بي ام دبليو سيري 1 موديل 2011 في الدار البيضاء.  - الماركة: بي ام دبليو - الموديل:...
680501,https://www.moteur.ma/fr/voiture/achat-voiture-occasion/detail-annonce/680501/volkswagen-tiguan.html,moteur,2026-09-27,2026-09-27 23:52:11,tiguan 2019,Volkswagen,Tiguan,2019,2019.0,183.0,Diesel,Automatique,,Dédouanée,Occasion,,,Particulier,0668935942,ff5fa90bbefdbc4f60c5154f13e2450d98ca30a4dd66758990bdf2949f797d76,Khouribga,Béni Mellal-Khénifra,300000.0,1.0,À vendre Volkswagen Tiguan de 2019 en excellent état. - Marque : Volkswagen - Modèle : Tiguan - Anné...
680502,https://www.moteur.ma/fr/voiture/achat-voiture-occasion/detail-annonce/680502/volkswagen-tiguan.html,moteur,2026-09-27,2026-09-27 23:52:11,vente de voiture,Volkswagen,Autre,de voiture,2020.0,132.0,Essence,Manuelle,,Dédouanée,Occasion,,,Particulier,0672584891,9f8c3e75af89130d5f754d1150ba4f3d10717a2b6f764ed16f5d78e390bacd49,Sidi,Rabat-Salé-Kénitra,240000.0,1.0,"Je vends une Volkswagen Tiguan de 2020 en très bon état, première main. - Jantes aluminium - Airbags..."
680490,https://www.moteur.ma/fr/voiture/achat-voiture-occasion/detail-annonce/680490/skoda-octavia.html,moteur,2026-09-27,2026-09-27 23:52:11,voiture skoda octavia,Skoda,Voiture,octavia,2020.0,190000.0,Diesel,Automatique,,Dédouanée,Occasion,,,Particulier,0782567649,c46278f2b01c3ef85eeb692694156624278b280c28bfe3745a0e0267e7a4e4a1,Kenitra,Rabat-Salé-Kénitra,200000.0,1.0,Je vends une Skoda Octavia en excellent état. - Année-Modèle : 2020 - Carburant : Diesel - Boîte de...
680491,https://www.moteur.ma/fr/voiture/achat-voiture-occasion/detail-annonce/680491/seat-leon.html,moteur,2026-09-27,2026-09-27 23:52:11,Seat Leon Diesel Manuelle 2018 à Rabat,Seat,Leon,Diesel Manuelle 2018 à Rabat,2018.0,190000.0,Diesel,Manuelle,,Dédouanée,Occasion,,,Particulier,0600156601,9a7fd660786ba5d33fada97c14bb98171eb753c6293fc77f18a90f9a6791177b,Rabat,Rabat-Salé-Kénitra,157000.0,1.0,Je vends une Seat Leon Diesel Manuelle de 2018 en excellent état. - Kilométrage : 190 000 km - Jante...
680492,https://www.moteur.ma/fr/voiture/achat-voiture-occasion/detail-annonce/680492/seat-leon.html,moteur,2026-09-27,2026-09-27 23:52:11,تطوان اسفي,Seat,Leon,,2006.0,20000.0,Essence,Manuelle,,Dédouanée,Occasion,,,Particulier,0690719667,489884ead5d191a4abff7f101145c7e414c407c8f536f0f61083455d22233483,Safi,Marrakech-Safi,550000.0,1.0,أعرض للبيع سيارة سيات ليون موديل 2006 بحالة ممتازة. - عجلات ألمنيوم - تكييف - نوافذ كهربائية - محدد...
680493,https://www.moteur.ma/fr/voiture/achat-voiture-occasion/detail-annonce/680493/citroen-berlingo.html,moteur,2026-09-27,2026-09-27 23:52:11,Citroen berlingo 2017,Citroën,Berlingo,2017,2017.0,138000.0,Diesel,Manuelle,,Dédouanée,Occasion,,,Particulier,0629273032,2f7c9990481a1f474d3599600f7cddad1750effb0926d8cdbd15ab9aef3b8d6e,Casablanca,Casablanca-Settat,127000.0,1.0,voiture en excellent état
680494,https://www.moteur.ma/fr/voiture/achat-voiture-occasion/detail-annonce/680494/citroen-c1.html,moteur,2026-09-27,2026-09-27 23:52:11,c1 à vendre.,Citroën,C1,à vendre.,2009.0,200000.0,Essence,Manuelle,,Dédouanée,Occasion,,,Particulier,0621712715,23f6eb9c2b9e189f86067528ba2d126746fe6d8668257aa7c1de9055b94f181a,Fes,Fès-Meknès,59000.0,1.0,Citroën c1 à vendre très bon état
680496,https://www.moteur.ma/fr/voiture/achat-voiture-occasion/detail-annonce/680496/peugeot-107.html,moteur,2026-09-27,2026-09-27 23:52:11,Peugeot 107  2011,Peugeot,107,2011,2011.0,150000.0,Essence,Manuelle,,Dédouanée,Occasion,,,Particulier,0779632138,4b73cc3964636b37cc7db01c51a25b7f7fc09373a4e584c3461b8e5661b42687,Casablanca,Casablanca-Settat,53000.0,1.0,Tomobile mamdrobach o nqya li bghaha yji ychofha
680495,https://www.moteur.ma/fr/voiture/achat-voiture-occasion/detail-annonce/680495/seat-leon.html,moteur,2026-09-27,2026-09-27 23:52:11,تطوان اسفي,Seat,Leon,,2006.0,200000.0,Essence,Manuelle,,Dédouanée,Occasion,,,Particulier,0690719667,489884ead5d191a4abff7f101145c7e414c407c8f536f0f61083455d22233483,Safi,Marrakech-Safi,550000.0,1.0,سيارة سيات ليون موديل 2006 للبيع بحالة ممتازة. - عجلات ألمنيوم - تكييف - نوافذ كهربائية - تحكم أوتوم...
680497,https://www.moteur.ma/fr/voiture/achat-voiture-occasion/detail-annonce/680497/renault-express.html,moteur,2026-09-27,2026-09-27 23:52:11,Renault Express Diesel Manuelle 2022 à Casablanca,Renault,Express,Diesel Manuelle 2022 à Casablanca,2022.0,87.0,Diesel,Manuelle,,Dédouanée,Occasion,,,Particulier,0631145867,85e81119d890739fe2a67115bbe082e9b7a416359ff64677387fd4492a561163,Casablanca,Casablanca-Settat,165000.0,1.0,À vendre : Renault Express modèle 2022 en excellent état. - Kilométrage : 87 km - Carburant : Diesel...
680487,https://www.moteur.ma/fr/voiture/achat-voiture-occasion/detail-annonce/680487/seat-leon.html,moteur,2026-09-27,2026-09-27 23:52:11,تطوان اسفي,Seat,Leon,,2006.0,200000.0,Essence,Manuelle,,Dédouanée,Occasion,,,Particulier,0690719667,489884ead5d191a4abff7f101145c7e414c407c8f536f0f61083455d22233483,Safi,Marrakech-Safi,550000.0,1.0,أعرض للبيع سيارة سيات ليون موديل 2006 بحالة جيدة جدا. - عجلات ألمنيوم - تكييف - نوافذ كهربائية - تحك...
680488,https://www.moteur.ma/fr/voiture/achat-voiture-occasion/detail-annonce/680488/dacia-duster.html,moteur,2026-09-27,2026-09-27 23:52:11,dacia duster 2021,Dacia,Duster,2021,2021.0,155000.0,Diesel,Automatique,,Dédouanée,Occasion,,,Particulier,0642289786,6fb56a29e2ac68d992b5130b848f916a010e5f935ff7838e35d7cfc14fda9ff6,Casablanca,Casablanca-Settat,165000.0,1.0,"dacia duster 2021 , 155000 km"
680489,https://www.moteur.ma/fr/voiture/achat-voiture-occasion/detail-annonce/680489/hyundai-i30.html,moteur,2026-09-27,2026-09-27 23:52:11,Hyundai i30 model 2022 boite automatique,Hyundai,I30,model 2022 boite automatique,2022.0,89000.0,Diesel,Automatique,,Dédouanée,Occasion,,,Particulier,0662059060,d56a3daf297b890e9363d6e366b6c113181d17ed18ef22b1a31618357e57f91e,Fes,Fès-Meknès,235000.0,1.0,"Je met ma Hyundai i30 Gls model 2022  , Diesel,  boite de vitesse Automtique DCT 7 rapports , Full o..."
680477,https://www.moteur.ma/fr/voiture/achat-voiture-occasion/detail-annonce/680477/fiat-palio.html,moteur,2026-09-27,2026-09-27 23:52:19,vente voiture Fiat pali esence,Fiat,Autre,voiture pali esence,2000.0,260000.0,Essence,Manuelle,,Dédouanée,Occasion,,,Particulier,0787162928,d3999d5150b3f9dd3ec1df206ffb57b8ebb7682805095960feae73f681047c84,Autre,,33000.0,1.0,fiat pali essence a vendre
680478,https://www.moteur.ma/fr/voiture/achat-voiture-occasion/detail-annonce/680478/peugeot-301.html,moteur,2026-09-27,2026-09-27 23:52:19,peugeot 301 2014,Peugeot,301,2014,2014.0,150000.0,Diesel,Manuelle,,Dédouanée,Occasion,,,Particulier,0779878201,d1364e6032146de4a94a86842bd27e400149360b766925ff699a19df5c553274,Casablanca,Casablanca-Settat,75000.0,1.0,tomobile nqya jamajs accedent
680479,https://www.moteur.ma/fr/voiture/achat-voiture-occasion/detail-annonce/680479/volkswagen-caddy.html,moteur,2026-09-27,2026-09-27 23:52:19,Volkswagen Caddy Diesel Manuelle 2022 à Casablanca,Volkswagen,Caddy,Diesel Manuelle 2022 à Casablanca,2022.0,81000.0,Diesel,Manuelle,,Dédouanée,Occasion,,,Particulier,0771292291,d26108d21ca7f3c6ca8af07cb1a5a65bf19bcfbe0332f5b1b67bed0462d9af3f,Casablanca,Casablanca-Settat,280000.0,1.0,"volksvagen caddy manuelle de 2022  en excellent état 2eme Main , origine WW Maroc  double coulisse K..."
680480,https://www.moteur.ma/fr/voiture/achat-voiture-occasion/detail-annonce/680480/renault-clio.html,moteur,2026-09-27,2026-09-27 23:52:19,renaut clio classique,Renault,Renaut,clio classique,2007.0,277000.0,Essence,Manuelle,,Dédouanée,Occasion,,,Particulier,0762026912,744737d11276c31d4381fbef2b8d112aed6c67a1e50de33096d897f6144cf8ce,Agadir,Souss-Massa,45000.0,1.0,renaut clio classique bon etat à agadir
680481,https://www.moteur.ma/fr/voiture/achat-voiture-occasion/detail-annonce/680481/volkswagen-corrado.html,moteur,2026-09-27,2026-09-27 23:52:19,molay driss zarhon,Volkswagen,Molay,driss zarhon,1981.0,3000.0,Essence,Manuelle,,Dédouanée,Occasion,,,Particulier,0697425781,1279960cf6458ca0f8dd5af9e83446d92266b0f998870e82228b3d7d72591f45,Meknes,Fès-Meknès,15000.0,1.0,في حالة جيدة
680482,https://www.moteur.ma/fr/voiture/achat-voiture-occasion/detail-annonce/680482/mercedes-benz-220.html,moteur,2026-09-27,2026-09-27 23:52:19,مريسديس بنز للبيع,Mercedes-Benz,220,,2009.0,300.0,Diesel,Manuelle,,Dédouanée,Occasion,,,Particulier,0717561698,b8fdf20cdaa47c0395771f1c22d4e59ff58ba9f4b4d0165f2a19bcef59b5120e,Midelt,,1200000.0,1.0,لي مهتهم
680483,https://www.moteur.ma/fr/voiture/achat-voiture-occasion/detail-annonce/680483/peugeot-307.html,moteur,2026-09-27,2026-09-27 23:52:19,Peugeot 307 Essence Manuelle 2003 à Salé,Peugeot,307,Essence Manuelle 2003 à Salé,2003.0,300000.0,Essence,Manuelle,,Dédouanée,Occasion,,,Particulier,0725617108,5143936f6d1ba59d00a1fd0cf02268b3dd948a9adb9cd38917972cd06d22d28f,Sale,Rabat-Salé-Kénitra,50000.0,1.0,Peugeot 307 modele 2003 deouane 2007 lichari marhba
680484,https://www.moteur.ma/fr/voiture/achat-voiture-occasion/detail-annonce/680484/toyota-hilux.html,moteur,2026-09-27,2026-09-27 23:52:19,Toyota Hilux Diesel Manuelle 2015 à Kénitra,Toyota,Hilux,Diesel Manuelle 2015 à Kénitra,2015.0,300000.0,Diesel,Manuelle,,Dédouanée,Occasion,,,Particulier,0766484994,b44ccb7f09d96f764790525717e1ab539fe5fc3ae5fc127d82b3083af049eab8,Kenitra,Rabat-Salé-Kénitra,170000.0,1.0,TOYOTA HILUX 2015 INTERCOOLER JAMAIS ACCIDENTE LA PAINTURE ORIGAINALE 4PNO NEUF SON INTERMAIDAIRE
680486,https://www.moteur.ma/fr/voiture/achat-voiture-occasion/detail-annonce/680486/ford-fiesta.html,moteur,2026-09-27,2026-09-27 23:52:19,فيستا تراند بلوس,Ford,Fiesta,,2009.0,234.0,Essence,Manuelle,,Dédouanée,Occasion,,,Particulier,0611768290,638670117d6a567c7506e8d48df7e26aa74558be62120ba47d86fb932825926b,Autre,,66000.0,1.0,نص عمارة الزاج الأمامي كهربائي  المرايا الجانبية كهربائية  البلوتوث  جنط المنيوم
680485,https://www.moteur.ma/fr/voiture/achat-voiture-occasion/detail-annonce/680485/toyota-corolla.html,moteur,2026-09-27,2026-09-27 23:52:19,Toyota corolle à vendre,Toyota,Corolle,à vendre,2015.0,177000.0,Diesel,Manuelle,,Dédouanée,Occasion,,,Particulier,0661945268,04c61db6bf5fc2dde038fae4635f7636eee9b950f9d6a59fbc35630f92f3a082,Casablanca,Casablanca-Settat,142000.0,1.0,Je vends ma Toyota Corolla de 2015 en excellent état. - Marque : Toyota - Modèle : Corolla - Année-M...
680458,https://www.moteur.ma/fr/voiture/achat-voiture-occasion/detail-annonce/680458/honda-jazz.html,moteur,2026-09-27,2026-09-27 23:52:19,Honda Jazz 2010,Honda,Jazz,2010,2010.0,250000.0,Essence,Manuelle,,Dédouanée,Occasion,,,Particulier,,,Oujda,Oriental,,1.0,Model 2010 - darba 250k km - première main
680459,https://www.moteur.ma/fr/voiture/achat-voiture-occasion/detail-annonce/680459/toyota-rav-4.html,moteur,2026-09-27,2026-09-27 23:52:19,تيوتا راف 4,Toyota,4,,2010.0,300.0,Diesel,Manuelle,2.0,Dédouanée,Occasion,,,Professionnel,0636999843,c3666a997cca2b83e7d82966e8de3863f893a628ac4b089fdb50dfcc1a3caccb,Casablanca,Casablanca-Settat,60000.0,1.0,للبيع سيارة تويوتا راف 4 موديل 2010 بحالة جيدة جدا. - الماركة: تويوتا - الموديل: راف 4 - سنة الموديل...
680460,https://www.moteur.ma/fr/voiture/achat-voiture-occasion/detail-annonce/680460/peugeot-206.html,moteur,2026-09-27,2026-09-27 23:52:27,Peugeot 206 Essence Manuelle 2005 à Kénitra,Peugeot,206,Essence Manuelle 2005 à Kénitra,2005.0,139000.0,Essence,Manuelle,,Dédouanée,Occasion,,,Particulier,0631499819,96b628199440d879a55eb844ed80bf8010bf9cfc97bfb5350bf3051a36305764,Kenitra,Rabat-Salé-Kénitra,50000.0,1.0,voiture economique et fiable ****
680462,https://www.moteur.ma/fr/voiture/achat-voiture-occasion/detail-annonce/680462/renault-megane.html,moteur,2026-09-27,2026-09-27 23:52:27,Renault Megane,Renault,Megane,,2020.0,167.0,Diesel,Automatique,,Dédouanée,Occasion,,,Particulier,,,Safi,Marrakech-Safi,,1.0,لي مهتم مرحبا
680463,https://www.moteur.ma/fr/voiture/achat-voiture-occasion/detail-annonce/680463/hyundai-accent.html,moteur,2026-09-27,2026-09-27 23:52:27,Hyundai Accent Diesel Manuelle 2019 à Casablanca,Hyundai,Accent,Diesel Manuelle 2019 à Casablanca,2019.0,167000.0,Diesel,Manuelle,,Dédouanée,Occasion,,,Particulier,0604915166,789edde1c2a91f6d2f0da3bde4c6b831c5d096848e414384ef047a9f08cd5d43,Casablanca,Casablanca-Settat,120000.0,1.0,Je vends ma Hyundai Accent Diesel Manuelle de 2019. - Kilométrage : 167 000 km - Vitres électriques...
680464,https://www.moteur.ma/fr/voiture/achat-voiture-occasion/detail-annonce/680464/hyundai-tucson.html,moteur,2026-09-27,2026-09-27 23:52:27,Tucson 2020 1ere main A vendre,Hyundai,Tucson,2020 1ere main A vendre,2020.0,142000.0,Diesel,Automatique,,Dédouanée,Occasion,,,Particulier,0661475360,bc5571421b924b1995ee215e8801472eabce21239d8bc36e658c758483dac2e5,Tanger,Tanger-Tétouan-Al Hoceïma,255000.0,1.0,"Je vends cette Hyundai Tucson de 2020, première main, en excellent état. - Jantes aluminium - Airbag..."
680465,https://www.moteur.ma/fr/voiture/achat-voiture-occasion/detail-annonce/680465/nissan-magnite.html,moteur,2026-09-27,2026-09-27 23:52:27,mohamadiya,Nissan,Mohamadiya,,2026.0,5000.0,Essence,Automatique,,Dédouanée,Occasion,,,Particulier,0687545090,e1de83db4023936dfa1ac685436dbf8e57186bfdfa7b3f9f5f406e773d78eb37,Mohammedia,Casablanca-Settat,20000.0,1.0,sayara jdida
680466,https://www.moteur.ma/fr/voiture/achat-voiture-occasion/detail-annonce/680466/audi-a4.html,moteur,2026-09-27,2026-09-27 23:52:27,Audi A 4.,Audi,A,4.,2016.0,170.0,Diesel,Automatique,,Dédouanée,Occasion,,,Particulier,0607953997,73a4c5e407f94990c0d64f7362ff22ebe71bc72ff7b2857f0e94cdf658e12134,Marrakech,Marrakech-Safi,165.0,1.0,أعرض للبيع سيارة أودي A4 موديل 2016 بحالة ممتازة. - محرك ديزل، ناقل حركة أوتوماتيك، 4 خيول ضريبية. -...
680469,https://www.moteur.ma/fr/voiture/achat-voiture-occasion/detail-annonce/680469/toyota-corolla.html,moteur,2026-09-27,2026-09-27 23:52:27,Toyota Corolla Diesel Manuelle 2014 à Temara,Toyota,Corolla,Diesel Manuelle 2014 à Temara,2014.0,245000.0,Diesel,Manuelle,,Dédouanée,Occasion,,,Particulier,0663317524,af48d2a51f27450635b7ff6dce6857f6807f43bfb7fde69db2c1ac5787d35c9e,Temara,Rabat-Salé-Kénitra,130000.0,1.0,Je vends une Toyota Corolla Diesel Manuelle de 2014 en excellent état. - Kilométrage : 245 000 km -...
680470,https://www.moteur.ma/fr/voiture/achat-voiture-occasion/detail-annonce/680470/porsche-cayenne.html,moteur,2026-09-27,2026-09-27 23:52:27,Porsche Cayenne 470cv,Porsche,Cayenne,470cv,2025.0,28000.0,Hybride,Automatique,,Dédouanée,Occasion,,,Particulier,0620565313,14abbc685ed8ad49631659e83e769de6a9a0ecd057b3932f7d5a72ba10e0a4e2,Marrakech,Marrakech-Safi,1250000.0,1.0,Je mets en vente une Porsche Cayenne 470cv en excellent état. - Marque : Porsche - Modèle : Cayenne...
680471,https://www.moteur.ma/fr/voiture/achat-voiture-occasion/detail-annonce/680471/mercedes-benz-classe-cla.html,moteur,2026-09-27,2026-09-27 23:52:27,Mercedes Benz cla 200,Mercedes-Benz,Cla,200,2020.0,190.0,Diesel,Automatique,,Dédouanée,Occasion,,,Particulier,0624258654,28608fdf50545693347e65d687b9d1aaf1210a37f72e1bf91014a20be63ad2d7,Khouribga,Béni Mellal-Khénifra,37000.0,1.0,Mercedes Benz cla 2020 ded 2026/09
680472,https://www.moteur.ma/fr/voiture/achat-voiture-occasion/detail-annonce/680472/porsche-panamera.html,moteur,2026-09-27,2026-09-27 23:52:27,Porsche Panamera Essence Automatique 2010,Porsche,Panamera,Essence Automatique 2010,2010.0,93853.0,Essence,Automatique,,Dédouanée,Occasion,,,Particulier,0665466877,36b3fdcb5fb7ec216da627e2abf71682836f7e24070ee741d8034b673155d8f8,Marrakech,Marrakech-Safi,160000.0,1.0,Je vends une Porsche Panamera Essence Automatique de 2010 en excellent état. - Kilométrage : 93 853...
680473,https://www.moteur.ma/fr/voiture/achat-voiture-occasion/detail-annonce/680473/seat-ateca.html,moteur,2026-09-27,2026-09-27 23:52:27,seat a vendre,Seat,A,vendre,2021.0,156.0,Diesel,Automatique,,Dédouanée,Occasion,,,Particulier,0670632157,e540fae3c27b9e5bc36f92bf62dde05fc6b79d271a9e7d6de702d0f81ea342b1,Casablanca,Casablanca-Settat,300000.0,1.0,diwana Marrakech 2026
680474,https://www.moteur.ma/fr/voiture/achat-voiture-occasion/detail-annonce/680474/hyundai-tucson.html,moteur,2026-09-27,2026-09-27 23:52:27,tucson  bonne,Hyundai,Tucson,bonne,2008.0,178.0,Diesel,Manuelle,,Dédouanée,Occasion,,,Particulier,,,Al,Casablanca-Settat,,1.0,هيونداي توسون موديل 2008 للبيع بحالة جيدة جدا. - عجلات ألمنيوم - تكييف - نوافذ كهربائية - محرك ديزل...
680475,https://www.moteur.ma/fr/voiture/achat-voiture-occasion/detail-annonce/680475/peugeot-208.html,moteur,2026-09-27,2026-09-27 23:52:27,mmmmmmmmmmmm,Peugeot,Mmmmmmmmmmmm,,2018.0,55.0,Diesel,Manuelle,,Dédouanée,Occasion,,,Particulier,,,Tanger,Tanger-Tétouan-Al Hoceïma,,1.0,للبيع سيارة بيجو 208 موديل 2018 بحالة جيدة. - عجلات ألمنيوم - فتحة سقف - كاميرا خلفية - الماركة: بيج...
680476,https://www.moteur.ma/fr/voiture/achat-voiture-occasion/detail-annonce/680476/renault-express.html,moteur,2026-09-27,2026-09-27 23:52:27,رونو اكسبريس,Renault,Express,,2025.0,7000.0,Diesel,Manuelle,,Dédouanée,Occasion,,,Particulier,0696977724,19bafd7d0861b0d1168dda68aba6c2fb520a53903b3e675ba2d12380f3085ddf,Meknes,Fès-Meknès,180000.0,1.0,باقا جديدة
680437,https://www.moteur.ma/fr/voiture/achat-voiture-occasion/detail-annonce/680437/bmw-serie-5.html,moteur,2026-09-27,2026-09-27 23:52:27,BMW 520d état irréprochable,BMW,520D,état irréprochable,2022.0,68000.0,Diesel,Automatique,,Dédouanée,Occasion,,,Particulier,0661181895,830532907abe50b2cb1bae943287a54790970028b8af9e3cb9782b4d617b6f77,Casablanca,Casablanca-Settat,420000.0,1.0,"Je propose à la vente une BMW Série 5 520d de 2022, en excellent état. - Origine WW au Maroc - Boite..."
680438,https://www.moteur.ma/fr/voiture/achat-voiture-occasion/detail-annonce/680438/ford-kuga.html,moteur,2026-09-27,2026-09-27 23:52:27,"ford kuga model 2022,",Ford,Kuga,model 2022,2022.0,69000.0,Diesel,Automatique,,Dédouanée,Occasion,,,Particulier,0611926113,84a7c072fce77c92569d9b4f9dc7ba9e1bf86f08a5e263c92e7afc1d188be2fb,Fes,Fès-Meknès,260000.0,1.0,"ford kuga, model 2022, kilométrage 690000 km"
680439,https://www.moteur.ma/fr/voiture/achat-voiture-occasion/detail-annonce/680439/renault-kangoo.html,moteur,2026-09-27,2026-09-27 23:52:27,النمره 0️⃣7️⃣0️⃣9️⃣7️⃣4️⃣4️⃣0️⃣1️⃣9️⃣,Renault,0,7 0 9 7 4 4 0 1 9,2017.0,214000.0,Diesel,Manuelle,,Dédouanée,Occasion,,,Particulier,,,Beni,Béni Mellal-Khénifra,,1.0,أعرض للبيع رونو كانغو موديل 2017 بحالة جيدة. - نوافذ كهربائية - قوة جبائية 6 خ - نوع الوقود ديزل - ن...
680440,https://www.moteur.ma/fr/voiture/achat-voiture-occasion/detail-annonce/680440/bmw-serie-5.html,moteur,2026-09-27,2026-09-27 23:52:27,bmw serie 5 en vente,BMW,Serie,5 en vente,2022.0,72000.0,Diesel,Automatique,,Dédouanée,Occasion,,,Particulier,0661643755,de5d0b386606bb3cd123cfb453dbd7d589161ab56d763e06748998f2152be23c,Rabat,Rabat-Salé-Kénitra,420000.0,1.0,Je mets en vente une BMW Série 5 de 2022 en excellent état. - Marque : BMW - Modèle : Série 5 - Anné...
680441,https://www.moteur.ma/fr/voiture/achat-voiture-occasion/detail-annonce/680441/infiniti-fx35.html,moteur,2026-09-27,2026-09-27 23:52:27,FX 35 a vendre,Infiniti,Fx,35 a vendre,2009.0,55600.0,Essence,Automatique,,Dédouanée,Occasion,,,Particulier,0672117111,b3a190f8f94326a8834b80eefdd614836fbd89f8709eb9f3249692f8f6098502,Casablanca,Casablanca-Settat,110000.0,1.0,Je vends une Infiniti FX35 de 2009 en très bon état. faible kilometrage Contactez-moi pour plus d&#039;in...
680442,https://www.moteur.ma/fr/voiture/achat-voiture-occasion/detail-annonce/680442/infiniti-fx35.html,moteur,2026-09-27,2026-09-27 23:52:27,Infinity FX 35,Infiniti,Infinity,FX 35,2009.0,55600.0,Essence,Automatique,2.0,Dédouanée,Occasion,,,Professionnel,0672117111,b3a190f8f94326a8834b80eefdd614836fbd89f8709eb9f3249692f8f6098502,Casablanca,Casablanca-Settat,110000.0,1.0,"Je propose à la vente une Infiniti FX35 de 2009 en très bon état, et très faible Kilometrage.  Conta..."
680443,https://www.moteur.ma/fr/voiture/achat-voiture-occasion/detail-annonce/680443/volkswagen-polo.html,moteur,2026-09-27,2026-09-27 23:52:36,0616998525,Volkswagen,0616998525,,2011.0,195.0,Diesel,Manuelle,,Dédouanée,Occasion,,,Particulier,0616998525,73d9dab6b6352f9b4659add9501133ae96ec5c2533f7c044101b50a88fff235e,Errachidia,Drâa-Tafilalet,88.0,1.0,سيارة زوينا او قتصادية
680445,https://www.moteur.ma/fr/voiture/achat-voiture-occasion/detail-annonce/680445/skoda-octavia.html,moteur,2026-09-27,2026-09-27 23:52:36,Skoda Octavia Diesel Automatique 2019 à Agadir,Skoda,Octavia,Diesel Automatique 2019 à Agadir,2019.0,111000.0,Diesel,Automatique,,Dédouanée,Occasion,,,Particulier,,,Agadir,Souss-Massa,,1.0,Je vends une Skoda en excellent état. - Kilométrage : 111 000 km - Année-Modèle : 2019 - Puissance f...
680444,https://www.moteur.ma/fr/voiture/achat-voiture-occasion/detail-annonce/680444/peugeot-206.html,moteur,2026-09-27,2026-09-27 23:52:36,Peugeot 206 Plus HDi Diesel en bon état.,Peugeot,206,Plus HDi Diesel en bon état.,2012.0,210000.0,Diesel,Manuelle,,Dédouanée,Occasion,,,Particulier,0670909217,f9dd474a1f4470984d028b6505294d3ef32130e1c1f5aa6e2277e23e8241e823,Agadir,Souss-Massa,76000.0,1.0,"Peugeot 206 Plus HDi Diesel en bon état. Véhicule bien entretenu, économique et fiable. Fermeture ce..."
680446,https://www.moteur.ma/fr/voiture/achat-voiture-occasion/detail-annonce/680446/volkswagen-passat.html,moteur,2026-09-27,2026-09-27 23:52:36,سيارة مستعملة للبيع,Volkswagen,Passat,,2015.0,200.0,Essence,Automatique,,Dédouanée,Occasion,,,Particulier,0700367411,78a90e6bac960e3fd1da3a2e390a580f521e4914767d0e30017c66ce765de8bf,El,Casablanca-Settat,13200.0,1.0,للبيع سيارة فولكس فاجن باسات موديل 2015 بحالة جيدة. - ناقل الحركة: أوتوماتيك - نوع الوقود: بنزين - ا...
680447,https://www.moteur.ma/fr/voiture/achat-voiture-occasion/detail-annonce/680447/peugeot-206.html,moteur,2026-09-27,2026-09-27 23:52:36,Peugeot 206 plus HDi Diesel – Bon état,Peugeot,206,plus HDi Diesel Bon état,2012.0,210000.0,Diesel,Manuelle,,Dédouanée,Occasion,,,Particulier,0670909217,f9dd474a1f4470984d028b6505294d3ef32130e1c1f5aa6e2277e23e8241e823,Agadir,Souss-Massa,76000.0,1.0,"Peugeot 206 Plus HDi Diesel en bon état. Véhicule bien entretenu, économique et fiable. Fermeture ce..."
680449,https://www.moteur.ma/fr/voiture/achat-voiture-occasion/detail-annonce/680449/skoda-kodiaq.html,moteur,2026-09-27,2026-09-27 23:52:36,kenitra saknia,Skoda,Autre,saknia,2023.0,14000.0,Diesel,Automatique,,Dédouanée,Occasion,,,Particulier,0615025213,d7cb94dc8f1b8b35a1eea79458841b8e8f217199cff5e94ffc8210a5165edbad,Kenitra,Rabat-Salé-Kénitra,300000.0,1.0,"À vendre Skoda Kodiaq de 2023 en très bon état, première main. - Boite de vitesses Automatique - Car..."
680448,https://www.moteur.ma/fr/voiture/achat-voiture-occasion/detail-annonce/680448/dacia-duster.html,moteur,2026-09-27,2026-09-27 23:52:36,Dacia Duster 2023,Dacia,Duster,2023,2023.0,49417.0,Diesel,Manuelle,,Dédouanée,Occasion,,,Particulier,0672575725,c87916acf09277a4707aebe147f4c89e9e06e6539d9e196680b2ceb9ed555aac,Tetouan,Tanger-Tétouan-Al Hoceïma,198000.0,1.0,Dacia Duster 2023 premier main darba ta9riban 50000km ba9a jdida sti3ml Wahid li bra xi haja marhba
680450,https://www.moteur.ma/fr/voiture/achat-voiture-occasion/detail-annonce/680450/fiat-fiorino.html,moteur,2026-09-27,2026-09-27 23:52:36,موجودة في مدينة تطوان,Fiat,Fiorino,,2014.0,196.0,Diesel,Manuelle,,Dédouanée,Occasion,,,Particulier,0633717748,c2885bf8cea1b10663381c0fef7950f4fee7a7217827b3e5dd94db984a2734d7,Tetouan,Tanger-Tétouan-Al Hoceïma,78000.0,1.0,أعرض للبيع سيارة فيات فيورينو موديل 2014 بحالة ممتازة. - نوع الوقود: ديزل - ناقل الحركة: يدوي - القو...
680452,https://www.moteur.ma/fr/voiture/achat-voiture-occasion/detail-annonce/680452/volkswagen-e-golf.html,moteur,2026-09-27,2026-09-27 23:52:36,twareg mzal jdida,Volkswagen,Twareg,mzal jdida,2020.0,130.0,Diesel,Automatique,,Dédouanée,Occasion,,,Particulier,,,Mohammedia,Casablanca-Settat,,1.0,li braha mrhba tomobil mfihach no9ta sbara
680453,https://www.moteur.ma/fr/voiture/achat-voiture-occasion/detail-annonce/680453/peugeot-206.html,moteur,2026-09-27,2026-09-27 23:52:36,Peugeot 206 plus disel Hdi très bon état.,Peugeot,206,plus disel Hdi très bon état.,2012.0,210000.0,Diesel,Manuelle,,Dédouanée,Occasion,,,Particulier,0670909217,f9dd474a1f4470984d028b6505294d3ef32130e1c1f5aa6e2277e23e8241e823,Agadir,Souss-Massa,76000.0,1.0,"Peugeot 206+ Diesel HDi en très bon état, bien entretenue. Moteur économique et fiable. Véhicule pro..."
680455,https://www.moteur.ma/fr/voiture/achat-voiture-occasion/detail-annonce/680455/citroen-c3.html,moteur,2026-09-27,2026-09-27 23:52:36,Citroen C3,Citroën,C3,,2018.0,130000.0,Diesel,Manuelle,6.0,Dédouanée,Occasion,,,Particulier,,,Casablanca,Casablanca-Settat,,1.0,je mets en vente une très belle C3 diesel 6ch toute options anne fin 2018 premier main Avec un bon p...
680456,https://www.moteur.ma/fr/voiture/achat-voiture-occasion/detail-annonce/680456/volkswagen-touareg.html,moteur,2026-09-27,2026-09-27 23:52:36,سيارة جديدة للبيع 0664298614,Volkswagen,0664298614,,2019.0,96000.0,Diesel,Automatique,,Dédouanée,Occasion,,,Particulier,0664298614,51837fe84da17a79576186f34c6f1d6ff672257b53ee1d44d022e1b1e5ed8c7d,Casablanca,Casablanca-Settat,,1.0,سيارة جديدة وفي حالة جد جيدة للبيع
680428,https://www.moteur.ma/fr/voiture/achat-voiture-occasion/detail-annonce/680428/renault-clio.html,moteur,2026-09-27,2026-09-27 23:52:36,كليو كلاسيك اصانص 8 خيل,Renault,8,,2000.0,116526.0,Essence,Manuelle,,Dédouanée,Occasion,,,Particulier,0623093623,3dd8072afa4288600be6d245ff555f31e2834a131f29ef57dbed62367f8ff5e1,Casablanca,Casablanca-Settat,46500.0,1.0,كليو كلاسيك اصانص الثمن مزيان كلشي فيها خدام بيبان سنتراليزي ، اسيستي ،  ،   سمسارة بلاش ،  صباغة مز...
680429,https://www.moteur.ma/fr/voiture/achat-voiture-occasion/detail-annonce/680429/peugeot-2008.html,moteur,2026-09-27,2026-09-27 23:52:36,bon voiture,Peugeot,Autre,voiture,2022.0,150.0,Diesel,Automatique,,Dédouanée,Occasion,,,Particulier,,,Casablanca,Casablanca-Settat,,1.0,أعرض للبيع سيارة بيجو 2008 بحالة ممتازة. - الموديل: 2008 - السنة الموديل: 2022 - القوة الجبائية: 6 خ...
680431,https://www.moteur.ma/fr/voiture/achat-voiture-occasion/detail-annonce/680431/peugeot-3008.html,moteur,2026-09-27,2026-09-27 23:52:36,2021 dewana 2025,Peugeot,Autre,dewana 2025,2021.0,190000.0,Diesel,Automatique,,Dédouanée,Occasion,,,Particulier,,,Khouribga,Béni Mellal-Khénifra,,1.0,Peugeot **** dewana2025
680432,https://www.moteur.ma/fr/voiture/achat-voiture-occasion/detail-annonce/680432/mercedes-benz-classe-a.html,moteur,2026-09-27,2026-09-27 23:52:36,Mercedes-Benz Classe A Diesel Automatique 2025,Mercedes-Benz,Classe,A Diesel Automatique 2025,2025.0,13300.0,Diesel,Automatique,,Dédouanée,Occasion,,,Particulier,0772528677,ba0a52ad60952a2a455e5983a04fdca372d4cc1095e2ce7c1291babc546d1b36,Casablanca,Casablanca-Settat,600000.0,1.0,"À vendre Mercedes-Benz Classe A 180 d (Pack AMG Line Advanced Plus) modèle 2025, déjà dédouanée en..."
680433,https://www.moteur.ma/fr/voiture/achat-voiture-occasion/detail-annonce/680433/renault-r19.html,moteur,2026-09-27,2026-09-27 23:52:36,كلميم شارع الجديد,Renault,R19,,1992.0,300000.0,Essence,Manuelle,,Dédouanée,Occasion,,,Particulier,0673321544,d5654835170a78d42732f20cd2ed4c6714327d603aa091c020a55c576d7c579b,Guelmim,Guelmim-Oued Noun,30000.0,1.0,رونو 19 سطوريا اصانص موديل 92 الديوانة 2000 موطور تيربو 8 الخيل
680434,https://www.moteur.ma/fr/voiture/achat-voiture-occasion/detail-annonce/680434/dacia-dokker.html,moteur,2026-09-27,2026-09-27 23:52:36,marhbabb’sbvsh,Dacia,Marhbabb,sbvsh,2016.0,270.0,Essence,Automatique,4.0,Dédouanée,Occasion,,,Particulier,0773734450,ad7b901636d444e5f37e6d0dd20d8869fa373b0ee4024af15907d76974baff85,Oualidia,,120000.0,1.0,Superbe voiture en première main disponible à Oualidia. - Puissance fiscale : 4 CV - Carburant : Ess...
680435,https://www.moteur.ma/fr/voiture/achat-voiture-occasion/detail-annonce/680435/fiat-punto.html,moteur,2026-09-27,2026-09-27 23:52:36,Fiat Punto Diesel Manuelle 2016 à Temara,Fiat,Punto,Diesel Manuelle 2016 à Temara,2016.0,140000.0,Diesel,Manuelle,,Dédouanée,Occasion,,,Particulier,0661103243,e27317ef30dcec64c26448b50defc6e72932082762311b522ef599f96a418425,Temara,Rabat-Salé-Kénitra,86000.0,1.0,"Je met en vente une Fiat punto modele 2016, a temara, très bon etat, pneux neufs, faible consommatio..."
680436,https://www.moteur.ma/fr/voiture/achat-voiture-occasion/detail-annonce/680436/fiat-punto.html,moteur,2026-09-27,2026-09-27 23:52:36,فيات بونتو بحالة ممتازة,Fiat,Punto,,2007.0,0.0,Essence,Manuelle,,Dédouanée,Occasion,,,Particulier,0674719391,6dad877a630e08964dd72d406d2691a29be8183e50fd413015cd8f508baf766b,Sale,Rabat-Salé-Kénitra,45000.0,1.0,أعرض للبيع سيارة فيات بونتو موديل 2007 بحالة ممتازة. - الماركة: فيات - الموديل: بونتو - سنة الموديل:...
680422,https://www.moteur.ma/fr/voiture/achat-voiture-occasion/detail-annonce/680422/peugeot-2008.html,moteur,2026-09-27,2026-09-27 23:52:36,Peugeot 2008 a vendre,Peugeot,2008,a vendre,2021.0,150000.0,Diesel,Manuelle,,Dédouanée,Occasion,,,Particulier,0688296979,f4b9743a76b255c6729130de78b82ac2dc9421b03d7fe7bd56dca5126b754dcf,Marrakech,Marrakech-Safi,200000.0,1.0,Vend Peugeot 2008 en très bon état. - Modèle : 2008 - Année-Modèle : 2021 - Carburant : Diesel - Pui...
680423,https://www.moteur.ma/fr/voiture/achat-voiture-occasion/detail-annonce/680423/alfa-romeo-giulietta.html,moteur,2026-09-27,2026-09-27 23:52:36,Alfa Romeo Giulietta 1.6  2018,Alfa Romeo,Giulietta,1.6 2018,2018.0,94000.0,Diesel,Automatique,,Dédouanée,Occasion,,,Particulier,0666557988,ba4f50556965c03988e7d1b03ad24e91b0243978b8971e95bdc8df6388650150,Temara,Rabat-Salé-Kénitra,162000.0,1.0,Je mets en vente une belle  Alfa Romeo Giulietta en excellent état modele 11/2018 motorisation 1.6 J...
680424,https://www.moteur.ma/fr/voiture/achat-voiture-occasion/detail-annonce/680424/kia-ceed.html,moteur,2026-09-27,2026-09-27 23:52:36,Kia ceed 2010 1.6,Kia,Ceed,2010 1.6,2010.0,252.0,Diesel,Manuelle,2.0,Dédouanée,Occasion,,,Professionnel,0605544217,bf79cccc4370c9dec857c2231b5331e991864ae242ca504c584851b1ec177e9c,Beni,Béni Mellal-Khénifra,77000.0,1.0,Kia ceed 2010 motorisation 1.6  kilometrage 252k  clima khdama mzian  jamais accidentee kolchi mzian...
680425,https://www.moteur.ma/fr/voiture/achat-voiture-occasion/detail-annonce/680425/mazda-6.html,moteur,2026-09-27,2026-09-27 23:52:44,mazda 6 diesel,Mazda,6,diesel,2011.0,240000.0,Diesel,Manuelle,,Dédouanée,Occasion,,,Particulier,0665610050,0c2256fd0352722874ed3ff9cdb4e9eafc8172a32415a4314473bbb5da8567cb,Meknes,Fès-Meknès,89000.0,1.0,Je mets en vente ma propres voiture Mazda 6 Diesel modèle 2011. - Jantes aluminium - Airbags - Clima...
680426,https://www.moteur.ma/fr/voiture/achat-voiture-occasion/detail-annonce/680426/volkswagen-polo.html,moteur,2026-09-27,2026-09-27 23:52:44,Volkswagen Polo tdi 1.4L 6cv,Volkswagen,Polo,tdi 1.4L 6cv,2008.0,230000.0,Diesel,Manuelle,6.0,Dédouanée,Occasion,,,Particulier,0708026574,725318607e536d2d37d76de815c03aa982fc69b017e872eb76636165ff376d9e,Kenitra,Rabat-Salé-Kénitra,80000.0,1.0,⚠️ قرا الإعلان مزيان قبل ما تتواصل معايا، جميع المعلومات الأساسية مذكورة فيه. 💰 80.000 درهم (نهائي...
680427,https://www.moteur.ma/fr/voiture/achat-voiture-occasion/detail-annonce/680427/volkswagen-new-beetle.html,moteur,2026-09-27,2026-09-27 23:52:44,Volkswagen New Beetle Diesel Automatique 2018,Volkswagen,New,Beetle Diesel Automatique 2018,2018.0,135000.0,Diesel,Automatique,,Dédouanée,Occasion,,,Particulier,0661686526,44e66097da125d75f2b970d61a8bcc5fcbf8719dba35d1fcbeae35ac73411c92,Casablanca,Casablanca-Settat,200000.0,1.0,"À vendre – Très belle voiture, première main au Maroc, modèle fin 2018, avec **** km.  Il s’agit de..."
680421,https://www.moteur.ma/fr/voiture/achat-voiture-occasion/detail-annonce/680421/audi-a6.html,moteur,2026-09-27,2026-09-27 23:52:44,audi a6 10/2012 automatique,Audi,A6,10 2012 automatique,2012.0,260.0,Diesel,Automatique,,Dédouanée,Occasion,,,Particulier,0617368411,2b787df0a16903b01638a4febfbb3aaedf66e34a93c6e3ce65601ebd4d074315,Temara,Rabat-Salé-Kénitra,150000.0,1.0,Audi a6 c7  Model : 10/2012 www Maroc 2L Tdi Les jantes 18 pouces Dariba : 1500dh Kilometrage : 260...
680411,https://www.moteur.ma/fr/voiture/achat-voiture-occasion/detail-annonce/680411/dacia-sandero.html,moteur,2026-09-27,2026-09-27 23:52:52,🚗 Dacia Sandero Stepway 2022 للبيع,Dacia,Sandero,Stepway 2022,2022.0,78000.0,Diesel,Manuelle,,Dédouanée,Occasion,,,Particulier,0617475719,3d07eb19fe97a5648313726912768f4ab3c8513c091780cee3df23bb38d0ee74,Marrakech,Marrakech-Safi,160000.0,1.0,السيارة دارت 78.000 كم، باقية نقية ومعتنى بها جامي أكسيدونطي، والصباغة ديالها أصلية. اللي مهتم مرحب...
680412,https://www.moteur.ma/fr/voiture/achat-voiture-occasion/detail-annonce/680412/audi-q5.html,moteur,2026-09-27,2026-09-27 23:53:00,Audi Q5 automatique 2litre,Audi,Q5,automatique 2litre,2012.0,240000.0,Diesel,Automatique,,Dédouanée,Occasion,,,Particulier,0662254099,0c5b8a47472b8d651a9be50a16cc5476214dc3a27acfeda142dfdec57ea10bc9,Casablanca,Casablanca-Settat,148000.0,1.0,Audi Q5 automatique 2litre année 2012
680414,https://www.moteur.ma/fr/voiture/achat-voiture-occasion/detail-annonce/680414/ford-fiesta.html,moteur,2026-09-27,2026-09-27 23:53:08,Ford Fiesta Diesel Manuelle 2016 à Safi,Ford,Fiesta,Diesel Manuelle 2016 à Safi,2016.0,140000.0,Diesel,Manuelle,,Dédouanée,Occasion,,,Particulier,0766484994,b44ccb7f09d96f764790525717e1ab539fe5fc3ae5fc127d82b3083af049eab8,Safi,Marrakech-Safi,114000.0,1.0,FORD FIESTA 1ER MAINS JAMAIS ACCIDENTE LA PAINTURE ORIGAINALE LENTRETIEN DE LA MAISON SON INTERMAIDA...
680413,https://www.moteur.ma/fr/voiture/achat-voiture-occasion/detail-annonce/680413/volvo-s90.html,moteur,2026-09-27,2026-09-27 23:53:08,Volvo S90 Diesel Automatique 2021 à Casablanca,Volvo,S90,Diesel Automatique 2021 à Casablanca,2021.0,59000.0,Diesel,Automatique,,Dédouanée,Occasion,,,Particulier,0617159790,bb17196c1ecb924c900c86c4fa7415304b55bc15dbe9d90fcfd62e9dfb235d09,Casablanca,Casablanca-Settat,360000.0,1.0,"Je propose à la vente une Volvo S90 Diesel Automatique de 2021, en excellent état.  - Véhicule entre..."
680415,https://www.moteur.ma/fr/voiture/achat-voiture-occasion/detail-annonce/680415/ford-fiesta.html,moteur,2026-09-27,2026-09-27 23:53:08,Ford Fiesta Diesel Manuelle 2017 à Casablanca,Ford,Fiesta,Diesel Manuelle 2017 à Casablanca,2017.0,36000.0,Diesel,Manuelle,,Dédouanée,Occasion,,,Particulier,0660304003,15fd489298f2ae256f5149800600caf11c6bc3b5d855387353a9b9e0a9eae268,Casablanca,Casablanca-Settat,135000.0,1.0,"À vendre Ford Fiesta Diesel Manuelle de 2017 en excellent état, première main. - Kilométrage : 36 00..."
680416,https://www.moteur.ma/fr/voiture/achat-voiture-occasion/detail-annonce/680416/audi-q5.html,moteur,2026-09-27,2026-09-27 23:53:08,Audi Q5 automatique année 2012/. 2litre,Audi,Q5,automatique année 2012 . 2litre,2012.0,240000.0,Diesel,Automatique,,Dédouanée,Occasion,,,Particulier,0662254099,0c5b8a47472b8d651a9be50a16cc5476214dc3a27acfeda142dfdec57ea10bc9,Casablanca,Casablanca-Settat,148000.0,1.0,Audi Q5 automatique 2litre année 2012
680417,https://www.moteur.ma/fr/voiture/achat-voiture-occasion/detail-annonce/680417/toyota-rav-4.html,moteur,2026-09-27,2026-09-27 23:53:08,Toyota RAV-4 Diesel Automatique 2015 à El Jadida,Toyota,Rav-4,Diesel Automatique 2015 à El Jadida,2015.0,290000.0,Diesel,Automatique,,Dédouanée,Occasion,,,Particulier,0606111107,d3d1024b306628dc1e85f9b49da07696e6a771802f39a090df7da5022781190d,El,Casablanca-Settat,139000.0,1.0,Je mets en vente mon véhicule Toyota RAV-4 Diesel Automatique de 2015. Kilométrage : 290 000 km Cont...
680396,https://www.moteur.ma/fr/voiture/achat-voiture-occasion/detail-annonce/680396/hyundai-i30.html,moteur,2026-09-27,2026-09-27 23:53:16,Hyundai i30 Diesel Automatique 2013 à Casablanca,Hyundai,I30,Diesel Automatique 2013 à Casablanca,2013.0,172000.0,Diesel,Automatique,,Dédouanée,Occasion,,,Particulier,0662013139,701e43f45f21dc2d814ed1e0fbb891cae35b78383686363611ac9a8c66a3fae0,Casablanca,Casablanca-Settat,129000.0,1.0,"Je mets en vente ma voiture  Si tu es intéressé (e), merci de me contacter"
680397,https://www.moteur.ma/fr/voiture/achat-voiture-occasion/detail-annonce/680397/nissan-qashqai.html,moteur,2026-09-27,2026-09-27 23:53:16,Nissan Qashqai,Nissan,Qashqai,,2019.0,150000.0,Diesel,Manuelle,6.0,Dédouanée,Occasion,,,Particulier,0667586459,9a3753abe7227e582e98cb50e05070c46a11f77d4e27353ad03d23b7ed526c7f,Casablanca,Casablanca-Settat,190000.0,1.0,je mets en vente une très belle Nissan Qashqai diesel 6ch toute options anne fin 2019 particulier
680401,https://www.moteur.ma/fr/voiture/achat-voiture-occasion/detail-annonce/680401/peugeot-208.html,moteur,2026-09-27,2026-09-27 23:53:25,Peugeot - بيجو 208,Peugeot,-,208,2023.0,100000.0,Diesel,Manuelle,,Dédouanée,Occasion,,,Particulier,0699391671,5c185107945b9c70d47ac86da28d07c9b54cc458a69093e133f9536db84ba6f3,Casablanca,Casablanca-Settat,150000.0,1.0,بيجو 208 بحالة ممتازة للبيع. - عجلات ألمنيوم - وسائد هوائية - تكييف - نظام الملاحة GPS - رادار خلفي...
680402,https://www.moteur.ma/fr/voiture/achat-voiture-occasion/detail-annonce/680402/dacia-sandero.html,moteur,2026-09-27,2026-09-27 23:53:25,سيارة مقبولة ومريحة وتمن معقول,Dacia,Sandero,,2012.0,190000.0,Diesel,Manuelle,,Dédouanée,Occasion,,,Particulier,0694346740,ab87287f8f37c45743906c6524bc1cebb675689851cf9e9ab32280a6b4dee12f,Agadir,Souss-Massa,96500.0,1.0,أعرض للبيع داسيا سانديرو موديل 2012 بحالة جيدة جدا. - عجلات ألمنيوم - وسائد هوائية - تكييف - نوافذ ك...
680400,https://www.moteur.ma/fr/voiture/achat-voiture-occasion/detail-annonce/680400/ford-fiesta.html,moteur,2026-09-27,2026-09-27 23:53:25,Ford Fiesta 2016 Temara,Ford,Fiesta,2016 Temara,2016.0,276000.0,Diesel,Manuelle,,Dédouanée,Occasion,,,Particulier,0785465318,3c0e1546c3051086f03db29cc51a7c55a267e7b95b2532204abe3419f79419f3,Temara,Rabat-Salé-Kénitra,94000.0,1.0,Je mets en vente une Ford Fiesta diesel bien entretenue et jamais accidentée.  - Modèle : mai 2016 -...
680403,https://www.moteur.ma/fr/voiture/achat-voiture-occasion/detail-annonce/680403/dacia-logan.html,moteur,2026-09-27,2026-09-27 23:53:25,dacia logan,Dacia,Logan,,2025.0,33.0,Diesel,Manuelle,,Dédouanée,Occasion,,,Particulier,0690674349,f21a9d181bf93962be27b9f0263b36b56559bd41303678d151c4a41da3a2bda2,Autre,,142000.0,1.0,model 2025 sbagha lawla f kolchi 6 khil darba 33 alf kolchi n9i
680404,https://www.moteur.ma/fr/voiture/achat-voiture-occasion/detail-annonce/680404/ford-fiesta.html,moteur,2026-09-27,2026-09-27 23:53:25,Ford Fiesta 2016 Temara,Ford,Fiesta,2016 Temara,2016.0,276000.0,Diesel,Manuelle,,Dédouanée,Occasion,,,Particulier,0785465318,3c0e1546c3051086f03db29cc51a7c55a267e7b95b2532204abe3419f79419f3,Temara,Rabat-Salé-Kénitra,94000.0,1.0,Je mets en vente une Ford Fiesta diesel bien entretenue et jamais accidentée.  - Modèle : mai 2016 -...
680384,https://www.moteur.ma/fr/voiture/achat-voiture-occasion/detail-annonce/680384/citroen-c3.html,moteur,2026-09-27,2026-09-27 23:53:35,Citroen C3 à vendre,Citroën,C3,à vendre,2023.0,60000.0,Diesel,Manuelle,,Dédouanée,Occasion,,,Particulier,0774020366,ae9ca8a3a5153c1b5df2b8a06ea4350fcd4a8a37f29ed228619190c45cee54b7,Mediek,,143000.0,1.0,Je vends une Citroën C3 de 2023 en excellent état. - Marque : Citroën - Modèle : C3 - Année-Modèle :...
680387,https://www.moteur.ma/fr/voiture/achat-voiture-occasion/detail-annonce/680387/ford-focus.html,moteur,2026-09-27,2026-09-27 23:53:35,ford focus,Ford,Focus,,2012.0,180000.0,Diesel,Manuelle,6.0,Dédouanée,Occasion,,,Particulier,0661382766,b32c23a4092dcd8e011925d33626c81ec8131653042eb8dabafca69ca4e08158,El,Casablanca-Settat,118000.0,1.0,À vendre Ford Focus Diesel de 2012 en très bon état. - Puissance fiscale : 6 CV - Carburant : Diesel...
680386,https://www.moteur.ma/fr/voiture/achat-voiture-occasion/detail-annonce/680386/peugeot-206.html,moteur,2026-09-27,2026-09-27 23:53:35,Peugeot 206 Essence Manuelle 2002 à Fès,Peugeot,206,Essence Manuelle 2002 à Fès,2002.0,258877.0,Essence,Manuelle,,Dédouanée,Occasion,,,Particulier,0688970762,bbdf782bb090117920580676ef5346883bca3fa493c7cb11907fd7f0398f0e59,Fes,Fès-Meknès,39000.0,1.0,Je propose à la vente une Peugeot 206 essence en bon état. - Kilométrage : 258 877 km - Marque : Peu...
680383,https://www.moteur.ma/fr/voiture/achat-voiture-occasion/detail-annonce/680383/toyota-land-cruiser.html,moteur,2026-09-27,2026-09-27 23:53:45,Toyota Land Cruiser,Toyota,Cruiser,,2010.0,170000.0,Diesel,Automatique,,Dédouanée,Occasion,,,Particulier,0691934593,83a3ecb7faba972f8f50ad36c933c200bf6e7dfeee1f1880527a5c27088581a8,Agadir,Souss-Massa,200000.0,1.0,Voiture première main Voiture circulation ville Jamais piste Été comme neuf Voiture luxe gamme
680388,https://www.moteur.ma/fr/voiture/achat-voiture-occasion/detail-annonce/680388/hyundai-accent.html,moteur,2026-09-27,2026-09-27 23:53:45,Hyundai Accent Diesel Manuelle 2020 à Marrakech,Hyundai,Accent,Diesel Manuelle 2020 à Marrakech,2020.0,98100.0,Diesel,Manuelle,,Dédouanée,Occasion,,,Particulier,0666317411,8e508c603d9af7f61f49d0c664cb223af48964e82d583ea0cf6fb69fd3036e2f,Marrakech,Marrakech-Safi,160000.0,1.0,"Je vends une Hyundai Accent Diesel Manuelle de 2020, en excellent état et première main. - Kilométra..."
680390,https://www.moteur.ma/fr/voiture/achat-voiture-occasion/detail-annonce/680390/dacia-logan.html,moteur,2026-09-27,2026-09-27 23:53:45,dacia logan diesel 2025,Dacia,Logan,diesel 2025,2025.0,60000.0,Diesel,Manuelle,6.0,Dédouanée,Occasion,,,Particulier,0751178302,f61e7fd4146ff00d7ba6178420a21fb7e2eed46401e46bcce448e88ef625a195,Kenitra,Rabat-Salé-Kénitra,150000.0,1.0,"Je vends une Dacia Logan Diesel modèle 2025 en très bon état, première main #07#51#17#83#02  - 6 CV..."
680389,https://www.moteur.ma/fr/voiture/achat-voiture-occasion/detail-annonce/680389/dacia-duster.html,moteur,2026-09-27,2026-09-27 23:53:45,Dacia Duster Diesel Automatique 2021 à Béni Mellal,Dacia,Duster,Diesel Automatique 2021 à Béni Mellal,2021.0,93000.0,Diesel,Automatique,,Dédouanée,Occasion,,,Particulier,0680277996,c19c6e8b687c65d7adf4595dc8fef6e586749c8a2e19edd87cd6acb1662d0032,Beni,Béni Mellal-Khénifra,172000.0,1.0,Je vends une Dacia Duster Diesel Automatique de 2021 en excellent état. - Kilométrage : 93 000 km -...
680392,https://www.moteur.ma/fr/voiture/achat-voiture-occasion/detail-annonce/680392/renault-megane.html,moteur,2026-09-27,2026-09-27 23:53:53,Renault Megane Diesel Manuelle 2016 à Marrakech,Renault,Megane,Diesel Manuelle 2016 à Marrakech,2016.0,147000.0,Diesel,Manuelle,6.0,Dédouanée,Occasion,,,Particulier,0667386217,bb8d68ddf8d6babcbf7e0535d966e55c61443e54c9296124d085dcce99ad9440,Marrakech,Marrakech-Safi,135000.0,1.0,Je vent ma renault megane 4 de **** 06cv tres bon etat     tel
680385,https://www.moteur.ma/fr/voiture/achat-voiture-occasion/detail-annonce/680385/mercedes-benz-classe-slk.html,moteur,2026-09-27,2026-09-27 23:53:53,Fes  hay wad fes,Mercedes-Benz,Autre,hay wad fes,2005.0,41000.0,Essence,Automatique,,Dédouanée,Occasion,,,Particulier,0660866783,c2599581defe5ca5fb75028815e19807fc10be7b7fa4c2017f98dbc9cbc34e39,Fes,Fès-Meknès,228000.0,1.0,Mercedes cabriolet modèle 2005 dariba650dh essence 0 défaut
680377,https://www.moteur.ma/fr/voiture/achat-voiture-occasion/detail-annonce/680377/opel-meriva.html,moteur,2026-09-27,2026-09-27 23:53:53,Opel Meriva model 2006 mazot 7 cheval,Opel,Meriva,model 2006 mazot 7 cheval,2006.0,27000.0,Diesel,Manuelle,,Dédouanée,Occasion,,,Particulier,0651615086,fe67ac2e5f2e9cc5b82932e9f8ae658dd811095bbce540886ce428cd58dc57bb,Kenitra,Rabat-Salé-Kénitra,48000.0,1.0,Opel Meriva model 2006 mazot 7 cheval clima Airbag assisti zaj électrique Kénitra
680382,https://www.moteur.ma/fr/voiture/achat-voiture-occasion/detail-annonce/680382/volkswagen-golf-6.html,moteur,2026-09-27,2026-09-27 23:54:03,العروي شارع  الزهور,Volkswagen,Golf,6,2012.0,268452.0,Diesel,Automatique,,Dédouanée,Occasion,,,Particulier,0781136288,92bce2dc88d209eb2fb6981ac90e6cabacc68484ec81140122a4a38f38e00ecc,Nador,Oriental,182000.0,1.0,golf 6 gtd hora 2L 2012/2015 184ch
680365,https://www.moteur.ma/fr/voiture/achat-voiture-occasion/detail-annonce/680365/renault-clio.html,moteur,2026-09-27,2026-09-27 23:54:03,clio4 automatique diesel très bonne consommation,Renault,Clio4,automatique diesel très bonne consommation,2018.0,150000.0,Diesel,Automatique,2.0,Dédouanée,Occasion,,,Professionnel,0663583736,9a4f68d3ac8889b248a54357fd51907e40834f652a9a276a1efc67abf11be0d7,Marrakech,Marrakech-Safi,129000.0,1.0,"Je vends une Renault Clio 4 automatique diesel de 2018 en très bon état, connue pour sa très bonne c..."
680366,https://www.moteur.ma/fr/voiture/achat-voiture-occasion/detail-annonce/680366/renault-r19.html,moteur,2026-09-27,2026-09-27 23:54:11,tonobil mliha tbarkelah,Renault,Tonobil,mliha tbarkelah,1990.0,220000.0,Essence,Manuelle,,Dédouanée,Occasion,,,Particulier,0661591112,5c5ebf66ac99459d1c88568da6e41d105917cef1bb99e769229bac70caefe5f7,Tan-Tan,Guelmim-Oued Noun,25000.0,1.0,jamais bouraj jamais ksida tonobil mliha tbarkelah
680367,https://www.moteur.ma/fr/voiture/achat-voiture-occasion/detail-annonce/680367/peugeot-207.html,moteur,2026-09-27,2026-09-27 23:54:11,تجزءة  اناسي جماعة ايت ولال مكناس,Peugeot,207,,2009.0,290.0,Diesel,Manuelle,,Dédouanée,Occasion,,,Particulier,0661253731,eb8acdc2e36e3bd41bb9a0b90ec0866c65732e02000bae2abcc5dc806c422bdb,Meknes,Fès-Meknès,77000.0,1.0,سيارة نوع بيجو207  مستعملة موضيل 2009 نقية اقتصادية موطور مزيان نحلة
680369,https://www.moteur.ma/fr/voiture/achat-voiture-occasion/detail-annonce/680369/toyota-auris.html,moteur,2026-09-27,2026-09-27 23:54:11,Toyota Auris Essence Manuelle 2011 à Laâyoune,Toyota,Auris,Essence Manuelle 2011 à Laâyoune,2011.0,205000.0,Essence,Manuelle,,Dédouanée,Occasion,,,Particulier,0780444004,1a697d27e2f17d87376886cce098ad224415f07ddf07622701e5167e15e7e989,Laayoune,Laâyoune-Sakia El Hamra,80000.0,1.0,Je propose à la vente une Toyota Auris Essence Manuelle de 2011 en très bon état. - Kilométrage : 20...
680370,https://www.moteur.ma/fr/voiture/achat-voiture-occasion/detail-annonce/680370/citroen-c-elysee.html,moteur,2026-09-27,2026-09-27 23:54:20,سيارة Citroën C-Elysée,Citroën,C-elysée,,2016.0,186924.0,Diesel,Manuelle,,Dédouanée,Occasion,,,Particulier,0605489275,43ab2b4b12a2af7f710fac0a45e3ee47b25cd1c3ba6f7c5a9fd27827a9b9b318,Tanger,Tanger-Tétouan-Al Hoceïma,79000.0,1.0,Citroën C-Elysée
680363,https://www.moteur.ma/fr/voiture/achat-voiture-occasion/detail-annonce/680363/renault-megane.html,moteur,2026-09-27,2026-09-27 23:54:20,Renault Megane,Renault,Megane,,2011.0,269000.0,Diesel,Manuelle,,Dédouanée,Occasion,,,Particulier,0660632375,47211f84fa5763aeff14c2c2446baa5d7a503aefc426a11fd6c1669c5d2cfa86,Tanger,Tanger-Tétouan-Al Hoceïma,93000.0,1.0,"Renault Mégane trois en très bon état à vendre. 2 eme main. Pneus neufs….., Prix légèrement négociab..."
680371,https://www.moteur.ma/fr/voiture/achat-voiture-occasion/detail-annonce/680371/renault-captur.html,moteur,2026-09-27,2026-09-27 23:54:20,Renault capture tout options,Renault,Capture,tout options,2013.0,202000.0,Diesel,Manuelle,,Dédouanée,Occasion,,,Particulier,0666900221,24073c990b43f324a2156fdda5c903fcb54a854dd694ee7d4a39bf625bb62037,Agadir,Souss-Massa,135000.0,1.0,Je propose à la vente une Renault Captur de 2013 en excellent état. - Marque : Renault - Modèle : Ca...
680359,https://www.moteur.ma/fr/voiture/achat-voiture-occasion/detail-annonce/680359/toyota-land-cruiser.html,moteur,2026-09-27,2026-09-27 23:54:20,toyota land cruiser,Toyota,Cruiser,,2011.0,153000.0,Diesel,Manuelle,,Dédouanée,Occasion,,,Particulier,0649487775,d89897e7d6f237cd3a8e4eef2e8d80cd48c2c4c2fce01d89beda389fa5dd3928,Khemisset,Rabat-Salé-Kénitra,140000.0,1.0,toyota land cruiser original émirats comme neuve dedouaner 2016
680362,https://www.moteur.ma/fr/voiture/achat-voiture-occasion/detail-annonce/680362/dacia-logan.html,moteur,2026-09-27,2026-09-27 23:54:27,dacia logan essence,Dacia,Logan,essence,2022.0,50000.0,Essence,Automatique,,Dédouanée,Occasion,,,Particulier,0628696851,d03ec551c7ee1bd94bf372f40951d52b315236b97041ad7d0f10efcbf9ac2a5d,Laayoune,Laâyoune-Sakia El Hamra,132000.0,1.0,voiture neuf les pneus 4 jdad batri jdid vedange jdid double contact
680360,https://www.moteur.ma/fr/voiture/achat-voiture-occasion/detail-annonce/680360/dacia-dokker.html,moteur,2026-09-27,2026-09-27 23:54:27,داسيا دوكر جديد ة,Dacia,Dokker,,2020.0,70000.0,Diesel,Manuelle,,Dédouanée,Occasion,,,Particulier,0661060927,ed4a2b7e44be804da972226632d8c23388cdcb97d0d63e9af3cc931555f372f8,Tanger,Tanger-Tétouan-Al Hoceïma,142000.0,1.0,داسيا دوكر موديل 2020 بحالة ممتازة للبيع في طنجة. - عجلات ألمنيوم - وسائد هوائية - تكييف - مقاعد جلد...
680346,https://www.moteur.ma/fr/voiture/achat-voiture-occasion/detail-annonce/680346/toyota-corolla.html,moteur,2026-09-27,2026-09-27 23:54:27,Toyota Corolla Diesel Manuelle 2014 à Berrechid,Toyota,Corolla,Diesel Manuelle 2014 à Berrechid,2014.0,140000.0,Diesel,Manuelle,,Dédouanée,Occasion,,,Particulier,0766484994,b44ccb7f09d96f764790525717e1ab539fe5fc3ae5fc127d82b3083af049eab8,Berrechid,Casablanca-Settat,135000.0,1.0,TOYOTA COROLLA 2014 PREMIERES MAINS JAMAIS ACCIDENTE LA PAINTURE ORIGAINALE 4PNO NEUF LES VETRE ELEC...
680347,https://www.moteur.ma/fr/voiture/achat-voiture-occasion/detail-annonce/680347/volkswagen-touran.html,moteur,2026-09-27,2026-09-27 23:54:27,Volkswagen Touran Diesel Manuelle 2018 à Khouribga,Volkswagen,Touran,Diesel Manuelle 2018 à Khouribga,2018.0,150000.0,Diesel,Manuelle,,Dédouanée,Occasion,,,Particulier,0717734236,ce3dd7bab3eca76b9c00d5b78ab49e33488f1dfa6c3fb075bb313d71f9b10bf9,Khouribga,Béni Mellal-Khénifra,200000.0,1.0,"Je propose à la vente une Volkswagen Touran Diesel Manuelle de 2018, en excellent état.  - Kilométra..."
680348,https://www.moteur.ma/fr/voiture/achat-voiture-occasion/detail-annonce/680348/kia-sportage.html,moteur,2026-09-27,2026-09-27 23:54:27,tomobil mliha tbarkllah n9aaa,Kia,Tomobil,mliha tbarkllah n9aaa,2021.0,245000.0,Diesel,Automatique,2.0,Dédouanée,Occasion,,,Professionnel,0679698954,691d42580dc617a5407d4c92deb025d84a0398134c56724acd09760613afcc91,Marrakech,Marrakech-Safi,215000.0,1.0,tomobil n9iya
680349,https://www.moteur.ma/fr/voiture/achat-voiture-occasion/detail-annonce/680349/renault-captur.html,moteur,2026-09-27,2026-09-27 23:54:36,RENAULT CAPTUR,Renault,Captur,,2013.0,184000.0,Diesel,Manuelle,,Dédouanée,Occasion,,,Particulier,0666954284,9ad6407c40c029f09029b8606d809371be5cb0592126bc9ac8a1d1f75f3e2a53,Oulad,,118000.0,1.0,RENAULT CAPTUR 10/2013  TTS OPTIONS 2MAIN 184k 2 clé 🔑 origine
680351,https://www.moteur.ma/fr/voiture/achat-voiture-occasion/detail-annonce/680351/renault-megane.html,moteur,2026-09-27,2026-09-27 23:54:36,renault megane 4,Renault,Megane,4,2018.0,180000.0,Diesel,Automatique,6.0,Dédouanée,Occasion,,,Particulier,0661796886,6230608e0fc364c75ac7ca3b2289415ab024ae74852e0eee4536f5e93b86abac,Tiznit,Souss-Massa,145000.0,1.0,"Salam, Je met en vente ma voiture Megane 4 Automatique.  Gasoil 6ch Model 2017 Moteur dci 1,5 Kilomé..."
680352,https://www.moteur.ma/fr/voiture/achat-voiture-occasion/detail-annonce/680352/mercedes-benz-180.html,moteur,2026-09-27,2026-09-27 23:54:36,A 180 a vendre,Mercedes-Benz,A,180 a vendre,2013.0,300000.0,Diesel,Manuelle,,Dédouanée,Occasion,,,Particulier,0666243824,936db8ae2e74514dd4d284f78662e278eb4078784c85b55d79de6267b8189f0c,Rabat,Rabat-Salé-Kénitra,175000.0,1.0,****
680354,https://www.moteur.ma/fr/voiture/achat-voiture-occasion/detail-annonce/680354/peugeot-207.html,moteur,2026-09-27,2026-09-27 23:54:36,Peugeot 207 mod 2010.diwana 2016,Peugeot,207,mod 2010.diwana 2016,2010.0,220000.0,Diesel,Manuelle,,Dédouanée,Occasion,,,Particulier,,,Agadir,Souss-Massa,72000.0,1.0,بيجو 207 موديل 2010، تم جمركتها في 2016. - عجلات ألمنيوم - تكييف - مقاعد جلدية - نوافذ كهربائية - نظ...
680355,https://www.moteur.ma/fr/voiture/achat-voiture-occasion/detail-annonce/680355/jeep-grand-cherokee.html,moteur,2026-09-27,2026-09-27 23:54:36,jeep grand cherokee,Jeep,Grand,cherokee,2021.0,0.0,Diesel,Automatique,,Dédouanée,Occasion,,,Particulier,,,Moulay,,,1.0,Je vends une Jeep Grand Cherokee de 2021 en excellent état. - Marque : Jeep - Modèle : Grand Cheroke...
680357,https://www.moteur.ma/fr/voiture/achat-voiture-occasion/detail-annonce/680357/mercedes-benz-classe-c.html,moteur,2026-09-27,2026-09-27 23:54:36,Mercedes c220 w205 pack amg,Mercedes-Benz,C220,w205 pack amg,2015.0,186000.0,Diesel,Automatique,,Dédouanée,Occasion,,,Particulier,0661343215,c48fdc50174efcdf8d61d26077f3a70fa112d89e9fb61f04173a385e2b9ae824,Kenitra,Rabat-Salé-Kénitra,295000.0,1.0,À vendre Mercedes C220 W205 Pack AMG de 2015 en excellent état.
680356,https://www.moteur.ma/fr/voiture/achat-voiture-occasion/detail-annonce/680356/land-rover-range-rover-vogue.html,moteur,2026-09-27,2026-09-27 23:54:36,Vogue en excellent état à vendre,Land Rover,Vogue,en excellent état à vendre,2019.0,107000.0,Diesel,Automatique,,Dédouanée,Occasion,,,Particulier,0691748748,05268aff6fd5cda15f5f44190adfb1648bfc5730762446029ac868b47f670c8b,Casablanca,Casablanca-Settat,500000.0,1.0,Vogue de 2019 en excellent état à vendre. 107 000 km. 1ère main. full options.
680353,https://www.moteur.ma/fr/voiture/achat-voiture-occasion/detail-annonce/680353/jeep-grand-cherokee.html,moteur,2026-09-27,2026-09-27 23:54:36,jeep grand cherokee 2021,Jeep,Grand,cherokee 2021,2021.0,0.0,Diesel,Automatique,,Dédouanée,Occasion,,,Particulier,,,Moulay,,,1.0,Je vends une Jeep Grand Cherokee de 2021 en excellent état. - Marque : Jeep - Modèle : Grand Cheroke...
680350,https://www.moteur.ma/fr/voiture/achat-voiture-occasion/detail-annonce/680350/hyundai-accent.html,moteur,2026-09-27,2026-09-27 23:54:44,casablanca,Hyundai,Autre,,2009.0,280000.0,Diesel,Manuelle,,Dédouanée,Occasion,,,Particulier,0620117795,8e11eb4716f8e6fcf4d285a50c881c6bb47dd1f150acb04fbd147404e3e7c975,Casablanca,Casablanca-Settat,58000.0,1.0,UytgfgCvbv
680336,https://www.moteur.ma/fr/voiture/achat-voiture-occasion/detail-annonce/680336/mercedes-benz-classe-glc.html,moteur,2026-09-27,2026-09-27 23:54:44,Mercedes Glc 300de dédouane 2026,Mercedes-Benz,Glc,300de dédouane 2026,2023.0,110000.0,Hybride,Automatique,,Dédouanée,Occasion,,,Particulier,0694016644,682155e707ea3815f7645e78d44275b52f85e317b2d5afdad92a8f18c56385a4,Fes,Fès-Meknès,730000.0,1.0,"Mercedes Glc300de , 2023 dédouane 2026 , 1 ère main , 110 000 km , jamais accidentée, peinture d’ori..."
680337,https://www.moteur.ma/fr/voiture/achat-voiture-occasion/detail-annonce/680337/land-rover-range-rover.html,moteur,2026-09-27,2026-09-27 23:54:44,Range rover biographie 2013 110.000dh,Land Rover,Biographie,2013 110.000dh,2013.0,260000.0,Diesel,Automatique,,Dédouanée,Occasion,,,Particulier,0701212194,b1ce95b345ededbea1bbfe0758d2cdc06249865b33ae01fba59c048e3698408c,Casablanca,Casablanca-Settat,110000.0,1.0,Range Rover biographie **** 000dh
680338,https://www.moteur.ma/fr/voiture/achat-voiture-occasion/detail-annonce/680338/skoda-kamiq.html,moteur,2026-09-27,2026-09-27 23:54:44,ŠKODA KAMIQ 2021 DIESEL – 1ÈRE MAIN,Skoda,KAMIQ,2021 DIESEL 1ÈRE MAIN,2021.0,95500.0,Diesel,Manuelle,,Dédouanée,Occasion,,,Particulier,0660094332,fe4e701bb8b182e7ec117cc14846e3e1806ee5df80207b51fddf232d1d86149f,Rabat,Rabat-Salé-Kénitra,225000.0,1.0,🚗 ŠKODA KAMIQ 2021 DIESEL – 1ÈRE MAIN – TRÈS BIEN ÉQUIPÉE  📍 95 500 km | Immatriculation 2 Salé |...
680339,https://www.moteur.ma/fr/voiture/achat-voiture-occasion/detail-annonce/680339/volkswagen-golf-7.html,moteur,2026-09-27,2026-09-27 23:54:44,Volkswagen Golf 7 Diesel Automatique 2018,Volkswagen,Golf,7 Diesel Automatique 2018,2018.0,139000.0,Diesel,Automatique,,Dédouanée,Occasion,,,Particulier,0717734236,ce3dd7bab3eca76b9c00d5b78ab49e33488f1dfa6c3fb075bb313d71f9b10bf9,Khouribga,Béni Mellal-Khénifra,270000.0,1.0,À vendre : Volkswagen Golf 7.5 de 2018 en excellent état. - Kilométrage : 139 000 km - Année-Modèle...
498522,https://www.moteur.ma/fr/voiture/achat-voiture-occasion/detail-annonce/498522/nissan-infiniti.html,moteur,2026-09-27,2026-09-27 23:54:44,EX35 Luxe -85 000 KM -Déd. USA 2012.,Nissan,Ex35,Luxe -85 000 KM -Déd. USA 2012.,2008.0,85000.0,Essence,Automatique,,Dédouanée,Occasion,,,Particulier,0646120511,145adf5375bdfa8f5424e3ec2bf1faafd3ec63b190a5f08fd1916dcc6dad48b3,Casablanca,Casablanca-Settat,115000.0,1.0,"EX35 en excellent état général, une opportunité rare sur le marché avec seulement 85 000 km certifié..."
680451,https://www.moteur.ma/fr/voiture/achat-voiture-occasion/detail-annonce/680451/hyundai-tucson.html,moteur,2026-09-27,2026-09-27 23:54:44,Hyundai Tucson 2019,Hyundai,Tucson,2019,2019.0,120000.0,Diesel,Automatique,,Dédouanée,Occasion,,,Particulier,,,Rabat,Rabat-Salé-Kénitra,,1.0,Je propose à la vente une Hyundai Tucson Diesel Automatique de Novembre 2019. - Kilométrage : 120 00...
680341,https://www.moteur.ma/fr/voiture/achat-voiture-occasion/detail-annonce/680341/volkswagen-tiguan.html,moteur,2026-09-27,2026-09-27 23:54:44,Volkswagen Tiguan Diesel Automatique 2022 à Safi,Volkswagen,Tiguan,Diesel Automatique 2022 à Safi,2022.0,80000.0,Diesel,Automatique,,Dédouanée,Occasion,,,Particulier,,,Safi,Marrakech-Safi,,1.0,"À vendre : Volkswagen Tiguan Automatique de 2022 en excellent état, première main et origine WW au M..."
680342,https://www.moteur.ma/fr/voiture/achat-voiture-occasion/detail-annonce/680342/volkswagen-arteon-.html,moteur,2026-09-27,2026-09-27 23:54:44,فولكس فاجن,Volkswagen,Arteon,,2019.0,24000.0,Diesel,Automatique,,Dédouanée,Occasion,,,Particulier,0626467668,f0f0c6aacdb7341e6a88ac38e9d64e6c184f972d2a40f56f478e8cfb538f713e,El,Casablanca-Settat,2300000.0,1.0,سيارة نقيا كلشي جديد فيها ثمن 22.5
680343,https://www.moteur.ma/fr/voiture/achat-voiture-occasion/detail-annonce/680343/kia-picanto.html,moteur,2026-09-27,2026-09-27 23:54:44,KIA PICANTO 2015,Kia,Picanto,2015,2015.0,129953.0,Essence,Manuelle,,Dédouanée,Occasion,,,Particulier,0719369650,4193651addbb585f8088dc08b8e0d16827cc0e126310157f795dd4d5ee20cf34,Marrakech,Marrakech-Safi,80000.0,1.0,Je propose une Kia Picanto de 2015 en très bon état. - Marque : Kia - Modèle : Picanto - Année-Modèl...
680344,https://www.moteur.ma/fr/voiture/achat-voiture-occasion/detail-annonce/680344/peugeot-partner.html,moteur,2026-09-27,2026-09-27 23:54:44,Peugeot Partner Diesel Manuelle 2012 à Salé,Peugeot,Partner,Diesel Manuelle 2012 à Salé,2012.0,0.0,Diesel,Manuelle,,Dédouanée,Occasion,,,Particulier,0702294331,050481722db35b9d274e9a154cbbac3c8a3d611933b14df240f42beeb076292d,Sale,Rabat-Salé-Kénitra,73000.0,1.0,Je propose à la vente un Peugeot Partner Origin de 2012 en très bon état. - Kilométrage : 0 - Marque...
680345,https://www.moteur.ma/fr/voiture/achat-voiture-occasion/detail-annonce/680345/peugeot-307.html,moteur,2026-09-27,2026-09-27 23:54:44,بيجو 307 ديزل يدوي 2004 في الدار البيضاء,Peugeot,307,2004,2004.0,450000.0,Diesel,Manuelle,,Dédouanée,Occasion,,,Particulier,0660357816,1becbc18cbc0f0191697031654ec6d357a7a45f56df2eff8b88a0732f6e95549,Casablanca,Casablanca-Settat,64000.0,1.0,بيجو 307 ديزل موديل 2004 بحالة جيدة للبيع بالدار البيضاء. - الماركة: بيجو - الموديل: 307 - السنة: 20...
680321,https://www.moteur.ma/fr/voiture/achat-voiture-occasion/detail-annonce/680321/suzuki-alto.html,moteur,2026-09-27,2026-09-27 23:54:44,Suzuki alto,Suzuki,Alto,,2009.0,100000.0,Essence,Manuelle,,Dédouanée,Occasion,,,Particulier,,,Fes,Fès-Meknès,,1.0,Suzuki alto essence
680320,https://www.moteur.ma/fr/voiture/achat-voiture-occasion/detail-annonce/680320/hyundai-elantra.html,moteur,2026-09-27,2026-09-27 23:54:44,Hyundai Elantra,Hyundai,Elantra,,2022.0,85000.0,Essence,Automatique,,Dédouanée,Occasion,,,Particulier,0745786545,cb58af4a461eb29954143f8bdd8daf39d747ca9b81d3935eaed5c41e1d7e424a,Casablanca,Casablanca-Settat,110000.0,1.0,Je mets en vente ma voiture Hyundai Elantra Essence année 2022 en bon état.
680324,https://www.moteur.ma/fr/voiture/achat-voiture-occasion/detail-annonce/680324/renault-kangoo.html,moteur,2026-09-27,2026-09-27 23:54:51,رونو كانغو 2017 للبيع – حالة مزيانة – 300.000 كم,Renault,Autre,300.000,2017.0,300.0,Diesel,Manuelle,,Dédouanée,Occasion,,,Particulier,0632936268,649ec0c82cad49ceb074d6c82c8167823412f9a3a63ab565138661ed22d47b61,Rabat,Rabat-Salé-Kénitra,11700.0,1.0,🚐 للبيع رونو كانغو 2017  رونو كانغو موديل 2017، حالة مزيانة، مناسبة للخدمة والاستعمال اليومي.  📍 ا...
680323,https://www.moteur.ma/fr/voiture/achat-voiture-occasion/detail-annonce/680323/audi-q2.html,moteur,2026-09-27,2026-09-27 23:54:51,Audi Q2 année 2017,Audi,Q2,année 2017,2017.0,96500.0,Diesel,Automatique,,Dédouanée,Occasion,,,Particulier,0769788641,be7c5b69b70e2615c4683911269b98143e21002959403a6b4d5d0a746b7e2f09,Casablanca,Casablanca-Settat,190000.0,1.0,"Vends AUDI Q2 en très bon état , BVA.1ere main."
680322,https://www.moteur.ma/fr/voiture/achat-voiture-occasion/detail-annonce/680322/ford-kuga.html,moteur,2026-09-27,2026-09-27 23:54:51,Ford Kuga trend plus 2023,Ford,Kuga,trend plus 2023,2023.0,75000.0,Diesel,Manuelle,,Dédouanée,Occasion,,,Particulier,,,Agadir,Souss-Massa,,1.0,tt option
680326,https://www.moteur.ma/fr/voiture/achat-voiture-occasion/detail-annonce/680326/audi-a3-sportback.html,moteur,2026-09-27,2026-09-27 23:54:51,audi a3 sportback 2021 dédouaner en2026,Audi,A3,sportback 2021 dédouaner en2026,2021.0,170000.0,Diesel,Automatique,,Dédouanée,Occasion,,,Particulier,,,Khemisset,Rabat-Salé-Kénitra,,1.0,appelez le soir
680327,https://www.moteur.ma/fr/voiture/achat-voiture-occasion/detail-annonce/680327/mercedes-benz-classe-c.html,moteur,2026-09-27,2026-09-27 23:54:51,Mercedes c220d 2023 full carbone première main,Mercedes-Benz,C220d,2023 full carbone première main,2023.0,90000.0,Diesel,Automatique,,Dédouanée,Occasion,,,Particulier,0694016644,682155e707ea3815f7645e78d44275b52f85e317b2d5afdad92a8f18c56385a4,Meknes,Fès-Meknès,440000.0,1.0,"Mercedes c220d , 2023 , première main , 90 000 km , capot en carbone , jamais accidentée, peinture d..."
680328,https://www.moteur.ma/fr/voiture/achat-voiture-occasion/detail-annonce/680328/skoda-fabia.html,moteur,2026-09-27,2026-09-27 23:54:51,voiture à vendre Skoda Fabia,Skoda,Voiture,à vendre Fabia,2021.0,85000.0,Essence,Manuelle,,Dédouanée,Occasion,,,Particulier,0684482390,cd15391de88516065c6309f7d170436690dadc81c2bf1186b4045bc514f63dab,Meknes,Fès-Meknès,126000.0,1.0,"Voiture à vendre Skoda Fabia Ville : Meknès  Année : 2021 (1ère main) Moteur : 3 cylindres, 1 L Imma..."
680333,https://www.moteur.ma/fr/voiture/achat-voiture-occasion/detail-annonce/680333/mitsubishi-l200.html,moteur,2026-09-27,2026-09-27 23:54:51,L200 kat kat,Mitsubishi,L200,kat kat,2022.0,152000.0,Diesel,Manuelle,,Dédouanée,Occasion,,,Particulier,0663141614,d2fcf3e65963681b578892aed552da0577d1d2cf9e52322be4563423e5aee9c2,Tiznit,Souss-Massa,225000.0,1.0,"Mitsubishi L200 de 2022 en excellent état, première main, origine WW Maroc. - Carburant : Diesel - B..."
680334,https://www.moteur.ma/fr/voiture/achat-voiture-occasion/detail-annonce/680334/citroen-berlingo.html,moteur,2026-09-27,2026-09-27 23:54:51,عندي هاد السيارة مليحة أول ستيعمال,Citroën,Berlingo,,2021.0,115000.0,Diesel,Manuelle,,Dédouanée,Occasion,,,Particulier,0661615007,21d240e71e4b04c7ce4f35bf4fd61f4d2a53473e1ad0e9c84345e3f75661e88b,Kenitra,Rabat-Salé-Kénitra,178000.0,1.0,عندي هاد السيارة مليحة أول ستيعمال
680329,https://www.moteur.ma/fr/voiture/achat-voiture-occasion/detail-annonce/680329/peugeot-406.html,moteur,2026-09-27,2026-09-27 23:54:51,Peugeot 406,Peugeot,406,,2003.0,160000.0,Essence,Manuelle,,Dédouanée,Occasion,,,Particulier,0661308043,10733635c8d710415a5e254d3a7ccf4ddb3a7e3c88d8e2f3bd9132bee08316a0,Temara,Rabat-Salé-Kénitra,35000.0,1.0,très bon état peinture d&#039;origine 4pneus noeufs avec climatisation et un prix raisonnable
680211,https://www.moteur.ma/fr/voiture/achat-voiture-occasion/detail-annonce/680211/volkswagen-golf-4.html,moteur,2026-09-27,2026-09-27 23:56:02,Volkswagen Golf 4,Volkswagen,Golf,4,2003.0,398000.0,Diesel,Manuelle,,Dédouanée,Occasion,,,Particulier,0679103876,55134dc2f3c9ce2d7f8defc67781884d8603b11b6d7bd8912d60b6ff383ab9ed,Meknes,Fès-Meknès,82000.0,1.0,"Je mets en vente ma voiture de marque Volkswagen Golf MK4 modèle 2003 Pacific dédouanée en 2008, mat..."
680157,https://www.moteur.ma/fr/voiture/achat-voiture-occasion/detail-annonce/680157/renault-clio.html,moteur,2026-09-27,2026-09-27 23:56:49,Renault Clio,Renault,Clio,,2021.0,151000.0,Diesel,Manuelle,,Dédouanée,Occasion,,,Particulier,0646176095,4dc00f1ce51e2862a649de236e10b185ff2472533e1a58c9636da7f2c9a56d7b,Rabat,Rabat-Salé-Kénitra,142000.0,1.0,"Renault Clio 4 Diesel Modèle 2021 – État neuf Je mets en vente ma Renault Clio 4 Diesel, modèle 2021..."
680156,https://www.moteur.ma/fr/voiture/achat-voiture-occasion/detail-annonce/680156/seat-leon.html,moteur,2026-09-27,2026-09-27 23:56:49,Seat Leon,Seat,Leon,,2019.0,71000.0,Diesel,Manuelle,,Dédouanée,Occasion,,,Particulier,0641943646,fadc38655a496c50d2afcb953e8125e49a52360b2bc188f65419f2e9977772e8,Mohammedia,Casablanca-Settat,210000.0,1.0,"Seat Leon, 1.6 TDI, 5 Portes, Manual, Tres Bon Etat. La voiture nécessite quelques retouches. Premie..."
680148,https://www.moteur.ma/fr/voiture/achat-voiture-occasion/detail-annonce/680148/mercedes-benz-classe-c.html,moteur,2026-09-27,2026-09-27 23:56:56,Mercedes-Benz Classe C,Mercedes-Benz,Classe,C,2012.0,236000.0,Diesel,Automatique,,Dédouanée,Occasion,,,Particulier,0676664646,0c85db5f36392a0e0eb5355a25941e7ecb91737c3a6cf876e0e9ad564b741623,Casablanca,Casablanca-Settat,169000.0,1.0,🚘 Mercedes-Benz C220 W204 Phase 2 à vendre 📅 Modèle : 07/2012 ⛽ Diesel ⚙️ Boîte automatique ✨ Fi...
680147,https://www.moteur.ma/fr/voiture/achat-voiture-occasion/detail-annonce/680147/bmw-serie-1.html,moteur,2026-09-27,2026-09-27 23:56:56,BMW Série 1,BMW,Série,1,2008.0,200000.0,Diesel,Manuelle,,Dédouanée,Occasion,,,Particulier,0613391933,e553c24cd712548cd672b8a81db0300e9ea1f078eb5bc587c33d35e301b60015,Casablanca,Casablanca-Settat,98000.0,1.0,"Bmw Serie 118d Modele 2008 Diesel ⛽️ 8chv 🐎 Tt Option (Climatisation Bi-zone Digital, Jante alumin..."
680123,https://www.moteur.ma/fr/voiture/achat-voiture-occasion/detail-annonce/680123/volkswagen-tiguan.html,moteur,2026-09-27,2026-09-27 23:57:11,Volkswagen Tiguan,Volkswagen,Tiguan,,2019.0,134000.0,Diesel,Automatique,,Dédouanée,Occasion,,,Particulier,0661115128,3ae8645479e84afb35ffa2aba4790216f8f1ac49feac47201145b5493c601e2e,Tetouan,Tanger-Tétouan-Al Hoceïma,278000.0,1.0,"Je met en vente ma volkswagen tiguan modele 2019, importée neuve, 150 chv, 2litre Tdi, boîte automat..."
680090,https://www.moteur.ma/fr/voiture/achat-voiture-occasion/detail-annonce/680090/toyota-corolla.html,moteur,2026-09-27,2026-09-27 23:57:46,Toyota Corolla,Toyota,Corolla,,2022.0,100000.0,Hybride,Automatique,,Dédouanée,Occasion,,,Particulier,0754296115,d3a7322e375f79702be712fd82bd07de6f5ba505ac339c438cdf786146de4c2c,Tanger,Tanger-Tétouan-Al Hoceïma,160000.0,1.0,🚨 TOYOTA COROLLA HYBRID – ESSENCE / ÉLECTRIQUE – 2022 🚨 🔥 2ᵉ MAIN – 100 000 KM – FULL OPTIONS 🔥...
680033,https://www.moteur.ma/fr/voiture/achat-voiture-occasion/detail-annonce/680033/citroen-c5-aircross.html,moteur,2026-09-27,2026-09-27 23:58:53,Citroën C5 Aircross,Citroën,C5,Aircross,2022.0,35000.0,Diesel,Manuelle,,Dédouanée,Occasion,,,Particulier,0698320083,c46ea0f191bf940f8f0f9ab631110542da112a26ef678b41d2f04d156d4a19ff,Temara,Rabat-Salé-Kénitra,210000.0,1.0,"Je mets en vente ma voiture, 1ère main, en excellent état. Roulée principalement sur autoroute. Tous..."
679901,https://www.moteur.ma/fr/voiture/achat-voiture-occasion/detail-annonce/679901/citroen-c3.html,moteur,2026-09-27,2026-09-27 23:59:49,Citroën C3,Citroën,C3,,2019.0,109255.0,Diesel,Manuelle,,Dédouanée,Occasion,,,Particulier,0602944483,5e1c2d33bd014346644b1a79db73da91fdb32bb84ab0fa4c814ec694292981f0,Tanger,Tanger-Tétouan-Al Hoceïma,145000.0,1.0,أعرض للبيع سيارتي من نوع Citroën C3 ديزل 1.6 HDi، طراز Feel Pack، موديل 2019. ( Juillet 2019 ) لملكي...
679880,https://www.moteur.ma/fr/voiture/achat-voiture-occasion/detail-annonce/679880/ford-ka.html,moteur,2026-09-27,2026-09-27 23:59:57,Ford Ka,Ford,Ka,,2014.0,124000.0,Diesel,Manuelle,,Dédouanée,Occasion,,,Particulier,0775831391,5acea4ce2f3e3e3a4786c71b2dfc2879ce1c10b9a6c7567ef5bf26ff93bde861,Tanger,Tanger-Tétouan-Al Hoceïma,58000.0,1.0,Je mets en vente ma Ford ka modèle 2014. Diesel 124000 km au compteur. Petite voiture très économiqu...
679795,https://www.moteur.ma/fr/voiture/achat-voiture-occasion/detail-annonce/679795/volkswagen-tiguan.html,moteur,2026-09-27,2026-09-28 00:00:39,Volkswagen Tiguan,Volkswagen,Tiguan,,2023.0,50000.0,Diesel,Automatique,,Dédouanée,Occasion,,,Particulier,0701875524,bf1b456700e0354f0bed19d24e5269ebf31973fc91d8bc38557bed310d387edf,Marrakech,Marrakech-Safi,470000.0,1.0,🚘 À vendre – Volkswagen Tiguan Allspace R-Line Je mets en vente mon Volkswagen Tiguan Allspace R-Li...
679648,https://www.moteur.ma/fr/voiture/achat-voiture-occasion/detail-annonce/679648/mini-one.html,moteur,2026-09-27,2026-09-28 00:03:14,Mini One,Mini,One,,2016.0,107000.0,Diesel,Manuelle,,Dédouanée,Occasion,,,Particulier,0661614968,c6dcc8dcf47d5f01e1e3244d18438e578161dcfb2497280cde2dd9fadbec0b0a,Rabat,Rabat-Salé-Kénitra,145000.0,1.0,"Voiture en très bon état, jantes alu pneus good year neufs , vidange huile moteur Castrol, vidange b..."
679578,https://www.moteur.ma/fr/voiture/achat-voiture-occasion/detail-annonce/679578/hyundai-santa-fe.html,moteur,2026-09-27,2026-09-28 00:05:20,Hyundai Santa Fe,Hyundai,Santa,Fe,2014.0,285000.0,Diesel,Manuelle,,Dédouanée,Occasion,,,Particulier,0643291607,15833dbbf10babf8b1e101f5683c438db488478aef8dd507beec7d5f349f8023,Marrakech,Marrakech-Safi,145000.0,1.0,"Hyundai Santa Fe 2014 Diesel, manuelle. Voiture familiale, propre et bien entretenue. Kilométrage :..."
679429,https://www.moteur.ma/fr/voiture/achat-voiture-occasion/detail-annonce/679429/audi-q5.html,moteur,2026-09-26,2026-09-28 00:06:06,Audi Q5,Audi,Q5,,2018.0,130000.0,Diesel,Automatique,,Dédouanée,Occasion,,,Particulier,0655591791,cb2ff31fbc12108cc4f59620a1d785b2436a9c8af5695eb87f06e7258d2a1e6c,Safi,Marrakech-Safi,350000.0,1.0,Je mets en vente une Audi Q5 Diesel Automatique de 2018 en excellent état. - Kilométrage : 130 000 k...
679419,https://www.moteur.ma/fr/voiture/achat-voiture-occasion/detail-annonce/679419/audi-a3-sportback.html,moteur,2026-09-26,2026-09-28 00:06:12,Audi A3 Sportback,Audi,A3,Sportback,2017.0,115000.0,Diesel,Automatique,,Dédouanée,Occasion,,,Particulier,0666480583,0643fe2d5bbb0b4e1515394cc2a924f45eacb72ce57c35ee1fe9a04ac7fb6551,Kenitra,Rabat-Salé-Kénitra,225000.0,1.0,"Je met en vente ma voiture Audi A3, modèle 2017 ww Maroc. Motorisation: 2.0 TDI 150cv Boîte automati..."
679376,https://www.moteur.ma/fr/voiture/achat-voiture-occasion/detail-annonce/679376/renault-clio.html,moteur,2026-09-26,2026-09-28 00:06:12,Renault Clio,Renault,Clio,,2023.0,193000.0,Diesel,Manuelle,,Dédouanée,Occasion,,,Particulier,0700151061,afae3beb3f99a2fd2ac9c967bb38c3f0f2478002022f33905944f402c6538ef6,Benguerir,Marrakech-Safi,145000.0,1.0,Je vends une Renault Clio 5 Diesel de 2023 en bon état. - Kilométrage : 193 000 km - Puissance fisca...
679360,https://www.moteur.ma/fr/voiture/achat-voiture-occasion/detail-annonce/679360/nissan-qashqai.html,moteur,2026-09-26,2026-09-28 00:06:19,Nissan Qashqai,Nissan,Qashqai,,2018.0,149700.0,Diesel,Manuelle,,Dédouanée,Occasion,,,Particulier,0606477400,1d08bf4b417af2e0593b1bc4671d840110bb283fe75eb627405354f3c6bb3134,Tanger,Tanger-Tétouan-Al Hoceïma,180000.0,1.0,Très belle voiture première main jamais gravement accidenté négociation légère je ne veux pas d’inte...
679310,https://www.moteur.ma/fr/voiture/achat-voiture-occasion/detail-annonce/679310/opel-grandland.html,moteur,2026-09-26,2026-09-28 00:06:27,Opel Grandland,Opel,Grandland,,2021.0,173000.0,Diesel,Manuelle,,Dédouanée,Occasion,,,Particulier,0665622576,c85387952428cc888c34f564eb548951c8de66fc5a9083418a0a858722684618,Fes,Fès-Meknès,185000.0,1.0,"Voiture en très bon état, nouvelle batterie, 4 roues neuves, très bon prix."
679176,https://www.moteur.ma/fr/voiture/achat-voiture-occasion/detail-annonce/679176/volkswagen-touran.html,moteur,2026-09-26,2026-09-28 00:06:52,Volkswagen Touran,Volkswagen,Touran,,2010.0,352000.0,Diesel,Manuelle,,Dédouanée,Occasion,,,Particulier,0665052887,3cf05294595d2febbb1a8512668e2c27d1e8d62b31ed439ee51478bace7be379,Casablanca,Casablanca-Settat,120000.0,1.0,352000 km Trés bon état Bien entretenu Diwana 2013
679064,https://www.moteur.ma/fr/voiture/achat-voiture-occasion/detail-annonce/679064/volkswagen-polo.html,moteur,2026-09-26,2026-09-28 00:07:12,Volkswagen Polo,Volkswagen,Polo,,2014.0,200000.0,Diesel,Manuelle,,Dédouanée,Occasion,,,Particulier,0626833995,97d71d7d8ad0b21230f6f929fc32fa4a726dfa3d97f4e08385f1217918a5f411,Tanger,Tanger-Tétouan-Al Hoceïma,98000.0,1.0,Consomation faible Comfortable Tomobil baka nkiya bzaaf Prix kabil n mofahama
678996,https://www.moteur.ma/fr/voiture/achat-voiture-occasion/detail-annonce/678996/audi-a3-berline.html,moteur,2026-09-26,2026-09-28 00:07:26,Audi A3 Berline,Audi,A3,Berline,2018.0,83000.0,Diesel,Automatique,,Dédouanée,Occasion,,,Particulier,0660425771,e38e4c6eadda54df2a88d528de5a75c20a31493e344093534fb81584d07b096c,Casablanca,Casablanca-Settat,215000.0,1.0,"À vendre Audi A3 Berline, année 2018, avec seulement 83 000 km au compteur. INTERMEDIAIRE S ABSTENIR..."
678948,https://www.moteur.ma/fr/voiture/achat-voiture-occasion/detail-annonce/678948/bmw-x6.html,moteur,2026-09-26,2026-09-28 00:07:39,BMW X6,BMW,X6,,2015.0,138000.0,Diesel,Automatique,,Dédouanée,Occasion,,,Particulier,0669681985,199cd35a2810983cd2328cb310913c1ea4f4f491ffc9eb204d6669012061abc7,Casablanca,Casablanca-Settat,280000.0,1.0,BMW X6 F16 3.0d xDrive – 2015 | Noir / Cuir blanc 🔥 BMW X6 F16 3.0d xDrive – Double Turbo (TwinPowe...
678932,https://www.moteur.ma/fr/voiture/achat-voiture-occasion/detail-annonce/678932/toyota-c-hr.html,moteur,2026-09-26,2026-09-28 00:07:39,Toyota C-HR,Toyota,C-hr,,2021.0,92000.0,Hybride,Automatique,,Dédouanée,Occasion,,,Particulier,0652274442,c1f8c5ebe91e78c2b032db64225dcfc5c4ff4c8e36a416db866e1205afbb723f,Marrakech,Marrakech-Safi,210000.0,1.0,Je mets en vente une Toyota C-HR de 2021 en excellent état. - Marque : Toyota - Modèle : C-HR - Anné...
680577,https://www.moteur.ma/fr/voiture/achat-voiture-occasion/detail-annonce/680577/citroen-c4.html,moteur,2026-09-20,2026-09-28 00:26:40,Citroën C4 Diesel Manuelle 2017 à Rabat,Citroën,C4,Diesel Manuelle 2017 à Rabat,2017.0,201000.0,Diesel,Manuelle,,Dédouanée,Occasion,,,Particulier,0661727482,037a0dedb4a52d9a07987fb3d267c0a8379830f029d6fafa8375758c63cd16c5,Sale,Rabat-Salé-Kénitra,119000.0,1.0,Je vends une Citroën C4 de 2017 en très bon état. - Kilométrage : 201 000 km - Carburant : Diesel -...
680568,https://www.moteur.ma/fr/voiture/achat-voiture-occasion/detail-annonce/680568/peugeot-301.html,moteur,2026-09-11,2026-09-28 00:46:07,PEUGEOT 301 MANUEL MODÈLE 2021,Peugeot,301,MANUEL MODÈLE 2021,2021.0,140.0,Diesel,Manuelle,,Dédouanée,Occasion,,,Particulier,,,Errachidia,Drâa-Tafilalet,,1.0,سيارة بيجو 301 موديل 2021 بحالة جيدة جدا. - ناقل الحركة: يدوي - نوع الوقود: ديزل - القوة الجبائية: 6...
680588,https://www.moteur.ma/fr/voiture/achat-voiture-occasion/detail-annonce/680588/renault-kangoo.html,moteur,2026-09-28,2026-09-28 00:47:18,KIA PICANTO 2009,Kia,Picanto,2009,2008.0,350000.0,Diesel,Manuelle,,Dédouanée,Occasion,,,Particulier,0767576287,70a7400cf66d51e564a8b836c671966ed18cd817e9319e3458c604d8236fcffa,Fes,Fès-Meknès,88000.0,1.0,🚘》LA MARQUE  :KANGOO DCI 🥇》 MODEL          : 2008 ⛽》CARBURANT  : DIESEL   🐎》CHEVAUX       :...
680580,https://www.moteur.ma/fr/voiture/achat-voiture-occasion/detail-annonce/680580/renault-clio.html,moteur,2026-09-28,2026-09-28 00:47:18,Renault Clio 4 modèle 2013,Renault,Clio,4 modèle 2013,2013.0,32000.0,Diesel,Manuelle,,Dédouanée,Occasion,,,Particulier,0680230263,d8042d9ad063da44ca3786bb36f85bfbd7ed2e5185c9d924ee36b69478e0cb64,Casablanca,Casablanca-Settat,110000.0,1.0,À vendre Renault Clio Diesel de 2013 en très bon état. - Origine : WW au Maroc - Boite de vitesses :...
680581,https://www.moteur.ma/fr/voiture/achat-voiture-occasion/detail-annonce/680581/kia-picanto.html,moteur,2026-09-28,2026-09-28 00:47:18,KIA PICANTO 2009,Kia,Picanto,2009,2009.0,0.0,Essence,Manuelle,,Dédouanée,Occasion,,,Particulier,0767576287,70a7400cf66d51e564a8b836c671966ed18cd817e9319e3458c604d8236fcffa,Fes,Fès-Meknès,58000.0,1.0,🚘》LA MARQUE  : KIA PICANTO 🥇》 MODEL          : 2009 ⛽》CARBURANT  : DIESEL   🐎》CHEVAUX...
680584,https://www.moteur.ma/fr/voiture/achat-voiture-occasion/detail-annonce/680584/volkswagen-golf-6.html,moteur,2026-09-28,2026-09-28 00:47:18,Golf 6 TDI 2012 - Propre - Taza,Volkswagen,Golf,6 TDI 2012 - Propre - Taza,2012.0,2803.0,Diesel,Manuelle,,Dédouanée,Occasion,,,Particulier,0654544160,d0fb1d03beac99d877e42533f8e4ef28d158b56b4b52ef84c2554d6f52887374,Taza,Fès-Meknès,108000.0,1.0,🔹 Moteur : 1.6 TDI Diesel 🔹 Kilométrage : 280 000 km 🔹 Boîte : Manuelle 🔹 État : propre et bien...
680585,https://www.moteur.ma/fr/voiture/achat-voiture-occasion/detail-annonce/680585/renault-clio.html,moteur,2026-09-28,2026-09-28 00:47:18,clio 4 intense,Renault,Clio,4 intense,2017.0,118000.0,Diesel,Manuelle,,Dédouanée,Occasion,,,Particulier,0664636335,350ddeba208893d6c0a274ec9df80b7a07862cb3f0c6cd1aab19592a48e4f6f0,Oujda,Oriental,133000.0,1.0,​📌 À VENDRE : Renault Clio 4 Intense (2017) – 1ère Main ​Caractéristiques Principales : ​Modèle : R...
680586,https://www.moteur.ma/fr/voiture/achat-voiture-occasion/detail-annonce/680586/peugeot-208.html,moteur,2026-09-28,2026-09-28 00:47:18,peugeot 208,Peugeot,208,,2016.0,220000.0,Diesel,Manuelle,,Dédouanée,Occasion,,,Particulier,0602830040,ecd80ec260a82b01731aa3ad4306439198135f48f0370fb4406d0649764cc14a,Rabat,Rabat-Salé-Kénitra,109000.0,1.0,Je vends une Peugeot 208 en très bon état. - Modèle : 208 - Année-Modèle : 2016 - Carburant : Diesel...
680587,https://www.moteur.ma/fr/voiture/achat-voiture-occasion/detail-annonce/680587/renault-clio.html,moteur,2026-09-28,2026-09-28 00:47:18,clio 5 à vendre,Renault,Clio,5 à vendre,2021.0,220000.0,Diesel,Manuelle,,Dédouanée,Occasion,,,Particulier,0604250591,b39f96f514c245a6d269e459ff3b840ac0c50d5792b8abfdf4ead536d393d25d,Marrakech,Marrakech-Safi,130000.0,1.0,Je mets en vente une Renault Clio 5 en très bon état. - Année-Modèle : 2021 - Puissance fiscale : 6...
680574,https://www.moteur.ma/fr/voiture/achat-voiture-occasion/detail-annonce/680574/volkswagen-sharan.html,moteur,2026-09-28,2026-09-28 00:47:18,فولس فاكن شران للبيع ديوانية 2023,Volkswagen,Autre,,2013.0,250000.0,Diesel,Automatique,,Dédouanée,Occasion,,,Particulier,0722380102,1baf1f1627165440d4037229ec26ff87054b9d5c4b17e66043bc0985d232787b,Tanger,Tanger-Tétouan-Al Hoceïma,180000.0,1.0,Volkswagen charan 7 please 3amra modil 2013 diwane 2021klomitrage 250000 yes wahda n9iya Lah ibarek...
680575,https://www.moteur.ma/fr/voiture/achat-voiture-occasion/detail-annonce/680575/audi-q5-sportback.html,moteur,2026-09-28,2026-09-28 00:47:18,Audi Q5 Sportback islan modèle 2023,Audi,Q5,Sportback islan modèle 2023,2023.0,126000.0,Diesel,Automatique,,Dédouanée,Occasion,,,Particulier,0680230263,d8042d9ad063da44ca3786bb36f85bfbd7ed2e5185c9d924ee36b69478e0cb64,Casablanca,Casablanca-Settat,630000.0,1.0,Je mets en vente une Audi Q5 Sportback de 2023 en excellent état. - Marque : Audi - Modèle : Q5 Spor...
680576,https://www.moteur.ma/fr/voiture/achat-voiture-occasion/detail-annonce/680576/dacia-sandero.html,moteur,2026-09-28,2026-09-28 00:47:18,très bonne état,Dacia,Autre,bonne état,2021.0,48000.0,Diesel,Manuelle,,Dédouanée,Occasion,,,Particulier,0654020316,1e58daaafc7abd9fc7e31bcd47c12213d15daf345252af6da9ddef240d3a7c69,Marrakech,Marrakech-Safi,132000.0,1.0,Je vends une Dacia Sandero de 2021 en excellent état. - Kilométrage : 48000 - Carburant : Diesel - B...
680578,https://www.moteur.ma/fr/voiture/achat-voiture-occasion/detail-annonce/680578/ford-mustang.html,moteur,2026-09-28,2026-09-28 00:47:18,Ford Mustang Convertible Premium,Ford,Mustang,Convertible Premium,2025.0,30000.0,Essence,Automatique,,Dédouanée,Occasion,,,Particulier,0676970933,cb4df1ef45033a232ac440bacf0139bb6f2dc4c8ab6d877ca1caf86b833f3dd7,Rabat,Rabat-Salé-Kénitra,580000.0,1.0,"Ford Mustang Convertible Premium ecoboost 2,3 pack GT importé USA  Boîte automatique  317 Ch Model 2..."
680579,https://www.moteur.ma/fr/voiture/achat-voiture-occasion/detail-annonce/680579/dacia-logan.html,moteur,2026-09-28,2026-09-28 00:47:18,DACIA LOGAN 2013,Dacia,Logan,2013,2013.0,173.0,Diesel,Manuelle,,Dédouanée,Occasion,,,Particulier,0640048094,367a1dff9268103c23c9baf3b4522f56547d64f2a06e49270cd8babebc165287,Autre,,850000.0,1.0,أعرض للبيع داسيا لوجان موديل 2013 بحالة ممتازة. - الماركة: داسيا - الموديل: لوجان - سنة الموديل: 201...
680571,https://www.moteur.ma/fr/voiture/achat-voiture-occasion/detail-annonce/680571/ford-mustang.html,moteur,2026-09-28,2026-09-28 00:47:18,Ford Mustang Convertible Premium,Ford,Mustang,Convertible Premium,2026.0,30000.0,Essence,Automatique,,Dédouanée,Occasion,,,Particulier,0676970933,cb4df1ef45033a232ac440bacf0139bb6f2dc4c8ab6d877ca1caf86b833f3dd7,Rabat,Rabat-Salé-Kénitra,580000.0,1.0,"Ford Mustang Convertible Premium ecoboost 2,3 pack GT importé USA  Boîte automatique  317 Ch Model 2..."
680573,https://www.moteur.ma/fr/voiture/achat-voiture-occasion/detail-annonce/680573/volkswagen-touran.html,moteur,2026-09-28,2026-09-28 00:47:18,touran 7places  model 2014 diwana 2018,Volkswagen,Touran,7places model 2014 diwana 2018,2014.0,282000.0,Diesel,Automatique,,Dédouanée,Occasion,,,Particulier,0668532116,606fb608d57bbb38207ce49522552ebff3cee0367d19256aa8dea654de11cacf,Nador,Oriental,195000.0,1.0,touran cross 7 places model 2014 diwana 2018
680570,https://www.moteur.ma/fr/voiture/achat-voiture-occasion/detail-annonce/680570/mercedes-benz-classe-c.html,moteur,2026-09-27,2026-09-28 00:47:18,"À vendre Mercedes-Benz Classe C, modèle 2011.",Mercedes-Benz,Autre,vendre Classe C modèle 2011.,2011.0,306000.0,Diesel,Automatique,,Dédouanée,Occasion,,,Particulier,0617226930,1b63a7049ca1ecab513f2f384360639856a45d005425f2c78aa5420b4baf9a2e,Tanger,Tanger-Tétouan-Al Hoceïma,165000.0,1.0,"À vendre Mercedes-Benz Classe C, modèle 2011, en très bon état. - Marque : Mercedes-Benz - Modèle :..."
680569,https://www.moteur.ma/fr/voiture/achat-voiture-occasion/detail-annonce/680569/peugeot-308.html,moteur,2026-09-27,2026-09-28 00:47:18,heddfhjjjjfezzaa,Peugeot,Heddfhjjjjfezzaa,,2011.0,230000.0,Diesel,Manuelle,,Dédouanée,Occasion,,,Particulier,0654654366,7ce340a13176f313cd4f8faf4caf08f31128f0c3b89bb8b4ad2cb65cf4ab3573,Oujda,Oriental,89000.0,1.0,À vendre Peugeot 308 de 2011 en très bon état. - Marque : Peugeot - Modèle : 308 - Année-Modèle : 20...
680567,https://www.moteur.ma/fr/voiture/achat-voiture-occasion/detail-annonce/680567/fiat-500.html,moteur,2026-09-27,2026-09-28 00:47:27,Fiat 500 à vendre,Fiat,500,à vendre,2019.0,123000.0,Essence,Automatique,7.0,Dédouanée,Occasion,,,Particulier,0684684157,d445d485cd4d3201150431b57c92557e67f3cb49e03821157227a949f0f24f81,Temara,Rabat-Salé-Kénitra,105000.0,1.0,Je vends une Fiat 500 de 2019 en très bon état. - Kilométrage : 123000km - Puissance fiscale : 7 CV...
