listing_id,url,source,date_posted,date_scraped,title_raw,brand,model,trim,year,mileage_km,fuel_type,transmission,fiscal_power_cv,customs_status,condition,owners_count,doors_count,seller_type,seller_phone,seller_phone_hash,city,region,price_mad,photos_count,description_raw
690987,https://www.moteur.ma/fr/voiture/achat-voiture-occasion/detail-annonce/690987/audi-a3-sportback.html,moteur,2026-10-07,2026-10-07 04:14:25,2026-10-07,Audi,2026-10-07,,2020.0,100000.0,Diesel,Automatique,,Dédouanée,Occasion,,,Particulier,0618387443,3737fb744c30c14a0fc85ac0436569aa579ca81cdb08cce39ed116be050986db,Tetouan,Tanger-Tétouan-Al Hoceïma,350000.0,1.0,Je propose à la vente une voiture d&#039;occasion en excellent état. - Carburant : Diesel - Boite de vite...
690986,https://www.moteur.ma/fr/voiture/achat-voiture-occasion/detail-annonce/690986/kia-seltos.html,moteur,2026-10-07,2026-10-07 04:14:25,Kia Seltos Essence Automatique 2025 à Casablanca,Kia,Seltos,Essence Automatique 2025 à Casablanca,2025.0,15000.0,Essence,Automatique,,Dédouanée,Occasion,,,Particulier,0661561770,dc075a626dd168acde7904100bbb53f46992ec46e861d929f8e717a417afa905,Casablanca,Casablanca-Settat,260000.0,1.0,Etat neuf
690985,https://www.moteur.ma/fr/voiture/achat-voiture-occasion/detail-annonce/690985/ford-focus.html,moteur,2026-10-07,2026-10-07 04:14:25,Ford Focus Diesel Manuelle 2008 à Marrakech,Ford,Focus,Diesel Manuelle 2008 à Marrakech,2008.0,193000.0,Diesel,Manuelle,,Dédouanée,Occasion,,,Particulier,0771780623,9804e58e45e0f836a011d625858cb6b5c9dc212944eb7d4608fcdf936cdb1bc4,Marrakech,Marrakech-Safi,85000.0,1.0,Je mets ma voiture en vente Ford focus
690982,https://www.moteur.ma/fr/voiture/achat-voiture-occasion/detail-annonce/690982/bmw-serie-1.html,moteur,2026-10-07,2026-10-07 04:14:25,BMW Série 1 Diesel Automatique 2016 à Casablanca,BMW,Série,1 Diesel Automatique 2016 à Casablanca,2016.0,130000.0,Diesel,Automatique,,Dédouanée,Occasion,,,Particulier,0698349484,896e7c96e04bb2041b9fee05b00b68f80948170b35c22e6b7f471da14382adb8,Casablanca,Casablanca-Settat,240000.0,1.0,"Je mets en vente ma BMW série 118d (150 chevaux), véhicule qui a roulé plus sur autoroute et à l&#039;étr..."
690990,https://www.moteur.ma/fr/voiture/achat-voiture-occasion/detail-annonce/690990/renault-r9.html,moteur,2026-10-07,2026-10-07 06:02:39,R 9 isanas,Renault,R,9 isanas,1986.0,300000.0,Essence,Manuelle,,Dédouanée,Occasion,,,Particulier,0621665470,208bbe6d8fb2745304034cde3f82bfdb590483adb69f84d953c8300c012801e7,Autre,,19000.0,1.0,أعرض للبيع سيارة رينو آر 9 موديل 1986. - الماركة: رينو - الموديل: آر 9 - سنة الموديل: 1986 - القوة ا...
690989,https://www.moteur.ma/fr/voiture/achat-voiture-occasion/detail-annonce/690989/renault-express.html,moteur,2026-10-07,2026-10-07 06:02:39,RENAULT EXPRESS DIESEL MANUELLE,Renault,Express,DIESEL MANUELLE,2021.0,52000.0,Diesel,Manuelle,,Dédouanée,Occasion,,,Particulier,0783609002,39a147c005279bd0c3056dd33ad1ddcb7f6d2a4bd67d892e437de3ac8193aeff,Casablanca,Casablanca-Settat,90000.0,1.0,"Je propose à la vente une Renault Express Diesel Manuelle, première main. - Modèle : Express - Année..."
44985,https://www.wandaloo.com/occasion/alfa-romeo-giulietta-diesel-occasion-casablanca-maroc/44985.html,wandaloo,2026-10-08,2026-10-08 00:15:23,ALFA ROMEO Giulietta,Alfa Romeo,Giulietta,,2019.0,160000.0,Diesel,,6.0,Dédouanée,Occasion,,,Particulier,0660497302,eed17fcec9e5209f92c95c26f77869068a099045d7211353afad529afcf9461b,Casablanca,Casablanca-Settat,140000.0,1.0,
692114,https://www.moteur.ma/fr/voiture/achat-voiture-occasion/detail-annonce/692114/land-rover-range-rover-evoque.html,moteur,2026-09-29,2026-10-08 00:16:14,ronge rover évoque model 2017 mazala jdida,Land Rover,Ronge,évoque model 2017 mazala jdida,2017.0,170.0,Diesel,Automatique,,Dédouanée,Occasion,,,Particulier,0693863811,067018a019f1335645167e519aadedd505234f46e7713e8d68bf053e53141124,Fes,Fès-Meknès,200000.0,1.0,Je propose à la vente un Range Rover Evoque de 2017 en très bon état. - Marque : Land Rover - Modèle...
691397,https://www.moteur.ma/fr/voiture/achat-voiture-occasion/detail-annonce/691397/hyundai-tucson.html,moteur,2026-09-28,2026-10-08 00:21:57,Hyundai Tucson Diesel Automatique 2019,Hyundai,Tucson,Diesel Automatique 2019,2019.0,194000.0,Diesel,Automatique,,Dédouanée,Occasion,,,Particulier,0666986969,c4ba33e5918767f1cc87e23608ebc7fb90295aa4ded6ebad5391e12361c6186c,Casablanca,Casablanca-Settat,235000.0,1.0,Je mets en vents ma voiture   hyundai tucson   Model 2019   tout option   pour plus d&#039;information ca...
692051,https://www.moteur.ma/fr/voiture/achat-voiture-occasion/detail-annonce/692051/daewoo-lanos.html,moteur,2026-09-26,2026-10-08 00:27:37,daewoo a vendre,Daewoo,A,vendre,1998.0,200000.0,Essence,Manuelle,,Dédouanée,Occasion,,,Particulier,0700089767,1bce05b9ef57e90a5c6707f1c7855e8efda9108bd86d41d3877163b58cba83ff,Skhirat,Rabat-Salé-Kénitra,16000.0,1.0,daewoo a vendre
691004,https://www.moteur.ma/fr/voiture/achat-voiture-occasion/detail-annonce/691004/peugeot-2008.html,moteur,2026-09-25,2026-10-08 00:31:08,Peugeot 2008,Peugeot,2008,,2019.0,131000.0,Diesel,Manuelle,,Dédouanée,Occasion,,,Particulier,0667958168,ce81ec5244dd85efafc29de0b4ab01d3edbf4c7f702fed26368e254f6c208ae9,Meknes,Fès-Meknès,137000.0,1.0,je met en vente ma voiture Peugeot 2008 modèle 209/07 tout option  jamais accidenté  carte grise fe...
691221,https://www.moteur.ma/fr/voiture/achat-voiture-occasion/detail-annonce/691221/renault-clio.html,moteur,2026-09-24,2026-10-08 00:33:11,سيارة اقتصادية,Renault,Clio,,2019.0,126000.0,Diesel,Manuelle,,Dédouanée,Occasion,,,Particulier,,,Fes,Fès-Meknès,,1.0,سيارة اقتصادية
691467,https://www.moteur.ma/fr/voiture/achat-voiture-occasion/detail-annonce/691467/mercedes-benz-220.html,moteur,2026-09-23,2026-10-08 00:36:25,Mercedes c220 w204 2009 Automatique AMG Avantgarde,Mercedes-Benz,C220,w204 2009 Automatique AMG Avantgarde,2009.0,198000.0,Diesel,Automatique,,Dédouanée,Occasion,,,Particulier,0623357087,8b90ba020368fff53eaa9950ad4352442ede236f73950e86ec0e044a9f029f35,Fes,Fès-Meknès,155000.0,1.0,À vendre Mercedes-Benz C220 W204 Automatique AMG finition Avantgarde de 2009. - Kilométrage : 198 00...
691174,https://www.moteur.ma/fr/voiture/achat-voiture-occasion/detail-annonce/691174/dacia-duster.html,moteur,2026-09-22,2026-10-08 00:36:50,Dacia Duster Modèle 2019 très bon état,Dacia,Duster,Modèle 2019 très bon état,2019.0,116900.0,Diesel,Manuelle,,Dédouanée,Occasion,,,Particulier,0619835489,a6b4eecbcbea80baa0c68ca145d4a1ae96d6a1983b2b8c2b012a40cfea5fd265,Kenitra,Rabat-Salé-Kénitra,154000.0,1.0,للبيع سيارة داسيا دوستر موديل 2019، بمحرك ديزل (6 الخيل)، ديوانة المغرب (WW المغرب)، علبة سرعة يدوية...
691693,https://www.moteur.ma/fr/voiture/achat-voiture-occasion/detail-annonce/691693/dacia-logan.html,moteur,2026-09-22,2026-10-08 00:38:49,dacia logan,Dacia,Logan,,2011.0,180.0,Diesel,Manuelle,,Dédouanée,Occasion,,,Particulier,,,Autre,,,1.0,داسيا 2011 دايزا طاكسي كلشي فيها جديد جي وركب ماتخسر والو مطور جديد بنوات جداد كسيدة مكيناش.كارطكريز...
691022,https://www.moteur.ma/fr/voiture/achat-voiture-occasion/detail-annonce/691022/bmw-serie-1.html,moteur,2026-09-21,2026-10-08 00:39:37,bmw 116i 650dh vignette,BMW,116I,650dh vignette,2012.0,138000.0,Essence,Automatique,,Dédouanée,Occasion,,,Particulier,0612449361,cae3f63740623edd4157ee3505e3155e4a5ef13d0f71f33d8181a5c30cfa9a63,Meknes,Fès-Meknès,122000.0,1.0,"Je vends une BMW Série 1 de 2012 en excellent état,  et origine WW au Maroc. - Vignette 650 Dhs - Mo..."
692226,https://www.moteur.ma/fr/voiture/achat-voiture-occasion/detail-annonce/692226/nissan-juke.html,moteur,2026-10-08,2026-10-08 00:42:09,voiture avec un bonne état .,Nissan,Voiture,avec un bonne état .,2015.0,256000.0,Diesel,Manuelle,,Dédouanée,Occasion,,,Particulier,0664763060,48db0cf942f6e187b22a95df2221a702f964ee93727c7713580caf9b9a398e61,Casablanca,Casablanca-Settat,108000.0,1.0,أعرض للبيع سيارة نيسان جوك موديل 2015 بحالة جيدة جدا. - سيارة مستعملة (2ème main) - لم تتعرض لأي حاد...
692227,https://www.moteur.ma/fr/voiture/achat-voiture-occasion/detail-annonce/692227/renault-r19.html,moteur,2026-10-08,2026-10-08 00:42:09,sayad ba9a n9iya,Renault,Sayad,ba9a n9iya,1995.0,200000.0,Essence,Manuelle,,Dédouanée,Occasion,,,Particulier,0617895002,63745ddce1d628ca897604ab5fe06a30892fc55b2a146a3ebe8aed04490ec3aa,Sidi,Rabat-Salé-Kénitra,32000.0,1.0,sayara n9iya rwayad b 4 jdad motor jdida karosri mlih dorijin
692223,https://www.moteur.ma/fr/voiture/achat-voiture-occasion/detail-annonce/692223/peugeot-206.html,moteur,2026-10-08,2026-10-08 00:42:09,Peugeot 206 Essence Manuelle 2012 à Tanger,Peugeot,206,Essence Manuelle 2012 à Tanger,2012.0,145000.0,Essence,Manuelle,,Dédouanée,Occasion,,,Particulier,0633659231,ba06d43a1acba233a3fd1b29deda676d6b219c6b152ac42208e6af740e04a530,Tanger,Tanger-Tétouan-Al Hoceïma,59000.0,1.0,سيارة للبيع المستعجل استخدام زوجتي ،حالة جيدة زجاج كهرباكي للابواب الامامية،،الضريبة 350 dh
692225,https://www.moteur.ma/fr/voiture/achat-voiture-occasion/detail-annonce/692225/renault-megane.html,moteur,2026-10-08,2026-10-08 00:42:09,Renault megane 4 sedan intens,Renault,Megane,4 sedan intens,2017.0,161000.0,Diesel,Automatique,,Dédouanée,Occasion,,,Particulier,0645795459,c568a62e30f80441024a8783bb9af139ebb78eee7a075a322d04295dae75bfdb,Berrechid,Casablanca-Settat,162000.0,1.0,Renault Mégane 4 Sedan automatique version BLUE BUSINESS INTENS full options.. cahier d&#039;entretien di...
692224,https://www.moteur.ma/fr/voiture/achat-voiture-occasion/detail-annonce/692224/renault-kangoo.html,moteur,2026-10-08,2026-10-08 00:42:09,رينو كانغو ديزل يدوي 2010 في الدار البيضاء,Renault,Autre,,2010.0,159600.0,Diesel,Manuelle,,Dédouanée,Occasion,,,Particulier,0642519066,581ca8ed201cce73569329d49b76955bb246fe8566e9ec53bf72228263c5d466,Casablanca,Casablanca-Settat,87000.0,1.0,أعرض للبيع سيارة رينو كانغو موديل 2010 بحالة ممتازة. - كيلومتراج: 159600 كم - الماركة: رينو - المودي...
692220,https://www.moteur.ma/fr/voiture/achat-voiture-occasion/detail-annonce/692220/peugeot-406.html,moteur,2026-10-08,2026-10-08 00:42:09,Peugeot 406 diesel,Peugeot,406,diesel,2003.0,300000.0,Diesel,Manuelle,,Dédouanée,Occasion,,,Particulier,0603236444,06b6abb5a1d445abde10678aef145fca701c9e01e0e57ee7dffc1a30abe42d15,Ifrane,,50000.0,1.0,tout option mazala jdida
692222,https://www.moteur.ma/fr/voiture/achat-voiture-occasion/detail-annonce/692222/ford-mondeo.html,moteur,2026-10-08,2026-10-08 00:42:09,ford Mondeo diesel 8 ch,Ford,Mondeo,diesel 8 ch,2004.0,250000.0,Diesel,Manuelle,8.0,Dédouanée,Occasion,,,Particulier,0604647576,cde9732c79ecf055dfc6df43690e5d0e95ed7362f9faea0e66b95ccf735a2f78,Sale,Rabat-Salé-Kénitra,37000.0,1.0,السيارة مليحة  جي او ركب  السيارة كاسبها هدي 3 سنوات الله يعمرها دار
692221,https://www.moteur.ma/fr/voiture/achat-voiture-occasion/detail-annonce/692221/honda-civic.html,moteur,2026-10-08,2026-10-08 00:42:09,Honda civic 2006,Honda,Civic,2006,2006.0,240000.0,Essence,Manuelle,,Dédouanée,Occasion,,,Particulier,0671479190,063611e448595c1398f3379272871b91b26f3068b36be5f154e8c961b7eedca3,Laayoune,Laâyoune-Sakia El Hamra,55000.0,1.0,هوندا سيفيك موديل 2006 بحالة ممتازة للبيع. - ماركة هوندا، موديل سيفيك، سنة 2006 - القوة الجبائية 10...
692217,https://www.moteur.ma/fr/voiture/achat-voiture-occasion/detail-annonce/692217/skoda-karoq.html,moteur,2026-10-08,2026-10-08 00:42:09,Skoda Karoq 2023 automatique  1ère main à vendre,Skoda,Karoq,2023 automatique 1ère main à vendre,2023.0,67000.0,Diesel,Automatique,,Dédouanée,Occasion,,,Particulier,0654824222,2b6334f8ca54eb8ae77a1e28de281459bc3f0d9362e96e808dc81c797eccd603,Casablanca,Casablanca-Settat,295000.0,1.0,"Je vends une Skoda Karoq de 2023 en excellent état, première main. - Marque : Skoda - Modèle : Karoq..."
692218,https://www.moteur.ma/fr/voiture/achat-voiture-occasion/detail-annonce/692218/peugeot-208.html,moteur,2026-10-07,2026-10-08 00:42:09,208 zwina tbark allah,Peugeot,208,zwina tbark allah,2024.0,86000.0,Diesel,Manuelle,,Dédouanée,Occasion,,,Particulier,0675791942,f3701f7131d265738037fa0dff0300c2dfd03467cf94bcf7c5c28b31955b3576,Casablanca,Casablanca-Settat,152000.0,1.0,tomobil n9iya mafiha HTA kssida hmdlh
692219,https://www.moteur.ma/fr/voiture/achat-voiture-occasion/detail-annonce/692219/ford-focus.html,moteur,2026-10-07,2026-10-08 00:42:09,Ford Focus Sports 2017,Ford,Focus,Sports 2017,2017.0,143000.0,Diesel,Manuelle,,Dédouanée,Occasion,,,Particulier,0666487961,b021cef22d1084964548bc539da963993eb1d9073bbb94ef464596a8859868ab,Meknes,Fès-Meknès,156000.0,1.0,"Je met en vente Ford Focus version Sport modèle 2017 moteur 1,6   115 chevaux    2 main  Les pneus n..."
692210,https://www.moteur.ma/fr/voiture/achat-voiture-occasion/detail-annonce/692210/peugeot-307.html,moteur,2026-10-07,2026-10-08 00:42:09,pijou307 modil 2006,Peugeot,Pijou307,modil 2006,2006.0,20200.0,Essence,Manuelle,,Dédouanée,Occasion,,,Particulier,0763150637,242df799b218324f1fe5565d27f6e9feda804181b4abe3ffb9fe7cbf0ccf1b7c,Missour,,45000.0,1.0,لأجل البيع سيارة بيجو 307 موديل 2006 بحالة ممتازة. - قفل مركزي عن بعد - 8 خيل - بنزين - اشتريت في ال...
692211,https://www.moteur.ma/fr/voiture/achat-voiture-occasion/detail-annonce/692211/peugeot-407.html,moteur,2026-10-07,2026-10-08 00:42:09,tomobil jdida,Peugeot,Tomobil,jdida,2005.0,20000.0,Essence,Manuelle,2.0,Dédouanée,Occasion,,,Professionnel,0701893688,ed4dc023ed3380b0a7531c58d4a2717626a2a127eefb160ae30c9cebb42971ce,Sidi,Rabat-Salé-Kénitra,35000.0,1.0,tomobil jdida motor jdida sbara dar lyad lawal tomobil ba9a jdida  Kolchi khalas
692212,https://www.moteur.ma/fr/voiture/achat-voiture-occasion/detail-annonce/692212/dacia-logan.html,moteur,2026-10-07,2026-10-08 00:42:16,الدروة إقليم برشيد,Dacia,Logan,,2024.0,100000.0,Diesel,Manuelle,,Dédouanée,Occasion,,,Particulier,0606297754,e10616825d9e95759ad68186b333f6e5a56383a7fac742a5a671e751238e5bab,Berrechid,Casablanca-Settat,138000.0,1.0,سيارة  داسيا لوكان جد ممتازه
692213,https://www.moteur.ma/fr/voiture/achat-voiture-occasion/detail-annonce/692213/fiat-tipo.html,moteur,2026-10-07,2026-10-08 00:42:16,فيات تيبو اليد الأولى 2021,Fiat,Autre,,2021.0,120000.0,Diesel,Manuelle,,Dédouanée,Occasion,,,Particulier,0681312201,8af6c7c3d46741bb8a3665ca4d145ceb10f3f508450b303c91a0b2021f1ead49,Ifrane,,105000.0,1.0,****
692214,https://www.moteur.ma/fr/voiture/achat-voiture-occasion/detail-annonce/692214/mitsubishi-sportero.html,moteur,2026-10-07,2026-10-08 00:42:16,Mitsubishi Sportero,Mitsubishi,Sportero,,2022.0,250.0,Diesel,Automatique,,Dédouanée,Occasion,,,Particulier,0665074264,254594bc22469f62c1856ccda02ab37f50d61a5b1a9d7ccb6210f1a307126acc,Meknes,Fès-Meknès,248000.0,1.0,À vendre Mitsubishi Sportero de 2022 en très bon état. - Marque : Mitsubishi - Modèle : Sportero - A...
692216,https://www.moteur.ma/fr/voiture/achat-voiture-occasion/detail-annonce/692216/dacia-dokker.html,moteur,2026-10-07,2026-10-08 00:42:16,dacia dokker,Dacia,Dokker,,2013.0,175000.0,Diesel,Manuelle,6.0,Dédouanée,Occasion,,,Particulier,0625414130,df1f048ba19486c6340e67b03cd148dd6968a31e322a6fa572aa22c8c0be3783,Casablanca,Casablanca-Settat,102000.0,1.0,"À vendre Dacia Dokker de 2013. - Moteur Diesel, 6 CV fiscaux - Boite de vitesses Manuelle - 5 portes..."
692215,https://www.moteur.ma/fr/voiture/achat-voiture-occasion/detail-annonce/692215/volkswagen-tiguan.html,moteur,2026-10-07,2026-10-08 00:42:16,Volkswagen Tiguan dédouane 2025,Volkswagen,Tiguan,dédouane 2025,2020.0,91000.0,Diesel,Automatique,,Dédouanée,Occasion,,,Particulier,0664681978,c4877f8185f2032df00df39788a2f5a702611b09de6bcb65e5b6216b13d0e022,Fes,Fès-Meknès,335000.0,1.0,"Volkswagen Tiguan modèle 2020 dédouane 2025 peinture d&#039;origine,  91 000 km .."
692201,https://www.moteur.ma/fr/voiture/achat-voiture-occasion/detail-annonce/692201/volkswagen-golf-7.html,moteur,2026-10-07,2026-10-08 00:42:16,golf 7.5,Volkswagen,Golf,7.5,2021.0,80000.0,Diesel,Automatique,8.0,Dédouanée,Occasion,,,Particulier,0662228021,9f928edf2e0c5b27c033b32edbe2ab66b46d4598463c301ded2096a6a6045287,Casablanca,Casablanca-Settat,242000.0,1.0,"Volkswagen Golf 7.5, modèle 2021, en excellent état. - Origine WW au Maroc - Kilométrage : 8 CV - Ca..."
692202,https://www.moteur.ma/fr/voiture/achat-voiture-occasion/detail-annonce/692202/volkswagen-gol.html,moteur,2026-10-07,2026-10-08 00:42:16,maroc tanger bni makada,Volkswagen,Autre,tanger bni makada,2005.0,130000.0,Essence,Manuelle,,Dédouanée,Occasion,,,Particulier,0604381795,f78fa6edbd02b125236e9919e623f1fc84196d6f9a0a09a987deddc392f1bce6,Tanger,Tanger-Tétouan-Al Hoceïma,400000.0,1.0,أعرض للبيع سيارة فولكس فاجن جول موديل 2005 بحالة لا بأس بها. - عجلات ألمنيوم - مقاعد جلدية - كاميرا...
692204,https://www.moteur.ma/fr/voiture/achat-voiture-occasion/detail-annonce/692204/honda-accord.html,moteur,2026-10-07,2026-10-08 00:42:16,Honda accord 2008,Honda,Accord,2008,2008.0,20000.0,Essence,Automatique,,Dédouanée,Occasion,,,Particulier,0713442082,72507cefac54e2a7f83d30da4601eed42bb7a866caa98dda895b76078055a11b,Berrechid,Casablanca-Settat,65000.0,1.0,أعرض للبيع سيارة هوندا أكورد موديل 2008 بحالة جيدة جدا. - الماركة: هوندا - الموديل: أكورد - السنة: 2...
692203,https://www.moteur.ma/fr/voiture/achat-voiture-occasion/detail-annonce/692203/citroen-c4.html,moteur,2026-10-07,2026-10-08 00:42:16,C4 cactus,Citroën,C4,cactus,2018.0,93831.0,Diesel,Automatique,,Dédouanée,Occasion,,,Particulier,0613231541,b8ae81fc491c7cda1c71251502f48e7d8e15e45cf8ca44be38faf76141276d03,Tanger,Tanger-Tétouan-Al Hoceïma,145000.0,1.0,C4 cactus bon état
692205,https://www.moteur.ma/fr/voiture/achat-voiture-occasion/detail-annonce/692205/volkswagen-gol.html,moteur,2026-10-07,2026-10-08 00:42:16,maroc tangersinima tarik,Volkswagen,Autre,tangersinima tarik,2005.0,130000.0,Essence,Manuelle,,Dédouanée,Occasion,,,Particulier,0604381795,f78fa6edbd02b125236e9919e623f1fc84196d6f9a0a09a987deddc392f1bce6,Tanger,Tanger-Tétouan-Al Hoceïma,400000.0,1.0,marhba b jami3 siyara d derawex 9etisadiya li bra ytla9 ydo fiha ana brit nbdel hsn men had polo
692206,https://www.moteur.ma/fr/voiture/achat-voiture-occasion/detail-annonce/692206/dacia-logan.html,moteur,2026-10-07,2026-10-08 00:42:16,tanger mrs,Dacia,Autre,mrs,2013.0,0.0,Diesel,Manuelle,,Dédouanée,Occasion,,,Particulier,0773202350,4d99311f377af6214767a942854ea2f6f197e86cb197bc822033921ce1db9277,Tanger,Tanger-Tétouan-Al Hoceïma,55000.0,1.0,ba8a n9iya
692207,https://www.moteur.ma/fr/voiture/achat-voiture-occasion/detail-annonce/692207/renault-clio.html,moteur,2026-10-07,2026-10-08 00:42:16,clio 4 mazla nkia,Renault,Clio,4 mazla nkia,2015.0,180000.0,Diesel,Manuelle,,Dédouanée,Occasion,,,Particulier,0639251369,cb68c4d4f42441850e18a14d609730d7cf28fc47fa0658985914f4eec2352296,Tetouan,Tanger-Tétouan-Al Hoceïma,100000.0,1.0,أعرض للبيع سيارة رينو كليو موديل 2015 بحالة ممتازة. - عجلات ألمنيوم - وسائد هوائية - تكييف - نظام مل...
692208,https://www.moteur.ma/fr/voiture/achat-voiture-occasion/detail-annonce/692208/mercedes-benz-classe-a.html,moteur,2026-10-07,2026-10-08 00:42:16,classe a  pack amg,Mercedes-Benz,Classe,a pack amg,2019.0,160000.0,Diesel,Automatique,,Dédouanée,Occasion,,,Particulier,0664201201,cbbcff15e69ff5530d6936a9969dfc87a201e6b3e52b015fd9130080ede69257,Casablanca,Casablanca-Settat,300000.0,1.0,je mets en vente ma voiture classe a pack amg avec toit ouvrant matricule 1/و
692198,https://www.moteur.ma/fr/voiture/achat-voiture-occasion/detail-annonce/692198/kgm-musso-grand.html,moteur,2026-10-07,2026-10-08 00:42:16,KGM MUSSO,Kgm,Musso,,2026.0,0.0,Diesel,Manuelle,,Dédouanée,Occasion,,,Particulier,,,Fes,Fès-Meknès,,1.0,À vendre KGM Musso Grand en état neuf. - Jantes aluminium - Airbags - Climatisation - Système de nav...
692199,https://www.moteur.ma/fr/voiture/achat-voiture-occasion/detail-annonce/692199/peugeot-208.html,moteur,2026-10-07,2026-10-08 00:42:16,Peugeot 208 Diesel Manuelle 2019 à Mohammedia,Peugeot,208,Diesel Manuelle 2019 à Mohammedia,2019.0,80000.0,Diesel,Manuelle,,Dédouanée,Occasion,,,Particulier,0766920397,4e73d1f8f07eeb45eab5bcbca772410bfb4098bb37fef33a79b116cf0efe429f,Mohammedia,Casablanca-Settat,130000.0,1.0,PEUGEOT 208 PREMIERES MAINS JAMAIS ACCIDENTE LA PAINTURE ORIGAINALE LENTRETIEN DE LA MAISON SON INTE...
692200,https://www.moteur.ma/fr/voiture/achat-voiture-occasion/detail-annonce/692200/toyota-verso.html,moteur,2026-10-07,2026-10-08 00:42:16,تويوتا فيرسو ديزل يدوي 2006 في طنجة,Toyota,Autre,,2006.0,385000.0,Diesel,Manuelle,,Dédouanée,Occasion,,,Particulier,0626174882,778e69f2a36f4e2e0c8caf98289cfba4ad7bb2e50cb3cd1565a98cff1438c7c3,Tanger,Tanger-Tétouan-Al Hoceïma,94000.0,1.0,أعرض للبيع سيارة تويوتا فيرسو ديزل يدوي موديل 2006 بحالة ممتازة. - عدد الأبواب: 5 - كيلومتراج: 38500...
692174,https://www.moteur.ma/fr/voiture/achat-voiture-occasion/detail-annonce/692174/land-rover-range-rover.html,moteur,2026-10-07,2026-10-08 00:42:16,Range Rover Sport SVR -  Essence Automatique 2021,Land Rover,Sport,SVR - Essence Automatique 2021,2021.0,48000.0,Essence,Automatique,2.0,Dédouanée,Occasion,,,Professionnel,0701893688,ed4dc023ed3380b0a7531c58d4a2717626a2a127eefb160ae30c9cebb42971ce,Tanger,Tanger-Tétouan-Al Hoceïma,730000.0,1.0,"RANGE ROVER SPORT SVR — MODÈLE 2021  À vendre magnifique Range Rover Sport SVR, modèle 2021, en exce..."
692189,https://www.moteur.ma/fr/voiture/achat-voiture-occasion/detail-annonce/692189/bmw-serie-1.html,moteur,2026-10-07,2026-10-08 00:42:23,bmw à vendre,BMW,Autre,vendre,2021.0,140000.0,Diesel,Automatique,,Dédouanée,Occasion,,,Particulier,0658605473,29fb28ab3b4076baec65e292ce6d1a5235c005e649acc98b34aa730df5bde0cf,Rabat,Rabat-Salé-Kénitra,280000.0,1.0,"Je propose à la vente une BMW Série 1 de 2021 en excellent état, première main et origine WW Maroc...."
692190,https://www.moteur.ma/fr/voiture/achat-voiture-occasion/detail-annonce/692190/dacia-duster.html,moteur,2026-10-07,2026-10-08 00:42:23,Dacia Duster Diesel Manuelle 2023 à Kénitra,Dacia,Duster,Diesel Manuelle 2023 à Kénitra,2023.0,70000.0,Diesel,Manuelle,,Dédouanée,Occasion,,,Particulier,0613809075,7223fd7069a401285b934b52f858284cea12ef7942a4428e58b892c512312b70,Kenitra,Rabat-Salé-Kénitra,215000.0,1.0,Dacia Duster Diesel Manuelle 2023 à Kénitra
692191,https://www.moteur.ma/fr/voiture/achat-voiture-occasion/detail-annonce/692191/volkswagen-tiguan.html,moteur,2026-10-07,2026-10-08 00:42:23,Volkswagen Tiguan Diesel Manuelle 2012  à Agadir,Volkswagen,Tiguan,Diesel Manuelle 2012 à Agadir,2012.0,200000.0,Diesel,Manuelle,,Dédouanée,Occasion,,,Particulier,0601480471,f3689532da5b07553b5ff797cbe7e2eb4afaf09c75157391dc96a1bb8b757004,Agadir,Souss-Massa,170000.0,1.0,Je mets en vente ma belle voiture tiguan 2012 dédouanée 2019 1er main toutes options ...
692194,https://www.moteur.ma/fr/voiture/achat-voiture-occasion/detail-annonce/692194/dacia-sandero.html,moteur,2026-10-07,2026-10-08 00:42:23,Dacia Sandero Diesel Manuelle 2015 à Agadir,Dacia,Sandero,Diesel Manuelle 2015 à Agadir,2015.0,171650.0,Diesel,Manuelle,,Dédouanée,Occasion,,,Particulier,0696854920,7907937f359536a44445eb01f36393f104f1c0c9e33ea5dab96bfd62b9c001d3,Agadir,Souss-Massa,22300.0,1.0,DACIA SANDERO START &amp; STOP  Année de première immatriculation : 10/2015  Kilométrage : 171 650 km  V...
692193,https://www.moteur.ma/fr/voiture/achat-voiture-occasion/detail-annonce/692193/land-rover-range-rover-sport.html,moteur,2026-10-07,2026-10-08 00:42:23,land rover sport,Land Rover,Sport,,2014.0,240.0,Diesel,Automatique,,Dédouanée,Occasion,,,Particulier,0627328615,baa513ed84253bcc1add687e700192e7677dcc7493e1e9fe0c5c79176d2ab741,Tanger,Tanger-Tétouan-Al Hoceïma,23.0,1.0,"Je vends une Land Rover Range Rover Sport en état neuf, d&#039;origine WW au Maroc.  - Carburant : Diesel..."
692192,https://www.moteur.ma/fr/voiture/achat-voiture-occasion/detail-annonce/692192/mercedes-benz-classe-e.html,moteur,2026-10-07,2026-10-08 00:42:23,Mercedes-Benz,Mercedes-Benz,Classe,e,1999.0,200000.0,Diesel,Manuelle,,Dédouanée,Occasion,,,Particulier,0778567660,3df0142e9e20caf573cdd5fb2313103f664dd7d0e58daf8f899dd4fde06fddeb,Tanger,Tanger-Tétouan-Al Hoceïma,50000.0,1.0,أعرض للبيع سيارة مرسيدس بنز الفئة E 220 موديل 1999 بحالة جيدة جدا.  - عجلات ألمنيوم  - وسائد هوائية...
692188,https://www.moteur.ma/fr/voiture/achat-voiture-occasion/detail-annonce/692188/volkswagen-golf-7.html,moteur,2026-10-07,2026-10-08 00:42:23,Golf 7 modele 2016,Volkswagen,Golf,7 modele 2016,2016.0,170000.0,Diesel,Manuelle,,Dédouanée,Occasion,,,Particulier,0772161501,43a1238c5e88e820657533d112b50d3aaa20fe8d2593ea0d90e57b2f2da391e1,Casablanca,Casablanca-Settat,163000.0,1.0,Je propose à la vente une Volkswagen Golf 7 de 2016 en excellent état. - Carburant : Diesel - Boite...
692195,https://www.moteur.ma/fr/voiture/achat-voiture-occasion/detail-annonce/692195/ford-mustang.html,moteur,2026-10-07,2026-10-08 00:42:23,Ford Mustang Essence Automatique 2024 à Casablanca,Ford,Mustang,Essence Automatique 2024 à Casablanca,2024.0,35000.0,Essence,Automatique,,Dédouanée,Occasion,,,Particulier,,,Casablanca,Casablanca-Settat,,1.0,"35 000 km, état exceptionnel, design agressif et configuration très rare au Maroc. Une Mustang qui s..."
692196,https://www.moteur.ma/fr/voiture/achat-voiture-occasion/detail-annonce/692196/opel-grandland.html,moteur,2026-10-07,2026-10-08 00:42:23,OPEL GRANLIND GS,Opel,Granlind,GS,2022.0,80000.0,Diesel,Automatique,,Dédouanée,Occasion,,,Particulier,0665334973,3102d44bcbedcb25078e878c2715ee14251d00943dc27d175efd181f3d48f93a,Meknes,Fès-Meknès,270000.0,1.0,🚘 OPEL GRANDLAND GS LINE – AOÛT 2022  ✨ Finition All Black ⚙️ Boîte automatique 8 rapports 👤 Prem...
692197,https://www.moteur.ma/fr/voiture/achat-voiture-occasion/detail-annonce/692197/dacia-logan.html,moteur,2026-10-07,2026-10-08 00:42:23,داسيا لوجان 2011,Dacia,Autre,,2011.0,170.0,Diesel,Manuelle,,Dédouanée,Occasion,,,Particulier,0630533673,8b30547f386a56ff5e83e6ba3c95b1aa7726249079a83c808226bfa60259ea8b,Autre,,670000.0,1.0,أعرض للبيع سيارة داسيا لوجان موديل 2011 بحالة ممتازة.  - نوافذ كهربائية - مشغل أقراص CD/MP3 مع بلوتو...
692179,https://www.moteur.ma/fr/voiture/achat-voiture-occasion/detail-annonce/692179/dacia-sandero.html,moteur,2026-10-07,2026-10-08 00:42:23,Dacia Sandero Diesel Manuelle 2015 à Tanger,Dacia,Sandero,Diesel Manuelle 2015 à Tanger,2015.0,171650.0,Diesel,Manuelle,,Dédouanée,Occasion,,,Particulier,0653578395,b9bfaf1cf94c3bb34f1352cdc455c2a73bddff5114f190531d45880c7c080fe4,Tanger,Tanger-Tétouan-Al Hoceïma,22300.0,1.0,DACIA SANDERO START &amp; STOP  Année de première immatriculation : 10/2015  Kilométrage : 171 650 km  V...
692180,https://www.moteur.ma/fr/voiture/achat-voiture-occasion/detail-annonce/692180/peugeot-208.html,moteur,2026-10-07,2026-10-08 00:42:23,Peugeot 208 Diesel Automatique 2021 à Casablanca,Peugeot,208,Diesel Automatique 2021 à Casablanca,2021.0,120000.0,Diesel,Automatique,,Dédouanée,Occasion,,,Particulier,,,Casablanca,Casablanca-Settat,,1.0,Peugeot 208
692183,https://www.moteur.ma/fr/voiture/achat-voiture-occasion/detail-annonce/692183/dacia-sandero.html,moteur,2026-10-07,2026-10-08 00:42:23,Dacia Sandero Diesel Manuelle 2015 à Marrakech,Dacia,Sandero,Diesel Manuelle 2015 à Marrakech,2015.0,171650.0,Diesel,Manuelle,,Dédouanée,Occasion,,,Particulier,0640856210,49dd6c1f2e7f3133bd4e8c54a9cabc7c32ec55f1c8a18a2d79b65a8cbcc8f5f9,Marrakech,Marrakech-Safi,22300.0,1.0,DACIA SANDERO START &amp; STOP  Année de première immatriculation : 10/2015  Kilométrage : 171 650 km  V...
692182,https://www.moteur.ma/fr/voiture/achat-voiture-occasion/detail-annonce/692182/nissan-qashqai.html,moteur,2026-10-07,2026-10-08 00:42:23,Nissan Qashqai automatique,Nissan,Qashqai,automatique,2022.0,100.0,Essence,Automatique,,Dédouanée,Occasion,,,Particulier,0620291829,cdf5081fe1c9e1abcfb6292ff0c8bbbc43051cd51c0d3c8cf0fa3b059acfbc26,Casablanca,Casablanca-Settat,178000.0,1.0,Nissan Qashqai boit automatique full option
692181,https://www.moteur.ma/fr/voiture/achat-voiture-occasion/detail-annonce/692181/dacia-sandero.html,moteur,2026-10-07,2026-10-08 00:42:23,Dacia Sandero Diesel Manuelle 2015 à Casablanca,Dacia,Sandero,Diesel Manuelle 2015 à Casablanca,2015.0,171650.0,Diesel,Manuelle,,Dédouanée,Occasion,,,Particulier,0722834177,9770020fb6e85b86d80eb077a593f7950ce4d37d9d4bab2d2e15e1907e0ac489,Casablanca,Casablanca-Settat,22300.0,1.0,DACIA SANDERO START &amp; STOP  Année de première immatriculation : 10/2015  Kilométrage : 171 650 km  N...
692184,https://www.moteur.ma/fr/voiture/achat-voiture-occasion/detail-annonce/692184/mercedes-benz-classe-cla.html,moteur,2026-10-07,2026-10-08 00:42:23,dédouane 2026,Mercedes-Benz,Dédouane,2026,2020.0,100000.0,Diesel,Automatique,,Dédouanée,Occasion,,,Particulier,0644562000,0c457634a4864100f828f96fd3249ff5df4a575d6a3be2749757eca0e0d9e3b2,Marrakech,Marrakech-Safi,500000.0,1.0,"Mercedes-Benz Classe CLA de 2020 en excellent état, dédouanée et première main. - Motorisation Diese..."
692185,https://www.moteur.ma/fr/voiture/achat-voiture-occasion/detail-annonce/692185/audi-q7.html,moteur,2026-10-07,2026-10-08 00:42:23,Audi Q7 2014 Sline,Audi,Q7,2014 Sline,2014.0,290000.0,Diesel,Automatique,,Dédouanée,Occasion,,,Particulier,0657788889,fc9275d747d6a111c37dbe72dc75d56088f23e896686d433223a5c95c26b97f6,Casablanca,Casablanca-Settat,155000.0,1.0,À vendre Audi Q7 Sline de 2014 en excellent état. - Marque : Audi - Modèle : Q7 - Année-Modèle : 201...
692177,https://www.moteur.ma/fr/voiture/achat-voiture-occasion/detail-annonce/692177/renault-r19.html,moteur,2026-10-07,2026-10-08 00:42:23,uubyyuiknbvgu,Renault,Uubyyuiknbvgu,,1993.0,2000.0,Diesel,Manuelle,,Dédouanée,Occasion,,,Particulier,0707508019,ebf7f5858953dff6ab169c55ef6f97cbaef50a5b4b12934d1eca3cd3aa066837,Fes,Fès-Meknès,53000.0,1.0,reunlt 19 tonobil n9iya bzaaf motor normal lkonsomation makatkol walo
692176,https://www.moteur.ma/fr/voiture/achat-voiture-occasion/detail-annonce/692176/renault-r19.html,moteur,2026-10-07,2026-10-08 00:42:23,Reuneult 19,Renault,Reuneult,19,1993.0,2000.0,Diesel,Manuelle,,Dédouanée,Occasion,,,Particulier,0707508019,ebf7f5858953dff6ab169c55ef6f97cbaef50a5b4b12934d1eca3cd3aa066837,Fes,Fès-Meknès,53000.0,1.0,reunlt 19 tonobil n9iya bzaaf motor normal lkonsomation makatkol walo
692169,https://www.moteur.ma/fr/voiture/achat-voiture-occasion/detail-annonce/692169/peugeot-3008.html,moteur,2026-10-07,2026-10-08 00:42:31,Peugeot 3008 Diesel Automatique 2019 à Casablanca,Peugeot,3008,Diesel Automatique 2019 à Casablanca,2019.0,120000.0,Diesel,Automatique,,Dédouanée,Occasion,,,Particulier,0645687247,3dc2dfbcbbdbcde1e8d482b0192adc3bf8745fe0813f7c8888dbf3793b2b8f95,Casablanca,Casablanca-Settat,200000.0,1.0,je met en vente une voiture en tres bonne etat moteur et carrosserie
692171,https://www.moteur.ma/fr/voiture/achat-voiture-occasion/detail-annonce/692171/citroen-c3.html,moteur,2026-10-07,2026-10-08 00:42:31,Citroën C3 Vitamine,Citroën,C3,Vitamine,2011.0,194394.0,Essence,Manuelle,,Dédouanée,Occasion,,,Particulier,0704979492,9d6657e2c5d961d50c79a3b9f14da6ec34c70912f46293238dc5507850de1a18,El,Casablanca-Settat,63000.0,1.0,"Je vends une Citroën C3 Vitamine de 2011 en très bon état, première main et origine WW au Maroc. - M..."
692170,https://www.moteur.ma/fr/voiture/achat-voiture-occasion/detail-annonce/692170/kia-carens.html,moteur,2026-10-07,2026-10-08 00:42:31,kia carens 2009,Kia,Carens,2009,2009.0,206000.0,Diesel,Manuelle,,Dédouanée,Occasion,,,Particulier,0663864266,dcd13a22603288eff256d88a8639ad0c39829ad1faf9682ef4541fc36ef49f53,Tanger,Tanger-Tétouan-Al Hoceïma,77000.0,1.0,Je vends une Kia Carens de 2009 en bon état. - Marque : Kia - Modèle : Carens - Année : 2009 - Carbu...
692172,https://www.moteur.ma/fr/voiture/achat-voiture-occasion/detail-annonce/692172/volkswagen-passat.html,moteur,2026-10-07,2026-10-08 00:42:31,Passat CC Full Option,Volkswagen,Passat,CC Full Option,2016.0,125000.0,Diesel,Automatique,,Dédouanée,Occasion,,,Particulier,0631316236,daf0122986fecd3e72733ae090840a03220c4c971a3b7187bf07b0aca503b6e2,Safi,Marrakech-Safi,193000.0,1.0,"Je vends ma Volkswagen Passat CC Full Option, model 2016 avec un faible kilométrage 125kkm en excell..."
692173,https://www.moteur.ma/fr/voiture/achat-voiture-occasion/detail-annonce/692173/toyota-yaris.html,moteur,2026-10-07,2026-10-08 00:42:31,Toyota Yaris Essence Manuelle 2018 à Tit Mellil,Toyota,Yaris,Essence Manuelle 2018 à Tit Mellil,2018.0,120000.0,Essence,Manuelle,,Dédouanée,Occasion,,,Particulier,0661644096,2a20cfeafd29cf356cc6ade46e6111631dd286b0b12b0ba7e203c842717ffea9,Autre,,102000.0,1.0,Je propose à la vente une Toyota Yaris Essence Manuelle en très bon état. - Kilométrage : 120 000 km...
692175,https://www.moteur.ma/fr/voiture/achat-voiture-occasion/detail-annonce/692175/bmw-x5.html,moteur,2026-10-07,2026-10-08 00:42:31,BMW X5 25d Sdrive,BMW,X5,25d Sdrive,2016.0,148000.0,Diesel,Automatique,,Dédouanée,Occasion,,,Particulier,0661765732,919e7c21c45b329ee3da17c080af316fe9e415288e01a23c71b6e3acfcf2b964,Casablanca,Casablanca-Settat,240000.0,1.0,"Je mets en vente ma BMW X5 dans un état irréprochable, vignette 1500 dhs Modèle : fin octobre 2016 K..."
692142,https://www.moteur.ma/fr/voiture/achat-voiture-occasion/detail-annonce/692142/alfa-romeo-giulietta.html,moteur,2026-10-07,2026-10-08 00:42:31,Alfa Romeo Giulietta Diesel Automatique 2019,Alfa Romeo,Giulietta,Diesel Automatique 2019,2019.0,160000.0,Diesel,Automatique,,Dédouanée,Occasion,,,Particulier,,,Casablanca,Casablanca-Settat,,1.0,• Modèle : 2019 • Moteur : 1.6 L Diesel • Boîte de vitesses : Automatique • Kilométrage : 160 000 k...
692144,https://www.moteur.ma/fr/voiture/achat-voiture-occasion/detail-annonce/692144/peugeot-208.html,moteur,2026-10-07,2026-10-08 00:42:31,Peugeot 208 automatique,Peugeot,208,automatique,2022.0,117000.0,Diesel,Automatique,,Dédouanée,Occasion,,,Particulier,0678273808,07352bc84546f8a670b2a8a4988ee5d4f34ae941d0bbae5f430aac79aa2e6336,Temara,Rabat-Salé-Kénitra,169000.0,1.0,"Tomobil m9ada mzyan w bien entretenue, 117000 km.  Moteur économique f consommation walakin 130ch do..."
692145,https://www.moteur.ma/fr/voiture/achat-voiture-occasion/detail-annonce/692145/renault-r19.html,moteur,2026-10-07,2026-10-08 00:42:31,طنجة بوخالف,Renault,R19,,1991.0,400000.0,Diesel,Manuelle,,Dédouanée,Occasion,,,Particulier,0634896181,c84d1a5092bd3a6adcaf91a2ccf72ae52c5241925136e97779b73727276b4f50,Tanger,Tanger-Tétouan-Al Hoceïma,23000.0,1.0,سيارة في حالة جيدة
692147,https://www.moteur.ma/fr/voiture/achat-voiture-occasion/detail-annonce/692147/renault-clio.html,moteur,2026-10-07,2026-10-08 00:42:31,LOCATION VOITURE 🚘 MOTO 🏍️,Renault,Location,VOITURE MOTO,2026.0,0.0,Diesel,Manuelle,,Dédouanée,Occasion,,,Particulier,,,Marrakech,Marrakech-Safi,,1.0,location de voiture à marrakech
692149,https://www.moteur.ma/fr/voiture/achat-voiture-occasion/detail-annonce/692149/bmw-serie-4.html,moteur,2026-10-07,2026-10-08 00:42:44,bmw m4 essence,BMW,M4,essence,2015.0,140000.0,Essence,Automatique,,Dédouanée,Occasion,,,Particulier,0661179931,cd4b1a67855432152fa5e8cd908e3d3aa0cdc7b027af9f4e2daea002a44de69d,Rabat,Rabat-Salé-Kénitra,485000.0,1.0,Je vends une BMW m4 f82 de 2015 en excellent état. - Jantes aluminium - Airbags - Climatisation - Sy...
692150,https://www.moteur.ma/fr/voiture/achat-voiture-occasion/detail-annonce/692150/opel-insignia.html,moteur,2026-10-07,2026-10-08 00:42:44,Opel Insignia Diesel Automatique 2016 à Casablanca,Opel,Insignia,Diesel Automatique 2016 à Casablanca,2016.0,205000.0,Diesel,Automatique,,Dédouanée,Occasion,,,Particulier,0707430483,0df9fd4fe077ab8f6477a873831fc713cd0e122a714cdfb5c2caf244f7658c29,Casablanca,Casablanca-Settat,148000.0,1.0,Je vends une Opel Insignia de 2016 en excellent état. - Kilométrage : 205 000 km - Motorisation : Di...
692152,https://www.moteur.ma/fr/voiture/achat-voiture-occasion/detail-annonce/692152/seat-leon.html,moteur,2026-10-07,2026-10-08 00:42:44,Seat Leon Diesel Manuelle 2013 à Salé,Seat,Leon,Diesel Manuelle 2013 à Salé,2013.0,280.0,Diesel,Manuelle,,Dédouanée,Occasion,,,Particulier,0634288017,ebb4bc5ffdf7c4714440e1e24fc9343dff3548f3273f7c120954e084c7d518cc,Sale,Rabat-Salé-Kénitra,105000.0,1.0,Seat Leon bon état  Merci de contacter ce num
692153,https://www.moteur.ma/fr/voiture/achat-voiture-occasion/detail-annonce/692153/audi-q5.html,moteur,2026-10-07,2026-10-08 00:42:44,slineAudiQ5,Audi,Slineaudiq5,,2023.0,11000.0,Diesel,Automatique,,Dédouanée,Occasion,,,Particulier,0660045182,5ab4a464395acdf14bd20eadfc14373f7f7b0741617bf0f4b248656203af940b,El,Casablanca-Settat,47.0,1.0,tonobila ba9a lamizo
692168,https://www.moteur.ma/fr/voiture/achat-voiture-occasion/detail-annonce/692168/kia-carens.html,moteur,2026-10-07,2026-10-08 00:42:44,Kia Carens Diesel Automatique 2024 à Marrakech,Kia,Carens,Diesel Automatique 2024 à Marrakech,2024.0,76009.0,Diesel,Automatique,,Dédouanée,Occasion,,,Particulier,,,Marrakech,Marrakech-Safi,,1.0,"Kia Carens 2024 – 76.000 km  Très belle Kia Carens, année 2024, avec seulement 76.000 km.  Véhicule..."
692155,https://www.moteur.ma/fr/voiture/achat-voiture-occasion/detail-annonce/692155/fiat-500x.html,moteur,2026-10-07,2026-10-08 00:42:44,Fiat 500X Essence Automatique 2023,Fiat,500X,Essence Automatique 2023,2023.0,69000.0,Essence,Automatique,,Dédouanée,Occasion,,,Particulier,0661331350,2d94cf857756f98f70533790a5dcc3dbf41aa5525c8e99997b9a582563e98d54,El,Casablanca-Settat,185000.0,1.0,"Fiat 500X Essence Automatique 2023 en excellent état, première main. - Kilométrage : 69 000 km - Boi..."
692156,https://www.moteur.ma/fr/voiture/achat-voiture-occasion/detail-annonce/692156/ford-c-max.html,moteur,2026-10-07,2026-10-08 00:42:44,ford cmax,Ford,Cmax,,2004.0,240000.0,Diesel,Manuelle,,Dédouanée,Occasion,,,Particulier,0661736341,8d48905254876bebe59eb380a8e09f70b7d0622e5be51fd943003749bed4372c,Sale,Rabat-Salé-Kénitra,73000.0,1.0,السلام عليكم سيارة فورد في حالة جيدة 6  خيل مازوط 2004 ديوانة 2013  للمزيد من المعلومات المرجو الاتص...
692157,https://www.moteur.ma/fr/voiture/achat-voiture-occasion/detail-annonce/692157/mini-cooper.html,moteur,2026-10-07,2026-10-08 00:42:44,mini Cooper,Mini,Cooper,,2009.0,1.0,Essence,Manuelle,,Dédouanée,Occasion,,,Particulier,,,Fes,Fès-Meknès,,1.0,للبيع ميني كوبر بحالة ممتازة. - عجلات ألمنيوم - وسائد هوائية - تكييف - نظام الملاحة GPS - فتحة سقف -...
692158,https://www.moteur.ma/fr/voiture/achat-voiture-occasion/detail-annonce/692158/audi-a3-berline.html,moteur,2026-10-07,2026-10-08 00:42:44,AUDI A3 BERLINE 2019,Audi,A3,BERLINE 2019,2019.0,158.0,Diesel,Automatique,,Dédouanée,Occasion,,,Particulier,,,Settat,Casablanca-Settat,,1.0,🚗 Audi A3 Pack S-Line ( Pack S3 ) - حالة ممتازة ومواصفات خاصة 🚗 للبيع سيارة أودي A3 بحالة ممتازة و...
692160,https://www.moteur.ma/fr/voiture/achat-voiture-occasion/detail-annonce/692160/bentley-continental.html,moteur,2026-10-07,2026-10-08 00:42:44,Bentley continental,Bentley,Continental,,2010.0,90000.0,Essence,Automatique,,Dédouanée,Occasion,,,Particulier,0660244359,b446fddf8f24b27ee73f351245376fb464c175214c63e08f2ae9f35ed387c8ad,Casablanca,Casablanca-Settat,450000.0,1.0,voiture en très bon état w12
692161,https://www.moteur.ma/fr/voiture/achat-voiture-occasion/detail-annonce/692161/renault-r19.html,moteur,2026-10-07,2026-10-08 00:42:44,Renault R19,Renault,R19,,1990.0,0.0,Essence,Manuelle,,Dédouanée,Occasion,,,Particulier,0620988543,0ed313f803ef858d8ae25786b6354dd5367a83621900c4c086c057d2c96bd29a,Casablanca,Casablanca-Settat,26000.0,1.0,للبيع سيارة رينو آر 19 موديل 1990 بحالة جيدة. - الماركة: رينو - الموديل: آر 19 - سنة الموديل: 1990 -...
692163,https://www.moteur.ma/fr/voiture/achat-voiture-occasion/detail-annonce/692163/bmw-x5.html,moteur,2026-10-07,2026-10-08 00:42:44,série BMW x5,BMW,Série,x5,2018.0,180000.0,Diesel,Automatique,,Dédouanée,Occasion,,,Particulier,0666863099,ca61aba7d4bddf575f2029f88e0aa51c7075ec442ea31f8a4052c87bb2529ea7,Casablanca,Casablanca-Settat,226000.0,1.0,je mente vente voiture BMW
692164,https://www.moteur.ma/fr/voiture/achat-voiture-occasion/detail-annonce/692164/dacia-logan.html,moteur,2026-10-07,2026-10-08 00:42:44,مليحة سيارة,Dacia,Logan,,2017.0,160.0,Diesel,Manuelle,,Dédouanée,Occasion,,,Particulier,0651609454,f825700c5aa641413a480f0b6b0d285e003a6016811463c90f28f1f8ceb2b993,Larache,Tanger-Tétouan-Al Hoceïma,88000.0,1.0,Je mets en vente une voiture en excellent état. - Jantes aluminium - Climatisation - Type de carbura...
692162,https://www.moteur.ma/fr/voiture/achat-voiture-occasion/detail-annonce/692162/kia-sportage.html,moteur,2026-10-07,2026-10-08 00:42:44,Kia Sportage Diesel Automatique 2012 à Tinejdad,Kia,Sportage,Diesel Automatique 2012 à Tinejdad,2012.0,147500.0,Diesel,Automatique,,Dédouanée,Occasion,,,Particulier,0689490784,3ec9d4b9ec8a07a02413858593e084b3e452090c27a6ecd54419dba90ddc1ce3,Autre,,140000.0,1.0,·       Finition : Primium  .       Moteur 2.0 CRDi de 184 ch ·       Boîte de vitesses : Automatiqu...
692165,https://www.moteur.ma/fr/voiture/achat-voiture-occasion/detail-annonce/692165/peugeot-rifter.html,moteur,2026-10-07,2026-10-08 00:42:44,Peugeot Rifter,Peugeot,Rifter,,2021.0,200000.0,Diesel,Manuelle,,Dédouanée,Occasion,,,Particulier,,,Oujda,Oriental,,1.0,أعرض للبيع سيارة بيجو ريفتر بحالة ممتازة. - سنة الموديل: 2021 - نوع الوقود: ديزل - ناقل الحركة: يدوي...
692166,https://www.moteur.ma/fr/voiture/achat-voiture-occasion/detail-annonce/692166/land-rover-range-rover-evoque.html,moteur,2026-10-07,2026-10-08 00:42:44,Land Rover,Land Rover,Autre,evoque,2024.0,65000.0,Diesel,Automatique,,Dédouanée,Occasion,,,Particulier,,,Marrakech,Marrakech-Safi,,1.0,سيارة رانج روفر إيفوك موديل 2024 بحالة الوكالة. - مالك أول، اشتريت في المغرب. - محرك ديزل، ناقل حركة...
692167,https://www.moteur.ma/fr/voiture/achat-voiture-occasion/detail-annonce/692167/opel-insignia.html,moteur,2026-10-07,2026-10-08 00:42:44,Opel Insignia Diesel Automatique 2016 à Casablanca,Opel,Insignia,Diesel Automatique 2016 à Casablanca,2016.0,205000.0,Diesel,Automatique,,Dédouanée,Occasion,,,Particulier,0707430483,0df9fd4fe077ab8f6477a873831fc713cd0e122a714cdfb5c2caf244f7658c29,Casablanca,Casablanca-Settat,148000.0,1.0,Li chari had namra  Je vends une Opel Insignia de 2016  en excellent état. - Kilométrage : 205 000 k...
692123,https://www.moteur.ma/fr/voiture/achat-voiture-occasion/detail-annonce/692123/seat-leon.html,moteur,2026-10-07,2026-10-08 00:42:44,seat leon avendre a settat,Seat,Leon,avendre a settat,2017.0,170.0,Diesel,Manuelle,,Dédouanée,Occasion,,,Particulier,0712093017,afdfb32384f022cb00905828f5c33fb774987b81d465f5ff39021fd412059c05,Settat,Casablanca-Settat,14500.0,1.0,seat leon modèl 2017
692124,https://www.moteur.ma/fr/voiture/achat-voiture-occasion/detail-annonce/692124/ford-focus.html,moteur,2026-10-07,2026-10-08 00:42:44,عين بني مطهر,Ford,Focus,,2004.0,138.0,Diesel,Manuelle,,Dédouanée,Occasion,,,Particulier,,,Autre,,,1.0,ford focus . مديل 2004ديوانة 2012 سيارة في حالة جدية . للمزيد من المعلومات اتصال في رقم
692125,https://www.moteur.ma/fr/voiture/achat-voiture-occasion/detail-annonce/692125/kia-seltos.html,moteur,2026-10-07,2026-10-08 00:42:44,vente de voiture,Kia,Autre,de voiture,2023.0,100000.0,Diesel,Automatique,,Dédouanée,Occasion,,,Particulier,0701893688,ed4dc023ed3380b0a7531c58d4a2717626a2a127eefb160ae30c9cebb42971ce,Agadir,Souss-Massa,250000.0,1.0,"je mets en vente une voiture de marque Kia Seltos  automatique Modele 2023 , 100000 km."
692126,https://www.moteur.ma/fr/voiture/achat-voiture-occasion/detail-annonce/692126/opel-corsa.html,moteur,2026-10-07,2026-10-08 00:42:44,Opel Corsa Diesel Manuelle 2026 à Casablanca,Opel,Corsa,Diesel Manuelle 2026 à Casablanca,2026.0,19000.0,Diesel,Manuelle,,Dédouanée,Occasion,,,Particulier,0694927899,e552eb3c59900a9cf38e3365b2a343f475a618dc09236f1b3d1f44141232d938,Casablanca,Casablanca-Settat,183000.0,1.0,Opel corsa 1 er main model 2026 bien entretenu avec kilométrage faible juste 19000 Samsara blach svp
692127,https://www.moteur.ma/fr/voiture/achat-voiture-occasion/detail-annonce/692127/renault-kangoo.html,moteur,2026-10-07,2026-10-08 00:42:44,سيارة مستعملة,Renault,Kangoo,,2014.0,234.0,Diesel,Manuelle,,Dédouanée,Occasion,,,Particulier,,,Casablanca,Casablanca-Settat,,1.0,أعرض للبيع سيارة رينو كانغو موديل 2014. - الماركة: رينو - الموديل: كانغو - سنة الموديل: 2014 - القوة...
692128,https://www.moteur.ma/fr/voiture/achat-voiture-occasion/detail-annonce/692128/renault-clio.html,moteur,2026-10-07,2026-10-08 00:42:44,Renault Clio 4,Renault,Clio,4,2021.0,119000.0,Diesel,Automatique,,Dédouanée,Occasion,,,Particulier,0635863633,553818c73247304197e6dbf4c97199831c085d9d143f75741f713568db10aef2,El,Casablanca-Settat,136000.0,1.0,"Je vends une Renault Clio 4 de 2021 en excellent état. - Première main, origine WW au Maroc - Boîte..."
692129,https://www.moteur.ma/fr/voiture/achat-voiture-occasion/detail-annonce/692129/renault-master.html,moteur,2026-10-07,2026-10-08 00:42:44,RENAULT MASTER 3 PANNEAUX,Renault,Master,3 PANNEAUX,2022.0,300000.0,Diesel,Manuelle,2.0,Dédouanée,Occasion,,,Professionnel,0701893688,ed4dc023ed3380b0a7531c58d4a2717626a2a127eefb160ae30c9cebb42971ce,Casablanca,Casablanca-Settat,255000.0,1.0,renault master 3 panneaux en très bon ètat bien entretenu  Visible à casablanca
692130,https://www.moteur.ma/fr/voiture/achat-voiture-occasion/detail-annonce/692130/toyota-corolla.html,moteur,2026-10-07,2026-10-08 00:42:51,Toyota corolla,Toyota,Corolla,,2009.0,311000.0,Diesel,Manuelle,,Dédouanée,Occasion,,,Particulier,0659617382,f2ba6192a9f63bf24eca6178950f37ddcb4f898b3d30c03f754ac22348246f71,Laayoune,Laâyoune-Sakia El Hamra,65000.0,1.0,****
692132,https://www.moteur.ma/fr/voiture/achat-voiture-occasion/detail-annonce/692132/audi-a4.html,moteur,2026-10-07,2026-10-08 00:42:51,سيارة اودي ا4 في حالة جيدة,Audi,4,,2006.0,370000.0,Essence,Manuelle,,Dédouanée,Occasion,,,Particulier,0782960773,b14dfe2e0c91351f9ceb03a2bfeefb81c9eb94cf4d3c333e30e3d408dca7a427,Casablanca,Casablanca-Settat,55000.0,1.0,أعرض للبيع سيارة أودي A4 موديل 2006 بحالة لا بأس بها. - الماركة: أودي - الموديل: A4 - السنة: 2006 -...
692133,https://www.moteur.ma/fr/voiture/achat-voiture-occasion/detail-annonce/692133/maserati-levante-.html,moteur,2026-10-07,2026-10-08 00:42:51,سيارة باقي نقي,Maserati,Levante,,2017.0,20000.0,Diesel,Automatique,,Dédouanée,Occasion,,,Particulier,,,Marrakech,Marrakech-Safi,,1.0,سيارة موديل 2017
692136,https://www.moteur.ma/fr/voiture/achat-voiture-occasion/detail-annonce/692136/peugeot-208.html,moteur,2026-10-07,2026-10-08 00:42:51,بيجو 208 ديزل يدوي 2016 في مكناس,Peugeot,208,2016,2016.0,240.0,Diesel,Manuelle,,Dédouanée,Occasion,,,Particulier,0644405444,71c7a73290b87e47197ef4a9c6db1bf1784427357eb09a8fbbbe99e8e6ed59ad,Meknes,Fès-Meknès,117000.0,1.0,سيارة بيجو 208 موديل 2016 بحالة جيدة جدا للبيع في مكناس. - النوع: بيجو 208 - الموديل: 2016 - الوقود:...
692135,https://www.moteur.ma/fr/voiture/achat-voiture-occasion/detail-annonce/692135/hyundai-i10.html,moteur,2026-10-07,2026-10-08 00:42:51,Hyundai i10 Essence Automatique 2023 à Settat,Hyundai,I10,Essence Automatique 2023 à Settat,2023.0,40000.0,Essence,Automatique,,Dédouanée,Occasion,,,Particulier,,,Settat,Casablanca-Settat,,1.0,Je propose à la vente une Hyundai i10 Automatique de 2023 en excellent état. - Kilométrage : 40 000...
692134,https://www.moteur.ma/fr/voiture/achat-voiture-occasion/detail-annonce/692134/renault-r19.html,moteur,2026-10-07,2026-10-08 00:42:51,tomobil ba9a n9ya li bghaha idoe privé,Renault,Tomobil,ba9a n9ya li bghaha idoe privé,1994.0,1.0,Diesel,Manuelle,,Dédouanée,Occasion,,,Particulier,0690736268,e370bab553b06afe84461436b51a3866df2dbe1f25f67bb79859773a3606ce44,Beni,Béni Mellal-Khénifra,430000.0,1.0,doz privé
624482,https://www.moteur.ma/fr/voiture/achat-voiture-occasion/detail-annonce/624482/audi-q5.html,moteur,2026-10-07,2026-10-08 00:42:51,Audi SQ5 3.0 TFSI V6 Quattro – 2018,Audi,Sq5,3.0 TFSI V6 Quattro 2018,2018.0,91000.0,Essence,Automatique,,Dédouanée,Occasion,,,Particulier,0684691610,91584a968405ed031ffab05a3a20756ac075690f353444fb2d5255487c4a0bc1,Casablanca,Casablanca-Settat,379000.0,1.0,"Je mets en vente mon Audi SQ5 2018, dans un excellent état général et avec seulement 91 500 km.  Mod..."
692138,https://www.moteur.ma/fr/voiture/achat-voiture-occasion/detail-annonce/692138/dacia-sandero.html,moteur,2026-10-07,2026-10-08 00:42:51,sandero 2014,Dacia,Sandero,2014,2014.0,200000.0,Diesel,Manuelle,,Dédouanée,Occasion,,,Particulier,,,Casablanca,Casablanca-Settat,,1.0,Je vends une Dacia Sandero diesel en excellent état. - Année modèle : 2014 - Puissance fiscale : 6 C...
692139,https://www.moteur.ma/fr/voiture/achat-voiture-occasion/detail-annonce/692139/ford-mondeo.html,moteur,2026-10-07,2026-10-08 00:42:51,Ford Mondeo Diesel Manuelle 2011 à Tanger,Ford,Mondeo,Diesel Manuelle 2011 à Tanger,2011.0,200.0,Diesel,Manuelle,,Dédouanée,Occasion,,,Particulier,0727484052,93364df41970ea947430a065610a16d14f02834cc676dc95d59581112c77c86d,Tanger,Tanger-Tétouan-Al Hoceïma,93000.0,1.0,Ford Mondeo en bonne etat
692140,https://www.moteur.ma/fr/voiture/achat-voiture-occasion/detail-annonce/692140/mitsubishi-l200.html,moteur,2026-10-07,2026-10-08 00:42:51,Mitsubishi L200 sportero 2022,Mitsubishi,L200,sportero 2022,2022.0,90000.0,Diesel,Manuelle,,Dédouanée,Occasion,,,Particulier,,,Tetouan,Tanger-Tétouan-Al Hoceïma,,1.0,1 er main manuel full options
692141,https://www.moteur.ma/fr/voiture/achat-voiture-occasion/detail-annonce/692141/volkswagen-tiguan.html,moteur,2026-10-07,2026-10-08 00:42:51,tiguan p Rline mzla n9ia 2020,Volkswagen,Tiguan,p Rline mzla n9ia 2020,2020.0,160000.0,Diesel,Automatique,,Dédouanée,Occasion,,,Particulier,0661361946,0b7300556b1d12b4f96d2dbfd29c681dc7fff51bb160f85434601c51b633db21,Meknes,Fès-Meknès,338000.0,1.0,tiguan diwna li machrich bla tbarzit
692108,https://www.moteur.ma/fr/voiture/achat-voiture-occasion/detail-annonce/692108/suzuki-swift.html,moteur,2026-10-07,2026-10-08 00:42:51,Suzuki swift à vendre,Suzuki,Swift,à vendre,2007.0,154000.0,Essence,Manuelle,,Dédouanée,Occasion,,,Particulier,0661993341,85458785e34a66127f96e3ce916d6c1793cfa99b47e5857ebb99a24bbfff8d0c,Casablanca,Casablanca-Settat,52000.0,1.0,Suzuki swift très bon état à vendre
692110,https://www.moteur.ma/fr/voiture/achat-voiture-occasion/detail-annonce/692110/renault-clio.html,moteur,2026-10-07,2026-10-08 00:42:51,Renault clio 5 2022,Renault,Clio,5 2022,2022.0,115000.0,Diesel,Manuelle,,Dédouanée,Occasion,,,Particulier,,,Tetouan,Tanger-Tétouan-Al Hoceïma,,1.0,2 eme main jamais utilisé en location  115.000 km
692109,https://www.moteur.ma/fr/voiture/achat-voiture-occasion/detail-annonce/692109/volkswagen-touran.html,moteur,2026-10-07,2026-10-08 00:42:51,Touran 2016 7 sièges dedeoune 2022,Volkswagen,Touran,2016 7 sièges dedeoune 2022,2016.0,346000.0,Diesel,Automatique,,Dédouanée,Occasion,,,Particulier,0689442122,efbdd997e1fa70f5cbd943ca063d0334941a030c494aee33db1a600cffd1f976,Had,Casablanca-Settat,150000.0,1.0,7 sièges. Jamais eu d&#039;accident. Bon état général. Peinture d&#039;origine. Carnet d&#039;entretien à jour.
692111,https://www.moteur.ma/fr/voiture/achat-voiture-occasion/detail-annonce/692111/volkswagen-tiguan.html,moteur,2026-10-07,2026-10-08 00:42:51,Volkswagen TIGUAN 4motion,Volkswagen,Tiguan,4motion,2013.0,220000.0,Diesel,Automatique,,Dédouanée,Occasion,,,Particulier,0642803354,d429dde8cc3c4881c5f4e1cba144d0b33f7828fd0ce9aa7582bca58accd4cb07,Rabat,Rabat-Salé-Kénitra,175000.0,1.0,À vendre : Volkswagen Tiguan Carat 2013 Automatique 4motion en excellent état. - Marque : Volkswagen...
692112,https://www.moteur.ma/fr/voiture/achat-voiture-occasion/detail-annonce/692112/fiat-punto.html,moteur,2026-10-07,2026-10-08 00:42:51,Fiat Punto Essence Manuelle 2012 à Marrakech,Fiat,Punto,Essence Manuelle 2012 à Marrakech,2012.0,185000.0,Essence,Manuelle,,Dédouanée,Occasion,,,Particulier,0664929243,edd22a416ef0298c7222fdfa6bd2c4bea65d9554c5e7d61f3d81095af18d0d71,Marrakech,Marrakech-Safi,65000.0,1.0,Voiture en bonne état jamais accidenté
692113,https://www.moteur.ma/fr/voiture/achat-voiture-occasion/detail-annonce/692113/hyundai-santa-fe.html,moteur,2026-10-07,2026-10-08 00:42:51,Hyundai Santa Fe,Hyundai,Santa,Fe,2015.0,260211.0,Diesel,Automatique,,Dédouanée,Occasion,,,Particulier,0697929426,d20b89a7d4d4853d7dfb14396938ee1b6876748a43b51468787d16f1db6c0842,Oujda,Oriental,1550000.0,1.0,هيونداي سانتا في موديل 2015 بحالة جيدة جدا. - محرك ديزل بقوة 9 خيل - ناقل حركة أوتوماتيك - 5 أبواب -...
692116,https://www.moteur.ma/fr/voiture/achat-voiture-occasion/detail-annonce/692116/skoda-superb.html,moteur,2026-10-07,2026-10-08 00:42:51,Beni mellal,Skoda,Beni,mellal,2017.0,170000.0,Diesel,Automatique,,Dédouanée,Occasion,,,Particulier,,,Beni,Béni Mellal-Khénifra,,1.0,skoda superb
692117,https://www.moteur.ma/fr/voiture/achat-voiture-occasion/detail-annonce/692117/land-rover-range-rover-sport.html,moteur,2026-10-07,2026-10-08 00:42:51,RANGE SPORT 2020,Land Rover,SPORT,2020,2020.0,127000.0,Diesel,Automatique,,Dédouanée,Occasion,,,Particulier,0661421246,379ea3a2fdb5ab3c98f63e08595d4096acec6788380aad1c8c33557b739d52c3,Casablanca,Casablanca-Settat,475000.0,1.0,Range sport 2020 Dynamic plus HSE 127 000 km Jamais roulé depuis 2025 Full options
692118,https://www.moteur.ma/fr/voiture/achat-voiture-occasion/detail-annonce/692118/audi-a5.html,moteur,2026-10-07,2026-10-08 00:42:51,Audi A5 sportback Sline,Audi,A5,sportback Sline,2018.0,108000.0,Diesel,Automatique,,Dédouanée,Occasion,,,Particulier,0660192754,afb9d97aafc19e99e462bd8e455dcbddc853f9411a91dce4e8f26a126de5a7ee,Rabat,Rabat-Salé-Kénitra,350000.0,1.0,"Audi A5 Sportback Sline de 2018 en excellent état, première main, importée neuve. - Boîte de vitesse..."
692119,https://www.moteur.ma/fr/voiture/achat-voiture-occasion/detail-annonce/692119/volkswagen-tiguan.html,moteur,2026-10-07,2026-10-08 00:42:51,tiguan R-line,Volkswagen,Tiguan,R-line,2023.0,150000.0,Diesel,Automatique,,Dédouanée,Occasion,,,Particulier,,,Casablanca,Casablanca-Settat,,1.0,🚨 VOLKSWAGEN TIGUAN R-LINE – MODÈLE 2023 🚨 ⭐ 150 000 KM SEULEMENT ⭐ État exceptionnel – très bie...
692122,https://www.moteur.ma/fr/voiture/achat-voiture-occasion/detail-annonce/692122/ford-transit.html,moteur,2026-10-07,2026-10-08 00:42:51,Ford Transit Diesel Manuelle 2020 à Salé,Ford,Transit,Diesel Manuelle 2020 à Salé,2020.0,380.0,Diesel,Manuelle,,Dédouanée,Occasion,,,Particulier,0634288017,ebb4bc5ffdf7c4714440e1e24fc9343dff3548f3273f7c120954e084c7d518cc,Sale,Rabat-Salé-Kénitra,220000.0,1.0,Merci de contacter ce num et merci mahdi
692120,https://www.moteur.ma/fr/voiture/achat-voiture-occasion/detail-annonce/692120/audi-a3-sportback.html,moteur,2026-10-07,2026-10-08 00:42:51,audi a3 2 Portes automatique,Audi,A3,2 Portes automatique,2005.0,298.0,Diesel,Automatique,2.0,Dédouanée,Occasion,,,Professionnel,0701893688,ed4dc023ed3380b0a7531c58d4a2717626a2a127eefb160ae30c9cebb42971ce,Temara,Rabat-Salé-Kénitra,72000.0,1.0,🚗 Audi A3 2 Portes – Diesel – Automatique  📅 Modèle : 2005–2009 ⛽ Diesel ⚙️ Boîte automatique 📍...
692121,https://www.moteur.ma/fr/voiture/achat-voiture-occasion/detail-annonce/692121/volkswagen-golf-7.html,moteur,2026-10-07,2026-10-08 00:42:59,Volkswagen Golf 7 Diesel Automatique 2013 à Taza,Volkswagen,Golf,7 Diesel Automatique 2013 à Taza,2013.0,268.0,Diesel,Automatique,,Dédouanée,Occasion,,,Particulier,0708826942,8d159d3eb12e82bf8c73aac90d58528dcb4c538edc48cb5c9edf0d803e56bbc7,Taza,Fès-Meknès,160000.0,1.0,Taman fixe bla sda3 ras  Golf 7 2013 importé neuf Jayba l3moria kamla 268k KM
692102,https://www.moteur.ma/fr/voiture/achat-voiture-occasion/detail-annonce/692102/volkswagen-golf-7.html,moteur,2026-10-07,2026-10-08 00:42:59,Volkswagen Golf 7 Diesel Manuelle 2018 à Fès,Volkswagen,Golf,7 Diesel Manuelle 2018 à Fès,2018.0,61000.0,Diesel,Manuelle,,Dédouanée,Occasion,,,Particulier,,,Fes,Fès-Meknès,,1.0,Volkswagen Golf 7 Diesel Manuelle de 2018 en excellent état à Fès. - Kilométrage : 61 000 km - Puiss...
692103,https://www.moteur.ma/fr/voiture/achat-voiture-occasion/detail-annonce/692103/opel-grandland.html,moteur,2026-10-07,2026-10-08 00:42:59,Opel Grandland Diesel Manuelle 2020 à Agadir,Opel,Grandland,Diesel Manuelle 2020 à Agadir,2020.0,165000.0,Diesel,Manuelle,,Dédouanée,Occasion,,,Particulier,0600183241,c009fa491c5d091320fd1454d8d846e85bd57eeab8811066e820b34529e6f6a6,Agadir,Souss-Massa,195000.0,1.0,Je vends une Opel Grandland Diesel Manuelle de 2020 en très bon état. - Kilométrage : 165 000 km - C...
692107,https://www.moteur.ma/fr/voiture/achat-voiture-occasion/detail-annonce/692107/mercedes-benz-classe-c.html,moteur,2026-10-07,2026-10-08 00:42:59,Mercedes Classe C Coupe Diesel Automatique 2019,Mercedes-Benz,Classe,C Coupe Diesel Automatique 2019,2019.0,91418.0,Diesel,Automatique,,Dédouanée,Occasion,,,Particulier,0662442673,41442c3b27f61cf3afa04bfd1e09f6ee54d1fc4f399272b40705aaf144d6aba9,Rabat,Rabat-Salé-Kénitra,378000.0,1.0,SIARACASH s&#039;occupe de la vente d&#039;une Mercedes Classe C Coupe Diesel Automatique 2019.  La voiture es...
692104,https://www.moteur.ma/fr/voiture/achat-voiture-occasion/detail-annonce/692104/kia-sorento.html,moteur,2026-10-07,2026-10-08 00:42:59,kia sorento 2022 executif plus 4.4,Kia,Sorento,2022 executif plus 4.4,2022.0,81000.0,Diesel,Automatique,,Dédouanée,Occasion,,,Particulier,0658694866,f5c611ae2e6d095b9471c4fdbcdba44f4d2c822a16731593cc0718d23b349f83,Marrakech,Marrakech-Safi,331000.0,1.0,automatic diesel  carte grise la finition toute option
692106,https://www.moteur.ma/fr/voiture/achat-voiture-occasion/detail-annonce/692106/bmw-serie-3.html,moteur,2026-10-07,2026-10-08 00:42:59,BMW Série 3 Diesel Automatique 2019 à Tanger,BMW,Série,3 Diesel Automatique 2019 à Tanger,2019.0,156000.0,Diesel,Automatique,,Dédouanée,Occasion,,,Particulier,0767624255,b614fd63d54c5a6d7c371d5cf06442d190ca3c345062072689141b0196aba79d,Tanger,Tanger-Tétouan-Al Hoceïma,260000.0,1.0,Voiture BMW serie 3 2019 BVA 156000 km premiere main
692105,https://www.moteur.ma/fr/voiture/achat-voiture-occasion/detail-annonce/692105/opel-grandland.html,moteur,2026-10-07,2026-10-08 00:42:59,Opel Grandland Diesel Manuelle 2020 à Agadir,Opel,Grandland,Diesel Manuelle 2020 à Agadir,2020.0,165000.0,Diesel,Manuelle,,Dédouanée,Occasion,,,Particulier,0600183241,c009fa491c5d091320fd1454d8d846e85bd57eeab8811066e820b34529e6f6a6,Agadir,Souss-Massa,200000.0,1.0,"Je vends une Opel Grandland Diesel Manuelle de 2020 en très bon état, première main. - Kilométrage :..."
692099,https://www.moteur.ma/fr/voiture/achat-voiture-occasion/detail-annonce/692099/mercedes-benz-190.html,moteur,2026-10-07,2026-10-08 00:42:59,Mercedes Benz 190 avendre,Mercedes-Benz,190,avendre,1992.0,0.0,Diesel,Manuelle,,Dédouanée,Occasion,,,Particulier,0621388802,42b07a3b9ec4b8d8f8d1de319dda188105222f9ad76cf75d8b3235abb0113bd0,Meknes,Fès-Meknès,58000.0,1.0,Mercedes Benz 190  model 92 diwana 2007 motor normal darja boîte 5éme   ****
692100,https://www.moteur.ma/fr/voiture/achat-voiture-occasion/detail-annonce/692100/dacia-duster.html,moteur,2026-10-07,2026-10-08 00:42:59,dacia duster extrême - modele 2021,Dacia,Duster,extrême - modele 2021,2021.0,127000.0,Diesel,Manuelle,,Dédouanée,Occasion,,,Particulier,0777059291,82e3040ae5a782de45a9dd3dff20cd072555c8cb3cdcc4252a7822baa768a867,Fes,Fès-Meknès,190000.0,1.0,🚙 À VENDRE – Dacia Duster Extreme 2021  ✨ Dacia Duster Extreme 📅 Modèle : 2021 ⚙️ Boîte : Manuell...
692101,https://www.moteur.ma/fr/voiture/achat-voiture-occasion/detail-annonce/692101/mercedes-benz-190.html,moteur,2026-10-07,2026-10-08 00:42:59,"Benz 190D 2,5",Mercedes-Benz,190D,2 5,1989.0,450000.0,Diesel,Manuelle,,Dédouanée,Occasion,,,Particulier,0663581992,590d4fd432e5ee296ff20714954b6b9e3b9e9c32429aa7e8b8884dc5f7c47c06,Casablanca,Casablanca-Settat,45000.0,1.0,"190D  1989D2000 1eme motr 2,5 ècro android  GPS pnowat 4 jdad kinda walo  fiha chwiya bora fi blas b..."
692081,https://www.moteur.ma/fr/voiture/achat-voiture-occasion/detail-annonce/692081/nissan-qashqai.html,moteur,2026-10-07,2026-10-08 00:42:59,Nissan Qashqai Diesel Manuelle 2010 à Meknès,Nissan,Qashqai,Diesel Manuelle 2010 à Meknès,2010.0,299500.0,Diesel,Manuelle,2.0,Dédouanée,Occasion,,,Professionnel,0701893688,ed4dc023ed3380b0a7531c58d4a2717626a2a127eefb160ae30c9cebb42971ce,Meknes,Fès-Meknès,112000.0,1.0,"Carte grise, makandirch wkal1"
692083,https://www.moteur.ma/fr/voiture/achat-voiture-occasion/detail-annonce/692083/suzuki-jimny.html,moteur,2026-10-07,2026-10-08 00:43:08,Suzuki Jimny Essence Manuelle 2006 à Casablanca,Suzuki,Jimny,Essence Manuelle 2006 à Casablanca,2006.0,183000.0,Essence,Manuelle,,Dédouanée,Occasion,,,Particulier,0688106733,795e09a66503e557e514aae0d1ade768fb68d6181e68db1c0b3ee77cf62facdd,Casablanca,Casablanca-Settat,40000.0,1.0,!!!! me contacter uniquement sur whatsapp !!!!!!!! Je propose à la vente une Suzuki Jimny de 2006 en...
692080,https://www.moteur.ma/fr/voiture/achat-voiture-occasion/detail-annonce/692080/changan-cs35.html,moteur,2026-10-07,2026-10-08 00:43:08,Changan CS35+,Changan,Cs35,,2026.0,4500.0,Essence,Automatique,,Dédouanée,Occasion,,,Particulier,0644007511,ceec2a5495bf21d433d79e4df41474568b7f79c2de421b1aa221412cea04b192,Casablanca,Casablanca-Settat,215000.0,1.0,"A vendre Changan CS35+ Exclusive, modèle 2026. - Kilométrage: 4,000 km seulement - Carburant: Essenc..."
692082,https://www.moteur.ma/fr/voiture/achat-voiture-occasion/detail-annonce/692082/peugeot-3008.html,moteur,2026-10-07,2026-10-08 00:43:08,مراكش   المحاميد,Peugeot,3008,,2024.0,80000.0,Diesel,Automatique,,Dédouanée,Occasion,,,Particulier,,,Marrakech,Marrakech-Safi,,1.0,أعرض للبيع سيارة بيجو 3008 موديل 2024 بحالة ممتازة. - الماركة: بيجو - الموديل: 3008 - السنة: 2024 -...
692084,https://www.moteur.ma/fr/voiture/achat-voiture-occasion/detail-annonce/692084/ford-pick-up.html,moteur,2026-10-07,2026-10-08 00:43:08,شيشاوة مراكش,Ford,Pick,up,1998.0,0.0,Diesel,Manuelle,,Dédouanée,Occasion,,,Particulier,,,Chichaoua,,,1.0,المرجو لمن يهمه الأمر الأتصال على الرقم  أو
692085,https://www.moteur.ma/fr/voiture/achat-voiture-occasion/detail-annonce/692085/volkswagen-tiguan.html,moteur,2026-10-07,2026-10-08 00:43:08,VOLKSWAGEN TIGUAN,Volkswagen,Tiguan,,2024.0,109000.0,Diesel,Automatique,,Dédouanée,Occasion,,,Particulier,,,Safi,Marrakech-Safi,,1.0,Volkswagen tiguan décembre 2023 tout option Peinture d&#039;origine
692086,https://www.moteur.ma/fr/voiture/achat-voiture-occasion/detail-annonce/692086/citroen-berlingo.html,moteur,2026-10-07,2026-10-08 00:43:08,CitroënBerlingo,Citroën,Citroënberlingo,,2025.0,30.0,Diesel,Manuelle,,Dédouanée,Occasion,,,Particulier,,,Fes,Fès-Meknès,,1.0,سيتروين بيرلينجو موديل 2025 بحالة ممتازة للبيع. - عجلات ألمنيوم - وسائد هوائية - تكييف - نظام ملاحة...
692087,https://www.moteur.ma/fr/voiture/achat-voiture-occasion/detail-annonce/692087/nissan-x-trail.html,moteur,2026-10-07,2026-10-08 00:43:08,سلا باب البحر,Nissan,X,trail,2015.0,138.0,Diesel,Manuelle,,Dédouanée,Occasion,,,Particulier,,,Sale,Rabat-Salé-Kénitra,,1.0,سياره للبيع
692088,https://www.moteur.ma/fr/voiture/achat-voiture-occasion/detail-annonce/692088/mercedes-benz-240.html,moteur,2026-10-07,2026-10-08 00:43:08,tonobil mzyana motor mlih borage makaynch,Mercedes-Benz,Tonobil,mzyana motor mlih borage makaynch,1984.0,350000.0,Diesel,Manuelle,,Dédouanée,Occasion,,,Particulier,0638612490,e6a0f5021b68d441f531a20ddecf31a73bf3fcc3076c4717541c98b1cb9cbeb2,Rabat,Rabat-Salé-Kénitra,30000.0,1.0,mrahba li bra yrkab Kolchi khalas diwana 99
692089,https://www.moteur.ma/fr/voiture/achat-voiture-occasion/detail-annonce/692089/audi-a6.html,moteur,2026-10-07,2026-10-08 00:43:08,tres belle audi A6 a6,Audi,Autre,belle A6 a6,2016.0,258000.0,Diesel,Automatique,,Dédouanée,Occasion,,,Particulier,0604768422,a0e57d7ad8c65a07db786ca04d9c1d4f7f87d886fe227de06f1533802f04e5bf,Fes,Fès-Meknès,175000.0,1.0,Je vends une très belle Audi A6 de 2016 en très bon état. - Marque : Audi - Modèle : A6 - Année-Modè...
692090,https://www.moteur.ma/fr/voiture/achat-voiture-occasion/detail-annonce/692090/volkswagen-golf-7.html,moteur,2026-10-07,2026-10-08 00:43:08,Golf 7 GTD 184 ch DSG – Modèle 2017–,Volkswagen,Golf,7 GTD 184 ch DSG Modèle 2017,2017.0,195000.0,Diesel,Automatique,,Dédouanée,Occasion,,,Particulier,,,Autre,,,1.0,Particulier met en vente une très belle Golf 7 Facelift GTD 184 ch DSG - Modèle 2017- Dédouanée en 2...
692092,https://www.moteur.ma/fr/voiture/achat-voiture-occasion/detail-annonce/692092/renault-megane.html,moteur,2026-10-07,2026-10-08 00:43:08,Casablanca  olfay,Renault,Autre,olfay,2011.0,280000.0,Diesel,Manuelle,6.0,Dédouanée,Occasion,,,Particulier,0619394606,686eb7092a3d60c8785290d0e811dea1a50eabe2ac044b0426cd433cb9f62130,Casablanca,Casablanca-Settat,95000.0,1.0,Megan3 brik 2011diwana 2014 gasoil 6ch tel
692094,https://www.moteur.ma/fr/voiture/achat-voiture-occasion/detail-annonce/692094/renault-express.html,moteur,2026-10-07,2026-10-08 00:43:08,Renault Express Diesel Manuelle 2023 à Laâyoune,Renault,Express,Diesel Manuelle 2023 à Laâyoune,2023.0,52000.0,Diesel,Manuelle,,Dédouanée,Occasion,,,Particulier,0602136466,25ea1ddfaeafe0327bda39f1b55af574c6b90aaef858979a75a3c2ee7d0c6c34,Laayoune,Laâyoune-Sakia El Hamra,168000.0,1.0,"Voitures d&#039;occasion, à vendre"
692093,https://www.moteur.ma/fr/voiture/achat-voiture-occasion/detail-annonce/692093/land-rover-range-rover-sport.html,moteur,2026-10-07,2026-10-08 00:43:08,Land Rover Range Rover Sport Diesel Automatique,Land Rover,Autre,Sport Diesel Automatique,2018.0,192000.0,Diesel,Automatique,,Dédouanée,Occasion,,,Particulier,0621074006,e8f289d5e12ecd0832e1db30d847893e8c504e4ce4483e85fdc69f87bf631d2c,Autre,,460000.0,1.0,"**Range Rover Sport – Modèle 2018 – Automatique**  À vendre : magnifique **Range Rover Sport**, modè..."
692097,https://www.moteur.ma/fr/voiture/achat-voiture-occasion/detail-annonce/692097/porsche-cayenne.html,moteur,2026-10-07,2026-10-08 00:43:16,Porshe Cayenne importer neuf,Porsche,Porshe,Cayenne importer neuf,2010.0,190.0,Diesel,Automatique,,Dédouanée,Occasion,,,Particulier,0674980849,cddada2b73b0be01eb4a731ea541f3f9903ecb2df64f76795e915defce7460f5,Casablanca,Casablanca-Settat,155000.0,1.0,Porshe Cayenne diesel v6  2010 importer neuf  Vignettes 6000 dh tt payer  Voiture propre jamais acci...
692096,https://www.moteur.ma/fr/voiture/achat-voiture-occasion/detail-annonce/692096/fiat-500.html,moteur,2026-10-07,2026-10-08 00:43:16,FIAT 500 Essence,Fiat,500,Essence,2017.0,95000.0,Essence,Manuelle,,Dédouanée,Occasion,,,Particulier,0700147284,85b8e58962c7f4e43129f74dd5501abc423f21782889bc2fe33d0269ed3c4426,Marrakech,Marrakech-Safi,105000.0,1.0,FIAT 500 essence à vendre  État impeccable  Peinture d’origine  Aucune réparation à prévoir
692098,https://www.moteur.ma/fr/voiture/achat-voiture-occasion/detail-annonce/692098/volkswagen-touran.html,moteur,2026-10-07,2026-10-08 00:43:16,pac r line,Volkswagen,Pac,r line,2018.0,220000.0,Diesel,Automatique,,Dédouanée,Occasion,,,Particulier,,,Tanger,Tanger-Tétouan-Al Hoceïma,,1.0,mof fan 2017 diwna 2021 fuuul option 7 place
692071,https://www.moteur.ma/fr/voiture/achat-voiture-occasion/detail-annonce/692071/toyota-yaris.html,moteur,2026-10-07,2026-10-08 00:43:16,très belle Toyota Yaris,Toyota,Autre,belle Yaris,2016.0,200000.0,Diesel,Manuelle,,Dédouanée,Occasion,,,Particulier,0660099221,1cc39cf5e2319f0707b6bbd08fcb95f752dbec3e7ebc4677352ad014b7c643d9,Marrakech,Marrakech-Safi,115000.0,1.0,Je propose à la vente une Toyota Yaris en très bon état. - Année-Modèle : 2016 - Carburant : Diesel...
692070,https://www.moteur.ma/fr/voiture/achat-voiture-occasion/detail-annonce/692070/seat-arona.html,moteur,2026-10-07,2026-10-08 00:43:16,seat jdida 2024,Seat,Jdida,2024,2024.0,11000.0,Essence,Manuelle,,Dédouanée,Occasion,,,Particulier,0704775070,b67e273a014917963990a07d3519aec5679f7793f445e009d1e5363a22a894ba,Tanger,Tanger-Tétouan-Al Hoceïma,210000.0,1.0,سيارة جديدة للبيع سيات ارونا بنزين 11000 كلم جديدة بتمن زوين ..اليد الاول موديل 2024
692073,https://www.moteur.ma/fr/voiture/achat-voiture-occasion/detail-annonce/692073/citroen-berlingo.html,moteur,2026-10-07,2026-10-08 00:43:16,Citroën berlingot,Citroën,Berlingot,,2021.0,58.0,Diesel,Manuelle,,Dédouanée,Occasion,,,Particulier,0711165070,40005bd9fd68a5f2f94754570f91027149a0235d5d5a54a880a222fc015abc63,Meknes,Fès-Meknès,210000.0,1.0,Citroën berlingot
692072,https://www.moteur.ma/fr/voiture/achat-voiture-occasion/detail-annonce/692072/hyundai-ix35.html,moteur,2026-10-07,2026-10-08 00:43:16,ix35 hyundia,Hyundai,Ix35,hyundia,2014.0,250000.0,Diesel,Manuelle,,Dédouanée,Occasion,,,Particulier,0674278774,62a38f4ae9c2d189ea87358b1ad7302e8ac1e54354813fb301018d8907008aab,Rabat,Rabat-Salé-Kénitra,140000.0,1.0,À vendre Hyundai ix35 en excellent état. - Modèle : 2014 - Carburant : Diesel - Puissance fiscale :...
692074,https://www.moteur.ma/fr/voiture/achat-voiture-occasion/detail-annonce/692074/dacia-logan.html,moteur,2026-10-07,2026-10-08 00:43:16,Dacia Logan Diesel Manuelle 2021 à Casablanca,Dacia,Logan,Diesel Manuelle 2021 à Casablanca,2021.0,120000.0,Diesel,Manuelle,,Dédouanée,Occasion,,,Particulier,0766920397,4e73d1f8f07eeb45eab5bcbca772410bfb4098bb37fef33a79b116cf0efe429f,Casablanca,Casablanca-Settat,127000.0,1.0,DACIA LOGAN JAMAIS ACCIDENTE LA PAINTURE ORIGAINALE LENTRETIEN DE LA MAISON SON INTERMAIDAIRE
692075,https://www.moteur.ma/fr/voiture/achat-voiture-occasion/detail-annonce/692075/opel-astra.html,moteur,2026-10-07,2026-10-08 00:43:16,Opel Astra Diesel Manuelle 2010 à Tanger,Opel,Astra,Diesel Manuelle 2010 à Tanger,2010.0,174000.0,Diesel,Manuelle,,Dédouanée,Occasion,,,Particulier,0615815081,e1a42132fb095ce868167598de3a092e418a3684c187b8f7ec1179f17fda5da3,Tanger,Tanger-Tétouan-Al Hoceïma,88000.0,1.0,Opel astra j modèle 2010 diwana 2014 darba 174000km mazot manuelle
692078,https://www.moteur.ma/fr/voiture/achat-voiture-occasion/detail-annonce/692078/hyundai-santa-fe.html,moteur,2026-10-07,2026-10-08 00:43:16,Hyundai Santa Fe Diesel Automatique 2015 à Oujda,Hyundai,Santa,Fe Diesel Automatique 2015 à Oujda,2015.0,260211.0,Diesel,Automatique,,Dédouanée,Occasion,,,Particulier,0697929426,d20b89a7d4d4853d7dfb14396938ee1b6876748a43b51468787d16f1db6c0842,Oujda,Oriental,155000.0,1.0,Je vends une Hyundai Santa Fe de 2015 en très bon état. - Kilométrage : 260 211 km - Marque : Hyunda...
692077,https://www.moteur.ma/fr/voiture/achat-voiture-occasion/detail-annonce/692077/peugeot-407.html,moteur,2026-10-07,2026-10-08 00:43:16,407 1.6 hdi (6الخيل),Peugeot,407,1.6 hdi 6,2007.0,400.0,Diesel,Manuelle,6.0,Dédouanée,Occasion,,,Particulier,0668357740,4f266523065bd0edfbe29112fb1fa51cf6640acb1bfa8cc739feb85d09426721,Khenifra,Béni Mellal-Khénifra,72000.0,1.0,Peugeot **** hdi (6ch) 2007 diwana 2011 sbagha dar consommation walo bhal dacia merhba
692079,https://www.moteur.ma/fr/voiture/achat-voiture-occasion/detail-annonce/692079/suzuki-jimny.html,moteur,2026-10-07,2026-10-08 00:43:16,طنجة مدينة,Suzuki,Jimny,,2026.0,500.0,Essence,Manuelle,,Dédouanée,Occasion,,,Particulier,0657164911,f5ffc00257f6c4de32075ba29eb9594a12f2f2524a3d9c92a3d98192e5ba0bbb,Tanger,Tanger-Tétouan-Al Hoceïma,210000.0,1.0,"🚗 Suzuki Jimny Manuelle – Comme neuve À vendre Suzuki Jimny en excellent état, comme neuve. ✨ Très..."
692055,https://www.moteur.ma/fr/voiture/achat-voiture-occasion/detail-annonce/692055/kia-sorento.html,moteur,2026-10-07,2026-10-08 00:43:16,KIA Sorento,Kia,Sorento,,2019.0,123000.0,Diesel,Automatique,,Dédouanée,Occasion,,,Particulier,0694105752,923d0efd49b426ed080eedcae4752a90b6e98e50c48db1a16a3546b450b3601f,Casablanca,Casablanca-Settat,210000.0,1.0,KIA Sorento 2.2 CRDi 200 BVA 4x4 GT-line Excellent état (voiture encore comme neuve) Boîte automatiq...
692054,https://www.moteur.ma/fr/voiture/achat-voiture-occasion/detail-annonce/692054/peugeot-308.html,moteur,2026-10-07,2026-10-08 00:43:16,Peugeot 308 2024 automatique,Peugeot,308,2024 automatique,2024.0,27500.0,Diesel,Automatique,,Dédouanée,Occasion,,,Particulier,0664612772,39b3fe0f4f1b0868f2bc8a95de09cc11c64e3befa4797997a62bc21238a80bd2,Tinghir,Drâa-Tafilalet,233000.0,1.0,Salam Je mets en vente ma Peugeot **** BlueHDi 130 ch avec boîte automatique EAT8  Informations géné...
692057,https://www.moteur.ma/fr/voiture/achat-voiture-occasion/detail-annonce/692057/ford-transit.html,moteur,2026-10-07,2026-10-08 00:43:16,Ford transit,Ford,Transit,,2016.0,112000.0,Diesel,Manuelle,,Dédouanée,Occasion,,,Particulier,0661384651,93c956b9f95181639529492aebe29ff92bbf196c5e6b1b8c9d322fc08e048210,Casablanca,Casablanca-Settat,165000.0,1.0,فورد ترونزيت 3بانو  كيلومتراج 112000
692056,https://www.moteur.ma/fr/voiture/achat-voiture-occasion/detail-annonce/692056/citroen-c-elysee.html,moteur,2026-10-07,2026-10-08 00:43:16,Citroen c Elysée,Citroën,C,Elysée,2024.0,75000.0,Diesel,Manuelle,2.0,Dédouanée,Occasion,,,Professionnel,0701893688,ed4dc023ed3380b0a7531c58d4a2717626a2a127eefb160ae30c9cebb42971ce,El,Casablanca-Settat,138000.0,1.0,"À vendre : Citroën C-Elysée en excellent état, première main. - Marque : Citroën - Modèle : C-Elysée..."
692058,https://www.moteur.ma/fr/voiture/achat-voiture-occasion/detail-annonce/692058/volkswagen-t-roc.html,moteur,2026-10-07,2026-10-08 00:43:24,t-roc Extrême,Volkswagen,T-roc,Extrême,2021.0,170000.0,Diesel,Automatique,,Dédouanée,Occasion,,,Particulier,0662208209,8bde58b4187c42ca9ea12ab497fb0a8f6b9f3e1c81920d7fb62494a8af9ef30d,Agadir,Souss-Massa,270000.0,1.0,je vends une volzwaguen t-roc Extrême version sport toute options modèle 2021  start stop Salon cuir...
692061,https://www.moteur.ma/fr/voiture/achat-voiture-occasion/detail-annonce/692061/kia-picanto.html,moteur,2026-10-07,2026-10-08 00:43:24,سيارة للبيع كيا بيكانتوا 2007,Kia,Autre,,2007.0,268.0,Diesel,Manuelle,,Dédouanée,Occasion,,,Particulier,0627630689,ce4c7577e3f8c1eed46970fb8f1af2f5a094470c1230e623bb7d2788c26ee4ca,Autre,,55000.0,1.0,kia picanto 2007
692060,https://www.moteur.ma/fr/voiture/achat-voiture-occasion/detail-annonce/692060/honda-cr-v.html,moteur,2026-10-07,2026-10-08 00:43:24,Honda crv 2014,Honda,Crv,2014,2014.0,112.0,Diesel,Manuelle,,Dédouanée,Occasion,,,Particulier,0661201473,67256b9e79175345e78f221f016027516e153b3e4786e4c7e2e536ed902e7634,Casablanca,Casablanca-Settat,150000.0,1.0,Je vends ma Honda CR-V de 2014 en excellent état. - Marque Honda - Modèle CR-V - Année 2014 - Puissa...
692059,https://www.moteur.ma/fr/voiture/achat-voiture-occasion/detail-annonce/692059/peugeot-208.html,moteur,2026-10-07,2026-10-08 00:43:24,Peugeot 208 Diesel Manuelle 2022 à Casablanca,Peugeot,208,Diesel Manuelle 2022 à Casablanca,2022.0,141000.0,Diesel,Manuelle,6.0,Dédouanée,Occasion,,,Particulier,0614039295,75cc96afdab38a11375646b17c17ddaecedfb2e00fc804323022b28bf9100b5e,Casablanca,Casablanca-Settat,140000.0,1.0,"Peugeot 208 , Diesel 6 CV, model 2022, 141 000 km, peinture d’origine, jamais accidentée, toutes opt..."
692062,https://www.moteur.ma/fr/voiture/achat-voiture-occasion/detail-annonce/692062/dacia-duster.html,moteur,2026-10-07,2026-10-08 00:43:24,marhban bikom,Dacia,Marhban,bikom,2019.0,146.0,Diesel,Manuelle,,Dédouanée,Occasion,,,Particulier,0671155293,90d2ef693069fc11ef41fce63a89683a516bda659c1e97835813717b6d1e3626,Agadir,Souss-Massa,168000.0,1.0,tazi ait meloul
692063,https://www.moteur.ma/fr/voiture/achat-voiture-occasion/detail-annonce/692063/dacia-sandero.html,moteur,2026-10-07,2026-10-08 00:43:24,dacia sandiro model 2021 chher 12 km 81 alf,Dacia,Sandiro,model 2021 chher 12 km 81 alf,2026.0,83000.0,Diesel,Manuelle,,Dédouanée,Occasion,,,Particulier,0662207979,ffcfe601d9fff1beeb4e20e0ec048c9ae71a7216ac78ab740ea6ed9d15278b60,Agadir,Souss-Massa,132000.0,1.0,dacia sandiro vidonj komplit yallAh drto
692064,https://www.moteur.ma/fr/voiture/achat-voiture-occasion/detail-annonce/692064/volkswagen-touareg.html,moteur,2026-10-07,2026-10-08 00:43:24,taoureg R5 model 2010,Volkswagen,Taoureg,R5 model 2010,2010.0,300000.0,Diesel,Automatique,,Dédouanée,Occasion,,,Particulier,0661535611,b0d21d0915e5505e7f13d1e1ee8d40fae2377aa1919c251b620e3e65e47ff198,Sale,Rabat-Salé-Kénitra,85000.0,1.0,voiture en très bonne état
692053,https://www.moteur.ma/fr/voiture/achat-voiture-occasion/detail-annonce/692053/audi-q2.html,moteur,2026-10-07,2026-10-08 00:43:24,vendre Audi Q2,Audi,Autre,Q2,2024.0,10000.0,Diesel,Automatique,,Dédouanée,Occasion,,,Particulier,0674203532,db8fa7fc87813166226ec420c909bb67069a3bdd8cb8090b09e968c2be0f8c6b,Casablanca,Casablanca-Settat,300000.0,1.0,"vendre une Audi Q2 presque neuve, modèle Octobre 2024, kilométrage dépassant à peine 10 000km.  INTE..."
692066,https://www.moteur.ma/fr/voiture/achat-voiture-occasion/detail-annonce/692066/mitsubishi-pajero.html,moteur,2026-10-07,2026-10-08 00:43:24,Mitsubishi pajero 2004 11cv,Mitsubishi,Pajero,2004 11cv,2004.0,296000.0,Diesel,Manuelle,11.0,Dédouanée,Occasion,,,Particulier,0661893567,deeea101a64c9e0277f1876a4cdb8ef1744d5aa39b1db44cf9c977721630a9a2,Sale,Rabat-Salé-Kénitra,77000.0,1.0,"tomobil n9iya moteur mliih jamais accedent , la claim khedama , 4*4 khedam ,"
692065,https://www.moteur.ma/fr/voiture/achat-voiture-occasion/detail-annonce/692065/chery-tiggo.html,moteur,2026-10-07,2026-10-08 00:43:24,chery Tiggo 4 pro compact SUV,Chery,Tiggo,4 pro compact SUV,2026.0,8000.0,Essence,Automatique,,Dédouanée,Occasion,,,Particulier,0660408333,478e8e8d4f41dfc0ecb6e67f9bbdd0f1086563f4bb59facc5dfaff7ff2d99ad4,Marrakech,Marrakech-Safi,175000.0,1.0,Une voiture neuve dans sa première utilisation est uniquement destinée à la remplaçant
692067,https://www.moteur.ma/fr/voiture/achat-voiture-occasion/detail-annonce/692067/fiat-uno.html,moteur,2026-10-07,2026-10-08 00:43:24,فياط اونو,Fiat,Uno,,1996.0,12345.0,Essence,Manuelle,,Dédouanée,Occasion,,,Particulier,0665208951,35bffaa24a37db17d041ca2e61ce83454e189dcc0f1a9f9b2945a632141f94b0,Fes,Fès-Meknès,26000.0,1.0,سيارة نقية كلشي مزيان كلشي خالص 96 ايصانص متواجدة فاس
692052,https://www.moteur.ma/fr/voiture/achat-voiture-occasion/detail-annonce/692052/mercedes-benz-classe-glc.html,moteur,2026-10-07,2026-10-08 00:43:24,mercedes-benz classe glc,Mercedes-Benz,Classe,glc,2018.0,170000.0,Diesel,Automatique,,Dédouanée,Occasion,,,Particulier,0661319834,775c3e659ff18c9d32b84e1693e00d26fae371c34782e30823b7fdb2d610a3c1,Casablanca,Casablanca-Settat,360000.0,1.0,mercedes glc 220d modele 2018 d 2025   170000 kms
692068,https://www.moteur.ma/fr/voiture/achat-voiture-occasion/detail-annonce/692068/ford-focus.html,moteur,2026-10-07,2026-10-08 00:43:24,ford focus titanium,Ford,Focus,titanium,2012.0,185000.0,Diesel,Manuelle,6.0,Dédouanée,Occasion,,,Particulier,0635863633,553818c73247304197e6dbf4c97199831c085d9d143f75741f713568db10aef2,El,Casablanca-Settat,118000.0,1.0,"À vendre Ford Focus Titanium modèle 2012 en excellent état. - Carburant Diesel, boîte manuelle, 6 CV..."
692047,https://www.moteur.ma/fr/voiture/achat-voiture-occasion/detail-annonce/692047/fiat-panda.html,moteur,2026-10-07,2026-10-08 00:43:24,سيارة جيد جدا نوافد كهربائي تكييف وعدة امتيازات,Fiat,Panda,,2009.0,168000.0,Essence,Manuelle,,Dédouanée,Occasion,,,Particulier,0783302275,757240de5e6a1ca3ef1123547e519a7b774eddec6e71f8532ebbb6558efb7120,Temara,Rabat-Salé-Kénitra,48000.0,1.0,اتصال في المساء
692046,https://www.moteur.ma/fr/voiture/achat-voiture-occasion/detail-annonce/692046/hyundai-accent.html,moteur,2026-10-07,2026-10-08 00:43:24,مدينة العيون الصحراء المغربية,Hyundai,Accent,,2026.0,7000.0,Essence,Automatique,,Dédouanée,Occasion,,,Particulier,,,Laayoune,Laâyoune-Sakia El Hamra,,1.0,لمعرفة اثمن يمكن التواصل فالرقم
692048,https://www.moteur.ma/fr/voiture/achat-voiture-occasion/detail-annonce/692048/volkswagen-tiguan.html,moteur,2026-10-07,2026-10-08 00:43:24,Tiguan 2021 Dédouanée 2026 - 225.000 km,Volkswagen,Tiguan,2021 Dédouanée 2026 - 225.000 km,2021.0,225000.0,Diesel,Automatique,,Dédouanée,Occasion,,,Particulier,,,Kelaa,Marrakech-Safi,,1.0,À vendre Volkswagen Tiguan modèle 2021 en excellent état.  - Marque : Volkswagen - Modèle : Tiguan -...
692049,https://www.moteur.ma/fr/voiture/achat-voiture-occasion/detail-annonce/692049/citroen-berlingo.html,moteur,2026-10-07,2026-10-08 00:43:24,tonobilaa n9iya rkab ou zid,Citroën,Tonobilaa,n9iya rkab ou zid,2018.0,160000.0,Diesel,Manuelle,,Dédouanée,Occasion,,,Particulier,0601247395,192f0ecf84a5bf18e131fc047df4384e7a5c8435e64d16a6d2ee64ad0e90f669,Sale,Rabat-Salé-Kénitra,145000.0,1.0,berlingo comme neuf
692050,https://www.moteur.ma/fr/voiture/achat-voiture-occasion/detail-annonce/692050/mercedes-benz-classe-c.html,moteur,2026-10-07,2026-10-08 00:43:24,avendre c 220 disegno,Mercedes-Benz,Avendre,c 220 disegno,2018.0,65.0,Diesel,Automatique,,Dédouanée,Occasion,,,Particulier,,,Kenitra,Rabat-Salé-Kénitra,,1.0,classe c disegno 220 avendre
692033,https://www.moteur.ma/fr/voiture/achat-voiture-occasion/detail-annonce/692033/dacia-logan.html,moteur,2026-10-07,2026-10-08 00:43:24,Dacia Logan Diesel Manuelle 2011 à Meknès,Dacia,Logan,Diesel Manuelle 2011 à Meknès,2011.0,200.0,Diesel,Manuelle,,Dédouanée,Occasion,,,Particulier,,,Meknes,Fès-Meknès,,1.0,À vendre Dacia Logan Diesel Manuelle de 2011 en excellent état. - Kilométrage : 200 km - Marque : Da...
692032,https://www.moteur.ma/fr/voiture/achat-voiture-occasion/detail-annonce/692032/peugeot-partner.html,moteur,2026-10-07,2026-10-08 00:43:24,تازة.    تازة.   تازة.,Peugeot,.,. .,2003.0,16000.0,Diesel,Manuelle,2.0,Dédouanée,Occasion,,,Professionnel,0701893688,ed4dc023ed3380b0a7531c58d4a2717626a2a127eefb160ae30c9cebb42971ce,Taza,Fès-Meknès,60000.0,1.0,أعرض للبيع سيارة بيجو بارتنر موديل 2003 بحالة ممتازة. - عجلات ألمنيوم - نوافذ كهربائية - قفل مركزي ع...
692034,https://www.moteur.ma/fr/voiture/achat-voiture-occasion/detail-annonce/692034/dfsk-k01h.html,moteur,2026-10-07,2026-10-08 00:43:31,DFSKK01h,Dfskk01h,Autre,,2019.0,128.0,Essence,Manuelle,,Dédouanée,Occasion,,,Particulier,0608312610,ac174bd5034d89ab77393ffb05560435b6b3c3209ef164ab4dd8f1aaee8c8468,Tanger,Tanger-Tétouan-Al Hoceïma,60000.0,1.0,لدي دفسك كي 01 هـ موديل 2019 بحالة جيدة. - نوع الوقود: بنزين - ناقل الحركة: يدوي - الرسوم الجمركية:...
692039,https://www.moteur.ma/fr/voiture/achat-voiture-occasion/detail-annonce/692039/toyota-hilux.html,moteur,2026-10-07,2026-10-08 00:43:31,TOYOTA HILUX,Toyota,Hilux,,2015.0,360000.0,Diesel,Manuelle,,Dédouanée,Occasion,,,Particulier,0687876148,bb66b050d6e4f9ff223cb72c7759adb93e36ffe5eca1d72b08066cf3333574ab,Sale,Rabat-Salé-Kénitra,210000.0,1.0,EXCELLENT TOYOTA INTER COLER
692038,https://www.moteur.ma/fr/voiture/achat-voiture-occasion/detail-annonce/692038/peugeot-partner.html,moteur,2026-10-07,2026-10-08 00:43:31,Peugeot Partner,Peugeot,Partner,,2011.0,351085.0,Diesel,Manuelle,,Dédouanée,Occasion,,,Particulier,0721437104,1c9efa013b3666507e90e0c32656d51f474765407345eaaeca885a46a3d56de9,Sale,Rabat-Salé-Kénitra,55000.0,1.0,لي باغي مرحبا سياره نقيه مفيهاش المشكل سياره فاركو كوميرس
692036,https://www.moteur.ma/fr/voiture/achat-voiture-occasion/detail-annonce/692036/toyota-hilux.html,moteur,2026-10-07,2026-10-08 00:43:31,TOYOTA HILUX,Toyota,Hilux,,2015.0,360000.0,Diesel,Manuelle,,Dédouanée,Occasion,,,Particulier,0687876148,bb66b050d6e4f9ff223cb72c7759adb93e36ffe5eca1d72b08066cf3333574ab,Sale,Rabat-Salé-Kénitra,210000.0,1.0,EXCELLENT TOYOTA INTER COLER
692035,https://www.moteur.ma/fr/voiture/achat-voiture-occasion/detail-annonce/692035/ford-focus.html,moteur,2026-10-07,2026-10-08 00:43:31,fors focus,Ford,Fors,focus,2015.0,189000.0,Diesel,Manuelle,,Dédouanée,Occasion,,,Particulier,0665457438,718d7615770d07a2d8cc7908ab1c4b0aa0c6a8f4c8457a476ca2ab4d5492fdde,Fes,Fès-Meknès,137000.0,1.0,À vendre Ford Focus de 2015 en excellent état.  - Jantes aluminium  - Airbags  - Climatisation  - Ra...
692037,https://www.moteur.ma/fr/voiture/achat-voiture-occasion/detail-annonce/692037/renault-clio.html,moteur,2026-10-07,2026-10-08 00:43:31,RenaultClio,Renault,Renaultclio,,2018.0,113831.0,Essence,Manuelle,,Dédouanée,Occasion,,,Particulier,0613501014,5e1272c26edc414881b4fca56b5ca454f76b6ebfe061bcc3d71bacc5a97a2df9,Benguerir,Marrakech-Safi,98000.0,1.0,RenaultClio
692040,https://www.moteur.ma/fr/voiture/achat-voiture-occasion/detail-annonce/692040/volkswagen-jetta.html,moteur,2026-10-07,2026-10-08 00:43:31,Jetta diésel modèle 90 dewana 2001,Volkswagen,Jetta,diésel modèle 90 dewana 2001,1990.0,250000.0,Diesel,Manuelle,,Dédouanée,Occasion,,,Particulier,,,Autre,,,1.0,Volkswagen Jetta Diesel Manuelle de 1990 à vendre. - Kilométrage : 250 000 km - Puissance fiscale :...
692031,https://www.moteur.ma/fr/voiture/achat-voiture-occasion/detail-annonce/692031/ford-autre.html,moteur,2026-10-07,2026-10-08 00:43:31,Ford Autre,Ford,Autre,,2008.0,133435.0,Diesel,Manuelle,6.0,Dédouanée,Occasion,,,Particulier,0721139622,18c6613255b678131df6dbe0b3339fd409cc21d9ea9f9814d52a07204b6c7b16,Casablanca,Casablanca-Settat,68000.0,1.0,"Ford fiesta diesel manuel, modèle 09/2008, 6 CV,5 portes, volant assisté, camera intérieur, climatis..."
692041,https://www.moteur.ma/fr/voiture/achat-voiture-occasion/detail-annonce/692041/hyundai-ix35.html,moteur,2026-10-07,2026-10-08 00:43:31,hyundai ix35,Hyundai,Ix35,,2012.0,450000.0,Diesel,Manuelle,,Dédouanée,Occasion,,,Particulier,0666863099,ca61aba7d4bddf575f2029f88e0aa51c7075ec442ea31f8a4052c87bb2529ea7,Casablanca,Casablanca-Settat,115000.0,1.0,je mente voiture hyundai ix35 Diesel tout Options  casa
692042,https://www.moteur.ma/fr/voiture/achat-voiture-occasion/detail-annonce/692042/fiat-500.html,moteur,2026-10-07,2026-10-08 00:43:31,Fiat 500 Essence Automatique Rouge modèle 2023,Fiat,500,Essence Automatique Rouge modèle 2023,2023.0,15200.0,Essence,Automatique,,Dédouanée,Occasion,,,Particulier,0701893688,ed4dc023ed3380b0a7531c58d4a2717626a2a127eefb160ae30c9cebb42971ce,Marrakech,Marrakech-Safi,135000.0,1.0,À vendre Fiat 500 rouge en très bon état.  ✨ Première main 📅 Année : 2023 📍 Kilométrage : seuleme...
692043,https://www.moteur.ma/fr/voiture/achat-voiture-occasion/detail-annonce/692043/seat-arona.html,moteur,2026-10-07,2026-10-08 00:43:31,Seat Arona urban Diesel 25.000km 1er main,Seat,Arona,urban Diesel 25.000km 1er main,2022.0,25000.0,Diesel,Manuelle,,Dédouanée,Occasion,,,Particulier,0672426333,4cb9d8d86fc991b4476f7cd31b68d31b057fa388dc5fab4770a04e0c3e6131f3,Sale,Rabat-Salé-Kénitra,205000.0,1.0,Je propose à la vente une Seat Arona de 2022 en excellent état. - Kilométrage : 25 000 km - Carburan...
692044,https://www.moteur.ma/fr/voiture/achat-voiture-occasion/detail-annonce/692044/ford-focus.html,moteur,2026-10-07,2026-10-08 00:43:31,Ford focus comme neuf fin 2022 à vendre,Ford,Focus,comme neuf fin 2022 à vendre,2022.0,75000.0,Diesel,Manuelle,,Dédouanée,Occasion,,,Particulier,0642614910,d65f66916a9ad920ec93849ae93c952ad6748f745bf90eab01736e41ab327b13,El,Casablanca-Settat,193000.0,1.0,🚗 Ford Focus – Fin 2022 – Boîte Manuelle – Full Options ✔ Boîte de vitesses manuelle 6 rapports ✔ S...
692045,https://www.moteur.ma/fr/voiture/achat-voiture-occasion/detail-annonce/692045/peugeot-208.html,moteur,2026-10-07,2026-10-08 00:43:31,سيارة بيجو 208,Peugeot,208,,2023.0,119.0,Diesel,Manuelle,,Dédouanée,Occasion,,,Particulier,0668178432,56c37cc0021aaaeed72a86a3059e4bce125cc487e923f33b6a901f2d8ec0be82,Tanger,Tanger-Tétouan-Al Hoceïma,132000.0,1.0,بيجو 208 2023 العامرة كلمطراج 118 الف لي عندو الغراظ يتاصل سيارة جديدة كساببة
692022,https://www.moteur.ma/fr/voiture/achat-voiture-occasion/detail-annonce/692022/renault-clio.html,moteur,2026-10-07,2026-10-08 00:43:31,clio 4 modèl 2017.,Renault,Clio,4 modèl 2017.,2017.0,160000.0,Diesel,Manuelle,,Dédouanée,Occasion,,,Particulier,0670623471,c8e923f3147be294999dbd550c662a56abe8c34a776c4893f4604dcd8a4372d4,Fes,Fès-Meknès,105000.0,1.0,Je vends une Renault Clio 4 de 2017 en très bon état. - Année-Modèle : 2017 - Puissance fiscale : 6...
692026,https://www.moteur.ma/fr/voiture/achat-voiture-occasion/detail-annonce/692026/bmw-x6.html,moteur,2026-10-07,2026-10-08 00:43:31,bmw x6 30D,BMW,X6,30D,2015.0,212000.0,Diesel,Automatique,,Dédouanée,Occasion,,,Particulier,0691658210,9971e97bb786c68029434a5290954b1b5df7b78ddff6ff656b73227cde1ebe94,Casablanca,Casablanca-Settat,267000.0,1.0,Je propose à la vente une BMW X6 30D de 2015 en excellent état. - Marque : BMW - Modèle : X6 - Année...
692024,https://www.moteur.ma/fr/voiture/achat-voiture-occasion/detail-annonce/692024/volkswagen-passat.html,moteur,2026-10-07,2026-10-08 00:43:31,Vw passat Cc 2020 à vendre tt option,Volkswagen,Passat,Cc 2020 à vendre tt option,2020.0,175000.0,Diesel,Automatique,,Dédouanée,Occasion,,,Particulier,0660894729,c45c36c200106360fa9d2343f0b24b162be9d06df071d470f51d56f9cae9fe50,Casablanca,Casablanca-Settat,215000.0,1.0,🚘 VOLKSWAGEN PASSAT CC – MODÈLE 2020 2L TDI 184CV ✅ Modèle 2020 170k klm ✅ Boîte automatique ✅ M...
692023,https://www.moteur.ma/fr/voiture/achat-voiture-occasion/detail-annonce/692023/toyota-rav-4.html,moteur,2026-10-07,2026-10-08 00:43:31,TOYOTA WHITE EDITION IMPORTÉE D’ITALIE,Toyota,White,EDITION IMPORTÉE D ITALIE,2015.0,234000.0,Diesel,Manuelle,,Dédouanée,Occasion,,,Particulier,0660127041,140c05d68a51fac308a19fed9f6749131f75678dda536520a3dceaccbfdab12a,Casablanca,Casablanca-Settat,178000.0,1.0,🚗 TOYOTA WHITE EDITION 2015 🇮🇹 — IMPORTÉE D’ITALIE — FULL OPTION 🔥  À vendre Toyota White Edition...
692028,https://www.moteur.ma/fr/voiture/achat-voiture-occasion/detail-annonce/692028/skoda-rapid.html,moteur,2026-10-07,2026-10-08 00:43:39,Skoda rapid,Skoda,Rapid,,2014.0,187000.0,Diesel,Manuelle,6.0,Dédouanée,Occasion,,,Particulier,0700017525,2c3f389d053cf1c0d883879608232e85a6726078ae6d5ae50ca4316802d48215,Sale,Rabat-Salé-Kénitra,112000.0,1.0,"À vendre Skoda Rapid de 2014 en excellent état. - Diesel, 6 CV fiscaux - Boîte manuelle - 5 portes -..."
692029,https://www.moteur.ma/fr/voiture/achat-voiture-occasion/detail-annonce/692029/dacia-logan.html,moteur,2026-10-07,2026-10-08 00:43:39,vente dacia Logan,Dacia,Autre,Logan,2006.0,320000.0,Diesel,Manuelle,,Dédouanée,Occasion,,,Particulier,0780862400,1bdea6485898609186a2317c84de9fccdc5e2714bee94c0eaed7165c169a53b3,Casablanca,Casablanca-Settat,52000.0,1.0,سيارة للبيع موديل 2006 داسيا لوجان
691973,https://www.moteur.ma/fr/voiture/achat-voiture-occasion/detail-annonce/691973/audi-q5.html,moteur,2026-10-07,2026-10-08 00:44:04,Audi Q5,Audi,Q5,,2025.0,13000.0,Diesel,,,Dédouanée,Occasion,,,Particulier,0664042032,bcf9ec68408e6e72c34b38d1dcceaf34d990cea0c653f9c8beef6f26239ae395,Casablanca,Casablanca-Settat,450000.0,1.0,"Voiture en très bon état encore neuve , très faible kilométrage 13000 km première main, annonce pour..."
691934,https://www.moteur.ma/fr/voiture/achat-voiture-occasion/detail-annonce/691934/kia-ceed.html,moteur,2026-10-07,2026-10-08 00:44:46,Kia Ceed,Kia,Ceed,,2021.0,73600.0,Diesel,Manuelle,6.0,Dédouanée,Occasion,,,Particulier,0655335616,303eadc492cbc6899b4d7a5d7382d560920adb08f4040910b250479a449ebfcc,Meknes,Fès-Meknès,200000.0,1.0,"À vendre – Kia Ceed Diesel 2021 Kia Ceed Diesel – Modèle 2021– 6 CV fiscaux, très bon état, voiture..."
691899,https://www.moteur.ma/fr/voiture/achat-voiture-occasion/detail-annonce/691899/citroen-c-elysee.html,moteur,2026-10-07,2026-10-08 00:45:11,Citroën C-Elysée,Citroën,C-elysée,,2016.0,300300.0,Diesel,Manuelle,,Dédouanée,Occasion,,,Particulier,0650404246,441461c065096576a4622cdf26497b29aebee0293a1d49a2945e2511ae09ebc7,Kenitra,Rabat-Salé-Kénitra,93000.0,1.0,4 vitres électriques à fermeture automatique Clim.airbague passager Jantes aluminium
691649,https://www.moteur.ma/fr/voiture/achat-voiture-occasion/detail-annonce/691649/mercedes-benz-vito.html,moteur,2026-10-07,2026-10-08 00:48:15,Mercedes-Benz Vito,Mercedes-Benz,Vito,,2022.0,130000.0,Diesel,Automatique,,Dédouanée,Occasion,,,Particulier,0661285972,ed90fb415b2de76f29d7a69930d69957e107ef8a042c9359906f8dfe997ac15b,Agadir,Souss-Massa,400000.0,1.0,"À vendre Mercedes Vito Tourer , véhicule très propre et bien entretenu. Idéale pour transport touris..."
692131,https://www.moteur.ma/fr/voiture/achat-voiture-occasion/detail-annonce/692131/suzuki-vitara.html,moteur,2026-10-07,2026-10-08 00:48:51,Suzuki Vitara,Suzuki,Vitara,,1994.0,180000.0,Essence,Manuelle,9.0,Dédouanée,Occasion,,,Particulier,,,Autre,,,1.0,A vendre Suzuki 4x4 essence 1994  tout neuf 09 cv bonne état.
691560,https://www.moteur.ma/fr/voiture/achat-voiture-occasion/detail-annonce/691560/audi-a6.html,moteur,2026-10-07,2026-10-08 00:49:14,Audi A6,Audi,A6,,2023.0,145000.0,Diesel,Automatique,,Dédouanée,Occasion,,,Particulier,0665202826,1138d9a137767ece6ea353f4c3ffc9ce14d463c8beb405e3de8150752149b423,Marrakech,Marrakech-Safi,300000.0,1.0,Audi A6 -modèle 2023- moteur 40 TDI Diesel tres bon état
691455,https://www.moteur.ma/fr/voiture/achat-voiture-occasion/detail-annonce/691455/peugeot-2008.html,moteur,2026-10-07,2026-10-08 00:50:26,Peugeot 2008,Peugeot,2008,,2022.0,20000.0,Diesel,Automatique,,Dédouanée,Occasion,,,Particulier,0684918764,ba7fb5c080448f00f025a8bc25c4c3336bffea4abeb8575d6bd9c68a0d3d4d17,Meknes,Fès-Meknès,230000.0,1.0,Jamais accidenté Aucun defaut Première main Tout option
691395,https://www.moteur.ma/fr/voiture/achat-voiture-occasion/detail-annonce/691395/bmw-serie-4.html,moteur,2026-10-07,2026-10-08 00:50:59,BMW Série 4,BMW,Série,4,2017.0,180680.0,Diesel,Automatique,,Dédouanée,Occasion,,,Particulier,0668150232,12a27f86141a3ebbe34ea69fc5dcf1142815cc0494c9a29faaf7e182dd6dc3be,Rabat,Rabat-Salé-Kénitra,240000.0,1.0,"BMW Serie 4 Gran Coupe 2017 - 418d Sport+ 1ère Main Je vends une BMW Série 4 Gran Coupé de 2017, déd..."
691394,https://www.moteur.ma/fr/voiture/achat-voiture-occasion/detail-annonce/691394/volkswagen-golf-7.html,moteur,2026-10-07,2026-10-08 00:51:07,Volkswagen Golf 7,Volkswagen,Golf,7,2016.0,186000.0,Diesel,Manuelle,,Dédouanée,Occasion,,,Particulier,0663029220,bbdc06a9476ad1ed1ac0bd2ccef43e0ebae1c38e690150f85b45e9e1f7fe64d3,Tanger,Tanger-Tétouan-Al Hoceïma,163000.0,1.0,🚘 Volkswagen golf 7 ✅Modèle 2016 dédouanement 2020 ✅1.6L TDI boite vitesse manual  ✅️Vignette 70...
691381,https://www.moteur.ma/fr/voiture/achat-voiture-occasion/detail-annonce/691381/toyota-yaris.html,moteur,2026-10-07,2026-10-08 00:51:16,Toyota Yaris,Toyota,Yaris,,2022.0,51.0,Hybride,Automatique,,Dédouanée,Occasion,,,Particulier,0616785465,32dabc1c83059e657cd2398bb2645a10a61e8589d099afb66f2666331b261584,Kenitra,Rabat-Salé-Kénitra,200000.0,1.0,Toyota Yaris hybride automatique 2022 excellent état/
692159,https://www.moteur.ma/fr/voiture/achat-voiture-occasion/detail-annonce/692159/land-rover-range-rover-sport.html,moteur,2026-10-07,2026-10-08 00:51:42,Range Rover sport en très bon état,Land Rover,Sport,en très bon état,2021.0,28600.0,Diesel,Automatique,,Dédouanée,Occasion,,,Particulier,0661300049,ce0ebaf17ebdf9cc285b7db2f2ea142eabff841696a7e05bc376941d16b59a81,Fes,Fès-Meknès,565000.0,1.0,Range Rover sport en très bon état
691292,https://www.moteur.ma/fr/voiture/achat-voiture-occasion/detail-annonce/691292/dacia-sandero.html,moteur,2026-10-07,2026-10-08 00:52:50,Dacia Sandero,Dacia,Sandero,,2024.0,24300.0,Essence,Automatique,,Dédouanée,Occasion,,,Particulier,0666452200,9b7515e3d3d46031d0f363fd8227d7e47677f43c875b4c50484b2d6af0196f48,Fes,Fès-Meknès,165000.0,1.0,"Dacia Stepway Extreme. Modele 29/06/2024 Toutes options boîte automatique 3 cylindres 1,0 Litre esse..."
691282,https://www.moteur.ma/fr/voiture/achat-voiture-occasion/detail-annonce/691282/fiat-punto.html,moteur,2026-10-07,2026-10-08 00:52:58,Fiat Punto,Fiat,Punto,,2010.0,184000.0,Essence,Manuelle,,Dédouanée,Occasion,,,Particulier,0661600513,a35ee36c15cc521e48d4645cc04dc276e82043afde4728d3cc80f4232fddabd0,Meknes,Fès-Meknès,78000.0,1.0,Bonjour je met en vente ma voiture fiat Punto Evo model 2010 essence en très bon état première main...
691199,https://www.moteur.ma/fr/voiture/achat-voiture-occasion/detail-annonce/691199/volkswagen-touran.html,moteur,2026-10-07,2026-10-08 00:54:11,Volkswagen Touran,Volkswagen,Touran,,2016.0,277000.0,Diesel,Automatique,,Dédouanée,Occasion,,,Particulier,0653159370,10ce47e23f3eb1a004255a5594f37f0c3e0bedd4a9a806e61d3cad406da16ae3,Al,Casablanca-Settat,193000.0,1.0,🚘 Volkswagen Touran 2016/12 – Douane 2024 * 📅 Mise en circulation : 12/2016 * 🇲🇦 Dédouanée au Maro...
691159,https://www.moteur.ma/fr/voiture/achat-voiture-occasion/detail-annonce/691159/volkswagen-tiguan.html,moteur,2026-10-07,2026-10-08 00:54:39,Volkswagen Tiguan,Volkswagen,Tiguan,,2021.0,79044.0,Diesel,Automatique,,Dédouanée,Occasion,,,Particulier,0662164884,e292dc439499fcddb27e8628f14379790747f6d0cb228c2c6dd40dfd2607bd13,Sale,Rabat-Salé-Kénitra,346000.0,1.0,سيارت نقيا اقتصادية بزاف كلشي فيها دوريجين بنوات يلاه مبدلين صباغة دورجين كارت كريز فسميتي 79044 km...
691119,https://www.moteur.ma/fr/voiture/achat-voiture-occasion/detail-annonce/691119/audi-q3-sportback.html,moteur,2026-10-07,2026-10-08 00:55:42,Audi Q3 Sportback,Audi,Q3,Sportback,2024.0,22000.0,Diesel,Automatique,,Dédouanée,Occasion,,,Particulier,0600005985,5afa6a4b234f680b4b47ef4edb2eb843e723facfb2b9e15ad6ad26da253eaf39,Rabat,Rabat-Salé-Kénitra,490000.0,1.0,Particulière met en vente ma voiture première main neuve 22000km seulement sline avec toit siège ele...
691117,https://www.moteur.ma/fr/voiture/achat-voiture-occasion/detail-annonce/691117/opel-grandland.html,moteur,2026-10-07,2026-10-08 00:55:42,Opel Grandland,Opel,Grandland,,2021.0,135000.0,Diesel,Manuelle,,Dédouanée,Occasion,,,Particulier,0674891681,aee4a730ccb0cec1059c89be0fc4f87a25b13b237e8cef43fa8469f5b58210d6,Casablanca,Casablanca-Settat,195000.0,1.0,Entretien et maintenance à la maison. Très bon état.
691094,https://www.moteur.ma/fr/voiture/achat-voiture-occasion/detail-annonce/691094/land-rover-range-rover-evoque.html,moteur,2026-10-07,2026-10-08 00:55:58,Land Rover Range Rover Evoque,Land Rover,Autre,Evoque,2025.0,16000.0,Diesel,Automatique,,Dédouanée,Occasion,,,Particulier,0662580168,356584e1fb322e619a1c369d56e3ba0881f1c5308a3c5010ddd0596b16c611d6,Rabat,Rabat-Salé-Kénitra,560000.0,1.0,Range rover evoque - 1er main - particulier - acheté à rabat - full option
691084,https://www.moteur.ma/fr/voiture/achat-voiture-occasion/detail-annonce/691084/mercedes-benz-classe-e.html,moteur,2026-10-07,2026-10-08 00:56:07,Mercedes-Benz Classe E,Mercedes-Benz,Classe,E,2025.0,20000.0,Diesel,Automatique,2.0,Dédouanée,Occasion,,,Professionnel,0701893688,ed4dc023ed3380b0a7531c58d4a2717626a2a127eefb160ae30c9cebb42971ce,Rabat,Rabat-Salé-Kénitra,640000.0,1.0,Mercedes e220d - 1er main - acheté à rabat - particulier
691029,https://www.moteur.ma/fr/voiture/achat-voiture-occasion/detail-annonce/691029/honda-cr-v.html,moteur,2026-10-07,2026-10-08 00:56:57,Honda CR-V,Honda,Cr-v,,2006.0,220000.0,Essence,Manuelle,11.0,Dédouanée,Occasion,,,Particulier,0639461537,3a885acd1072f9126967f315354336e9cffff8508d11a64d97d7ff970b763263,Sale,Rabat-Salé-Kénitra,57000.0,1.0,Honda crv 2006 Essence Manuel 220 000km 11ch Dariba 3000 dh / 2026 deja payé Pour plus d&#039;information...
690984,https://www.moteur.ma/fr/voiture/achat-voiture-occasion/detail-annonce/690984/mercedes-benz-classe-e.html,moteur,2026-10-07,2026-10-08 00:57:23,Mercedes-Benz Classe E,Mercedes-Benz,Classe,E,2011.0,96000.0,Diesel,Automatique,,Dédouanée,Occasion,,,Particulier,0698349484,896e7c96e04bb2041b9fee05b00b68f80948170b35c22e6b7f471da14382adb8,Casablanca,Casablanca-Settat,195000.0,1.0,"Merci de lire l&#039;annonce en entier Mercedes E 250 cdi, première main, modèle 2011, avec 95183 km au c..."
690983,https://www.moteur.ma/fr/voiture/achat-voiture-occasion/detail-annonce/690983/bmw-serie-1.html,moteur,2026-10-07,2026-10-08 00:57:23,BMW Série 1,BMW,Série,1,2016.0,130000.0,Diesel,Automatique,,Dédouanée,Occasion,,,Particulier,0698349484,896e7c96e04bb2041b9fee05b00b68f80948170b35c22e6b7f471da14382adb8,Casablanca,Casablanca-Settat,240000.0,1.0,"Je mets en vente ma BMW série 118d (150 chevaux), véhicule qui a roulé plus sur autoroute et à l&#039;étr..."
690961,https://www.moteur.ma/fr/voiture/achat-voiture-occasion/detail-annonce/690961/volkswagen-touareg.html,moteur,2026-10-07,2026-10-08 00:57:31,Volkswagen Touareg,Volkswagen,Touareg,,2017.0,176.0,Diesel,Automatique,,Dédouanée,Occasion,,,Particulier,0631871265,243512053d41a5dda0fbebb5a3d8d77159d2e6c9b420ef8406b2423c0973ff77,Casablanca,Casablanca-Settat,180000.0,1.0,Touareg Pullman 2017 // 176k km // 2em main 🔹 Motorisation : V6 3.0 🔹 Boîte automatique 🔹 4 modes...
690791,https://www.moteur.ma/fr/voiture/achat-voiture-occasion/detail-annonce/690791/land-rover-range-rover-vogue.html,moteur,2026-10-06,2026-10-08 00:58:11,Land Rover Range Rover Vogue,Land Rover,Autre,Vogue,2020.0,250000.0,Diesel,Automatique,,Dédouanée,Occasion,,,Particulier,0697787201,b9031f8a83270544230d65ef7ab926a09c5319e5bf01f6aa384bbec0296ef14b,Casablanca,Casablanca-Settat,290000.0,1.0,"Première mise en circulation 09/09/2014, Mutation le 29/07/2020, Usage Véhicule Particulier Prix Nég..."
692242,https://www.moteur.ma/fr/voiture/achat-voiture-occasion/detail-annonce/692242/volkswagen-tiguan.html,moteur,2026-10-08,2026-10-08 01:41:58,فولكس فاجن تيغوان 2017,Volkswagen,Autre,,2017.0,183.0,Diesel,Automatique,,Dédouanée,Occasion,,,Particulier,,,Casablanca,Casablanca-Settat,,1.0,أعرض للبيع سيارة فولكس فاجن تيغوان موديل 2017 بحالة جيدة جدا.  - عجلات ألمنيوم - تكييف - نظام الملاح...
692243,https://www.moteur.ma/fr/voiture/achat-voiture-occasion/detail-annonce/692243/peugeot-307.html,moteur,2026-10-08,2026-10-08 01:41:58,Peugeot 2003 – 7 CV – 215 000 km,Peugeot,Autre,7 CV 215 000 km,2003.0,215000.0,Diesel,Manuelle,7.0,Dédouanée,Occasion,,,Particulier,0701893688,ed4dc023ed3380b0a7531c58d4a2717626a2a127eefb160ae30c9cebb42971ce,Marrakech,Marrakech-Safi,68000.0,1.0,"Véhicule très bien entretenu, moteur en bon état et entretien effectué régulièrement. Vidanges et e..."
692244,https://www.moteur.ma/fr/voiture/achat-voiture-occasion/detail-annonce/692244/dacia-sandero.html,moteur,2026-10-08,2026-10-08 01:41:58,dacia sandero,Dacia,Sandero,,2014.0,191047.0,Diesel,Manuelle,,Dédouanée,Occasion,,,Particulier,0702712340,25829078390d9b707c786386cfc08da91c3950a2fecdaf2d353ea31dab22490f,Marrakech,Marrakech-Safi,100000.0,1.0,Je propose à la vente une Dacia Sandero de 2014 en très bon état. - Carburant : Diesel - Boîte de vi...
692245,https://www.moteur.ma/fr/voiture/achat-voiture-occasion/detail-annonce/692245/seat-ateca.html,moteur,2026-10-08,2026-10-08 01:41:58,seat ateca FR,Seat,Ateca,FR,2021.0,111000.0,Diesel,Automatique,,Dédouanée,Occasion,,,Particulier,0645110440,07b30c3e622a3b6fd47a93bd418e81132e87738d94aa4b49d9ecc9b51d1e5a41,Tanger,Tanger-Tétouan-Al Hoceïma,300000.0,1.0,أعرض للبيع سيارة سيات أتيكا بحالة جيدة جدا. - محرك ديزل، ناقل حركة أوتوماتيك - 8 خيول جبائية - اشتري...
692234,https://www.moteur.ma/fr/voiture/achat-voiture-occasion/detail-annonce/692234/peugeot-407.html,moteur,2026-10-08,2026-10-08 01:41:58,oujda hiy slm,Peugeot,Autre,hiy slm,2009.0,400.0,Diesel,Manuelle,,Dédouanée,Occasion,,,Particulier,,,Oujda,Oriental,,1.0,na9ya bazafff
692230,https://www.moteur.ma/fr/voiture/achat-voiture-occasion/detail-annonce/692230/opel-adam.html,moteur,2026-10-08,2026-10-08 01:41:58,opel adam a vendre,Opel,Adam,a vendre,2017.0,110000.0,Essence,Manuelle,,Dédouanée,Occasion,,,Particulier,0679573253,adbebf8bea094023b55d069e222b0a3c9bfb8068ac3fd72087c7b88053586e1f,Casablanca,Casablanca-Settat,80000.0,1.0,"opel adam , modèle 2017 , 110 000 km, bon état en général,  disponible pour plus d&#039;informations"
692232,https://www.moteur.ma/fr/voiture/achat-voiture-occasion/detail-annonce/692232/dacia-dokker.html,moteur,2026-10-08,2026-10-08 01:41:58,Dacia Dokker Diesel Manuelle 2021 à Marrakech,Dacia,Dokker,Diesel Manuelle 2021 à Marrakech,2021.0,180000.0,Diesel,Manuelle,,Dédouanée,Occasion,,,Particulier,0627685794,a8cfd77f50202fc8226a074455fb0c05de16fbaf8cfadd3bba989ecaceafac9d,Marrakech,Marrakech-Safi,135000.0,1.0,سيارة جيدة في حالة ميكانيك ممتازة
692231,https://www.moteur.ma/fr/voiture/achat-voiture-occasion/detail-annonce/692231/porsche-cayenne.html,moteur,2026-10-08,2026-10-08 01:41:58,Porsche Cayenne 07/01/2026,Porsche,Cayenne,07 01 2026,2026.0,4000.0,Hybride,Automatique,,Dédouanée,Occasion,,,Particulier,,,Casablanca,Casablanca-Settat,,1.0,pour me contacter
692233,https://www.moteur.ma/fr/voiture/achat-voiture-occasion/detail-annonce/692233/dacia-logan.html,moteur,2026-10-08,2026-10-08 01:41:58,Dacia Logan,Dacia,Logan,,2023.0,90000.0,Diesel,Manuelle,,Dédouanée,Occasion,,,Particulier,0667238072,7ad13eef0063eac02393db680c7112c61f442ec4513117444fa941629c4ca9b4,Marrakech,Marrakech-Safi,135000.0,1.0,Dacia Logan diesel modèle 2023/5/ kilométrage 97000
692229,https://www.moteur.ma/fr/voiture/achat-voiture-occasion/detail-annonce/692229/nissan-patrol.html,moteur,2026-10-08,2026-10-08 01:41:58,نيسان باترول,Nissan,Patrol,,2006.0,280000.0,Diesel,Manuelle,,Dédouanée,Occasion,,,Particulier,0661948315,9491da3140b32c4612b54f98c3183852e3be2570eb26f0dc7e75d370e38f2a81,Fes,Fès-Meknès,80000.0,1.0,نيسان باترول نقية فيها 3 سنوات ضريبة مخالصاش
692247,https://www.moteur.ma/fr/voiture/achat-voiture-occasion/detail-annonce/692247/ford-fiesta.html,moteur,2026-09-28,2026-10-08 02:19:27,Ford Fiesta,Ford,Fiesta,,2007.0,180000.0,Essence,Manuelle,,Dédouanée,Occasion,,,Particulier,0684240910,75755cd600ae648dc6a5550acd81f44a0c31504464aa2e8af76f49524427edb3,Autre,,48000.0,1.0,"À vendre Ford Fiesta, année 2007, couleur gris foncé, en très bon état général. * Marque : Ford * Mo..."
692254,https://www.moteur.ma/fr/voiture/achat-voiture-occasion/detail-annonce/692254/bmw-serie-7.html,moteur,2026-10-08,2026-10-08 02:36:49,bmw série 7,BMW,Série,7,2013.0,240000.0,Diesel,Automatique,,Dédouanée,Occasion,,,Particulier,0645795459,c568a62e30f80441024a8783bb9af139ebb78eee7a075a322d04295dae75bfdb,Berrechid,Casablanca-Settat,145000.0,1.0,Bmw série 7 40d model **** face 2 restylé diesel full options. Pour plus d&#039;informations veuillez me...
692256,https://www.moteur.ma/fr/voiture/achat-voiture-occasion/detail-annonce/692256/dacia-logan.html,moteur,2026-10-08,2026-10-08 02:36:49,مدينة سيدي بنور,Dacia,Logan,,2020.0,135.0,Diesel,Manuelle,,Dédouanée,Occasion,,,Particulier,0681938283,c40bae5830a8bb9494ae7f336633caad13b5843b6ab202c9a9a0550e15f2ee97,Autre,,125000.0,1.0,للبيع سيارة داسيا لوجان موديل 2020 بحالة ممتازة. - تكييف - رادار خلفي - كاميرا خلفية - نوافذ كهربائي...
692255,https://www.moteur.ma/fr/voiture/achat-voiture-occasion/detail-annonce/692255/volvo-v40.html,moteur,2026-10-08,2026-10-08 02:36:49,Volvo v40 cross country full option,Volvo,V40,cross country full option,2018.0,125000.0,Diesel,Automatique,,Dédouanée,Occasion,,,Particulier,0650988395,4070c93b22c8a0478701cd3c30efdbfce799f78c94fa1a2b41026d28ccf59f30,Marrakech,Marrakech-Safi,210000.0,1.0,Je vends une Volvo V40 Cross Country en excellent état.  - Modèle : V40 - Année : 2018 - Carburant :...
692253,https://www.moteur.ma/fr/voiture/achat-voiture-occasion/detail-annonce/692253/hyundai-tucson.html,moteur,2026-10-08,2026-10-08 02:36:49,Hyundai Tucson,Hyundai,Tucson,,2023.0,92000.0,Diesel,Automatique,,Dédouanée,Occasion,,,Particulier,0651510033,b7dfa90d7d5e6161105cda05d912ccd371eb5e9a8b42769a31010af333a0af56,Temara,Rabat-Salé-Kénitra,262000.0,1.0,Je mets vente ma voiture Hyundai Tucson Année : 2023 Carburant : Diesel Kilométrage : 92K Peinture d...
692251,https://www.moteur.ma/fr/voiture/achat-voiture-occasion/detail-annonce/692251/renault-megane.html,moteur,2026-10-08,2026-10-08 02:36:49,Renault megane 4,Renault,Megane,4,2017.0,130000.0,Diesel,Manuelle,,Dédouanée,Occasion,,,Particulier,0645795459,c568a62e30f80441024a8783bb9af139ebb78eee7a075a322d04295dae75bfdb,Berrechid,Casablanca-Settat,149000.0,1.0,Renault megane 4 model 2019 KILOMÉTRAGE **** KM 4 vitre électrique  Limiteur et régulateur de vitess...
692250,https://www.moteur.ma/fr/voiture/achat-voiture-occasion/detail-annonce/692250/fiat-palio.html,moteur,2026-10-08,2026-10-08 02:36:49,fiat palio/فيات باليو,Fiat,Palio,,2001.0,200.0,Essence,Manuelle,,Dédouanée,Occasion,,,Particulier,,,Ouezzane,,,1.0,أعرض للبيع سيارة فيات باليو موديل 2001 بحالة جيدة. - عجلات ألمنيوم - تكييف - نوافذ كهربائية - قفل مر...
692246,https://www.moteur.ma/fr/voiture/achat-voiture-occasion/detail-annonce/692246/renault-megane.html,moteur,2026-10-08,2026-10-08 02:36:49,Renault megane 4,Renault,Megane,4,2017.0,151000.0,Diesel,Manuelle,,Dédouanée,Occasion,,,Particulier,0645795459,c568a62e30f80441024a8783bb9af139ebb78eee7a075a322d04295dae75bfdb,Berrechid,Casablanca-Settat,146000.0,1.0,À vendre : Renault Megane 4 de 2017 en excellent état. - Carburant : Diesel - Puissance fiscale : 6...
692248,https://www.moteur.ma/fr/voiture/achat-voiture-occasion/detail-annonce/692248/dacia-logan.html,moteur,2026-10-08,2026-10-08 02:36:49,داسيا لوغان / dacia Logan 2016,Dacia,Logan,2016,2016.0,164.0,Diesel,Manuelle,,Dédouanée,Occasion,,,Particulier,,,Ouezzane,,,1.0,للبيع داسيا لوجان موديل 2016 بحالة جيدة جدا. - عجلات ألمنيوم - وسائد هوائية - تكييف - نظام ملاحة GPS...
692249,https://www.moteur.ma/fr/voiture/achat-voiture-occasion/detail-annonce/692249/renault-clio.html,moteur,2026-10-08,2026-10-08 02:36:49,Renault Clio 5,Renault,Clio,5,2023.0,100000.0,Diesel,Manuelle,,Dédouanée,Occasion,,,Particulier,0635001087,97e89df0ef629acbb05e9b40ee275c6dd4d3e6682cb8afde528857866ec33ba2,Tanger,Tanger-Tétouan-Al Hoceïma,141000.0,1.0,Renault Clio 5 li bkhi yarkb marhba
